date,home_team,away_team,home_score,away_score,tournament,city,country,neutral,home_team_confederation,home_team_ranking,away_team_confederation,away_team_ranking
1902-07-20,Uruguay,Argentina,0,6,Friendly,Montevideo,Uruguay,False,CONMEBOL,1679.0,CONMEBOL,1886.0
1903-09-13,Argentina,Uruguay,2,3,Friendly,Buenos Aires,Argentina,False,CONMEBOL,1886.0,CONMEBOL,1679.0
1905-08-15,Argentina,Uruguay,0,0,Copa Lipton,Buenos Aires,Argentina,False,CONMEBOL,1886.0,CONMEBOL,1679.0
1906-08-15,Uruguay,Argentina,0,2,Copa Lipton,Montevideo,Uruguay,False,CONMEBOL,1679.0,CONMEBOL,1886.0
1906-10-21,Argentina,Uruguay,2,1,Copa Newton,Buenos Aires,Argentina,False,CONMEBOL,1886.0,CONMEBOL,1679.0
1908-08-15,Uruguay,Argentina,2,2,Copa Lipton,Montevideo,Uruguay,False,CONMEBOL,1679.0,CONMEBOL,1886.0
1908-09-13,Argentina,Uruguay,2,1,Copa Newton,Buenos Aires,Argentina,False,CONMEBOL,1886.0,CONMEBOL,1679.0
1908-10-04,Argentina,Uruguay,0,1,Copa Premio Honor Argentino,Buenos Aires,Argentina,False,CONMEBOL,1886.0,CONMEBOL,1679.0
1909-08-15,Argentina,Uruguay,2,1,Copa Lipton,Buenos Aires,Argentina,False,CONMEBOL,1886.0,CONMEBOL,1679.0
1909-09-19,Uruguay,Argentina,2,2,Copa Newton,Montevideo,Uruguay,False,CONMEBOL,1679.0,CONMEBOL,1886.0
1909-10-10,Argentina,Uruguay,3,1,Copa Premio Honor Argentino,Buenos Aires,Argentina,False,CONMEBOL,1886.0,CONMEBOL,1679.0
1910-05-15,Italy,France,6,2,Friendly,Milan,Italy,False,UEFA,1718.0,UEFA,1853.0
1910-06-12,Argentina,Uruguay,4,1,Friendly,Buenos Aires,Argentina,False,CONMEBOL,1886.0,CONMEBOL,1679.0
1910-08-15,Uruguay,Argentina,3,1,Copa Lipton,Montevideo,Uruguay,False,CONMEBOL,1679.0,CONMEBOL,1886.0
1910-11-13,Argentina,Uruguay,1,1,Copa Premio Honor Argentino,Buenos Aires,Argentina,False,CONMEBOL,1886.0,CONMEBOL,1679.0
1910-11-27,Argentina,Uruguay,2,6,Copa Premio Honor Argentino,Buenos Aires,Argentina,False,CONMEBOL,1886.0,CONMEBOL,1679.0
1911-04-09,France,Italy,2,2,Friendly,Saint-Ouen,France,False,UEFA,1853.0,UEFA,1718.0
1911-08-15,Argentina,Uruguay,0,2,Copa Lipton,Buenos Aires,Argentina,False,CONMEBOL,1886.0,CONMEBOL,1679.0
1911-09-17,Uruguay,Argentina,2,3,Copa Newton,Montevideo,Uruguay,False,CONMEBOL,1679.0,CONMEBOL,1886.0
1911-10-08,Uruguay,Argentina,1,1,Copa Premio Honor Uruguayo,Montevideo,Uruguay,False,CONMEBOL,1679.0,CONMEBOL,1886.0
1911-10-22,Argentina,Uruguay,2,0,Copa Premio Honor Argentino,Buenos Aires,Argentina,False,CONMEBOL,1886.0,CONMEBOL,1679.0
1911-10-29,Uruguay,Argentina,3,0,Copa Premio Honor Uruguayo,Montevideo,Uruguay,False,CONMEBOL,1679.0,CONMEBOL,1886.0
1912-03-17,Italy,France,3,4,Friendly,Turin,Italy,False,UEFA,1718.0,UEFA,1853.0
1912-08-15,Uruguay,Argentina,2,0,Copa Lipton,Montevideo,Uruguay,False,CONMEBOL,1679.0,CONMEBOL,1886.0
1912-08-25,Uruguay,Argentina,3,0,Copa Premio Honor Uruguayo,Montevideo,Uruguay,False,CONMEBOL,1679.0,CONMEBOL,1886.0
1912-09-22,Argentina,Uruguay,0,1,Copa Premio Honor Argentino,Buenos Aires,Argentina,False,CONMEBOL,1886.0,CONMEBOL,1679.0
1912-10-06,Argentina,Uruguay,3,3,Copa Newton,Avellaneda,Argentina,False,CONMEBOL,1886.0,CONMEBOL,1679.0
1912-12-01,Uruguay,Argentina,1,3,Friendly,Montevideo,Uruguay,False,CONMEBOL,1679.0,CONMEBOL,1886.0
1913-01-12,France,Italy,1,0,Friendly,Saint-Ouen,France,False,UEFA,1853.0,UEFA,1718.0
1913-06-15,Argentina,Uruguay,1,1,Friendly,Avellaneda,Argentina,False,CONMEBOL,1886.0,CONMEBOL,1679.0
1913-07-09,Argentina,Uruguay,2,1,Friendly,Avellaneda,Argentina,False,CONMEBOL,1886.0,CONMEBOL,1679.0
1913-08-15,Argentina,Uruguay,4,0,Copa Lipton,Avellaneda,Argentina,False,CONMEBOL,1886.0,CONMEBOL,1679.0
1913-08-31,Argentina,Uruguay,2,0,Copa Premio Honor Argentino,Buenos Aires,Argentina,False,CONMEBOL,1886.0,CONMEBOL,1679.0
1913-10-05,Uruguay,Argentina,1,0,Copa Premio Honor Uruguayo,Montevideo,Uruguay,False,CONMEBOL,1679.0,CONMEBOL,1886.0
1913-10-26,Uruguay,Argentina,1,0,Copa Newton,Montevideo,Uruguay,False,CONMEBOL,1679.0,CONMEBOL,1886.0
1914-03-29,Italy,France,2,0,Friendly,Turin,Italy,False,UEFA,1718.0,UEFA,1853.0
1914-08-30,Uruguay,Argentina,3,2,Copa Premio Honor Uruguayo,Montevideo,Uruguay,False,CONMEBOL,1679.0,CONMEBOL,1886.0
1914-09-13,Argentina,Uruguay,2,1,Copa Premio Honor Argentino,Buenos Aires,Argentina,False,CONMEBOL,1886.0,CONMEBOL,1679.0
1914-09-20,Argentina,Brazil,3,0,Friendly,Buenos Aires,Argentina,False,CONMEBOL,1886.0,CONMEBOL,1776.0
1914-09-27,Argentina,Brazil,0,1,Copa Roca,Buenos Aires,Argentina,False,CONMEBOL,1886.0,CONMEBOL,1776.0
1915-07-18,Uruguay,Argentina,2,3,Copa Premio Honor Uruguayo,Montevideo,Uruguay,False,CONMEBOL,1679.0,CONMEBOL,1886.0
1915-08-15,Argentina,Uruguay,2,1,Copa Lipton,Buenos Aires,Argentina,False,CONMEBOL,1886.0,CONMEBOL,1679.0
1915-09-12,Uruguay,Argentina,2,0,Copa Newton,Montevideo,Uruguay,False,CONMEBOL,1679.0,CONMEBOL,1886.0
1916-07-10,Argentina,Brazil,1,1,Copa América,Buenos Aires,Argentina,False,CONMEBOL,1886.0,CONMEBOL,1776.0
1916-07-12,Brazil,Uruguay,1,2,Copa América,Buenos Aires,Argentina,True,CONMEBOL,1776.0,CONMEBOL,1679.0
1916-07-17,Argentina,Uruguay,0,0,Copa América,Avellaneda,Argentina,False,CONMEBOL,1886.0,CONMEBOL,1679.0
1916-07-18,Uruguay,Brazil,0,1,Friendly,Montevideo,Uruguay,False,CONMEBOL,1679.0,CONMEBOL,1776.0
1916-08-15,Argentina,Uruguay,3,1,Copa Newton,Avellaneda,Argentina,False,CONMEBOL,1886.0,CONMEBOL,1679.0
1916-08-15,Uruguay,Argentina,1,2,Copa Lipton,Montevideo,Uruguay,False,CONMEBOL,1679.0,CONMEBOL,1886.0
1916-10-01,Argentina,Uruguay,7,2,Friendly,Avellaneda,Argentina,False,CONMEBOL,1886.0,CONMEBOL,1679.0
1916-10-01,Uruguay,Argentina,0,1,Copa Premio Honor Uruguayo,Montevideo,Uruguay,False,CONMEBOL,1679.0,CONMEBOL,1886.0
1916-10-29,Uruguay,Argentina,3,1,Friendly,Montevideo,Uruguay,False,CONMEBOL,1679.0,CONMEBOL,1886.0
1917-07-18,Uruguay,Argentina,0,2,Copa Premio Honor Uruguayo,Montevideo,Uruguay,False,CONMEBOL,1679.0,CONMEBOL,1886.0
1917-08-15,Argentina,Uruguay,1,0,Copa Lipton,Avellaneda,Argentina,False,CONMEBOL,1886.0,CONMEBOL,1679.0
1917-09-02,Uruguay,Argentina,1,0,Copa Newton,Montevideo,Uruguay,False,CONMEBOL,1679.0,CONMEBOL,1886.0
1917-10-03,Argentina,Brazil,4,2,Copa América,Montevideo,Uruguay,True,CONMEBOL,1886.0,CONMEBOL,1776.0
1917-10-07,Uruguay,Brazil,4,0,Copa América,Montevideo,Uruguay,False,CONMEBOL,1679.0,CONMEBOL,1776.0
1917-10-14,Uruguay,Argentina,1,0,Copa América,Montevideo,Uruguay,False,CONMEBOL,1679.0,CONMEBOL,1886.0
1917-10-16,Uruguay,Brazil,3,1,Friendly,Montevideo,Uruguay,False,CONMEBOL,1679.0,CONMEBOL,1776.0
1918-07-18,Uruguay,Argentina,1,1,Copa Premio Honor Uruguayo,Montevideo,Uruguay,False,CONMEBOL,1679.0,CONMEBOL,1886.0
1918-07-28,Uruguay,Argentina,3,1,Copa Premio Honor Uruguayo,Montevideo,Uruguay,False,CONMEBOL,1679.0,CONMEBOL,1886.0
1918-08-15,Argentina,Uruguay,0,0,Copa Premio Honor Argentino,Buenos Aires,Argentina,False,CONMEBOL,1886.0,CONMEBOL,1679.0
1918-08-25,Argentina,Uruguay,2,1,Copa Premio Honor Argentino,Buenos Aires,Argentina,False,CONMEBOL,1886.0,CONMEBOL,1679.0
1918-09-20,Uruguay,Argentina,1,1,Copa Lipton,Montevideo,Uruguay,False,CONMEBOL,1679.0,CONMEBOL,1886.0
1918-09-29,Argentina,Uruguay,2,0,Copa Newton,Buenos Aires,Argentina,False,CONMEBOL,1886.0,CONMEBOL,1679.0
1919-05-13,Argentina,Uruguay,2,3,Copa América,Rio de Janeiro,Brazil,True,CONMEBOL,1886.0,CONMEBOL,1679.0
1919-05-18,Brazil,Argentina,3,1,Copa América,Rio de Janeiro,Brazil,False,CONMEBOL,1776.0,CONMEBOL,1886.0
1919-05-26,Brazil,Uruguay,2,2,Copa América,Rio de Janeiro,Brazil,False,CONMEBOL,1776.0,CONMEBOL,1679.0
1919-05-29,Brazil,Uruguay,1,0,Copa América,Rio de Janeiro,Brazil,False,CONMEBOL,1776.0,CONMEBOL,1679.0
1919-06-01,Brazil,Argentina,3,3,Friendly,Rio de Janeiro,Brazil,False,CONMEBOL,1776.0,CONMEBOL,1886.0
1919-06-28,France,Italy,2,0,Inter-Allied Games,Paris,France,False,UEFA,1853.0,UEFA,1718.0
1919-07-18,Uruguay,Argentina,4,1,Copa Premio Honor Uruguayo,Montevideo,Uruguay,False,CONMEBOL,1679.0,CONMEBOL,1886.0
1919-08-24,Uruguay,Argentina,2,1,Copa Newton,Montevideo,Uruguay,False,CONMEBOL,1679.0,CONMEBOL,1886.0
1919-09-07,Argentina,Uruguay,1,2,Copa Lipton,Buenos Aires,Argentina,False,CONMEBOL,1886.0,CONMEBOL,1679.0
1919-10-19,Argentina,Uruguay,6,1,Copa Premio Honor Argentino,Buenos Aires,Argentina,False,CONMEBOL,1886.0,CONMEBOL,1679.0
1919-12-07,Uruguay,Argentina,4,2,Friendly,Montevideo,Uruguay,False,CONMEBOL,1679.0,CONMEBOL,1886.0
1920-01-18,Italy,France,9,4,Friendly,Milan,Italy,False,UEFA,1718.0,UEFA,1853.0
1920-07-18,Uruguay,Argentina,2,0,Copa Premio Honor Uruguayo,Montevideo,Uruguay,False,CONMEBOL,1679.0,CONMEBOL,1886.0
1920-07-25,Argentina,Uruguay,1,3,Copa Newton,Buenos Aires,Argentina,False,CONMEBOL,1886.0,CONMEBOL,1679.0
1920-08-08,Argentina,Uruguay,1,0,Copa Premio Honor Argentino,Buenos Aires,Argentina,False,CONMEBOL,1886.0,CONMEBOL,1679.0
1920-08-29,France,Italy,3,1,Olympic Games,Antwerp,Belgium,True,UEFA,1853.0,UEFA,1718.0
1920-09-02,Spain,Italy,2,0,Olympic Games,Antwerp,Belgium,True,UEFA,1855.0,UEFA,1718.0
1920-09-12,Uruguay,Argentina,1,1,Copa América,Viña del Mar,Chile,True,CONMEBOL,1679.0,CONMEBOL,1886.0
1920-09-18,Brazil,Uruguay,0,6,Copa América,Viña del Mar,Chile,True,CONMEBOL,1776.0,CONMEBOL,1679.0
1920-09-25,Argentina,Brazil,2,0,Copa América,Viña del Mar,Chile,True,CONMEBOL,1886.0,CONMEBOL,1776.0
1921-02-20,France,Italy,1,2,Friendly,Marseille,France,False,UEFA,1853.0,UEFA,1718.0
1921-10-02,Argentina,Brazil,1,0,Copa América,Buenos Aires,Argentina,False,CONMEBOL,1886.0,CONMEBOL,1776.0
1921-10-23,Brazil,Uruguay,1,2,Copa América,Buenos Aires,Argentina,True,CONMEBOL,1776.0,CONMEBOL,1679.0
1921-10-30,Argentina,Uruguay,1,0,Copa América,Buenos Aires,Argentina,False,CONMEBOL,1886.0,CONMEBOL,1679.0
1922-04-30,France,Spain,0,4,Friendly,Le Bouscat,France,False,UEFA,1853.0,UEFA,1855.0
1922-10-01,Brazil,Uruguay,0,0,Copa América,Rio de Janeiro,Brazil,False,CONMEBOL,1776.0,CONMEBOL,1679.0
1922-10-08,Argentina,Uruguay,0,1,Copa América,Rio de Janeiro,Brazil,True,CONMEBOL,1886.0,CONMEBOL,1679.0
1922-10-15,Brazil,Argentina,2,0,Copa América,Rio de Janeiro,Brazil,False,CONMEBOL,1776.0,CONMEBOL,1886.0
1922-10-22,Brazil,Argentina,2,1,Copa Roca,São Paulo,Brazil,False,CONMEBOL,1776.0,CONMEBOL,1886.0
1922-11-12,Uruguay,Argentina,1,0,Copa Lipton,Montevideo,Uruguay,False,CONMEBOL,1679.0,CONMEBOL,1886.0
1922-12-10,Uruguay,Argentina,1,0,Copa Premio Honor Uruguayo,Montevideo,Uruguay,False,CONMEBOL,1679.0,CONMEBOL,1886.0
1922-12-17,Argentina,Uruguay,2,2,Copa Newton,Buenos Aires,Argentina,False,CONMEBOL,1886.0,CONMEBOL,1679.0
1923-01-01,Italy,Germany,3,1,Friendly,Milan,Italy,False,UEFA,1718.0,UEFA,1717.0
1923-01-28,Spain,France,3,0,Friendly,San Sebastián,Spain,False,UEFA,1855.0,UEFA,1853.0
1923-06-24,Argentina,Uruguay,0,0,Copa Lipton,Buenos Aires,Argentina,False,CONMEBOL,1886.0,CONMEBOL,1679.0
1923-07-15,Argentina,Uruguay,2,2,Friendly,Buenos Aires,Argentina,False,CONMEBOL,1886.0,CONMEBOL,1679.0
1923-07-22,Uruguay,Argentina,2,2,Copa Premio Honor Uruguayo,Montevideo,Uruguay,False,CONMEBOL,1679.0,CONMEBOL,1886.0
1923-09-30,Uruguay,Argentina,0,2,Copa Premio Honor Uruguayo,Montevideo,Uruguay,False,CONMEBOL,1679.0,CONMEBOL,1886.0
1923-11-18,Argentina,Brazil,2,1,Copa América,Montevideo,Uruguay,True,CONMEBOL,1886.0,CONMEBOL,1776.0
1923-11-25,Uruguay,Brazil,2,1,Copa América,Montevideo,Uruguay,False,CONMEBOL,1679.0,CONMEBOL,1776.0
1923-12-02,Argentina,Brazil,0,2,Friendly,Buenos Aires,Argentina,False,CONMEBOL,1886.0,CONMEBOL,1776.0
1923-12-02,Uruguay,Argentina,2,0,Copa América,Montevideo,Uruguay,False,CONMEBOL,1679.0,CONMEBOL,1886.0
1923-12-09,Argentina,Brazil,2,0,Copa Roca,Buenos Aires,Argentina,False,CONMEBOL,1886.0,CONMEBOL,1776.0
1924-03-09,Italy,Spain,0,0,Friendly,Milan,Italy,False,UEFA,1718.0,UEFA,1855.0
1924-05-25,Argentina,Uruguay,4,0,Copa Newton,Buenos Aires,Argentina,False,CONMEBOL,1886.0,CONMEBOL,1679.0
1924-05-25,Uruguay,Argentina,2,0,Copa Lipton,Montevideo,Uruguay,False,CONMEBOL,1679.0,CONMEBOL,1886.0
1924-05-25,Italy,Spain,1,0,Olympic Games,Colombes,France,True,UEFA,1718.0,UEFA,1855.0
1924-06-01,France,Uruguay,1,5,Olympic Games,Colombes,France,False,UEFA,1853.0,CONMEBOL,1679.0
1924-09-21,Uruguay,Argentina,1,1,Friendly,Montevideo,Uruguay,False,CONMEBOL,1679.0,CONMEBOL,1886.0
1924-10-02,Argentina,Uruguay,2,1,Friendly,Buenos Aires,Argentina,False,CONMEBOL,1886.0,CONMEBOL,1679.0
1924-11-02,Uruguay,Argentina,0,0,Copa América,Montevideo,Uruguay,False,CONMEBOL,1679.0,CONMEBOL,1886.0
1924-11-23,Germany,Italy,0,1,Friendly,Duisburg,Germany,False,UEFA,1717.0,UEFA,1718.0
1925-03-22,Italy,France,7,0,Friendly,Turin,Italy,False,UEFA,1718.0,UEFA,1853.0
1925-06-14,Spain,Italy,1,0,Friendly,Valencia,Spain,False,UEFA,1855.0,UEFA,1718.0
1925-12-13,Argentina,Brazil,4,1,Copa América,Buenos Aires,Argentina,False,CONMEBOL,1886.0,CONMEBOL,1776.0
1925-12-25,Argentina,Brazil,2,2,Copa América,Buenos Aires,Argentina,False,CONMEBOL,1886.0,CONMEBOL,1776.0
1926-10-24,Argentina,Uruguay,0,2,Copa América,Santiago,Chile,True,CONMEBOL,1886.0,CONMEBOL,1679.0
1927-04-24,France,Italy,3,3,Friendly,Colombes,France,False,UEFA,1853.0,UEFA,1718.0
1927-05-22,France,Spain,1,4,Friendly,Colombes,France,False,UEFA,1853.0,UEFA,1855.0
1927-05-29,Italy,Spain,2,0,Friendly,Bologna,Italy,False,UEFA,1718.0,UEFA,1855.0
1927-07-14,Uruguay,Argentina,0,1,Copa Newton,Montevideo,Uruguay,False,CONMEBOL,1679.0,CONMEBOL,1886.0
1927-08-30,Argentina,Uruguay,0,1,Copa Lipton,Buenos Aires,Argentina,False,CONMEBOL,1886.0,CONMEBOL,1679.0
1927-11-20,Argentina,Uruguay,3,2,Copa América,Lima,Peru,True,CONMEBOL,1886.0,CONMEBOL,1679.0
1928-04-22,Spain,Italy,1,1,Friendly,Gijón,Spain,False,UEFA,1855.0,UEFA,1718.0
1928-05-29,Italy,France,4,3,Olympic Games,Amsterdam,Netherlands,True,UEFA,1718.0,UEFA,1853.0
1928-05-30,Spain,Mexico,7,1,Olympic Games,Amsterdam,Netherlands,True,UEFA,1855.0,CONCACAF,1647.0
1928-06-01,Italy,Spain,1,1,Olympic Games,Amsterdam,Netherlands,True,UEFA,1718.0,UEFA,1855.0
1928-06-03,Uruguay,Germany,4,1,Olympic Games,Amsterdam,Netherlands,True,CONMEBOL,1679.0,UEFA,1717.0
1928-06-04,Italy,Spain,7,1,Olympic Games,Amsterdam,Netherlands,True,UEFA,1718.0,UEFA,1855.0
1928-06-07,Uruguay,Italy,3,2,Olympic Games,Amsterdam,Netherlands,True,CONMEBOL,1679.0,UEFA,1718.0
1928-06-10,Uruguay,Argentina,1,1,Olympic Games,Amsterdam,Netherlands,True,CONMEBOL,1679.0,CONMEBOL,1886.0
1928-06-13,Uruguay,Argentina,2,1,Olympic Games,Amsterdam,Netherlands,True,CONMEBOL,1679.0,CONMEBOL,1886.0
1928-08-30,Argentina,Uruguay,1,0,Copa Newton,Avellaneda,Argentina,False,CONMEBOL,1886.0,CONMEBOL,1679.0
1928-09-21,Uruguay,Argentina,2,2,Copa Lipton,Montevideo,Uruguay,False,CONMEBOL,1679.0,CONMEBOL,1886.0
1929-04-14,Spain,France,8,1,Friendly,Zaragoza,Spain,False,UEFA,1855.0,UEFA,1853.0
1929-04-28,Italy,Germany,1,2,Friendly,Turin,Italy,False,UEFA,1718.0,UEFA,1717.0
1929-06-16,Argentina,Uruguay,2,0,Friendly,Buenos Aires,Argentina,False,CONMEBOL,1886.0,CONMEBOL,1679.0
1929-06-16,Uruguay,Argentina,1,1,Friendly,Montevideo,Uruguay,False,CONMEBOL,1679.0,CONMEBOL,1886.0
1929-09-20,Uruguay,Argentina,2,1,Copa Newton,Montevideo,Uruguay,False,CONMEBOL,1679.0,CONMEBOL,1886.0
1929-09-28,Argentina,Uruguay,0,0,Copa Lipton,Buenos Aires,Argentina,False,CONMEBOL,1886.0,CONMEBOL,1679.0
1929-11-17,Argentina,Uruguay,2,0,Copa América,Buenos Aires,Argentina,False,CONMEBOL,1886.0,CONMEBOL,1679.0
1930-03-02,Germany,Italy,0,2,Friendly,Frankfurt am Main,Germany,False,UEFA,1717.0,UEFA,1718.0
1930-05-25,Argentina,Uruguay,1,1,Copa Newton,Buenos Aires,Argentina,False,CONMEBOL,1886.0,CONMEBOL,1679.0
1930-06-22,Italy,Spain,2,3,Friendly,Bologna,Italy,False,UEFA,1718.0,UEFA,1855.0
1930-07-13,France,Mexico,4,1,FIFA World Cup,Montevideo,Uruguay,True,UEFA,1853.0,CONCACAF,1647.0
1930-07-15,Argentina,France,1,0,FIFA World Cup,Montevideo,Uruguay,True,CONMEBOL,1886.0,UEFA,1853.0
1930-07-19,Argentina,Mexico,6,3,FIFA World Cup,Montevideo,Uruguay,True,CONMEBOL,1886.0,CONCACAF,1647.0
1930-07-30,Uruguay,Argentina,4,2,FIFA World Cup,Montevideo,Uruguay,False,CONMEBOL,1679.0,CONMEBOL,1886.0
1930-08-01,Brazil,France,3,2,Friendly,Rio de Janeiro,Brazil,False,CONMEBOL,1776.0,UEFA,1853.0
1931-01-25,Italy,France,5,0,Friendly,Bologna,Italy,False,UEFA,1718.0,UEFA,1853.0
1931-03-15,France,Germany,1,0,Friendly,Colombes,France,False,UEFA,1853.0,UEFA,1717.0
1931-04-19,Spain,Italy,0,0,Friendly,Bilbao,Spain,False,UEFA,1855.0,UEFA,1718.0
1931-09-06,Brazil,Uruguay,2,0,Copa Rio Branco,Rio de Janeiro,Brazil,False,CONMEBOL,1776.0,CONMEBOL,1679.0
1932-04-10,France,Italy,1,2,Friendly,Colombes,France,False,UEFA,1853.0,UEFA,1718.0
1932-05-15,Argentina,Uruguay,2,0,Friendly,Buenos Aires,Argentina,False,CONMEBOL,1886.0,CONMEBOL,1679.0
1932-05-18,Uruguay,Argentina,1,0,Friendly,Montevideo,Uruguay,False,CONMEBOL,1679.0,CONMEBOL,1886.0
1932-12-04,Uruguay,Brazil,1,2,Copa Rio Branco,Montevideo,Uruguay,False,CONMEBOL,1679.0,CONMEBOL,1776.0
1933-01-01,Italy,Germany,3,1,Friendly,Bologna,Italy,False,UEFA,1718.0,UEFA,1717.0
1933-01-21,Uruguay,Argentina,2,1,Friendly,Montevideo,Uruguay,False,CONMEBOL,1679.0,CONMEBOL,1886.0
1933-02-05,Argentina,Uruguay,4,1,Friendly,Avellaneda,Argentina,False,CONMEBOL,1886.0,CONMEBOL,1679.0
1933-03-19,Germany,France,3,3,Friendly,Berlin,Germany,False,UEFA,1717.0,UEFA,1853.0
1933-04-23,France,Spain,1,0,Friendly,Colombes,France,False,UEFA,1853.0,UEFA,1855.0
1933-12-14,Uruguay,Argentina,0,1,Friendly,Montevideo,Uruguay,False,CONMEBOL,1679.0,CONMEBOL,1886.0
1934-05-27,Brazil,Spain,1,3,FIFA World Cup,Genoa,Italy,True,CONMEBOL,1776.0,UEFA,1855.0
1934-05-31,Italy,Spain,1,1,FIFA World Cup,Florence,Italy,False,UEFA,1718.0,UEFA,1855.0
1934-06-01,Italy,Spain,1,0,FIFA World Cup,Florence,Italy,False,UEFA,1718.0,UEFA,1855.0
1934-07-18,Uruguay,Argentina,2,2,Friendly,Montevideo,Uruguay,False,CONMEBOL,1679.0,CONMEBOL,1886.0
1934-08-15,Argentina,Uruguay,1,0,Friendly,Avellaneda,Argentina,False,CONMEBOL,1886.0,CONMEBOL,1679.0
1935-01-24,Spain,France,2,0,Friendly,Madrid,Spain,False,UEFA,1855.0,UEFA,1853.0
1935-01-27,Argentina,Uruguay,0,3,Copa América,Lima,Peru,True,CONMEBOL,1886.0,CONMEBOL,1679.0
1935-02-17,Italy,France,2,1,Friendly,Rome,Italy,False,UEFA,1718.0,UEFA,1853.0
1935-03-17,France,Germany,1,3,Friendly,Paris,France,False,UEFA,1853.0,UEFA,1717.0
1935-05-12,Germany,Spain,1,2,Friendly,Cologne,Germany,False,UEFA,1717.0,UEFA,1855.0
1935-07-18,Uruguay,Argentina,1,1,Friendly,Montevideo,Uruguay,False,CONMEBOL,1679.0,CONMEBOL,1886.0
1935-08-15,Argentina,Uruguay,3,0,Friendly,Avellaneda,Argentina,False,CONMEBOL,1886.0,CONMEBOL,1679.0
1936-02-23,Spain,Germany,1,2,Friendly,Barcelona,Spain,False,UEFA,1855.0,UEFA,1717.0
1936-08-09,Argentina,Uruguay,1,0,Friendly,Buenos Aires,Argentina,False,CONMEBOL,1886.0,CONMEBOL,1679.0
1936-09-20,Uruguay,Argentina,2,1,Friendly,Montevideo,Uruguay,False,CONMEBOL,1679.0,CONMEBOL,1886.0
1936-11-15,Germany,Italy,2,2,Friendly,Berlin,Germany,False,UEFA,1717.0,UEFA,1718.0
1937-01-19,Brazil,Uruguay,3,2,Copa América,Buenos Aires,Argentina,True,CONMEBOL,1776.0,CONMEBOL,1679.0
1937-01-23,Argentina,Uruguay,2,3,Copa América,Buenos Aires,Argentina,False,CONMEBOL,1886.0,CONMEBOL,1679.0
1937-01-30,Argentina,Brazil,1,0,Copa América,Buenos Aires,Argentina,False,CONMEBOL,1886.0,CONMEBOL,1776.0
1937-02-01,Argentina,Brazil,2,0,Copa América,Buenos Aires,Argentina,False,CONMEBOL,1886.0,CONMEBOL,1776.0
1937-03-21,Germany,France,4,0,Friendly,Stuttgart,Germany,False,UEFA,1717.0,UEFA,1853.0
1937-10-10,Uruguay,Argentina,0,3,Copa Newton,Montevideo,Uruguay,False,CONMEBOL,1679.0,CONMEBOL,1886.0
1937-11-11,Argentina,Uruguay,5,1,Copa Lipton,Avellaneda,Argentina,False,CONMEBOL,1886.0,CONMEBOL,1679.0
1937-12-05,France,Italy,0,0,Friendly,Paris,France,False,UEFA,1853.0,UEFA,1718.0
1938-02-10,Mexico,Colombia,3,1,Central American and Caribbean Games,Panama City,Panama,True,CONCACAF,1647.0,CONMEBOL,1679.0
1938-06-12,France,Italy,1,3,FIFA World Cup,Colombes,France,False,UEFA,1853.0,UEFA,1718.0
1938-06-16,Brazil,Italy,1,2,FIFA World Cup,Marseille,France,True,CONMEBOL,1776.0,UEFA,1718.0
1938-06-18,Argentina,Uruguay,1,0,Friendly,Buenos Aires,Argentina,False,CONMEBOL,1886.0,CONMEBOL,1679.0
1938-10-12,Uruguay,Argentina,2,3,Friendly,Montevideo,Uruguay,False,CONMEBOL,1679.0,CONMEBOL,1886.0
1938-12-04,Italy,France,1,0,Friendly,Naples,Italy,False,UEFA,1718.0,UEFA,1853.0
1939-01-15,Brazil,Argentina,1,5,Copa Roca,Rio de Janeiro,Brazil,False,CONMEBOL,1776.0,CONMEBOL,1886.0
1939-01-22,Brazil,Argentina,3,2,Copa Roca,Rio de Janeiro,Brazil,False,CONMEBOL,1776.0,CONMEBOL,1886.0
1939-03-26,Italy,Germany,3,2,Friendly,Florence,Italy,False,UEFA,1718.0,UEFA,1717.0
1939-11-26,Germany,Italy,5,2,Friendly,Berlin,Germany,False,UEFA,1717.0,UEFA,1718.0
1940-02-18,Brazil,Argentina,2,2,Copa Roca,São Paulo,Brazil,False,CONMEBOL,1776.0,CONMEBOL,1886.0
1940-02-25,Brazil,Argentina,0,3,Copa Roca,São Paulo,Brazil,False,CONMEBOL,1776.0,CONMEBOL,1886.0
1940-03-05,Argentina,Brazil,6,1,Copa Roca,Buenos Aires,Argentina,False,CONMEBOL,1886.0,CONMEBOL,1776.0
1940-03-10,Argentina,Brazil,2,3,Copa Roca,Buenos Aires,Argentina,False,CONMEBOL,1886.0,CONMEBOL,1776.0
1940-03-17,Argentina,Brazil,5,1,Copa Roca,Avellaneda,Argentina,False,CONMEBOL,1886.0,CONMEBOL,1776.0
1940-03-24,Brazil,Uruguay,3,4,Copa Rio Branco,Rio de Janeiro,Brazil,False,CONMEBOL,1776.0,CONMEBOL,1679.0
1940-03-31,Brazil,Uruguay,1,1,Copa Rio Branco,Rio de Janeiro,Brazil,False,CONMEBOL,1776.0,CONMEBOL,1679.0
1940-05-05,Italy,Germany,3,2,Friendly,Milan,Italy,False,UEFA,1718.0,UEFA,1717.0
1940-07-18,Uruguay,Argentina,3,0,Friendly,Montevideo,Uruguay,False,CONMEBOL,1679.0,CONMEBOL,1886.0
1940-08-15,Argentina,Uruguay,5,0,Friendly,Buenos Aires,Argentina,False,CONMEBOL,1886.0,CONMEBOL,1679.0
1941-02-23,Argentina,Uruguay,1,0,Copa América,Santiago,Chile,True,CONMEBOL,1886.0,CONMEBOL,1679.0
1942-01-17,Argentina,Brazil,2,1,Copa América,Montevideo,Uruguay,True,CONMEBOL,1886.0,CONMEBOL,1776.0
1942-01-24,Uruguay,Brazil,1,0,Copa América,Montevideo,Uruguay,False,CONMEBOL,1679.0,CONMEBOL,1776.0
1942-02-07,Uruguay,Argentina,1,0,Copa América,Montevideo,Uruguay,False,CONMEBOL,1679.0,CONMEBOL,1886.0
1942-03-15,Spain,France,4,0,Friendly,Seville,Spain,False,UEFA,1855.0,UEFA,1853.0
1942-04-12,Germany,Spain,1,1,Friendly,Berlin,Germany,False,UEFA,1717.0,UEFA,1855.0
1942-04-19,Italy,Spain,4,0,Friendly,Milan,Italy,False,UEFA,1718.0,UEFA,1855.0
1942-05-25,Argentina,Uruguay,4,1,Copa Newton,Buenos Aires,Argentina,False,CONMEBOL,1886.0,CONMEBOL,1679.0
1942-08-25,Uruguay,Argentina,1,1,Copa Lipton,Montevideo,Uruguay,False,CONMEBOL,1679.0,CONMEBOL,1886.0
1943-03-28,Argentina,Uruguay,3,3,Friendly,Buenos Aires,Argentina,False,CONMEBOL,1886.0,CONMEBOL,1679.0
1943-04-04,Uruguay,Argentina,0,1,Friendly,Montevideo,Uruguay,False,CONMEBOL,1679.0,CONMEBOL,1886.0
1944-05-14,Brazil,Uruguay,6,1,Friendly,Rio de Janeiro,Brazil,False,CONMEBOL,1776.0,CONMEBOL,1679.0
1944-05-17,Brazil,Uruguay,4,0,Friendly,São Paulo,Brazil,False,CONMEBOL,1776.0,CONMEBOL,1679.0
1945-01-21,Brazil,Colombia,3,0,Copa América,Santiago,Chile,True,CONMEBOL,1776.0,CONMEBOL,1679.0
1945-01-28,Colombia,Uruguay,0,7,Copa América,Santiago,Chile,True,CONMEBOL,1679.0,CONMEBOL,1679.0
1945-02-07,Argentina,Colombia,9,1,Copa América,Santiago,Chile,True,CONMEBOL,1886.0,CONMEBOL,1679.0
1945-02-07,Brazil,Uruguay,3,0,Copa América,Santiago,Chile,True,CONMEBOL,1776.0,CONMEBOL,1679.0
1945-02-15,Argentina,Brazil,3,1,Copa América,Santiago,Chile,True,CONMEBOL,1886.0,CONMEBOL,1776.0
1945-02-25,Argentina,Uruguay,1,0,Copa América,Santiago,Chile,True,CONMEBOL,1886.0,CONMEBOL,1679.0
1945-07-18,Uruguay,Argentina,2,2,Copa Lipton,Montevideo,Uruguay,False,CONMEBOL,1679.0,CONMEBOL,1886.0
1945-08-15,Argentina,Uruguay,6,2,Copa Newton,Buenos Aires,Argentina,False,CONMEBOL,1886.0,CONMEBOL,1679.0
1945-12-16,Brazil,Argentina,3,4,Copa Roca,São Paulo,Brazil,False,CONMEBOL,1776.0,CONMEBOL,1886.0
1945-12-20,Brazil,Argentina,6,2,Copa Roca,Rio de Janeiro,Brazil,False,CONMEBOL,1776.0,CONMEBOL,1886.0
1945-12-23,Brazil,Argentina,3,1,Copa Roca,Rio de Janeiro,Brazil,False,CONMEBOL,1776.0,CONMEBOL,1886.0
1946-01-05,Uruguay,Brazil,4,3,Copa Rio Branco,Montevideo,Uruguay,False,CONMEBOL,1679.0,CONMEBOL,1776.0
1946-01-23,Brazil,Uruguay,4,3,Copa América,Buenos Aires,Argentina,True,CONMEBOL,1776.0,CONMEBOL,1679.0
1946-02-02,Argentina,Uruguay,3,1,Copa América,Buenos Aires,Argentina,False,CONMEBOL,1886.0,CONMEBOL,1679.0
1946-02-10,Argentina,Brazil,2,0,Copa América,Buenos Aires,Argentina,False,CONMEBOL,1886.0,CONMEBOL,1776.0
1947-03-29,Uruguay,Brazil,0,0,Copa Rio Branco,Montevideo,Uruguay,False,CONMEBOL,1679.0,CONMEBOL,1776.0
1947-04-01,Brazil,Uruguay,3,2,Copa Rio Branco,Rio de Janeiro,Brazil,False,CONMEBOL,1776.0,CONMEBOL,1679.0
1947-12-02,Colombia,Uruguay,0,2,Copa América,Guayaquil,Ecuador,True,CONMEBOL,1679.0,CONMEBOL,1679.0
1947-12-18,Argentina,Colombia,6,0,Copa América,Guayaquil,Ecuador,True,CONMEBOL,1886.0,CONMEBOL,1679.0
1947-12-28,Argentina,Uruguay,3,1,Copa América,Guayaquil,Ecuador,True,CONMEBOL,1886.0,CONMEBOL,1679.0
1948-04-04,France,Italy,1,3,Friendly,Colombes,France,False,UEFA,1853.0,UEFA,1718.0
1948-04-04,Uruguay,Brazil,1,1,Copa Rio Branco,Montevideo,Uruguay,False,CONMEBOL,1679.0,CONMEBOL,1776.0
1948-04-11,Uruguay,Brazil,4,2,Copa Rio Branco,Montevideo,Uruguay,False,CONMEBOL,1679.0,CONMEBOL,1776.0
1949-03-27,Spain,Italy,1,3,Friendly,Madrid,Spain,False,UEFA,1855.0,UEFA,1718.0
1949-04-17,Brazil,Colombia,5,0,Copa América,São Paulo,Brazil,False,CONMEBOL,1776.0,CONMEBOL,1679.0
1949-04-25,Uruguay,Colombia,2,2,Copa América,São Paulo,Brazil,True,CONMEBOL,1679.0,CONMEBOL,1679.0
1949-04-30,Brazil,Uruguay,5,1,Copa América,Rio de Janeiro,Brazil,False,CONMEBOL,1776.0,CONMEBOL,1679.0
1949-06-19,France,Spain,1,5,Friendly,Colombes,France,False,UEFA,1853.0,UEFA,1855.0
1950-05-06,Brazil,Uruguay,3,4,Copa Rio Branco,São Paulo,Brazil,False,CONMEBOL,1776.0,CONMEBOL,1679.0
1950-05-14,Brazil,Uruguay,3,2,Copa Rio Branco,Rio de Janeiro,Brazil,False,CONMEBOL,1776.0,CONMEBOL,1679.0
1950-06-24,Brazil,Mexico,4,0,FIFA World Cup,Rio de Janeiro,Brazil,False,CONMEBOL,1776.0,CONCACAF,1647.0
1950-07-09,Spain,Uruguay,2,2,FIFA World Cup,São Paulo,Brazil,True,UEFA,1855.0,CONMEBOL,1679.0
1950-07-13,Brazil,Spain,6,1,FIFA World Cup,Rio de Janeiro,Brazil,False,CONMEBOL,1776.0,UEFA,1855.0
1950-07-16,Brazil,Uruguay,1,2,FIFA World Cup,Rio de Janeiro,Brazil,False,CONMEBOL,1776.0,CONMEBOL,1679.0
1951-06-03,Italy,France,4,1,Friendly,Genoa,Italy,False,UEFA,1718.0,UEFA,1853.0
1952-03-23,Mexico,Uruguay,1,3,Pan American Championship,Santiago,Chile,True,CONCACAF,1647.0,CONMEBOL,1679.0
1952-04-06,Brazil,Mexico,2,0,Pan American Championship,Santiago,Chile,True,CONMEBOL,1776.0,CONCACAF,1647.0
1952-04-16,Brazil,Uruguay,4,2,Pan American Championship,Santiago,Chile,True,CONMEBOL,1776.0,CONMEBOL,1679.0
1952-10-05,France,Germany,3,1,Friendly,Colombes,France,False,UEFA,1853.0,UEFA,1717.0
1952-12-07,Spain,Argentina,0,1,Friendly,Madrid,Spain,False,UEFA,1855.0,CONMEBOL,1886.0
1952-12-28,Spain,Germany,2,2,Friendly,Madrid,Spain,False,UEFA,1855.0,UEFA,1717.0
1953-03-15,Brazil,Uruguay,1,0,Copa América,Lima,Peru,True,CONMEBOL,1776.0,CONMEBOL,1679.0
1953-07-05,Argentina,Spain,1,0,Friendly,Buenos Aires,Argentina,False,CONMEBOL,1886.0,UEFA,1855.0
1954-03-07,Japan,South Korea,1,5,FIFA World Cup qualification,Tokyo,Japan,False,AFC,1653.0,AFC,1575.0
1954-03-14,Japan,South Korea,2,2,FIFA World Cup qualification,Tokyo,Japan,False,AFC,1653.0,AFC,1575.0
1954-04-11,France,Italy,1,3,Friendly,Colombes,France,False,UEFA,1853.0,UEFA,1718.0
1954-06-16,Brazil,Mexico,5,0,FIFA World Cup,Geneva,Switzerland,True,CONMEBOL,1776.0,CONCACAF,1647.0
1954-06-19,France,Mexico,3,2,FIFA World Cup,Geneva,Switzerland,True,UEFA,1853.0,CONCACAF,1647.0
1954-10-16,Germany,France,1,3,Friendly,Hanover,Germany,False,UEFA,1717.0,UEFA,1853.0
1954-12-05,Italy,Argentina,2,0,Friendly,Rome,Italy,False,UEFA,1718.0,CONMEBOL,1886.0
1955-03-17,Spain,France,1,2,Friendly,Madrid,Spain,False,UEFA,1855.0,UEFA,1853.0
1955-03-27,Argentina,Uruguay,6,1,Copa América,Santiago,Chile,True,CONMEBOL,1886.0,CONMEBOL,1679.0
1955-03-30,Germany,Italy,1,2,Friendly,Stuttgart,Germany,False,UEFA,1717.0,UEFA,1718.0
1955-12-18,Italy,Germany,2,1,Friendly,Rome,Italy,False,UEFA,1718.0,UEFA,1717.0
1956-02-05,Argentina,Brazil,0,1,Copa América,Montevideo,Uruguay,True,CONMEBOL,1886.0,CONMEBOL,1776.0
1956-02-10,Uruguay,Brazil,0,0,Copa América,Montevideo,Uruguay,False,CONMEBOL,1679.0,CONMEBOL,1776.0
1956-02-15,Italy,France,2,0,Friendly,Bologna,Italy,False,UEFA,1718.0,UEFA,1853.0
1956-02-15,Uruguay,Argentina,1,0,Copa América,Montevideo,Uruguay,False,CONMEBOL,1679.0,CONMEBOL,1886.0
1956-03-08,Mexico,Brazil,1,2,Pan American Championship,Mexico City,Mexico,False,CONCACAF,1647.0,CONMEBOL,1776.0
1956-03-13,Mexico,Argentina,0,0,Pan American Championship,Mexico City,Mexico,False,CONCACAF,1647.0,CONMEBOL,1886.0
1956-03-18,Argentina,Brazil,2,2,Pan American Championship,Mexico City,Mexico,True,CONMEBOL,1886.0,CONMEBOL,1776.0
1956-04-25,Italy,Brazil,3,0,Friendly,Milan,Italy,False,UEFA,1718.0,CONMEBOL,1776.0
1956-06-24,Argentina,Italy,1,0,Friendly,Avellaneda,Argentina,False,CONMEBOL,1886.0,UEFA,1718.0
1956-06-24,Brazil,Uruguay,2,0,Atlantic Cup,Rio de Janeiro,Brazil,False,CONMEBOL,1776.0,CONMEBOL,1679.0
1956-07-01,Brazil,Italy,2,0,Friendly,Rio de Janeiro,Brazil,False,CONMEBOL,1776.0,UEFA,1718.0
1956-07-01,Uruguay,Argentina,1,2,Atlantic Cup,Montevideo,Uruguay,False,CONMEBOL,1679.0,CONMEBOL,1886.0
1956-07-08,Argentina,Brazil,0,0,Atlantic Cup,Avellaneda,Argentina,False,CONMEBOL,1886.0,CONMEBOL,1776.0
1956-10-10,Uruguay,Argentina,1,2,Friendly,Paysandú,Uruguay,False,CONMEBOL,1679.0,CONMEBOL,1886.0
1956-11-14,Argentina,Uruguay,2,2,Friendly,Buenos Aires,Argentina,False,CONMEBOL,1886.0,CONMEBOL,1679.0
1957-03-13,Argentina,Colombia,8,2,Copa América,Lima,Peru,True,CONMEBOL,1886.0,CONMEBOL,1679.0
1957-03-17,Colombia,Uruguay,1,0,Copa América,Lima,Peru,True,CONMEBOL,1679.0,CONMEBOL,1679.0
1957-03-20,Argentina,Uruguay,4,0,Copa América,Lima,Peru,True,CONMEBOL,1886.0,CONMEBOL,1679.0
1957-03-24,Brazil,Colombia,9,0,Copa América,Lima,Peru,True,CONMEBOL,1776.0,CONMEBOL,1679.0
1957-03-28,Brazil,Uruguay,2,3,Copa América,Lima,Peru,True,CONMEBOL,1776.0,CONMEBOL,1679.0
1957-04-03,Argentina,Brazil,3,0,Copa América,Lima,Peru,True,CONMEBOL,1886.0,CONMEBOL,1776.0
1957-05-23,Uruguay,Argentina,0,0,Copa Newton,Montevideo,Uruguay,False,CONMEBOL,1679.0,CONMEBOL,1886.0
1957-06-05,Argentina,Uruguay,1,1,Copa Lipton,Buenos Aires,Argentina,False,CONMEBOL,1886.0,CONMEBOL,1679.0
1957-06-16,Colombia,Uruguay,1,1,FIFA World Cup qualification,Bogotá,Colombia,False,CONMEBOL,1679.0,CONMEBOL,1679.0
1957-06-30,Uruguay,Colombia,1,0,FIFA World Cup qualification,Montevideo,Uruguay,False,CONMEBOL,1679.0,CONMEBOL,1679.0
1957-07-07,Brazil,Argentina,1,2,Copa Roca,Rio de Janeiro,Brazil,False,CONMEBOL,1776.0,CONMEBOL,1886.0
1957-07-10,Brazil,Argentina,2,0,Copa Roca,São Paulo,Brazil,False,CONMEBOL,1776.0,CONMEBOL,1886.0
1958-03-13,France,Spain,2,2,Friendly,Paris,France,False,UEFA,1853.0,UEFA,1855.0
1958-03-19,Germany,Spain,2,0,Friendly,Frankfurt am Main,Germany,False,UEFA,1717.0,UEFA,1855.0
1958-04-06,Uruguay,Argentina,1,0,Friendly,Montevideo,Uruguay,False,CONMEBOL,1679.0,CONMEBOL,1886.0
1958-04-30,Argentina,Uruguay,2,0,Friendly,Buenos Aires,Argentina,False,CONMEBOL,1886.0,CONMEBOL,1679.0
1958-06-08,Argentina,Germany,1,3,FIFA World Cup,Malmö,Sweden,True,CONMEBOL,1886.0,UEFA,1717.0
1958-06-24,Brazil,France,5,2,FIFA World Cup,Solna,Sweden,True,CONMEBOL,1776.0,UEFA,1853.0
1958-06-28,France,Germany,6,3,FIFA World Cup,Gothenburg,Sweden,True,UEFA,1853.0,UEFA,1717.0
1958-10-26,France,Germany,2,2,Friendly,Colombes,France,False,UEFA,1853.0,UEFA,1717.0
1958-11-09,France,Italy,2,2,Friendly,Colombes,France,False,UEFA,1853.0,UEFA,1718.0
1959-02-28,Italy,Spain,1,1,Friendly,Rome,Italy,False,UEFA,1718.0,UEFA,1855.0
1959-03-26,Brazil,Uruguay,3,1,Copa América,Buenos Aires,Argentina,True,CONMEBOL,1776.0,CONMEBOL,1679.0
1959-03-30,Argentina,Uruguay,4,1,Copa América,Buenos Aires,Argentina,False,CONMEBOL,1886.0,CONMEBOL,1679.0
1959-04-04,Argentina,Brazil,1,1,Copa América,Buenos Aires,Argentina,False,CONMEBOL,1886.0,CONMEBOL,1776.0
1959-09-05,Japan,South Korea,0,0,Merdeka Tournament,Kuala Lumpur,Malaya,True,AFC,1653.0,AFC,1575.0
1959-09-06,Japan,South Korea,1,3,Merdeka Tournament,Kuala Lumpur,Malaya,True,AFC,1653.0,AFC,1575.0
1959-12-12,Brazil,Uruguay,0,3,Copa América,Guayaquil,Ecuador,True,CONMEBOL,1776.0,CONMEBOL,1679.0
1959-12-16,Argentina,Uruguay,0,5,Copa América,Guayaquil,Ecuador,True,CONMEBOL,1886.0,CONMEBOL,1679.0
1959-12-17,France,Spain,4,3,Friendly,Paris,France,False,UEFA,1853.0,UEFA,1855.0
1959-12-22,Argentina,Brazil,4,1,Copa América,Guayaquil,Ecuador,True,CONMEBOL,1886.0,CONMEBOL,1776.0
1960-03-06,Brazil,Mexico,2,2,Pan American Championship,San José,Costa Rica,True,CONMEBOL,1776.0,CONCACAF,1647.0
1960-03-10,Argentina,Mexico,3,2,Pan American Championship,San José,Costa Rica,True,CONMEBOL,1886.0,CONCACAF,1647.0
1960-03-13,Argentina,Brazil,2,1,Pan American Championship,San José,Costa Rica,True,CONMEBOL,1886.0,CONMEBOL,1776.0
1960-03-13,Spain,Italy,3,1,Friendly,Barcelona,Spain,False,UEFA,1855.0,UEFA,1718.0
1960-03-15,Brazil,Mexico,2,1,Pan American Championship,San José,Costa Rica,True,CONMEBOL,1776.0,CONCACAF,1647.0
1960-03-17,Argentina,Mexico,2,0,Pan American Championship,San José,Costa Rica,True,CONMEBOL,1886.0,CONCACAF,1647.0
1960-03-20,Argentina,Brazil,0,1,Pan American Championship,San José,Costa Rica,True,CONMEBOL,1886.0,CONMEBOL,1776.0
1960-05-26,Argentina,Brazil,4,2,Copa Roca,Buenos Aires,Argentina,False,CONMEBOL,1886.0,CONMEBOL,1776.0
1960-05-29,Argentina,Brazil,1,4,Copa Roca,Buenos Aires,Argentina,False,CONMEBOL,1886.0,CONMEBOL,1776.0
1960-07-09,Uruguay,Brazil,1,0,Atlantic Cup,Montevideo,Uruguay,False,CONMEBOL,1679.0,CONMEBOL,1776.0
1960-07-12,Brazil,Argentina,5,1,Atlantic Cup,Rio de Janeiro,Brazil,False,CONMEBOL,1776.0,CONMEBOL,1886.0
1960-07-24,Argentina,Spain,2,0,Friendly,Buenos Aires,Argentina,False,CONMEBOL,1886.0,UEFA,1855.0
1960-08-17,Argentina,Uruguay,4,0,Atlantic Cup,Buenos Aires,Argentina,False,CONMEBOL,1886.0,CONMEBOL,1679.0
1960-11-06,South Korea,Japan,2,1,FIFA World Cup qualification,Seoul,South Korea,False,AFC,1575.0,AFC,1653.0
1961-04-02,Spain,France,2,0,Friendly,Madrid,Spain,False,UEFA,1855.0,UEFA,1853.0
1961-06-11,Japan,South Korea,0,2,FIFA World Cup qualification,Tokyo,Japan,False,AFC,1653.0,AFC,1575.0
1961-06-11,Spain,Argentina,2,0,Friendly,Seville,Spain,False,UEFA,1855.0,CONMEBOL,1886.0
1961-06-15,Italy,Argentina,4,1,Friendly,Florence,Italy,False,UEFA,1718.0,CONMEBOL,1886.0
1961-12-10,France,Spain,1,1,Friendly,Colombes,France,False,UEFA,1853.0,UEFA,1855.0
1962-03-13,Uruguay,Argentina,1,1,Friendly,Montevideo,Uruguay,False,CONMEBOL,1679.0,CONMEBOL,1886.0
1962-03-28,Argentina,Mexico,1,0,Friendly,Buenos Aires,Argentina,False,CONMEBOL,1886.0,CONCACAF,1647.0
1962-04-01,Colombia,Mexico,0,1,Friendly,Bogotá,Colombia,False,CONMEBOL,1679.0,CONCACAF,1647.0
1962-04-04,Colombia,Mexico,2,2,Friendly,Cali,Colombia,False,CONMEBOL,1679.0,CONCACAF,1647.0
1962-04-11,Germany,Uruguay,3,0,Friendly,Hamburg,Germany,False,UEFA,1717.0,CONMEBOL,1679.0
1962-04-25,Mexico,Colombia,1,0,Friendly,Mexico City,Mexico,False,CONCACAF,1647.0,CONMEBOL,1679.0
1962-05-05,Italy,France,2,1,Friendly,Florence,Italy,False,UEFA,1718.0,UEFA,1853.0
1962-05-30,Brazil,Mexico,2,0,FIFA World Cup,Viña del Mar,Chile,True,CONMEBOL,1776.0,CONCACAF,1647.0
1962-05-30,Colombia,Uruguay,1,2,FIFA World Cup,Arica,Chile,True,CONMEBOL,1679.0,CONMEBOL,1679.0
1962-05-31,Germany,Italy,0,0,FIFA World Cup,Santiago,Chile,True,UEFA,1717.0,UEFA,1718.0
1962-06-03,Mexico,Spain,0,1,FIFA World Cup,Viña del Mar,Chile,True,CONCACAF,1647.0,UEFA,1855.0
1962-06-06,Brazil,Spain,2,1,FIFA World Cup,Viña del Mar,Chile,True,CONMEBOL,1776.0,UEFA,1855.0
1962-08-15,Argentina,Uruguay,3,1,Copa Lipton,Buenos Aires,Argentina,False,CONMEBOL,1886.0,CONMEBOL,1679.0
1962-08-30,South Korea,Japan,1,0,Asian Games,Jakarta,Indonesia,True,AFC,1575.0,AFC,1653.0
1962-10-24,Germany,France,2,2,Friendly,Stuttgart,Germany,False,UEFA,1717.0,UEFA,1853.0
1963-01-09,Spain,France,0,0,Friendly,Barcelona,Spain,False,UEFA,1855.0,UEFA,1853.0
1963-02-27,Nigeria,Senegal,4,0,Friendly,Kumasi,Ghana,True,CAF,1481.0,CAF,1630.0
1963-03-10,Argentina,Colombia,4,2,Copa América,Cochabamba,Bolivia,True,CONMEBOL,1886.0,CONMEBOL,1679.0
1963-03-14,Brazil,Colombia,5,1,Copa América,La Paz,Bolivia,True,CONMEBOL,1776.0,CONMEBOL,1679.0
1963-03-24,Argentina,Brazil,3,0,Copa América,La Paz,Bolivia,True,CONMEBOL,1886.0,CONMEBOL,1776.0
1963-04-13,Brazil,Argentina,2,3,Copa Roca,São Paulo,Brazil,False,CONMEBOL,1776.0,CONMEBOL,1886.0
1963-04-14,Senegal,Nigeria,5,1,African Friendship Games,Dakar,Senegal,False,CAF,1630.0,CAF,1481.0
1963-04-16,Brazil,Argentina,5,2,Copa Roca,Rio de Janeiro,Brazil,False,CONMEBOL,1776.0,CONMEBOL,1886.0
1963-04-18,Senegal,France,2,0,African Friendship Games,Dakar,Senegal,False,CAF,1630.0,UEFA,1853.0
1963-04-28,France,Brazil,2,3,Friendly,Colombes,France,False,UEFA,1853.0,CONMEBOL,1776.0
1963-05-05,Germany,Brazil,1,2,Friendly,Hamburg,Germany,False,UEFA,1717.0,CONMEBOL,1776.0
1963-05-12,Italy,Brazil,3,0,Friendly,Milan,Italy,False,UEFA,1718.0,CONMEBOL,1776.0
1963-08-13,South Korea,Japan,1,1,Merdeka Tournament,Kuala Lumpur,Malaya,True,AFC,1575.0,AFC,1653.0
1964-06-03,Brazil,Argentina,0,3,Friendly,São Paulo,Brazil,False,CONMEBOL,1776.0,CONMEBOL,1886.0
1965-03-13,Germany,Italy,1,1,Friendly,Hamburg,Germany,False,UEFA,1717.0,UEFA,1718.0
1965-06-03,France,Argentina,0,0,Friendly,Paris,France,False,UEFA,1853.0,CONMEBOL,1886.0
1965-06-06,Brazil,Germany,2,0,Friendly,Rio de Janeiro,Brazil,False,CONMEBOL,1776.0,UEFA,1717.0
1965-06-09,Brazil,Argentina,0,0,Friendly,Rio de Janeiro,Brazil,False,CONMEBOL,1776.0,CONMEBOL,1886.0
1965-09-07,Brazil,Uruguay,3,0,Friendly,Belo Horizonte,Brazil,False,CONMEBOL,1776.0,CONMEBOL,1679.0
1966-03-19,France,Italy,0,0,Friendly,Paris,France,False,UEFA,1853.0,UEFA,1718.0
1966-06-22,Italy,Argentina,3,0,Friendly,Turin,Italy,False,UEFA,1718.0,CONMEBOL,1886.0
1966-06-23,Spain,Uruguay,1,1,Friendly,La Coruña,Spain,False,UEFA,1855.0,CONMEBOL,1679.0
1966-06-29,Italy,Mexico,5,0,Friendly,Florence,Italy,False,UEFA,1718.0,CONCACAF,1647.0
1966-07-13,Argentina,Spain,2,1,FIFA World Cup,Birmingham,England,True,CONMEBOL,1886.0,UEFA,1855.0
1966-07-13,France,Mexico,1,1,FIFA World Cup,London,England,True,UEFA,1853.0,CONCACAF,1647.0
1966-07-15,France,Uruguay,1,2,FIFA World Cup,London,England,True,UEFA,1853.0,CONMEBOL,1679.0
1966-07-16,Argentina,Germany,0,0,FIFA World Cup,Birmingham,England,True,CONMEBOL,1886.0,UEFA,1717.0
1966-07-19,Mexico,Uruguay,0,0,FIFA World Cup,London,England,True,CONCACAF,1647.0,CONMEBOL,1679.0
1966-07-20,Germany,Spain,2,1,FIFA World Cup,Birmingham,England,True,UEFA,1717.0,UEFA,1855.0
1966-07-23,Germany,Uruguay,4,0,FIFA World Cup,Sheffield,England,True,UEFA,1717.0,CONMEBOL,1679.0
1966-08-14,South Korea,Japan,2,0,Merdeka Tournament,Kuala Lumpur,Malaysia,True,AFC,1575.0,AFC,1653.0
1967-02-02,Uruguay,Argentina,1,0,Copa América,Montevideo,Uruguay,False,CONMEBOL,1679.0,CONMEBOL,1886.0
1967-06-25,Uruguay,Brazil,0,0,Copa Rio Branco,Montevideo,Uruguay,False,CONMEBOL,1679.0,CONMEBOL,1776.0
1967-06-28,Uruguay,Brazil,2,2,Copa Rio Branco,Montevideo,Uruguay,False,CONMEBOL,1679.0,CONMEBOL,1776.0
1967-07-01,Uruguay,Brazil,1,1,Copa Rio Branco,Montevideo,Uruguay,False,CONMEBOL,1679.0,CONMEBOL,1776.0
1967-08-01,Japan,South Korea,2,1,AFC Asian Cup qualification,Taipei,Taiwan,True,AFC,1653.0,AFC,1575.0
1967-08-22,Mexico,Argentina,2,1,Friendly,Mexico City,Mexico,False,CONCACAF,1647.0,CONMEBOL,1886.0
1967-09-27,Germany,France,5,1,Friendly,Berlin,Germany,False,UEFA,1717.0,UEFA,1853.0
1968-03-26,Mexico,Japan,4,0,Friendly,Mexico City,Mexico,False,CONCACAF,1647.0,AFC,1653.0
1968-05-21,Mexico,Uruguay,3,3,Friendly,Mexico City,Mexico,False,CONCACAF,1647.0,CONMEBOL,1679.0
1968-05-28,Mexico,Uruguay,2,2,Friendly,Mexico City,Mexico,False,CONCACAF,1647.0,CONMEBOL,1679.0
1968-06-05,Argentina,Uruguay,2,0,Copa Lipton,Buenos Aires,Argentina,False,CONMEBOL,1886.0,CONMEBOL,1679.0
1968-06-09,Brazil,Uruguay,2,0,Copa Rio Branco,São Paulo,Brazil,False,CONMEBOL,1776.0,CONMEBOL,1679.0
1968-06-12,Brazil,Uruguay,4,0,Copa Rio Branco,Rio de Janeiro,Brazil,False,CONMEBOL,1776.0,CONMEBOL,1679.0
1968-06-16,Germany,Brazil,2,1,Friendly,Stuttgart,Germany,False,UEFA,1717.0,CONMEBOL,1776.0
1968-06-20,Uruguay,Argentina,2,1,Copa Newton,Montevideo,Uruguay,False,CONMEBOL,1679.0,CONMEBOL,1886.0
1968-07-07,Mexico,Brazil,0,2,Friendly,Mexico City,Mexico,False,CONCACAF,1647.0,CONMEBOL,1776.0
1968-07-10,Mexico,Brazil,2,1,Friendly,Mexico City,Mexico,False,CONCACAF,1647.0,CONMEBOL,1776.0
1968-08-07,Brazil,Argentina,4,1,Friendly,Rio de Janeiro,Brazil,False,CONMEBOL,1776.0,CONMEBOL,1886.0
1968-08-11,Brazil,Argentina,3,2,Friendly,Belo Horizonte,Brazil,False,CONMEBOL,1776.0,CONMEBOL,1886.0
1968-09-25,France,Germany,1,1,Friendly,Marseille,France,False,UEFA,1853.0,UEFA,1717.0
1968-10-16,Colombia,Mexico,0,1,Friendly,Bogotá,Colombia,False,CONMEBOL,1679.0,CONCACAF,1647.0
1968-10-17,France,Spain,1,3,Friendly,Lyon,France,False,UEFA,1853.0,UEFA,1855.0
1968-10-26,Uruguay,Mexico,0,2,Friendly,Montevideo,Uruguay,False,CONMEBOL,1679.0,CONCACAF,1647.0
1968-10-31,Brazil,Mexico,1,2,Friendly,Rio de Janeiro,Brazil,False,CONMEBOL,1776.0,CONCACAF,1647.0
1968-11-03,Brazil,Mexico,2,1,Friendly,Belo Horizonte,Brazil,False,CONMEBOL,1776.0,CONCACAF,1647.0
1968-12-14,Brazil,Germany,2,2,Friendly,Rio de Janeiro,Brazil,False,CONMEBOL,1776.0,UEFA,1717.0
1968-12-22,Mexico,Germany,0,0,Friendly,Mexico City,Mexico,False,CONCACAF,1647.0,UEFA,1717.0
1969-01-01,Mexico,Italy,2,3,Friendly,Mexico City,Mexico,False,CONCACAF,1647.0,UEFA,1718.0
1969-01-05,Mexico,Italy,1,1,Friendly,Mexico City,Mexico,False,CONCACAF,1647.0,UEFA,1718.0
1969-02-04,Mexico,Colombia,1,0,Friendly,León,Mexico,False,CONCACAF,1647.0,CONMEBOL,1679.0
1969-04-23,Spain,Mexico,0,0,Friendly,Seville,Spain,False,UEFA,1855.0,CONCACAF,1647.0
1969-07-02,Colombia,Uruguay,0,1,Friendly,Cali,Colombia,False,CONMEBOL,1679.0,CONMEBOL,1679.0
1969-08-06,Colombia,Brazil,0,2,FIFA World Cup qualification,Bogotá,Colombia,False,CONMEBOL,1679.0,CONMEBOL,1776.0
1969-08-21,Brazil,Colombia,6,2,FIFA World Cup qualification,Rio de Janeiro,Brazil,False,CONMEBOL,1776.0,CONMEBOL,1679.0
1969-10-12,South Korea,Japan,2,2,FIFA World Cup qualification,Seoul,South Korea,False,AFC,1575.0,AFC,1653.0
1969-10-18,South Korea,Japan,2,0,FIFA World Cup qualification,Seoul,South Korea,False,AFC,1575.0,AFC,1653.0
1970-02-11,Spain,Germany,2,0,Friendly,Seville,Spain,False,UEFA,1855.0,UEFA,1717.0
1970-02-21,Spain,Italy,2,2,Friendly,Madrid,Spain,False,UEFA,1855.0,UEFA,1718.0
1970-03-04,Brazil,Argentina,0,2,Friendly,Porto Alegre,Brazil,False,CONMEBOL,1776.0,CONMEBOL,1886.0
1970-03-08,Brazil,Argentina,2,1,Friendly,Rio de Janeiro,Brazil,False,CONMEBOL,1776.0,CONMEBOL,1886.0
1970-04-08,Argentina,Uruguay,2,1,Friendly,Buenos Aires,Argentina,False,CONMEBOL,1886.0,CONMEBOL,1679.0
1970-04-15,Uruguay,Argentina,2,1,Friendly,Montevideo,Uruguay,False,CONMEBOL,1679.0,CONMEBOL,1886.0
1970-06-06,Italy,Uruguay,0,0,FIFA World Cup,Puebla,Mexico,True,UEFA,1718.0,CONMEBOL,1679.0
1970-06-14,Mexico,Italy,1,4,FIFA World Cup,Toluca,Mexico,False,CONCACAF,1647.0,UEFA,1718.0
1970-06-17,Brazil,Uruguay,3,1,FIFA World Cup,Guadalajara,Mexico,True,CONMEBOL,1776.0,CONMEBOL,1679.0
1970-06-17,Germany,Italy,3,4,FIFA World Cup,Mexico City,Mexico,True,UEFA,1717.0,UEFA,1718.0
1970-06-20,Germany,Uruguay,1,0,FIFA World Cup,Mexico City,Mexico,True,UEFA,1717.0,CONMEBOL,1679.0
1970-06-21,Brazil,Italy,4,1,FIFA World Cup,Mexico City,Mexico,True,CONMEBOL,1776.0,UEFA,1718.0
1970-08-02,Japan,South Korea,1,1,Merdeka Tournament,Kuala Lumpur,Malaysia,True,AFC,1653.0,AFC,1575.0
1970-09-30,Brazil,Mexico,2,1,Friendly,Rio de Janeiro,Brazil,False,CONMEBOL,1776.0,CONCACAF,1647.0
1970-12-18,Japan,South Korea,1,2,Asian Games,Bangkok,Thailand,True,AFC,1653.0,AFC,1575.0
1971-01-08,Argentina,France,3,4,Friendly,Buenos Aires,Argentina,False,CONMEBOL,1886.0,UEFA,1853.0
1971-01-13,Argentina,France,2,0,Friendly,Mar del Plata,Argentina,False,CONMEBOL,1886.0,UEFA,1853.0
1971-02-20,Italy,Spain,1,2,Friendly,Cagliari,Italy,False,UEFA,1718.0,UEFA,1855.0
1971-03-17,Spain,France,2,2,Friendly,Valencia,Spain,False,UEFA,1855.0,UEFA,1853.0
1971-07-14,Argentina,Uruguay,1,0,Friendly,Buenos Aires,Argentina,False,CONMEBOL,1886.0,CONMEBOL,1679.0
1971-07-18,Uruguay,Argentina,1,1,Friendly,Montevideo,Uruguay,False,CONMEBOL,1679.0,CONMEBOL,1886.0
1971-07-28,Argentina,Brazil,1,1,Copa Roca,Buenos Aires,Argentina,False,CONMEBOL,1886.0,CONMEBOL,1776.0
1971-07-31,Argentina,Brazil,2,2,Copa Roca,Buenos Aires,Argentina,False,CONMEBOL,1886.0,CONMEBOL,1776.0
1971-09-08,Germany,Mexico,5,0,Friendly,Hanover,Germany,False,UEFA,1717.0,CONCACAF,1647.0
1971-09-25,Italy,Mexico,2,0,Friendly,Genoa,Italy,False,UEFA,1718.0,CONCACAF,1647.0
1972-05-23,Spain,Uruguay,2,0,Friendly,Madrid,Spain,False,UEFA,1855.0,CONMEBOL,1679.0
1972-06-18,Colombia,France,2,3,Brazil Independence Cup,Salvador,Brazil,True,CONMEBOL,1679.0,UEFA,1853.0
1972-06-22,Argentina,Colombia,4,1,Brazil Independence Cup,Salvador,Brazil,True,CONMEBOL,1886.0,CONMEBOL,1679.0
1972-06-25,Argentina,France,0,0,Brazil Independence Cup,Salvador,Brazil,True,CONMEBOL,1886.0,UEFA,1853.0
1972-07-06,Argentina,Uruguay,1,0,Brazil Independence Cup,Porto Alegre,Brazil,True,CONMEBOL,1886.0,CONMEBOL,1679.0
1972-07-26,Japan,South Korea,0,3,Merdeka Tournament,Kuala Lumpur,Malaysia,True,AFC,1653.0,AFC,1575.0
1972-09-14,Japan,South Korea,2,2,Friendly,Tokyo,Japan,False,AFC,1653.0,AFC,1575.0
1972-10-11,Spain,Argentina,1,0,Friendly,Madrid,Spain,False,UEFA,1855.0,CONMEBOL,1886.0
1973-02-06,Mexico,Argentina,2,0,Friendly,Mexico City,Mexico,False,CONCACAF,1647.0,CONMEBOL,1886.0
1973-02-14,Germany,Argentina,2,3,Friendly,Munich,Germany,False,UEFA,1717.0,CONMEBOL,1886.0
1973-05-17,Argentina,Uruguay,1,1,Copa Lipton,Buenos Aires,Argentina,False,CONMEBOL,1886.0,CONMEBOL,1679.0
1973-05-23,Uruguay,Argentina,1,1,Copa Newton,Montevideo,Uruguay,False,CONMEBOL,1679.0,CONMEBOL,1886.0
1973-06-09,Italy,Brazil,2,0,Friendly,Rome,Italy,False,UEFA,1718.0,CONMEBOL,1776.0
1973-06-16,Germany,Brazil,0,1,Friendly,Berlin,Germany,False,UEFA,1717.0,CONMEBOL,1776.0
1973-06-23,South Korea,Japan,2,0,Friendly,Seoul,South Korea,False,AFC,1575.0,AFC,1653.0
1973-06-24,Colombia,Uruguay,0,0,FIFA World Cup qualification,Bogotá,Colombia,False,CONMEBOL,1679.0,CONMEBOL,1679.0
1973-07-05,Uruguay,Colombia,0,1,FIFA World Cup qualification,Montevideo,Uruguay,False,CONMEBOL,1679.0,CONMEBOL,1679.0
1973-10-13,Germany,France,2,1,Friendly,Gelsenkirchen,Germany,False,UEFA,1717.0,UEFA,1853.0
1973-11-24,Germany,Spain,2,1,Friendly,Stuttgart,Germany,False,UEFA,1717.0,UEFA,1855.0
1974-02-23,Spain,Germany,1,0,Friendly,Barcelona,Spain,False,UEFA,1855.0,UEFA,1717.0
1974-02-26,Italy,Germany,0,0,Friendly,Rome,Italy,False,UEFA,1718.0,UEFA,1717.0
1974-03-31,Brazil,Mexico,1,1,Friendly,Rio de Janeiro,Brazil,False,CONMEBOL,1776.0,CONCACAF,1647.0
1974-05-18,France,Argentina,0,1,Friendly,Paris,France,False,UEFA,1853.0,CONMEBOL,1886.0
1974-06-19,Argentina,Italy,1,1,FIFA World Cup,Stuttgart,Germany,True,CONMEBOL,1886.0,UEFA,1718.0
1974-06-30,Argentina,Brazil,1,2,FIFA World Cup,Hanover,Germany,True,CONMEBOL,1886.0,CONMEBOL,1776.0
1974-09-28,Japan,South Korea,4,1,Friendly,Tokyo,Japan,False,AFC,1653.0,AFC,1575.0
1974-10-12,Argentina,Spain,1,1,Friendly,Buenos Aires,Argentina,False,CONMEBOL,1886.0,UEFA,1855.0
1975-02-02,Senegal,Nigeria,0,1,Friendly,Dakar,Senegal,False,CAF,1630.0,CAF,1481.0
1975-02-22,Nigeria,Senegal,1,1,Friendly,Lagos,Nigeria,False,CAF,1481.0,CAF,1630.0
1975-04-27,Senegal,Nigeria,1,0,Friendly,Dakar,Senegal,False,CAF,1630.0,CAF,1481.0
1975-07-18,Uruguay,Argentina,2,3,Copa Newton,Montevideo,Uruguay,False,CONMEBOL,1679.0,CONMEBOL,1886.0
1975-08-06,Brazil,Argentina,2,1,Copa América,Belo Horizonte,Brazil,False,CONMEBOL,1776.0,CONMEBOL,1886.0
1975-08-09,Japan,South Korea,1,3,Merdeka Tournament,Kuala Lumpur,Malaysia,True,AFC,1653.0,AFC,1575.0
1975-08-16,Argentina,Brazil,0,1,Copa América,Rosario,Argentina,False,CONMEBOL,1886.0,CONMEBOL,1776.0
1975-08-31,Mexico,Argentina,1,1,Friendly,Mexico City,Mexico,False,CONCACAF,1647.0,CONMEBOL,1886.0
1975-09-08,South Korea,Japan,3,0,Friendly,Seoul,South Korea,False,AFC,1575.0,AFC,1653.0
1975-09-21,Colombia,Uruguay,3,0,Copa América,Bogotá,Colombia,False,CONMEBOL,1679.0,CONMEBOL,1679.0
1975-10-01,Uruguay,Colombia,1,0,Copa América,Montevideo,Uruguay,False,CONMEBOL,1679.0,CONMEBOL,1679.0
1976-02-25,Uruguay,Brazil,1,2,Copa Rio Branco,Montevideo,Uruguay,False,CONMEBOL,1679.0,CONMEBOL,1776.0
1976-02-27,Argentina,Brazil,1,2,Copa Roca,Buenos Aires,Argentina,False,CONMEBOL,1886.0,CONMEBOL,1776.0
1976-04-08,Argentina,Uruguay,4,1,Copa Lipton,Buenos Aires,Argentina,False,CONMEBOL,1886.0,CONMEBOL,1679.0
1976-04-24,Spain,Germany,1,1,UEFA Euro qualification,Madrid,Spain,False,UEFA,1855.0,UEFA,1717.0
1976-04-28,Brazil,Uruguay,2,1,Copa Rio Branco,Rio de Janeiro,Brazil,False,CONMEBOL,1776.0,CONMEBOL,1679.0
1976-05-19,Brazil,Argentina,2,0,Copa Roca,Rio de Janeiro,Brazil,False,CONMEBOL,1776.0,CONMEBOL,1886.0
1976-05-22,Germany,Spain,2,0,UEFA Euro qualification,Munich,Germany,False,UEFA,1717.0,UEFA,1855.0
1976-05-31,Brazil,Italy,4,1,Friendly,New Haven,United States,True,CONMEBOL,1776.0,UEFA,1718.0
1976-06-04,Mexico,Brazil,0,3,Friendly,Guadalajara,Mexico,False,CONCACAF,1647.0,CONMEBOL,1776.0
1976-06-09,Uruguay,Argentina,0,3,Copa Newton,Montevideo,Uruguay,False,CONMEBOL,1679.0,CONMEBOL,1886.0
1976-08-18,Japan,South Korea,0,0,Merdeka Tournament,Kuala Lumpur,Malaysia,True,AFC,1653.0,AFC,1575.0
1976-10-15,Colombia,Uruguay,1,2,Friendly,Bogotá,Colombia,False,CONMEBOL,1679.0,CONMEBOL,1679.0
1976-12-04,Japan,South Korea,1,2,Friendly,Tokyo,Japan,False,AFC,1653.0,AFC,1575.0
1977-02-20,Colombia,Brazil,0,0,FIFA World Cup qualification,Bogotá,Colombia,False,CONMEBOL,1679.0,CONMEBOL,1776.0
1977-02-23,France,Germany,1,0,Friendly,Paris,France,False,UEFA,1853.0,UEFA,1717.0
1977-03-09,Brazil,Colombia,6,0,FIFA World Cup qualification,Rio de Janeiro,Brazil,False,CONMEBOL,1776.0,CONMEBOL,1679.0
1977-03-26,Japan,South Korea,0,0,FIFA World Cup qualification,Tokyo,Japan,False,AFC,1653.0,AFC,1575.0
1977-04-03,South Korea,Japan,1,0,FIFA World Cup qualification,Seoul,South Korea,False,AFC,1575.0,AFC,1653.0
1977-06-05,Argentina,Germany,1,3,Friendly,Buenos Aires,Argentina,False,CONMEBOL,1886.0,UEFA,1717.0
1977-06-08,Uruguay,Germany,0,2,Friendly,Montevideo,Uruguay,False,CONMEBOL,1679.0,UEFA,1717.0
1977-06-12,Senegal,Nigeria,3,1,African Cup of Nations qualification,Dakar,Senegal,False,CAF,1630.0,CAF,1481.0
1977-06-12,Brazil,Germany,1,1,Friendly,Rio de Janeiro,Brazil,False,CONMEBOL,1776.0,UEFA,1717.0
1977-06-14,Mexico,Germany,2,2,Friendly,Mexico City,Mexico,False,CONCACAF,1647.0,UEFA,1717.0
1977-06-15,South Korea,Japan,2,1,Friendly,Seoul,South Korea,False,AFC,1575.0,AFC,1653.0
1977-06-26,Nigeria,Senegal,3,0,African Cup of Nations qualification,Lagos,Nigeria,False,CAF,1481.0,CAF,1630.0
1977-06-26,Argentina,France,0,0,Friendly,Buenos Aires,Argentina,False,CONMEBOL,1886.0,UEFA,1853.0
1977-06-30,Brazil,France,2,2,Friendly,Rio de Janeiro,Brazil,False,CONMEBOL,1776.0,UEFA,1853.0
1977-10-08,Germany,Italy,2,1,Friendly,Berlin,Germany,False,UEFA,1717.0,UEFA,1718.0
1978-01-25,Spain,Italy,2,1,Friendly,Madrid,Spain,False,UEFA,1855.0,UEFA,1718.0
1978-02-08,Italy,France,2,2,Friendly,Naples,Italy,False,UEFA,1718.0,UEFA,1853.0
1978-04-01,France,Brazil,1,0,Friendly,Paris,France,False,UEFA,1853.0,CONMEBOL,1776.0
1978-04-05,Germany,Brazil,0,1,Friendly,Hamburg,Germany,False,UEFA,1717.0,CONMEBOL,1776.0
1978-04-25,Uruguay,Argentina,2,0,Friendly,Montevideo,Uruguay,False,CONMEBOL,1679.0,CONMEBOL,1886.0
1978-04-26,Spain,Mexico,2,0,Friendly,Granada,Spain,False,UEFA,1855.0,CONCACAF,1647.0
1978-05-03,Argentina,Uruguay,3,0,Friendly,Buenos Aires,Argentina,False,CONMEBOL,1886.0,CONMEBOL,1679.0
1978-05-24,Uruguay,Spain,0,0,Friendly,Montevideo,Uruguay,False,CONMEBOL,1679.0,UEFA,1855.0
1978-06-02,France,Italy,1,2,FIFA World Cup,Mar del Plata,Argentina,True,UEFA,1853.0,UEFA,1718.0
1978-06-06,Argentina,France,2,1,FIFA World Cup,Buenos Aires,Argentina,False,CONMEBOL,1886.0,UEFA,1853.0
1978-06-06,Germany,Mexico,6,0,FIFA World Cup,Córdoba,Argentina,True,UEFA,1717.0,CONCACAF,1647.0
1978-06-07,Brazil,Spain,0,0,FIFA World Cup,Mar del Plata,Argentina,True,CONMEBOL,1776.0,UEFA,1855.0
1978-06-10,Argentina,Italy,0,1,FIFA World Cup,Buenos Aires,Argentina,False,CONMEBOL,1886.0,UEFA,1718.0
1978-06-14,Germany,Italy,0,0,FIFA World Cup,Buenos Aires,Argentina,True,UEFA,1717.0,UEFA,1718.0
1978-06-18,Argentina,Brazil,0,0,FIFA World Cup,Rosario,Argentina,False,CONMEBOL,1886.0,CONMEBOL,1776.0
1978-06-24,Brazil,Italy,2,1,FIFA World Cup,Buenos Aires,Argentina,True,CONMEBOL,1776.0,UEFA,1718.0
1978-07-19,Japan,South Korea,0,4,Merdeka Tournament,Kuala Lumpur,Malaysia,True,AFC,1653.0,AFC,1575.0
1978-11-08,France,Spain,1,0,Friendly,Paris,France,False,UEFA,1853.0,UEFA,1855.0
1978-12-15,Japan,South Korea,1,3,Asian Games,Bangkok,Thailand,True,AFC,1653.0,AFC,1575.0
1978-12-21,Italy,Spain,1,0,Friendly,Rome,Italy,False,UEFA,1718.0,UEFA,1855.0
1979-03-04,Japan,South Korea,2,1,Friendly,Tokyo,Japan,False,AFC,1653.0,AFC,1575.0
1979-05-26,Italy,Argentina,2,2,Friendly,Rome,Italy,False,UEFA,1718.0,CONMEBOL,1886.0
1979-05-31,Brazil,Uruguay,5,1,Friendly,Rio de Janeiro,Brazil,False,CONMEBOL,1776.0,CONMEBOL,1679.0
1979-06-16,South Korea,Japan,4,1,Friendly,Seoul,South Korea,False,AFC,1575.0,AFC,1653.0
1979-08-02,Brazil,Argentina,2,1,Copa América,Rio de Janeiro,Brazil,False,CONMEBOL,1776.0,CONMEBOL,1886.0
1979-08-23,Argentina,Brazil,2,2,Copa América,Buenos Aires,Argentina,False,CONMEBOL,1886.0,CONMEBOL,1776.0
1979-09-12,Germany,Argentina,2,1,Friendly,Berlin,Germany,False,UEFA,1717.0,CONMEBOL,1886.0
1979-09-29,Senegal,Nigeria,0,2,Friendly,Dakar,Senegal,False,CAF,1630.0,CAF,1481.0
1980-02-26,Mexico,South Korea,0,1,Friendly,Los Angeles,United States,True,CONCACAF,1647.0,AFC,1575.0
1980-03-15,Italy,Uruguay,1,0,Friendly,Milan,Italy,False,UEFA,1718.0,CONMEBOL,1679.0
1980-06-08,Brazil,Mexico,2,0,Friendly,Rio de Janeiro,Brazil,False,CONMEBOL,1776.0,CONCACAF,1647.0
1980-06-12,Italy,Spain,0,0,UEFA Euro,Milan,Italy,False,UEFA,1718.0,UEFA,1855.0
1980-08-27,Brazil,Uruguay,1,0,Friendly,Fortaleza,Brazil,False,CONMEBOL,1776.0,CONMEBOL,1679.0
1980-11-19,Germany,France,4,1,Friendly,Hanover,Germany,False,UEFA,1717.0,UEFA,1853.0
1981-01-01,Argentina,Germany,2,1,Mundialito,Montevideo,Uruguay,True,CONMEBOL,1886.0,UEFA,1717.0
1981-01-03,Uruguay,Italy,2,0,Mundialito,Montevideo,Uruguay,False,CONMEBOL,1679.0,UEFA,1718.0
1981-01-04,Argentina,Brazil,1,1,Mundialito,Montevideo,Uruguay,True,CONMEBOL,1886.0,CONMEBOL,1776.0
1981-01-07,Brazil,Germany,4,1,Mundialito,Montevideo,Uruguay,True,CONMEBOL,1776.0,UEFA,1717.0
1981-01-10,Uruguay,Brazil,2,1,Mundialito,Montevideo,Uruguay,False,CONMEBOL,1679.0,CONMEBOL,1776.0
1981-02-01,Colombia,Brazil,1,1,Friendly,Bogotá,Colombia,False,CONMEBOL,1679.0,CONMEBOL,1776.0
1981-02-11,Mexico,South Korea,4,0,Friendly,Mexico City,Mexico,False,CONCACAF,1647.0,AFC,1575.0
1981-02-18,Spain,France,1,0,Friendly,Madrid,Spain,False,UEFA,1855.0,UEFA,1853.0
1981-03-08,Japan,South Korea,0,1,Friendly,Tokyo,Japan,False,AFC,1653.0,AFC,1575.0
1981-05-15,France,Brazil,1,3,Friendly,Paris,France,False,UEFA,1853.0,CONMEBOL,1776.0
1981-05-19,Germany,Brazil,1,2,Friendly,Stuttgart,Germany,False,UEFA,1717.0,CONMEBOL,1776.0
1981-06-21,South Korea,Japan,2,0,Korea Cup,Busan,South Korea,False,AFC,1575.0,AFC,1653.0
1981-07-02,Colombia,Spain,1,1,Friendly,Bogotá,Colombia,False,CONMEBOL,1679.0,UEFA,1855.0
1981-07-08,Brazil,Spain,1,0,Friendly,Salvador,Brazil,False,CONMEBOL,1776.0,UEFA,1855.0
1981-08-09,Uruguay,Colombia,3,2,FIFA World Cup qualification,Montevideo,Uruguay,False,CONMEBOL,1679.0,CONMEBOL,1679.0
1981-09-13,Colombia,Uruguay,1,1,FIFA World Cup qualification,Bogotá,Colombia,False,CONMEBOL,1679.0,CONMEBOL,1679.0
1982-02-20,South Korea,Uruguay,2,2,Nehru Cup,Calcutta,India,True,AFC,1575.0,CONMEBOL,1679.0
1982-02-23,France,Italy,2,0,Friendly,Paris,France,False,UEFA,1853.0,UEFA,1718.0
1982-03-21,Brazil,Germany,1,0,Friendly,Rio de Janeiro,Brazil,False,CONMEBOL,1776.0,UEFA,1717.0
1982-03-21,South Korea,Japan,3,0,Friendly,Seoul,South Korea,False,AFC,1575.0,AFC,1653.0
1982-03-24,Argentina,Germany,1,1,Friendly,Buenos Aires,Argentina,False,CONMEBOL,1886.0,UEFA,1717.0
1982-06-29,Italy,Argentina,2,1,FIFA World Cup,Barcelona,Spain,True,UEFA,1718.0,CONMEBOL,1886.0
1982-07-02,Argentina,Brazil,1,3,FIFA World Cup,Barcelona,Spain,True,CONMEBOL,1886.0,CONMEBOL,1776.0
1982-07-02,Spain,Germany,1,2,FIFA World Cup,Madrid,Spain,False,UEFA,1855.0,UEFA,1717.0
1982-07-05,Italy,Brazil,3,2,FIFA World Cup,Barcelona,Spain,True,UEFA,1718.0,CONMEBOL,1776.0
1982-07-08,Germany,France,3,3,FIFA World Cup,Seville,Spain,True,UEFA,1717.0,UEFA,1853.0
1982-07-11,Italy,Germany,3,1,FIFA World Cup,Madrid,Spain,True,UEFA,1718.0,UEFA,1717.0
1982-08-06,South Korea,Senegal,0,2,Merdeka Tournament,Kuala Lumpur,Malaysia,True,AFC,1575.0,CAF,1630.0
1982-11-25,South Korea,Japan,1,2,Asian Games,New Delhi,India,True,AFC,1575.0,AFC,1653.0
1983-03-06,Japan,South Korea,1,1,Friendly,Tokyo,Japan,False,AFC,1653.0,AFC,1575.0
1983-06-08,South Korea,Nigeria,1,0,Korea Cup,Seoul,South Korea,False,AFC,1575.0,CAF,1481.0
1983-08-24,Argentina,Brazil,1,0,Copa América,Buenos Aires,Argentina,False,CONMEBOL,1886.0,CONMEBOL,1776.0
1983-09-14,Brazil,Argentina,0,0,Copa América,Rio de Janeiro,Brazil,False,CONMEBOL,1776.0,CONMEBOL,1886.0
1983-10-05,France,Spain,1,1,Friendly,Paris,France,False,UEFA,1853.0,UEFA,1855.0
1983-10-27,Uruguay,Brazil,2,0,Copa América,Montevideo,Uruguay,False,CONMEBOL,1679.0,CONMEBOL,1776.0
1983-11-04,Brazil,Uruguay,1,1,Copa América,Salvador,Brazil,False,CONMEBOL,1776.0,CONMEBOL,1679.0
1983-11-15,Nigeria,Senegal,1,0,Friendly,Lagos,Nigeria,False,CAF,1481.0,CAF,1630.0
1983-11-19,Senegal,Nigeria,0,1,Friendly,Dakar,Senegal,False,CAF,1630.0,CAF,1481.0
1984-02-04,Italy,Mexico,5,0,Friendly,Rome,Italy,False,UEFA,1718.0,CONCACAF,1647.0
1984-04-18,France,Germany,1,0,Friendly,Strasbourg,France,False,UEFA,1853.0,UEFA,1717.0
1984-05-22,Germany,Italy,1,0,Friendly,Zürich,Switzerland,True,UEFA,1717.0,UEFA,1718.0
1984-06-17,Brazil,Argentina,0,0,Friendly,São Paulo,Brazil,False,CONMEBOL,1776.0,CONMEBOL,1886.0
1984-06-20,Germany,Spain,0,1,UEFA Euro,Paris,France,True,UEFA,1717.0,UEFA,1855.0
1984-06-21,Brazil,Uruguay,1,0,Friendly,Curitiba,Brazil,False,CONMEBOL,1776.0,CONMEBOL,1679.0
1984-06-27,France,Spain,2,0,UEFA Euro,Paris,France,False,UEFA,1853.0,UEFA,1855.0
1984-07-18,Uruguay,Argentina,1,0,Friendly,Montevideo,Uruguay,False,CONMEBOL,1679.0,CONMEBOL,1886.0
1984-08-02,Argentina,Uruguay,0,0,Friendly,Buenos Aires,Argentina,False,CONMEBOL,1886.0,CONMEBOL,1679.0
1984-08-24,Colombia,Argentina,1,0,Friendly,Bogotá,Colombia,False,CONMEBOL,1679.0,CONMEBOL,1886.0
1984-09-12,Germany,Argentina,1,3,Friendly,Düsseldorf,Germany,False,UEFA,1717.0,CONMEBOL,1886.0
1984-09-18,Mexico,Argentina,1,1,Friendly,Monterrey,Mexico,False,CONCACAF,1647.0,CONMEBOL,1886.0
1984-09-30,South Korea,Japan,1,2,Friendly,Seoul,South Korea,False,AFC,1575.0,AFC,1653.0
1984-10-09,Mexico,Colombia,1,0,Friendly,Los Angeles,United States,True,CONCACAF,1647.0,CONMEBOL,1679.0
1984-10-25,Argentina,Mexico,1,1,Friendly,Buenos Aires,Argentina,False,CONMEBOL,1886.0,CONCACAF,1647.0
1984-10-31,Uruguay,Mexico,1,1,Friendly,Montevideo,Uruguay,False,CONMEBOL,1679.0,CONCACAF,1647.0
1985-02-24,Uruguay,Colombia,3,0,Friendly,Montevideo,Uruguay,False,CONMEBOL,1679.0,CONMEBOL,1679.0
1985-04-25,Brazil,Colombia,2,1,Friendly,Belo Horizonte,Brazil,False,CONMEBOL,1776.0,CONMEBOL,1679.0
1985-04-28,Colombia,Uruguay,2,1,Friendly,Bogotá,Colombia,False,CONMEBOL,1679.0,CONMEBOL,1679.0
1985-05-02,Brazil,Uruguay,2,0,Friendly,Recife,Brazil,False,CONMEBOL,1776.0,CONMEBOL,1679.0
1985-05-05,Brazil,Argentina,2,1,Friendly,Salvador,Brazil,False,CONMEBOL,1776.0,CONMEBOL,1886.0
1985-05-15,Colombia,Brazil,1,0,Friendly,Bogotá,Colombia,False,CONMEBOL,1679.0,CONMEBOL,1776.0
1985-05-26,Japan,Uruguay,1,4,Kirin Cup,Tokyo,Japan,False,AFC,1653.0,CONMEBOL,1679.0
1985-06-02,Colombia,Argentina,1,3,FIFA World Cup qualification,Bogotá,Colombia,False,CONMEBOL,1679.0,CONMEBOL,1886.0
1985-06-02,Mexico,Italy,1,1,Friendly,Mexico City,Mexico,False,CONCACAF,1647.0,UEFA,1718.0
1985-06-15,Mexico,Germany,2,0,Friendly,Mexico City,Mexico,False,CONCACAF,1647.0,UEFA,1717.0
1985-06-16,Argentina,Colombia,1,0,FIFA World Cup qualification,Buenos Aires,Argentina,False,CONMEBOL,1886.0,CONMEBOL,1679.0
1985-08-21,France,Uruguay,2,0,CONMEBOL–UEFA Cup of Champions,Paris,France,False,UEFA,1853.0,CONMEBOL,1679.0
1985-10-26,Japan,South Korea,1,2,FIFA World Cup qualification,Tokyo,Japan,False,AFC,1653.0,AFC,1575.0
1985-11-03,South Korea,Japan,1,0,FIFA World Cup qualification,Seoul,South Korea,False,AFC,1575.0,AFC,1653.0
1985-11-14,Mexico,Argentina,1,1,Friendly,Los Angeles,United States,True,CONCACAF,1647.0,CONMEBOL,1886.0
1985-11-17,Mexico,Argentina,1,1,Friendly,Puebla,Mexico,False,CONCACAF,1647.0,CONMEBOL,1886.0
1985-12-03,Mexico,South Korea,2,1,Friendly,Los Angeles,United States,True,CONCACAF,1647.0,AFC,1575.0
1985-12-10,Mexico,South Korea,2,1,Friendly,Guadalajara,Mexico,False,CONCACAF,1647.0,AFC,1575.0
1986-02-05,Italy,Germany,1,2,Friendly,Avellino,Italy,False,UEFA,1718.0,UEFA,1717.0
1986-03-12,Germany,Brazil,2,0,Friendly,Frankfurt am Main,Germany,False,UEFA,1717.0,CONMEBOL,1776.0
1986-03-26,France,Argentina,2,0,Friendly,Paris,France,False,UEFA,1853.0,CONMEBOL,1886.0
1986-04-13,Mexico,Uruguay,1,0,Friendly,Los Angeles,United States,True,CONCACAF,1647.0,CONMEBOL,1679.0
1986-06-01,Spain,Brazil,0,1,FIFA World Cup,Guadalajara,Mexico,True,UEFA,1855.0,CONMEBOL,1776.0
1986-06-02,Argentina,South Korea,3,1,FIFA World Cup,Mexico City,Mexico,True,CONMEBOL,1886.0,AFC,1575.0
1986-06-04,Uruguay,Germany,1,1,FIFA World Cup,Querétaro,Mexico,True,CONMEBOL,1679.0,UEFA,1717.0
1986-06-05,Italy,Argentina,1,1,FIFA World Cup,Puebla,Mexico,True,UEFA,1718.0,CONMEBOL,1886.0
1986-06-10,South Korea,Italy,2,3,FIFA World Cup,Puebla,Mexico,True,AFC,1575.0,UEFA,1718.0
1986-06-16,Argentina,Uruguay,1,0,FIFA World Cup,Puebla,Mexico,True,CONMEBOL,1886.0,CONMEBOL,1679.0
1986-06-17,Italy,France,0,2,FIFA World Cup,Mexico City,Mexico,True,UEFA,1718.0,UEFA,1853.0
1986-06-21,Brazil,France,1,1,FIFA World Cup,Guadalajara,Mexico,True,CONMEBOL,1776.0,UEFA,1853.0
1986-06-21,Mexico,Germany,0,0,FIFA World Cup,Monterrey,Mexico,False,CONCACAF,1647.0,UEFA,1717.0
1986-06-25,France,Germany,0,2,FIFA World Cup,Guadalajara,Mexico,True,UEFA,1853.0,UEFA,1717.0
1986-06-29,Argentina,Germany,3,2,FIFA World Cup,Mexico City,Mexico,True,CONMEBOL,1886.0,UEFA,1717.0
1986-10-15,Germany,Spain,2,2,Friendly,Hanover,Germany,False,UEFA,1717.0,UEFA,1855.0
1987-04-18,Germany,Italy,0,0,Friendly,Cologne,Germany,False,UEFA,1717.0,UEFA,1718.0
1987-05-27,Japan,Senegal,2,2,Kirin Cup,Hiroshima,Japan,False,AFC,1653.0,CAF,1630.0
1987-06-10,Argentina,Italy,1,3,Friendly,Zürich,Switzerland,True,CONMEBOL,1886.0,UEFA,1718.0
1987-07-09,Argentina,Uruguay,0,1,Copa América,Buenos Aires,Argentina,False,CONMEBOL,1886.0,CONMEBOL,1679.0
1987-07-11,Argentina,Colombia,1,2,Copa América,Buenos Aires,Argentina,False,CONMEBOL,1886.0,CONMEBOL,1679.0
1987-08-12,Germany,France,2,1,Friendly,Berlin,Germany,False,UEFA,1717.0,UEFA,1853.0
1987-12-12,Brazil,Germany,1,1,Friendly,Brasília,Brazil,False,CONMEBOL,1776.0,UEFA,1717.0
1987-12-16,Argentina,Germany,1,0,Friendly,Buenos Aires,Argentina,False,CONMEBOL,1886.0,UEFA,1717.0
1988-03-23,France,Spain,2,1,Friendly,Bordeaux,France,False,UEFA,1853.0,UEFA,1855.0
1988-04-02,Germany,Argentina,1,0,Four Nations Tournament,Berlin,Germany,False,UEFA,1717.0,CONMEBOL,1886.0
1988-06-10,Germany,Italy,1,1,UEFA Euro,Düsseldorf,Germany,False,UEFA,1717.0,UEFA,1718.0
1988-06-14,Italy,Spain,1,0,UEFA Euro,Frankfurt am Main,Germany,True,UEFA,1718.0,UEFA,1855.0
1988-06-17,Germany,Spain,2,0,UEFA Euro,Munich,Germany,False,UEFA,1717.0,UEFA,1855.0
1988-07-10,Argentina,Brazil,0,0,Friendly,Melbourne,Australia,True,CONMEBOL,1886.0,CONMEBOL,1776.0
1988-08-07,Colombia,Uruguay,2,1,Friendly,Bogotá,Colombia,False,CONMEBOL,1679.0,CONMEBOL,1679.0
1988-10-12,Spain,Argentina,1,1,Friendly,Seville,Spain,False,UEFA,1855.0,CONMEBOL,1886.0
1988-10-26,Japan,South Korea,0,1,Friendly,Tokyo,Japan,False,AFC,1653.0,AFC,1575.0
1988-12-06,South Korea,Japan,2,0,AFC Asian Cup,Doha,Qatar,True,AFC,1575.0,AFC,1653.0
1989-03-09,Colombia,Argentina,1,0,Friendly,Barranquilla,Colombia,False,CONMEBOL,1679.0,CONMEBOL,1886.0
1989-04-22,Italy,Uruguay,1,1,Friendly,Verona,Italy,False,UEFA,1718.0,CONMEBOL,1679.0
1989-05-05,South Korea,Japan,1,0,Friendly,Seoul,South Korea,False,AFC,1575.0,AFC,1653.0
1989-07-07,Brazil,Colombia,0,0,Copa América,Salvador,Brazil,False,CONMEBOL,1776.0,CONMEBOL,1679.0
1989-07-08,Uruguay,Argentina,0,1,Copa América,Goiânia,Brazil,True,CONMEBOL,1679.0,CONMEBOL,1886.0
1989-07-12,Brazil,Argentina,2,0,Copa América,Rio de Janeiro,Brazil,False,CONMEBOL,1776.0,CONMEBOL,1886.0
1989-07-14,Argentina,Uruguay,0,2,Copa América,Rio de Janeiro,Brazil,True,CONMEBOL,1886.0,CONMEBOL,1679.0
1989-07-16,Brazil,Uruguay,1,0,Copa América,Rio de Janeiro,Brazil,False,CONMEBOL,1776.0,CONMEBOL,1679.0
1989-07-23,Brazil,Japan,1,0,Friendly,Rio de Janeiro,Brazil,False,CONMEBOL,1776.0,AFC,1653.0
1989-08-06,Uruguay,Colombia,0,0,Friendly,Montevideo,Uruguay,False,CONMEBOL,1679.0,CONMEBOL,1679.0
1989-08-10,Mexico,South Korea,4,2,Marlboro Cup,Los Angeles,United States,True,CONCACAF,1647.0,AFC,1575.0
1989-10-14,Italy,Brazil,0,1,Friendly,Bologna,Italy,False,UEFA,1718.0,CONMEBOL,1776.0
1989-12-21,Italy,Argentina,0,0,Friendly,Cagliari,Italy,False,UEFA,1718.0,CONMEBOL,1886.0
1990-01-17,Mexico,Argentina,2,0,Friendly,Los Angeles,United States,True,CONCACAF,1647.0,CONMEBOL,1886.0
1990-01-28,Nigeria,Senegal,1,1,Friendly,Bauchi,Nigeria,False,CAF,1481.0,CAF,1630.0
1990-02-02,Colombia,Uruguay,0,2,Miami Cup,Miami,United States,True,CONMEBOL,1679.0,CONMEBOL,1679.0
1990-02-28,France,Germany,2,1,Friendly,Montpellier,France,False,UEFA,1853.0,UEFA,1717.0
1990-03-20,Mexico,Uruguay,2,1,Friendly,Los Angeles,United States,True,CONCACAF,1647.0,CONMEBOL,1679.0
1990-04-17,Mexico,Colombia,2,0,Friendly,Los Angeles,United States,True,CONCACAF,1647.0,CONMEBOL,1679.0
1990-04-25,Germany,Uruguay,3,3,Friendly,Stuttgart,Germany,False,UEFA,1717.0,CONMEBOL,1679.0
1990-06-13,Uruguay,Spain,0,0,FIFA World Cup,Udine,Italy,True,CONMEBOL,1679.0,UEFA,1855.0
1990-06-17,South Korea,Spain,1,3,FIFA World Cup,Udine,Italy,True,AFC,1575.0,UEFA,1855.0
1990-06-19,Germany,Colombia,1,1,FIFA World Cup,Milan,Italy,True,UEFA,1717.0,CONMEBOL,1679.0
1990-06-21,South Korea,Uruguay,0,1,FIFA World Cup,Udine,Italy,True,AFC,1575.0,CONMEBOL,1679.0
1990-06-24,Brazil,Argentina,0,1,FIFA World Cup,Turin,Italy,True,CONMEBOL,1776.0,CONMEBOL,1886.0
1990-06-25,Italy,Uruguay,2,0,FIFA World Cup,Rome,Italy,False,UEFA,1718.0,CONMEBOL,1679.0
1990-07-03,Italy,Argentina,1,1,FIFA World Cup,Naples,Italy,False,UEFA,1718.0,CONMEBOL,1886.0
1990-07-08,Germany,Argentina,1,0,FIFA World Cup,Rome,Italy,True,UEFA,1717.0,CONMEBOL,1886.0
1990-07-27,Japan,South Korea,0,2,Dynasty Cup,Beijing,China PR,True,AFC,1653.0,AFC,1575.0
1990-09-12,Spain,Brazil,3,0,Friendly,Gijón,Spain,False,UEFA,1855.0,CONMEBOL,1776.0
1990-12-12,Mexico,Brazil,0,0,Friendly,Los Angeles,United States,True,CONCACAF,1647.0,CONMEBOL,1776.0
1991-01-29,Mexico,Colombia,0,0,Friendly,León,Mexico,False,CONCACAF,1647.0,CONMEBOL,1679.0
1991-02-20,France,Spain,3,1,UEFA Euro qualification,Paris,France,False,UEFA,1853.0,UEFA,1855.0
1991-03-13,Argentina,Mexico,0,0,Friendly,Buenos Aires,Argentina,False,CONMEBOL,1886.0,CONCACAF,1647.0
1991-03-27,Argentina,Brazil,3,3,Friendly,Buenos Aires,Argentina,False,CONMEBOL,1886.0,CONMEBOL,1776.0
1991-05-07,Mexico,Uruguay,0,2,Friendly,Los Angeles,United States,True,CONCACAF,1647.0,CONMEBOL,1679.0
1991-06-27,Brazil,Argentina,1,1,Friendly,Curitiba,Brazil,False,CONMEBOL,1776.0,CONMEBOL,1886.0
1991-07-11,Brazil,Uruguay,1,1,Copa América,Viña del Mar,Chile,True,CONMEBOL,1776.0,CONMEBOL,1679.0
1991-07-13,Brazil,Colombia,0,2,Copa América,Viña del Mar,Chile,True,CONMEBOL,1776.0,CONMEBOL,1679.0
1991-07-15,Colombia,Uruguay,0,1,Copa América,Viña del Mar,Chile,True,CONMEBOL,1679.0,CONMEBOL,1679.0
1991-07-17,Argentina,Brazil,3,2,Copa América,Santiago,Chile,True,CONMEBOL,1886.0,CONMEBOL,1776.0
1991-07-19,Brazil,Colombia,2,0,Copa América,Santiago,Chile,True,CONMEBOL,1776.0,CONMEBOL,1679.0
1991-07-21,Argentina,Colombia,2,1,Copa América,Santiago,Chile,True,CONMEBOL,1886.0,CONMEBOL,1679.0
1991-07-27,Japan,South Korea,0,1,Friendly,Nagasaki,Japan,False,AFC,1653.0,AFC,1575.0
1991-09-04,Spain,Uruguay,2,1,Friendly,Oviedo,Spain,False,UEFA,1855.0,CONMEBOL,1679.0
1991-10-12,Spain,France,1,2,UEFA Euro qualification,Seville,Spain,False,UEFA,1855.0,UEFA,1853.0
1991-11-20,Mexico,Uruguay,1,1,Friendly,Veracruz,Mexico,False,CONCACAF,1647.0,CONMEBOL,1679.0
1992-01-12,Senegal,Nigeria,1,2,African Cup of Nations,Dakar,Senegal,False,CAF,1630.0,CAF,1481.0
1992-03-25,Italy,Germany,1,0,Friendly,Turin,Italy,False,UEFA,1718.0,UEFA,1717.0
1992-04-30,Uruguay,Brazil,1,0,Friendly,Montevideo,Uruguay,False,CONMEBOL,1679.0,CONMEBOL,1776.0
1992-05-30,Japan,Argentina,0,1,Kirin Cup,Tokyo,Japan,False,AFC,1653.0,CONMEBOL,1886.0
1992-07-31,Brazil,Mexico,5,0,Friendly,Los Angeles,United States,True,CONMEBOL,1776.0,CONCACAF,1647.0
1992-08-02,Mexico,Colombia,0,0,Friendly,Los Angeles,United States,True,CONCACAF,1647.0,CONMEBOL,1679.0
1992-08-22,Japan,South Korea,0,0,Dynasty Cup,Beijing,China PR,True,AFC,1653.0,AFC,1575.0
1992-08-26,France,Brazil,0,2,Friendly,Paris,France,False,UEFA,1853.0,CONMEBOL,1776.0
1992-08-29,Japan,South Korea,2,2,Dynasty Cup,Beijing,China PR,True,AFC,1653.0,AFC,1575.0
1992-09-23,Uruguay,Argentina,0,0,Copa Lipton,Montevideo,Uruguay,False,CONMEBOL,1679.0,CONMEBOL,1886.0
1992-10-14,Germany,Mexico,1,1,Friendly,Dresden,Germany,False,UEFA,1717.0,CONCACAF,1647.0
1992-11-25,Brazil,Uruguay,1,2,Friendly,Campina Grande,Brazil,False,CONMEBOL,1776.0,CONMEBOL,1679.0
1992-12-16,Brazil,Germany,3,1,Friendly,Porto Alegre,Brazil,False,CONMEBOL,1776.0,UEFA,1717.0
1992-12-20,Uruguay,Germany,1,4,Friendly,Montevideo,Uruguay,False,CONMEBOL,1679.0,UEFA,1717.0
1993-01-20,Italy,Mexico,2,0,Friendly,Florence,Italy,False,UEFA,1718.0,CONCACAF,1647.0
1993-01-27,Spain,Mexico,1,1,Friendly,Las Palmas,Spain,False,UEFA,1855.0,CONCACAF,1647.0
1993-02-18,Argentina,Brazil,1,1,Friendly,Buenos Aires,Argentina,False,CONMEBOL,1886.0,CONMEBOL,1776.0
1993-06-10,Brazil,Germany,3,3,USA Cup,"Washington, D.C.",United States,True,CONMEBOL,1776.0,UEFA,1717.0
1993-06-16,Colombia,Mexico,2,1,Copa América,Machala,Ecuador,True,CONMEBOL,1679.0,CONCACAF,1647.0
1993-06-20,Argentina,Mexico,1,1,Copa América,Guayaquil,Ecuador,True,CONMEBOL,1886.0,CONCACAF,1647.0
1993-06-23,Argentina,Colombia,1,1,Copa América,Guayaquil,Ecuador,True,CONMEBOL,1886.0,CONMEBOL,1679.0
1993-06-26,Colombia,Uruguay,1,1,Copa América,Guayaquil,Ecuador,True,CONMEBOL,1679.0,CONMEBOL,1679.0
1993-06-27,Brazil,Argentina,1,1,Copa América,Guayaquil,Ecuador,True,CONMEBOL,1776.0,CONMEBOL,1886.0
1993-07-01,Colombia,Argentina,0,0,Copa América,Guayaquil,Ecuador,True,CONMEBOL,1679.0,CONMEBOL,1886.0
1993-07-04,Argentina,Mexico,2,1,Copa América,Guayaquil,Ecuador,True,CONMEBOL,1886.0,CONCACAF,1647.0
1993-08-08,Brazil,Mexico,1,1,Friendly,Maceió,Brazil,False,CONMEBOL,1776.0,CONCACAF,1647.0
1993-08-15,Colombia,Argentina,2,1,FIFA World Cup qualification,Barranquilla,Colombia,False,CONMEBOL,1679.0,CONMEBOL,1886.0
1993-08-15,Uruguay,Brazil,1,1,FIFA World Cup qualification,Montevideo,Uruguay,False,CONMEBOL,1679.0,CONMEBOL,1776.0
1993-09-05,Argentina,Colombia,0,5,FIFA World Cup qualification,Buenos Aires,Argentina,False,CONMEBOL,1886.0,CONMEBOL,1679.0
1993-09-19,Brazil,Uruguay,2,0,FIFA World Cup qualification,Rio de Janeiro,Brazil,False,CONMEBOL,1776.0,CONMEBOL,1679.0
1993-10-13,Germany,Uruguay,5,0,Friendly,Karlsruhe,Germany,False,UEFA,1717.0,CONMEBOL,1679.0
1993-10-25,Japan,South Korea,1,0,FIFA World Cup qualification,Doha,Qatar,True,AFC,1653.0,AFC,1575.0
1993-11-17,Germany,Brazil,2,1,Friendly,Cologne,Germany,False,UEFA,1717.0,CONMEBOL,1776.0
1993-12-15,Argentina,Germany,2,1,Friendly,Miami,United States,True,CONMEBOL,1886.0,UEFA,1717.0
1993-12-16,Mexico,Brazil,0,1,Friendly,Guadalajara,Mexico,False,CONCACAF,1647.0,CONMEBOL,1776.0
1993-12-22,Mexico,Germany,0,0,Friendly,Mexico City,Mexico,False,CONCACAF,1647.0,UEFA,1717.0
1994-02-16,Italy,France,0,1,Friendly,Naples,Italy,False,UEFA,1718.0,UEFA,1853.0
1994-02-26,Colombia,South Korea,2,2,Friendly,Monterey Park,United States,True,CONMEBOL,1679.0,AFC,1575.0
1994-03-02,Mexico,Colombia,0,0,Friendly,Mexico City,Mexico,False,CONCACAF,1647.0,CONMEBOL,1679.0
1994-03-23,Brazil,Argentina,2,0,Friendly,Recife,Brazil,False,CONMEBOL,1776.0,CONMEBOL,1886.0
1994-03-23,Germany,Italy,2,1,Friendly,Stuttgart,Germany,False,UEFA,1717.0,UEFA,1718.0
1994-04-17,Colombia,Nigeria,1,0,Friendly,Armenia,Colombia,False,CONMEBOL,1679.0,CAF,1481.0
1994-05-29,Japan,France,1,4,Kirin Cup,Tokyo,Japan,False,AFC,1653.0,UEFA,1853.0
1994-06-17,Spain,South Korea,2,2,FIFA World Cup,Dallas,United States,True,UEFA,1855.0,AFC,1575.0
1994-06-21,Germany,Spain,1,1,FIFA World Cup,Chicago,United States,True,UEFA,1717.0,UEFA,1855.0
1994-06-25,Argentina,Nigeria,2,1,FIFA World Cup,Foxborough,United States,True,CONMEBOL,1886.0,CAF,1481.0
1994-06-27,Germany,South Korea,3,2,FIFA World Cup,Dallas,United States,True,UEFA,1717.0,AFC,1575.0
1994-06-28,Italy,Mexico,1,1,FIFA World Cup,"Washington, D.C.",United States,True,UEFA,1718.0,CONCACAF,1647.0
1994-07-05,Nigeria,Italy,1,2,FIFA World Cup,Foxborough,United States,True,CAF,1481.0,UEFA,1718.0
1994-07-09,Italy,Spain,2,1,FIFA World Cup,Foxborough,United States,True,UEFA,1718.0,UEFA,1855.0
1994-07-17,Brazil,Italy,0,0,FIFA World Cup,Pasadena,United States,True,CONMEBOL,1776.0,UEFA,1718.0
1994-10-11,Japan,South Korea,2,3,Asian Games,Hiroshima,Japan,False,AFC,1653.0,AFC,1575.0
1995-01-06,Japan,Nigeria,0,3,Confederations Cup,Riyadh,Saudi Arabia,True,AFC,1653.0,CAF,1481.0
1995-01-08,Japan,Argentina,1,5,Confederations Cup,Riyadh,Saudi Arabia,True,AFC,1653.0,CONMEBOL,1886.0
1995-01-10,Nigeria,Argentina,0,0,Confederations Cup,Riyadh,Saudi Arabia,True,CAF,1481.0,CONMEBOL,1886.0
1995-01-13,Mexico,Nigeria,1,1,Confederations Cup,Riyadh,Saudi Arabia,True,CONCACAF,1647.0,CAF,1481.0
1995-01-18,Spain,Uruguay,2,2,Friendly,La Coruña,Spain,False,UEFA,1855.0,CONMEBOL,1679.0
1995-01-31,South Korea,Colombia,1,0,Lunar New Year Cup,So Kon Po,Hong Kong,True,AFC,1575.0,CONMEBOL,1679.0
1995-02-01,Mexico,Uruguay,1,0,Friendly,San Diego,United States,True,CONCACAF,1647.0,CONMEBOL,1679.0
1995-02-21,Japan,South Korea,1,1,Dynasty Cup,Victoria,Hong Kong,True,AFC,1653.0,AFC,1575.0
1995-02-22,Spain,Germany,0,0,Friendly,Jerez de la Frontera,Spain,False,UEFA,1855.0,UEFA,1717.0
1995-02-26,Japan,South Korea,2,2,Dynasty Cup,Victoria,Hong Kong,True,AFC,1653.0,AFC,1575.0
1995-03-22,Colombia,Uruguay,2,1,Friendly,Medellín,Colombia,False,CONMEBOL,1679.0,CONMEBOL,1679.0
1995-06-06,Brazil,Japan,3,0,Friendly,Liverpool,England,True,CONMEBOL,1776.0,AFC,1653.0
1995-06-17,Colombia,Nigeria,1,0,USA Cup,Piscataway,United States,True,CONMEBOL,1679.0,CAF,1481.0
1995-06-21,Germany,Italy,2,0,Friendly,Zürich,Switzerland,True,UEFA,1717.0,UEFA,1718.0
1995-06-21,Mexico,Colombia,0,0,USA Cup,"Washington, D.C.",United States,True,CONCACAF,1647.0,CONMEBOL,1679.0
1995-06-24,Mexico,Nigeria,2,1,USA Cup,Dallas,United States,True,CONCACAF,1647.0,CAF,1481.0
1995-07-13,Brazil,Colombia,3,0,Copa América,Rivera,Uruguay,True,CONMEBOL,1776.0,CONMEBOL,1679.0
1995-07-13,Uruguay,Mexico,1,1,Copa América,Montevideo,Uruguay,False,CONMEBOL,1679.0,CONCACAF,1647.0
1995-07-17,Brazil,Argentina,2,2,Copa América,Rivera,Uruguay,True,CONMEBOL,1776.0,CONMEBOL,1886.0
1995-07-19,Uruguay,Colombia,2,0,Copa América,Montevideo,Uruguay,False,CONMEBOL,1679.0,CONMEBOL,1679.0
1995-07-23,Uruguay,Brazil,1,1,Copa América,Montevideo,Uruguay,False,CONMEBOL,1679.0,CONMEBOL,1776.0
1995-08-09,Japan,Brazil,1,5,Friendly,Tokyo,Japan,False,AFC,1653.0,CONMEBOL,1776.0
1995-08-12,South Korea,Brazil,0,1,Friendly,Suwon,South Korea,False,AFC,1575.0,CONMEBOL,1776.0
1995-09-20,Spain,Argentina,2,1,Friendly,Madrid,Spain,False,UEFA,1855.0,CONMEBOL,1886.0
1995-10-11,Argentina,Colombia,0,0,Friendly,Buenos Aires,Argentina,False,CONMEBOL,1886.0,CONMEBOL,1679.0
1995-10-11,Brazil,Uruguay,2,0,Friendly,Salvador,Brazil,False,CONMEBOL,1776.0,CONMEBOL,1679.0
1995-11-08,Argentina,Brazil,0,1,Friendly,Buenos Aires,Argentina,False,CONMEBOL,1886.0,CONMEBOL,1776.0
1995-11-29,Mexico,Colombia,2,2,Friendly,Los Angeles,United States,True,CONCACAF,1647.0,CONMEBOL,1679.0
1995-12-20,Brazil,Colombia,3,1,Friendly,Manaus,Brazil,False,CONMEBOL,1776.0,CONMEBOL,1679.0
1996-01-21,Mexico,Brazil,2,0,Gold Cup,Los Angeles,United States,True,CONCACAF,1647.0,CONMEBOL,1776.0
1996-05-29,Japan,Mexico,3,2,Kirin Cup,Fukuoka,Japan,False,AFC,1653.0,CONCACAF,1647.0
1996-06-01,Germany,France,0,1,Friendly,Stuttgart,Germany,False,UEFA,1717.0,UEFA,1853.0
1996-06-15,France,Spain,1,1,UEFA Euro,Leeds,England,True,UEFA,1853.0,UEFA,1855.0
1996-06-19,Italy,Germany,0,0,UEFA Euro,Manchester,England,True,UEFA,1718.0,UEFA,1717.0
1996-07-07,Colombia,Uruguay,3,1,FIFA World Cup qualification,Barranquilla,Colombia,False,CONMEBOL,1679.0,CONMEBOL,1679.0
1996-08-25,Japan,Uruguay,5,3,Friendly,Osaka,Japan,False,AFC,1653.0,CONMEBOL,1679.0
1996-08-31,France,Mexico,2,0,Friendly,Paris,France,False,UEFA,1853.0,CONCACAF,1647.0
1996-11-23,South Korea,Colombia,4,1,Friendly,Suwon,South Korea,False,AFC,1575.0,CONMEBOL,1679.0
1997-01-12,Uruguay,Argentina,0,0,FIFA World Cup qualification,Montevideo,Uruguay,False,CONMEBOL,1679.0,CONMEBOL,1886.0
1997-02-12,Colombia,Argentina,0,1,FIFA World Cup qualification,Barranquilla,Colombia,False,CONMEBOL,1679.0,CONMEBOL,1886.0
1997-04-30,Brazil,Mexico,4,0,Friendly,Miami,United States,True,CONMEBOL,1776.0,CONCACAF,1647.0
1997-05-21,Japan,South Korea,1,1,Friendly,Tokyo,Japan,False,AFC,1653.0,AFC,1575.0
1997-06-03,France,Brazil,1,1,Tournoi de France,Lyon,France,False,UEFA,1853.0,CONMEBOL,1776.0
1997-06-08,Italy,Brazil,3,3,Tournoi de France,Lyon,France,True,UEFA,1718.0,CONMEBOL,1776.0
1997-06-08,Uruguay,Colombia,1,1,FIFA World Cup qualification,Montevideo,Uruguay,False,CONMEBOL,1679.0,CONMEBOL,1679.0
1997-06-11,France,Italy,2,2,Tournoi de France,Paris,France,False,UEFA,1853.0,UEFA,1718.0
1997-06-13,Mexico,Colombia,2,1,Copa América,Santa Cruz,Bolivia,True,CONCACAF,1647.0,CONMEBOL,1679.0
1997-06-16,Brazil,Mexico,3,2,Copa América,Santa Cruz,Bolivia,True,CONMEBOL,1776.0,CONCACAF,1647.0
1997-06-19,Brazil,Colombia,2,0,Copa América,Santa Cruz,Bolivia,True,CONMEBOL,1776.0,CONMEBOL,1679.0
1997-08-10,South Korea,Brazil,1,2,Friendly,Seoul,South Korea,False,AFC,1575.0,CONMEBOL,1776.0
1997-08-13,Japan,Brazil,0,3,Friendly,Osaka,Japan,False,AFC,1653.0,CONMEBOL,1776.0
1997-09-28,Japan,South Korea,1,2,FIFA World Cup qualification,Tokyo,Japan,False,AFC,1653.0,AFC,1575.0
1997-10-12,Argentina,Uruguay,0,0,FIFA World Cup qualification,Buenos Aires,Argentina,False,CONMEBOL,1886.0,CONMEBOL,1679.0
1997-11-01,South Korea,Japan,0,2,FIFA World Cup qualification,Seoul,South Korea,False,AFC,1575.0,AFC,1653.0
1997-11-16,Argentina,Colombia,1,1,FIFA World Cup qualification,Buenos Aires,Argentina,False,CONMEBOL,1886.0,CONMEBOL,1679.0
1997-12-16,Brazil,Mexico,3,2,Confederations Cup,Riyadh,Saudi Arabia,True,CONMEBOL,1776.0,CONCACAF,1647.0
1998-01-28,France,Spain,1,0,Friendly,Saint-Denis,France,False,UEFA,1853.0,UEFA,1855.0
1998-03-01,Japan,South Korea,2,1,Dynasty Cup,Yokohama,Japan,False,AFC,1653.0,AFC,1575.0
1998-03-25,Germany,Brazil,1,2,Friendly,Stuttgart,Germany,False,UEFA,1717.0,CONMEBOL,1776.0
1998-04-01,South Korea,Japan,2,1,Friendly,Seoul,South Korea,False,AFC,1575.0,AFC,1653.0
1998-04-22,Germany,Nigeria,1,0,Friendly,Cologne,Germany,False,UEFA,1717.0,CAF,1481.0
1998-04-29,Brazil,Argentina,0,1,Friendly,Rio de Janeiro,Brazil,False,CONMEBOL,1776.0,CONMEBOL,1886.0
1998-05-30,Germany,Colombia,3,1,Friendly,Frankfurt am Main,Germany,False,UEFA,1717.0,CONMEBOL,1679.0
1998-05-31,Japan,Mexico,1,2,Friendly,Lausanne,Switzerland,True,AFC,1653.0,CONCACAF,1647.0
1998-06-13,South Korea,Mexico,1,3,FIFA World Cup,Lyon,France,True,AFC,1575.0,CONCACAF,1647.0
1998-06-13,Spain,Nigeria,2,3,FIFA World Cup,Nantes,France,True,UEFA,1855.0,CAF,1481.0
1998-06-14,Argentina,Japan,1,0,FIFA World Cup,Toulouse,France,True,CONMEBOL,1886.0,AFC,1653.0
1998-06-29,Germany,Mexico,2,1,FIFA World Cup,Montpellier,France,True,UEFA,1717.0,CONCACAF,1647.0
1998-07-03,France,Italy,0,0,FIFA World Cup,Saint-Denis,France,False,UEFA,1853.0,UEFA,1718.0
1998-07-12,France,Brazil,3,0,FIFA World Cup,Saint-Denis,France,False,UEFA,1853.0,CONMEBOL,1776.0
1998-11-18,Italy,Spain,2,2,Friendly,Salerno,Italy,False,UEFA,1718.0,UEFA,1855.0
1998-12-07,Japan,South Korea,0,2,Asian Games,Bangkok,Thailand,True,AFC,1653.0,AFC,1575.0
1999-02-09,Colombia,Germany,3,3,Friendly,Miami,United States,True,CONMEBOL,1679.0,UEFA,1717.0
1999-02-10,Mexico,Argentina,0,1,Friendly,Los Angeles,United States,True,CONCACAF,1647.0,CONMEBOL,1886.0
1999-03-28,South Korea,Brazil,1,0,Friendly,Seoul,South Korea,False,AFC,1575.0,CONMEBOL,1776.0
1999-03-31,Japan,Brazil,0,2,Friendly,Tokyo,Japan,False,AFC,1653.0,CONMEBOL,1776.0
1999-06-09,Mexico,Argentina,2,2,Friendly,Chicago,United States,True,CONCACAF,1647.0,CONMEBOL,1886.0
1999-06-12,South Korea,Mexico,1,1,Korea Cup,Seoul,South Korea,False,AFC,1575.0,CONCACAF,1647.0
1999-07-01,Uruguay,Colombia,0,1,Copa América,Asunción,Paraguay,True,CONMEBOL,1679.0,CONMEBOL,1679.0
1999-07-03,Brazil,Mexico,2,1,Copa América,Ciudad del Este,Paraguay,True,CONMEBOL,1776.0,CONCACAF,1647.0
1999-07-04,Argentina,Colombia,0,3,Copa América,Luque,Paraguay,True,CONMEBOL,1886.0,CONMEBOL,1679.0
1999-07-07,Uruguay,Argentina,0,2,Copa América,Luque,Paraguay,True,CONMEBOL,1679.0,CONMEBOL,1886.0
1999-07-11,Brazil,Argentina,2,1,Copa América,Ciudad del Este,Paraguay,True,CONMEBOL,1776.0,CONMEBOL,1886.0
1999-07-14,Mexico,Brazil,0,2,Copa América,Ciudad del Este,Paraguay,True,CONCACAF,1647.0,CONMEBOL,1776.0
1999-07-18,Brazil,Uruguay,3,0,Copa América,Asunción,Paraguay,True,CONMEBOL,1776.0,CONMEBOL,1679.0
1999-07-24,Brazil,Germany,4,0,Confederations Cup,Guadalajara,Mexico,True,CONMEBOL,1776.0,UEFA,1717.0
1999-08-04,Mexico,Brazil,4,3,Confederations Cup,Mexico City,Mexico,False,CONCACAF,1647.0,CONMEBOL,1776.0
1999-09-04,Argentina,Brazil,2,0,Friendly,Buenos Aires,Argentina,False,CONMEBOL,1886.0,CONMEBOL,1776.0
1999-09-07,Brazil,Argentina,4,2,Friendly,Porto Alegre,Brazil,False,CONMEBOL,1776.0,CONMEBOL,1886.0
1999-10-13,Argentina,Colombia,2,1,Friendly,Córdoba,Argentina,False,CONMEBOL,1886.0,CONMEBOL,1679.0
1999-10-20,Mexico,Colombia,0,0,Friendly,San Diego,United States,True,CONCACAF,1647.0,CONMEBOL,1679.0
1999-11-13,Spain,Brazil,0,0,Friendly,Vigo,Spain,False,UEFA,1855.0,CONMEBOL,1776.0
1999-11-17,Spain,Argentina,0,2,Friendly,Seville,Spain,False,UEFA,1855.0,CONMEBOL,1886.0
2000-02-05,Japan,Mexico,0,1,Lunar New Year Cup,So Kon Po,Hong Kong,True,AFC,1653.0,CONCACAF,1647.0
2000-02-07,Nigeria,Senegal,2,1,African Cup of Nations,Lagos,Nigeria,False,CAF,1481.0,CAF,1630.0
2000-03-28,Colombia,Brazil,0,0,FIFA World Cup qualification,Bogotá,Colombia,False,CONMEBOL,1679.0,CONMEBOL,1776.0
2000-03-29,Spain,Italy,2,0,Friendly,Barcelona,Spain,False,UEFA,1855.0,UEFA,1718.0
2000-04-26,South Korea,Japan,1,0,Friendly,Seoul,South Korea,False,AFC,1575.0,AFC,1653.0
2000-06-04,France,Japan,2,2,King Hassan II Tournament,Casablanca,Morocco,True,UEFA,1853.0,AFC,1653.0
2000-06-25,Spain,France,1,2,UEFA Euro,Bruges,Belgium,True,UEFA,1855.0,UEFA,1853.0
2000-06-28,Brazil,Uruguay,1,1,FIFA World Cup qualification,Rio de Janeiro,Brazil,False,CONMEBOL,1776.0,CONMEBOL,1679.0
2000-06-29,Colombia,Argentina,1,3,FIFA World Cup qualification,Bogotá,Colombia,False,CONMEBOL,1679.0,CONMEBOL,1886.0
2000-07-02,France,Italy,2,1,UEFA Euro,Rotterdam,Netherlands,True,UEFA,1853.0,UEFA,1718.0
2000-07-26,Brazil,Argentina,3,1,FIFA World Cup qualification,São Paulo,Brazil,False,CONMEBOL,1776.0,CONMEBOL,1886.0
2000-08-15,Colombia,Uruguay,1,0,FIFA World Cup qualification,Bogotá,Colombia,False,CONMEBOL,1679.0,CONMEBOL,1679.0
2000-08-16,Germany,Spain,4,1,Friendly,Hanover,Germany,False,UEFA,1717.0,UEFA,1855.0
2000-10-08,Argentina,Uruguay,2,1,FIFA World Cup qualification,Buenos Aires,Argentina,False,CONMEBOL,1886.0,CONMEBOL,1679.0
2000-11-15,Brazil,Colombia,1,0,FIFA World Cup qualification,São Paulo,Brazil,False,CONMEBOL,1776.0,CONMEBOL,1679.0
2000-12-20,Japan,South Korea,1,1,Friendly,Tokyo,Japan,False,AFC,1653.0,AFC,1575.0
2000-12-20,Mexico,Argentina,0,2,Friendly,Los Angeles,United States,True,CONCACAF,1647.0,CONMEBOL,1886.0
2001-01-31,Mexico,Colombia,2,3,Friendly,Los Angeles,United States,True,CONCACAF,1647.0,CONMEBOL,1679.0
2001-02-27,France,Germany,1,0,Friendly,Saint-Denis,France,False,UEFA,1853.0,UEFA,1717.0
2001-02-28,Italy,Argentina,1,2,Friendly,Rome,Italy,False,UEFA,1718.0,CONMEBOL,1886.0
2001-03-07,Mexico,Brazil,3,3,Friendly,Guadalajara,Mexico,False,CONCACAF,1647.0,CONMEBOL,1776.0
2001-03-24,France,Japan,5,0,Friendly,Saint-Denis,France,False,UEFA,1853.0,AFC,1653.0
2001-03-28,Spain,France,2,1,Friendly,Valencia,Spain,False,UEFA,1855.0,UEFA,1853.0
2001-04-25,Spain,Japan,1,0,Friendly,Córdoba,Spain,False,UEFA,1855.0,AFC,1653.0
2001-05-30,South Korea,France,0,5,Confederations Cup,Daegu,South Korea,False,AFC,1575.0,UEFA,1853.0
2001-06-01,South Korea,Mexico,2,1,Confederations Cup,Ulsan,South Korea,False,AFC,1575.0,CONCACAF,1647.0
2001-06-03,Argentina,Colombia,3,0,FIFA World Cup qualification,Buenos Aires,Argentina,False,CONMEBOL,1886.0,CONMEBOL,1679.0
2001-06-03,France,Mexico,4,0,Confederations Cup,Ulsan,South Korea,True,UEFA,1853.0,CONCACAF,1647.0
2001-06-04,Japan,Brazil,0,0,Confederations Cup,Kashima,Japan,False,AFC,1653.0,CONMEBOL,1776.0
2001-06-07,France,Brazil,2,1,Confederations Cup,Suwon,South Korea,True,UEFA,1853.0,CONMEBOL,1776.0
2001-06-10,Japan,France,0,1,Confederations Cup,Yokohama,Japan,False,AFC,1653.0,UEFA,1853.0
2001-07-01,Uruguay,Brazil,1,0,FIFA World Cup qualification,Montevideo,Uruguay,False,CONMEBOL,1679.0,CONMEBOL,1776.0
2001-07-12,Brazil,Mexico,0,1,Copa América,Cali,Colombia,True,CONMEBOL,1776.0,CONCACAF,1647.0
2001-07-25,Mexico,Uruguay,2,1,Copa América,Pereira,Colombia,True,CONCACAF,1647.0,CONMEBOL,1679.0
2001-07-29,Colombia,Mexico,1,0,Copa América,Bogotá,Colombia,False,CONMEBOL,1679.0,CONCACAF,1647.0
2001-09-05,Argentina,Brazil,2,1,FIFA World Cup qualification,Buenos Aires,Argentina,False,CONMEBOL,1886.0,CONMEBOL,1776.0
2001-09-13,South Korea,Nigeria,2,2,Friendly,Daejeon,South Korea,False,AFC,1575.0,CAF,1481.0
2001-09-16,South Korea,Nigeria,2,1,Friendly,Busan,South Korea,False,AFC,1575.0,CAF,1481.0
2001-10-04,Japan,Senegal,0,2,Friendly,Lens,France,True,AFC,1653.0,CAF,1630.0
2001-10-07,Japan,Nigeria,2,2,Friendly,Southampton,England,True,AFC,1653.0,CAF,1481.0
2001-10-07,Uruguay,Colombia,1,1,FIFA World Cup qualification,Montevideo,Uruguay,False,CONMEBOL,1679.0,CONMEBOL,1679.0
2001-11-07,Japan,Italy,1,1,Friendly,Saitama,Japan,False,AFC,1653.0,UEFA,1718.0
2001-11-08,South Korea,Senegal,0,1,Friendly,Jeonju,South Korea,False,AFC,1575.0,CAF,1630.0
2001-11-14,Spain,Mexico,1,0,Friendly,Huelva,Spain,False,UEFA,1855.0,CONCACAF,1647.0
2001-11-14,Uruguay,Argentina,1,1,FIFA World Cup qualification,Montevideo,Uruguay,False,CONMEBOL,1679.0,CONMEBOL,1886.0
2002-01-27,Mexico,South Korea,0,0,Gold Cup,Pasadena,United States,True,CONCACAF,1647.0,AFC,1575.0
2002-02-07,Nigeria,Senegal,1,2,African Cup of Nations,Bamako,Mali,True,CAF,1481.0,CAF,1630.0
2002-02-13,Uruguay,South Korea,2,1,Friendly,Montevideo,Uruguay,False,CONMEBOL,1679.0,AFC,1575.0
2002-04-17,Germany,Argentina,0,1,Friendly,Stuttgart,Germany,False,UEFA,1717.0,CONMEBOL,1886.0
2002-04-17,Italy,Uruguay,1,1,Friendly,Milan,Italy,False,UEFA,1718.0,CONMEBOL,1679.0
2002-05-12,Mexico,Colombia,2,1,Friendly,Mexico City,Mexico,False,CONCACAF,1647.0,CONMEBOL,1679.0
2002-05-26,South Korea,France,2,3,Friendly,Suwon,South Korea,False,AFC,1575.0,UEFA,1853.0
2002-05-31,France,Senegal,0,1,FIFA World Cup,Seoul,South Korea,True,UEFA,1853.0,CAF,1630.0
2002-06-02,Argentina,Nigeria,1,0,FIFA World Cup,Kashima,Japan,True,CONMEBOL,1886.0,CAF,1481.0
2002-06-06,France,Uruguay,0,0,FIFA World Cup,Busan,South Korea,True,UEFA,1853.0,CONMEBOL,1679.0
2002-06-11,Senegal,Uruguay,3,3,FIFA World Cup,Suwon,South Korea,True,CAF,1630.0,CONMEBOL,1679.0
2002-06-13,Mexico,Italy,1,1,FIFA World Cup,Ōita,Japan,True,CONCACAF,1647.0,UEFA,1718.0
2002-06-18,South Korea,Italy,2,1,FIFA World Cup,Daejeon,South Korea,False,AFC,1575.0,UEFA,1718.0
2002-06-22,South Korea,Spain,0,0,FIFA World Cup,Gwangju,South Korea,False,AFC,1575.0,UEFA,1855.0
2002-06-25,South Korea,Germany,0,1,FIFA World Cup,Seoul,South Korea,False,AFC,1575.0,UEFA,1717.0
2002-06-30,Germany,Brazil,0,2,FIFA World Cup,Yokohama,Japan,True,UEFA,1717.0,CONMEBOL,1776.0
2002-10-12,Senegal,Nigeria,2,2,Friendly,Dakar,Senegal,False,CAF,1630.0,CAF,1481.0
2002-11-20,Japan,Argentina,0,2,Friendly,Saitama,Japan,False,AFC,1653.0,CONMEBOL,1886.0
2002-11-20,South Korea,Brazil,2,3,Friendly,Seoul,South Korea,False,AFC,1575.0,CONMEBOL,1776.0
2003-02-04,Mexico,Argentina,0,1,Friendly,Los Angeles,United States,True,CONCACAF,1647.0,CONMEBOL,1886.0
2003-02-12,Mexico,Colombia,0,0,Friendly,Phoenix,United States,True,CONCACAF,1647.0,CONMEBOL,1679.0
2003-02-12,Spain,Germany,3,1,Friendly,Palma de Mallorca,Spain,False,UEFA,1855.0,UEFA,1717.0
2003-03-28,Japan,Uruguay,2,2,Friendly,Tokyo,Japan,False,AFC,1653.0,CONMEBOL,1679.0
2003-03-29,South Korea,Colombia,0,0,Friendly,Busan,South Korea,False,AFC,1575.0,CONMEBOL,1679.0
2003-04-16,South Korea,Japan,0,1,Friendly,Seoul,South Korea,False,AFC,1575.0,AFC,1653.0
2003-04-30,Mexico,Brazil,0,0,Friendly,Guadalajara,Mexico,False,CONCACAF,1647.0,CONMEBOL,1776.0
2003-05-31,Japan,South Korea,0,1,Friendly,Tokyo,Japan,False,AFC,1653.0,AFC,1575.0
2003-06-08,Japan,Argentina,1,4,Kirin Cup,Osaka,Japan,False,AFC,1653.0,CONMEBOL,1886.0
2003-06-08,South Korea,Uruguay,0,2,Friendly,Seoul,South Korea,False,AFC,1575.0,CONMEBOL,1679.0
2003-06-11,South Korea,Argentina,0,1,Friendly,Seoul,South Korea,False,AFC,1575.0,CONMEBOL,1886.0
2003-06-11,Nigeria,Brazil,0,3,Friendly,Abuja,Nigeria,False,CAF,1481.0,CONMEBOL,1776.0
2003-06-18,France,Colombia,1,0,Confederations Cup,Lyon,France,False,UEFA,1853.0,CONMEBOL,1679.0
2003-06-20,France,Japan,2,1,Confederations Cup,Saint-Étienne,France,False,UEFA,1853.0,AFC,1653.0
2003-06-22,Japan,Colombia,0,1,Confederations Cup,Saint-Étienne,France,True,AFC,1653.0,CONMEBOL,1679.0
2003-07-13,Mexico,Brazil,1,0,Gold Cup,Mexico City,Mexico,False,CONCACAF,1647.0,CONMEBOL,1776.0
2003-07-16,Argentina,Uruguay,2,2,Friendly,La Plata,Argentina,False,CONMEBOL,1886.0,CONMEBOL,1679.0
2003-07-19,Colombia,Brazil,0,2,Gold Cup,Miami,United States,True,CONMEBOL,1679.0,CONMEBOL,1776.0
2003-07-27,Mexico,Brazil,1,0,Gold Cup,Mexico City,Mexico,False,CONCACAF,1647.0,CONMEBOL,1776.0
2003-08-20,Argentina,Uruguay,3,2,Friendly,Florence,Italy,True,CONMEBOL,1886.0,CONMEBOL,1679.0
2003-08-20,Germany,Italy,0,1,Friendly,Stuttgart,Germany,False,UEFA,1717.0,UEFA,1718.0
2003-08-20,Japan,Nigeria,3,0,Friendly,Tokyo,Japan,False,AFC,1653.0,CAF,1481.0
2003-09-07,Colombia,Brazil,1,2,FIFA World Cup qualification,Barranquilla,Colombia,False,CONMEBOL,1679.0,CONMEBOL,1776.0
2003-09-10,Japan,Senegal,0,1,Friendly,Niigata,Japan,False,AFC,1653.0,CAF,1630.0
2003-10-15,Mexico,Uruguay,0,2,Friendly,Chicago,United States,True,CONCACAF,1647.0,CONMEBOL,1679.0
2003-11-15,Germany,France,0,3,Friendly,Gelsenkirchen,Germany,False,UEFA,1717.0,UEFA,1853.0
2003-11-19,Brazil,Uruguay,3,3,FIFA World Cup qualification,Curitiba,Brazil,False,CONMEBOL,1776.0,CONMEBOL,1679.0
2003-11-19,Colombia,Argentina,1,1,FIFA World Cup qualification,Barranquilla,Colombia,False,CONMEBOL,1679.0,CONMEBOL,1886.0
2003-12-10,Japan,South Korea,0,0,EAFF Championship,Yokohama,Japan,False,AFC,1653.0,AFC,1575.0
2004-04-28,Italy,Spain,1,1,Friendly,Genoa,Italy,False,UEFA,1718.0,UEFA,1855.0
2004-05-20,France,Brazil,0,0,Friendly,Saint-Denis,France,False,UEFA,1853.0,CONMEBOL,1776.0
2004-06-02,Brazil,Argentina,3,1,FIFA World Cup qualification,Belo Horizonte,Brazil,False,CONMEBOL,1776.0,CONMEBOL,1886.0
2004-06-06,Colombia,Uruguay,5,0,FIFA World Cup qualification,Barranquilla,Colombia,False,CONMEBOL,1679.0,CONMEBOL,1679.0
2004-06-27,Argentina,Colombia,0,2,Friendly,Miami,United States,True,CONMEBOL,1886.0,CONMEBOL,1679.0
2004-07-07,Mexico,Uruguay,2,2,Copa América,Chiclayo,Peru,True,CONCACAF,1647.0,CONMEBOL,1679.0
2004-07-10,Argentina,Mexico,0,1,Copa América,Chiclayo,Peru,True,CONMEBOL,1886.0,CONCACAF,1647.0
2004-07-13,Argentina,Uruguay,4,2,Copa América,Piura,Peru,True,CONMEBOL,1886.0,CONMEBOL,1679.0
2004-07-18,Mexico,Brazil,0,4,Copa América,Piura,Peru,True,CONCACAF,1647.0,CONMEBOL,1776.0
2004-07-20,Argentina,Colombia,3,0,Copa América,Lima,Peru,True,CONMEBOL,1886.0,CONMEBOL,1679.0
2004-07-21,Uruguay,Brazil,1,1,Copa América,Lima,Peru,True,CONMEBOL,1679.0,CONMEBOL,1776.0
2004-07-24,Colombia,Uruguay,1,2,Copa América,Cusco,Peru,True,CONMEBOL,1679.0,CONMEBOL,1679.0
2004-07-25,Argentina,Brazil,2,2,Copa América,Lima,Peru,True,CONMEBOL,1886.0,CONMEBOL,1776.0
2004-08-18,Japan,Argentina,1,2,Friendly,Fukuroi,Japan,False,AFC,1653.0,CONMEBOL,1886.0
2004-09-08,Germany,Brazil,1,1,Friendly,Berlin,Germany,False,UEFA,1717.0,CONMEBOL,1776.0
2004-10-09,Argentina,Uruguay,4,2,FIFA World Cup qualification,Buenos Aires,Argentina,False,CONMEBOL,1886.0,CONMEBOL,1679.0
2004-10-13,Brazil,Colombia,0,0,FIFA World Cup qualification,Maceió,Brazil,False,CONMEBOL,1776.0,CONMEBOL,1679.0
2004-12-16,Japan,Germany,0,3,Friendly,Yokohama,Japan,False,AFC,1653.0,UEFA,1717.0
2004-12-19,South Korea,Germany,3,1,Friendly,Busan,South Korea,False,AFC,1575.0,UEFA,1717.0
2005-01-15,Colombia,South Korea,2,1,Friendly,Los Angeles,United States,True,CONMEBOL,1679.0,AFC,1575.0
2005-02-09,Germany,Argentina,2,2,Friendly,Düsseldorf,Germany,False,UEFA,1717.0,CONMEBOL,1886.0
2005-02-23,Mexico,Colombia,1,1,Friendly,Culiacán,Mexico,False,CONCACAF,1647.0,CONMEBOL,1679.0
2005-03-09,Mexico,Argentina,1,1,Friendly,Los Angeles,United States,True,CONCACAF,1647.0,CONMEBOL,1886.0
2005-03-30,Argentina,Colombia,1,0,FIFA World Cup qualification,Buenos Aires,Argentina,False,CONMEBOL,1886.0,CONMEBOL,1679.0
2005-03-30,Uruguay,Brazil,1,1,FIFA World Cup qualification,Montevideo,Uruguay,False,CONMEBOL,1679.0,CONMEBOL,1776.0
2005-06-08,Argentina,Brazil,3,1,FIFA World Cup qualification,Buenos Aires,Argentina,False,CONMEBOL,1886.0,CONMEBOL,1776.0
2005-06-16,Japan,Mexico,1,2,Confederations Cup,Hanover,Germany,True,AFC,1653.0,CONCACAF,1647.0
2005-06-19,Mexico,Brazil,1,0,Confederations Cup,Hanover,Germany,True,CONCACAF,1647.0,CONMEBOL,1776.0
2005-06-21,Germany,Argentina,2,2,Confederations Cup,Nuremberg,Germany,False,UEFA,1717.0,CONMEBOL,1886.0
2005-06-22,Japan,Brazil,2,2,Confederations Cup,Cologne,Germany,True,AFC,1653.0,CONMEBOL,1776.0
2005-06-25,Germany,Brazil,2,3,Confederations Cup,Nuremberg,Germany,False,UEFA,1717.0,CONMEBOL,1776.0
2005-06-26,Mexico,Argentina,1,1,Confederations Cup,Hanover,Germany,True,CONCACAF,1647.0,CONMEBOL,1886.0
2005-06-29,Brazil,Argentina,4,1,Confederations Cup,Frankfurt am Main,Germany,True,CONMEBOL,1776.0,CONMEBOL,1886.0
2005-06-29,Germany,Mexico,4,3,Confederations Cup,Leipzig,Germany,False,UEFA,1717.0,CONCACAF,1647.0
2005-07-17,Mexico,Colombia,1,2,Gold Cup,Houston,United States,True,CONCACAF,1647.0,CONMEBOL,1679.0
2005-08-07,South Korea,Japan,0,1,EAFF Championship,Daegu,South Korea,False,AFC,1575.0,AFC,1653.0
2005-08-17,Spain,Uruguay,2,0,Friendly,Gijón,Spain,False,UEFA,1855.0,CONMEBOL,1679.0
2005-09-04,Uruguay,Colombia,3,2,FIFA World Cup qualification,Montevideo,Uruguay,False,CONMEBOL,1679.0,CONMEBOL,1679.0
2005-10-12,Uruguay,Argentina,1,0,FIFA World Cup qualification,Montevideo,Uruguay,False,CONMEBOL,1679.0,CONMEBOL,1886.0
2005-10-26,Mexico,Uruguay,3,1,Friendly,Guadalajara,Mexico,False,CONCACAF,1647.0,CONMEBOL,1679.0
2005-11-12,France,Germany,0,0,Friendly,Saint-Denis,France,False,UEFA,1853.0,UEFA,1717.0
2006-01-31,Nigeria,Senegal,2,1,African Cup of Nations,Port Said,Egypt,True,CAF,1481.0,CAF,1630.0
2006-02-09,Senegal,Nigeria,0,1,African Cup of Nations,Cairo,Egypt,True,CAF,1630.0,CAF,1481.0
2006-02-15,Mexico,South Korea,0,1,Friendly,Los Angeles,United States,True,CONCACAF,1647.0,AFC,1575.0
2006-03-01,Italy,Germany,4,1,Friendly,Florence,Italy,False,UEFA,1718.0,UEFA,1717.0
2006-05-23,South Korea,Senegal,1,1,Friendly,Seoul,South Korea,False,AFC,1575.0,CAF,1630.0
2006-05-27,France,Mexico,1,0,Friendly,Saint-Denis,France,False,UEFA,1853.0,CONCACAF,1647.0
2006-05-30,Germany,Japan,2,2,Friendly,Leverkusen,Germany,False,UEFA,1717.0,AFC,1653.0
2006-06-02,Germany,Colombia,3,0,Friendly,Mönchengladbach,Germany,False,UEFA,1717.0,CONMEBOL,1679.0
2006-06-18,France,South Korea,1,1,FIFA World Cup,Leipzig,Germany,True,UEFA,1853.0,AFC,1575.0
2006-06-22,Japan,Brazil,1,4,FIFA World Cup,Dortmund,Germany,True,AFC,1653.0,CONMEBOL,1776.0
2006-06-24,Argentina,Mexico,2,1,FIFA World Cup,Leipzig,Germany,True,CONMEBOL,1886.0,CONCACAF,1647.0
2006-06-27,Spain,France,1,3,FIFA World Cup,Hanover,Germany,True,UEFA,1855.0,UEFA,1853.0
2006-06-30,Germany,Argentina,1,1,FIFA World Cup,Berlin,Germany,False,UEFA,1717.0,CONMEBOL,1886.0
2006-07-01,Brazil,France,0,1,FIFA World Cup,Frankfurt am Main,Germany,True,CONMEBOL,1776.0,UEFA,1853.0
2006-07-04,Germany,Italy,0,2,FIFA World Cup,Dortmund,Germany,False,UEFA,1717.0,UEFA,1718.0
2006-07-09,Italy,France,1,1,FIFA World Cup,Berlin,Germany,True,UEFA,1718.0,UEFA,1853.0
2006-09-03,Argentina,Brazil,0,3,Friendly,London,England,True,CONMEBOL,1886.0,CONMEBOL,1776.0
2006-09-06,France,Italy,3,1,UEFA Euro qualification,Saint-Denis,France,False,UEFA,1853.0,UEFA,1718.0
2006-10-11,Spain,Argentina,2,1,Friendly,Murcia,Spain,False,UEFA,1855.0,CONMEBOL,1886.0
2007-02-07,Colombia,Uruguay,1,3,Friendly,Cúcuta,Colombia,False,CONMEBOL,1679.0,CONMEBOL,1679.0
2007-02-07,France,Argentina,0,1,Friendly,Saint-Denis,France,False,UEFA,1853.0,CONMEBOL,1886.0
2007-03-24,South Korea,Uruguay,0,2,Friendly,Seoul,South Korea,False,AFC,1575.0,CONMEBOL,1679.0
2007-06-05,Japan,Colombia,0,0,Kirin Cup,Saitama,Japan,False,AFC,1653.0,CONMEBOL,1679.0
2007-06-27,Brazil,Mexico,0,2,Copa América,Puerto Ordaz,Venezuela,True,CONMEBOL,1776.0,CONCACAF,1647.0
2007-07-02,Argentina,Colombia,4,2,Copa América,Maracaibo,Venezuela,True,CONMEBOL,1886.0,CONMEBOL,1679.0
2007-07-10,Uruguay,Brazil,2,2,Copa América,Maracaibo,Venezuela,True,CONMEBOL,1679.0,CONMEBOL,1776.0
2007-07-11,Mexico,Argentina,0,3,Copa América,Puerto Ordaz,Venezuela,True,CONCACAF,1647.0,CONMEBOL,1886.0
2007-07-14,Mexico,Uruguay,3,1,Copa América,Caracas,Venezuela,True,CONCACAF,1647.0,CONMEBOL,1679.0
2007-07-15,Brazil,Argentina,3,0,Copa América,Maracaibo,Venezuela,True,CONMEBOL,1776.0,CONMEBOL,1886.0
2007-07-28,South Korea,Japan,0,0,AFC Asian Cup,Palembang,Indonesia,True,AFC,1575.0,AFC,1653.0
2007-08-22,Mexico,Colombia,0,1,Friendly,Commerce City,United States,True,CONCACAF,1647.0,CONMEBOL,1679.0
2007-09-08,Italy,France,0,0,UEFA Euro qualification,Milan,Italy,False,UEFA,1718.0,UEFA,1853.0
2007-09-12,Mexico,Brazil,1,3,Friendly,Foxborough,United States,True,CONCACAF,1647.0,CONMEBOL,1776.0
2007-10-14,Colombia,Brazil,0,0,FIFA World Cup qualification,Bogotá,Colombia,False,CONMEBOL,1679.0,CONMEBOL,1776.0
2007-10-14,Mexico,Nigeria,2,2,Friendly,Ciudad Juárez,Mexico,False,CONCACAF,1647.0,CAF,1481.0
2007-11-20,Colombia,Argentina,2,1,FIFA World Cup qualification,Bogotá,Colombia,False,CONMEBOL,1679.0,CONMEBOL,1886.0
2007-11-21,Brazil,Uruguay,2,1,FIFA World Cup qualification,São Paulo,Brazil,False,CONMEBOL,1776.0,CONMEBOL,1679.0
2008-02-06,Spain,France,1,0,Friendly,Málaga,Spain,False,UEFA,1855.0,UEFA,1853.0
2008-02-06,Uruguay,Colombia,2,2,Friendly,Montevideo,Uruguay,False,CONMEBOL,1679.0,CONMEBOL,1679.0
2008-02-23,Japan,South Korea,1,1,EAFF Championship,Chongqing,China PR,True,AFC,1653.0,AFC,1575.0
2008-03-26,Spain,Italy,1,0,Friendly,Elche,Spain,False,UEFA,1855.0,UEFA,1718.0
2008-06-03,France,Colombia,1,0,Friendly,Saint-Denis,France,False,UEFA,1853.0,CONMEBOL,1679.0
2008-06-04,Mexico,Argentina,1,4,Friendly,San Diego,United States,True,CONCACAF,1647.0,CONMEBOL,1886.0
2008-06-17,France,Italy,0,2,UEFA Euro,Zürich,Switzerland,True,UEFA,1853.0,UEFA,1718.0
2008-06-18,Brazil,Argentina,0,0,FIFA World Cup qualification,Belo Horizonte,Brazil,False,CONMEBOL,1776.0,CONMEBOL,1886.0
2008-06-22,Spain,Italy,0,0,UEFA Euro,Vienna,Austria,True,UEFA,1855.0,UEFA,1718.0
2008-06-29,Germany,Spain,0,1,UEFA Euro,Vienna,Austria,True,UEFA,1717.0,UEFA,1855.0
2008-08-20,Japan,Uruguay,1,3,Friendly,Sapporo,Japan,False,AFC,1653.0,CONMEBOL,1679.0
2008-09-06,Colombia,Uruguay,0,1,FIFA World Cup qualification,Bogotá,Colombia,False,CONMEBOL,1679.0,CONMEBOL,1679.0
2008-10-11,Argentina,Uruguay,2,1,FIFA World Cup qualification,Buenos Aires,Argentina,False,CONMEBOL,1886.0,CONMEBOL,1679.0
2008-10-15,Brazil,Colombia,0,0,FIFA World Cup qualification,Rio de Janeiro,Brazil,False,CONMEBOL,1776.0,CONMEBOL,1679.0
2008-11-19,Colombia,Nigeria,1,0,Friendly,Palmira,Colombia,False,CONMEBOL,1679.0,CAF,1481.0
2008-11-19,France,Uruguay,0,0,Friendly,Saint-Denis,France,False,UEFA,1853.0,CONMEBOL,1679.0
2009-02-10,Brazil,Italy,2,0,Friendly,London,England,True,CONMEBOL,1776.0,UEFA,1718.0
2009-02-11,France,Argentina,0,2,Friendly,Marseille,France,False,UEFA,1853.0,CONMEBOL,1886.0
2009-06-02,France,Nigeria,0,1,Friendly,Saint-Étienne,France,False,UEFA,1853.0,CAF,1481.0
2009-06-06,Argentina,Colombia,1,0,FIFA World Cup qualification,Buenos Aires,Argentina,False,CONMEBOL,1886.0,CONMEBOL,1679.0
2009-06-06,Uruguay,Brazil,0,4,FIFA World Cup qualification,Montevideo,Uruguay,False,CONMEBOL,1679.0,CONMEBOL,1776.0
2009-06-21,Italy,Brazil,0,3,Confederations Cup,Pretoria,South Africa,True,UEFA,1718.0,CONMEBOL,1776.0
2009-09-05,Argentina,Brazil,1,3,FIFA World Cup qualification,Rosario,Argentina,False,CONMEBOL,1886.0,CONMEBOL,1776.0
2009-09-09,Uruguay,Colombia,3,1,FIFA World Cup qualification,Montevideo,Uruguay,False,CONMEBOL,1679.0,CONMEBOL,1679.0
2009-09-30,Mexico,Colombia,1,2,Friendly,Dallas,United States,True,CONCACAF,1647.0,CONMEBOL,1679.0
2009-10-14,South Korea,Senegal,2,0,Friendly,Seoul,South Korea,False,AFC,1575.0,CAF,1630.0
2009-10-14,Uruguay,Argentina,0,1,FIFA World Cup qualification,Montevideo,Uruguay,False,CONMEBOL,1679.0,CONMEBOL,1886.0
2009-11-14,Spain,Argentina,2,1,Friendly,Madrid,Spain,False,UEFA,1855.0,CONMEBOL,1886.0
2010-02-14,Japan,South Korea,1,3,EAFF Championship,Tokyo,Japan,False,AFC,1653.0,AFC,1575.0
2010-03-03,France,Spain,0,2,Friendly,Saint-Denis,France,False,UEFA,1853.0,UEFA,1855.0
2010-03-03,Germany,Argentina,0,1,Friendly,Munich,Germany,False,UEFA,1717.0,CONMEBOL,1886.0
2010-05-10,Mexico,Senegal,1,0,Friendly,Chicago,United States,True,CONCACAF,1647.0,CAF,1630.0
2010-05-24,Japan,South Korea,0,2,Friendly,Saitama,Japan,False,AFC,1653.0,AFC,1575.0
2010-05-30,Nigeria,Colombia,1,1,Friendly,Milton Keynes,England,True,CAF,1481.0,CONMEBOL,1679.0
2010-06-03,Italy,Mexico,1,2,Friendly,Brussels,Belgium,True,UEFA,1718.0,CONCACAF,1647.0
2010-06-03,Spain,South Korea,1,0,Friendly,Innsbruck,Austria,True,UEFA,1855.0,AFC,1575.0
2010-06-11,Uruguay,France,0,0,FIFA World Cup,Cape Town,South Africa,True,CONMEBOL,1679.0,UEFA,1853.0
2010-06-12,Argentina,Nigeria,1,0,FIFA World Cup,Johannesburg,South Africa,True,CONMEBOL,1886.0,CAF,1481.0
2010-06-17,Argentina,South Korea,4,1,FIFA World Cup,Johannesburg,South Africa,True,CONMEBOL,1886.0,AFC,1575.0
2010-06-17,France,Mexico,0,2,FIFA World Cup,Polokwane,South Africa,True,UEFA,1853.0,CONCACAF,1647.0
2010-06-22,Mexico,Uruguay,0,1,FIFA World Cup,Rustenburg,South Africa,True,CONCACAF,1647.0,CONMEBOL,1679.0
2010-06-22,Nigeria,South Korea,2,2,FIFA World Cup,Durban,South Africa,True,CAF,1481.0,AFC,1575.0
2010-06-26,Uruguay,South Korea,2,1,FIFA World Cup,Port Elizabeth,South Africa,True,CONMEBOL,1679.0,AFC,1575.0
2010-06-27,Argentina,Mexico,3,1,FIFA World Cup,Johannesburg,South Africa,True,CONMEBOL,1886.0,CONCACAF,1647.0
2010-07-03,Argentina,Germany,0,4,FIFA World Cup,Cape Town,South Africa,True,CONMEBOL,1886.0,UEFA,1717.0
2010-07-07,Germany,Spain,0,1,FIFA World Cup,Durban,South Africa,True,UEFA,1717.0,UEFA,1855.0
2010-07-10,Uruguay,Germany,2,3,FIFA World Cup,Port Elizabeth,South Africa,True,CONMEBOL,1679.0,UEFA,1717.0
2010-08-11,South Korea,Nigeria,2,1,Friendly,Suwon,South Korea,False,AFC,1575.0,CAF,1481.0
2010-08-11,Mexico,Spain,1,1,Friendly,Mexico City,Mexico,False,CONCACAF,1647.0,UEFA,1855.0
2010-09-07,Argentina,Spain,4,1,Friendly,Buenos Aires,Argentina,False,CONMEBOL,1886.0,UEFA,1855.0
2010-09-07,Mexico,Colombia,1,0,Friendly,Monterrey,Mexico,False,CONCACAF,1647.0,CONMEBOL,1679.0
2010-10-08,Japan,Argentina,1,0,Friendly,Saitama,Japan,False,AFC,1653.0,CONMEBOL,1886.0
2010-10-12,South Korea,Japan,0,0,Friendly,Seoul,South Korea,False,AFC,1575.0,AFC,1653.0
2010-11-17,Argentina,Brazil,1,0,Friendly,Doha,Qatar,True,CONMEBOL,1886.0,CONMEBOL,1776.0
2011-01-25,Japan,South Korea,2,2,AFC Asian Cup,Doha,Qatar,True,AFC,1653.0,AFC,1575.0
2011-02-09,France,Brazil,1,0,Friendly,Saint-Denis,France,False,UEFA,1853.0,CONMEBOL,1776.0
2011-02-09,Germany,Italy,1,1,Friendly,Dortmund,Germany,False,UEFA,1717.0,UEFA,1718.0
2011-02-09,Spain,Colombia,1,0,Friendly,Madrid,Spain,False,UEFA,1855.0,CONMEBOL,1679.0
2011-05-29,Germany,Uruguay,2,1,Friendly,Sinsheim,Germany,False,UEFA,1717.0,CONMEBOL,1679.0
2011-06-01,Nigeria,Argentina,4,1,Friendly,Abuja,Nigeria,False,CAF,1481.0,CONMEBOL,1886.0
2011-06-25,Colombia,Senegal,2,0,Friendly,Medellín,Colombia,False,CONMEBOL,1679.0,CAF,1630.0
2011-07-06,Argentina,Colombia,0,0,Copa América,Santa Fe,Argentina,False,CONMEBOL,1886.0,CONMEBOL,1679.0
2011-07-12,Uruguay,Mexico,1,0,Copa América,La Plata,Argentina,True,CONMEBOL,1679.0,CONCACAF,1647.0
2011-07-16,Argentina,Uruguay,1,1,Copa América,Santa Fe,Argentina,False,CONMEBOL,1886.0,CONMEBOL,1679.0
2011-08-10,Germany,Brazil,3,2,Friendly,Stuttgart,Germany,False,UEFA,1717.0,CONMEBOL,1776.0
2011-08-10,Italy,Spain,2,1,Friendly,Bari,Italy,False,UEFA,1718.0,UEFA,1855.0
2011-08-10,Japan,South Korea,3,0,Friendly,Sapporo,Japan,False,AFC,1653.0,AFC,1575.0
2011-09-06,Argentina,Nigeria,3,1,Friendly,Dhaka,Bangladesh,True,CONMEBOL,1886.0,CAF,1481.0
2011-09-14,Argentina,Brazil,0,0,Superclásico de las Américas,Córdoba,Argentina,False,CONMEBOL,1886.0,CONMEBOL,1776.0
2011-09-28,Brazil,Argentina,2,0,Superclásico de las Américas,Belém,Brazil,False,CONMEBOL,1776.0,CONMEBOL,1886.0
2011-10-11,Mexico,Brazil,1,2,Friendly,Torreón,Mexico,False,CONCACAF,1647.0,CONMEBOL,1776.0
2011-11-15,Colombia,Argentina,1,2,FIFA World Cup qualification,Barranquilla,Colombia,False,CONMEBOL,1679.0,CONMEBOL,1886.0
2011-11-15,Italy,Uruguay,0,1,Friendly,Rome,Italy,False,UEFA,1718.0,CONMEBOL,1679.0
2012-02-29,Germany,France,1,2,Friendly,Bremen,Germany,False,UEFA,1717.0,UEFA,1853.0
2012-02-29,Mexico,Colombia,0,2,Friendly,Miami Gardens,United States,True,CONCACAF,1647.0,CONMEBOL,1679.0
2012-05-30,Spain,South Korea,4,1,Friendly,Bern,Switzerland,True,UEFA,1855.0,AFC,1575.0
2012-06-03,Mexico,Brazil,2,0,Friendly,Arlington,United States,True,CONCACAF,1647.0,CONMEBOL,1776.0
2012-06-09,Brazil,Argentina,3,4,Friendly,East Rutherford,United States,True,CONMEBOL,1776.0,CONMEBOL,1886.0
2012-06-10,Spain,Italy,1,1,UEFA Euro,Gdańsk,Poland,True,UEFA,1855.0,UEFA,1718.0
2012-06-23,Spain,France,2,0,UEFA Euro,Donetsk,Ukraine,True,UEFA,1855.0,UEFA,1853.0
2012-06-28,Germany,Italy,1,2,UEFA Euro,Warsaw,Poland,True,UEFA,1717.0,UEFA,1718.0
2012-07-01,Spain,Italy,4,0,UEFA Euro,Kyiv,Ukraine,True,UEFA,1855.0,UEFA,1718.0
2012-08-15,France,Uruguay,0,0,Friendly,Le Havre,France,False,UEFA,1853.0,CONMEBOL,1679.0
2012-08-15,Germany,Argentina,1,3,Friendly,Frankfurt am Main,Germany,False,UEFA,1717.0,CONMEBOL,1886.0
2012-09-07,Colombia,Uruguay,4,0,FIFA World Cup qualification,Barranquilla,Colombia,False,CONMEBOL,1679.0,CONMEBOL,1679.0
2012-09-19,Brazil,Argentina,2,1,Superclásico de las Américas,Goiânia,Brazil,False,CONMEBOL,1776.0,CONMEBOL,1886.0
2012-10-12,Argentina,Uruguay,3,0,FIFA World Cup qualification,Mendoza,Argentina,False,CONMEBOL,1886.0,CONMEBOL,1679.0
2012-10-12,France,Japan,0,1,Friendly,Saint-Denis,France,False,UEFA,1853.0,AFC,1653.0
2012-10-16,Japan,Brazil,0,4,Friendly,Wrocław,Poland,True,AFC,1653.0,CONMEBOL,1776.0
2012-10-16,Spain,France,1,1,FIFA World Cup qualification,Madrid,Spain,False,UEFA,1855.0,UEFA,1853.0
2012-11-14,Brazil,Colombia,1,1,Friendly,East Rutherford,United States,True,CONMEBOL,1776.0,CONMEBOL,1679.0
2012-11-14,Italy,France,1,2,Friendly,Parma,Italy,False,UEFA,1718.0,UEFA,1853.0
2012-11-21,Argentina,Brazil,2,1,Superclásico de las Américas,Buenos Aires,Argentina,False,CONMEBOL,1886.0,CONMEBOL,1776.0
2013-02-06,France,Germany,1,2,Friendly,Saint-Denis,France,False,UEFA,1853.0,UEFA,1717.0
2013-02-06,Spain,Uruguay,3,1,Friendly,Doha,Qatar,True,UEFA,1855.0,CONMEBOL,1679.0
2013-03-21,Italy,Brazil,2,2,Friendly,Geneva,Switzerland,True,UEFA,1718.0,CONMEBOL,1776.0
2013-03-26,France,Spain,0,1,FIFA World Cup qualification,Saint-Denis,France,False,UEFA,1853.0,UEFA,1855.0
2013-05-31,Mexico,Nigeria,2,2,Friendly,Houston,United States,True,CONCACAF,1647.0,CAF,1481.0
2013-06-05,Uruguay,France,1,0,Friendly,Montevideo,Uruguay,False,CONMEBOL,1679.0,UEFA,1853.0
2013-06-07,Argentina,Colombia,0,0,FIFA World Cup qualification,Buenos Aires,Argentina,False,CONMEBOL,1886.0,CONMEBOL,1679.0
2013-06-09,Brazil,France,3,0,Friendly,Porto Alegre,Brazil,False,CONMEBOL,1776.0,UEFA,1853.0
2013-06-15,Brazil,Japan,3,0,Confederations Cup,Brasília,Brazil,False,CONMEBOL,1776.0,AFC,1653.0
2013-06-16,Mexico,Italy,1,2,Confederations Cup,Rio de Janeiro,Brazil,True,CONCACAF,1647.0,UEFA,1718.0
2013-06-16,Spain,Uruguay,2,1,Confederations Cup,Recife,Brazil,True,UEFA,1855.0,CONMEBOL,1679.0
2013-06-19,Brazil,Mexico,2,0,Confederations Cup,Fortaleza,Brazil,False,CONMEBOL,1776.0,CONCACAF,1647.0
2013-06-19,Italy,Japan,4,3,Confederations Cup,Recife,Brazil,True,UEFA,1718.0,AFC,1653.0
2013-06-20,Nigeria,Uruguay,1,2,Confederations Cup,Salvador,Brazil,True,CAF,1481.0,CONMEBOL,1679.0
2013-06-22,Brazil,Italy,4,2,Confederations Cup,Salvador,Brazil,False,CONMEBOL,1776.0,UEFA,1718.0
2013-06-22,Japan,Mexico,1,2,Confederations Cup,Belo Horizonte,Brazil,True,AFC,1653.0,CONCACAF,1647.0
2013-06-23,Nigeria,Spain,0,3,Confederations Cup,Fortaleza,Brazil,True,CAF,1481.0,UEFA,1855.0
2013-06-26,Brazil,Uruguay,2,1,Confederations Cup,Belo Horizonte,Brazil,False,CONMEBOL,1776.0,CONMEBOL,1679.0
2013-06-27,Spain,Italy,0,0,Confederations Cup,Fortaleza,Brazil,True,UEFA,1855.0,UEFA,1718.0
2013-06-30,Brazil,Spain,3,0,Confederations Cup,Rio de Janeiro,Brazil,False,CONMEBOL,1776.0,UEFA,1855.0
2013-06-30,Uruguay,Italy,2,2,Confederations Cup,Salvador,Brazil,True,CONMEBOL,1679.0,UEFA,1718.0
2013-07-28,South Korea,Japan,1,2,EAFF Championship,Seoul,South Korea,False,AFC,1575.0,AFC,1653.0
2013-08-14,Italy,Argentina,1,2,Friendly,Rome,Italy,False,UEFA,1718.0,CONMEBOL,1886.0
2013-08-14,Japan,Uruguay,2,4,Friendly,Rifu,Japan,False,AFC,1653.0,CONMEBOL,1679.0
2013-09-10,Uruguay,Colombia,2,0,FIFA World Cup qualification,Montevideo,Uruguay,False,CONMEBOL,1679.0,CONMEBOL,1679.0
2013-10-12,South Korea,Brazil,0,2,Friendly,Seoul,South Korea,False,AFC,1575.0,CONMEBOL,1776.0
2013-10-15,Uruguay,Argentina,3,2,FIFA World Cup qualification,Montevideo,Uruguay,False,CONMEBOL,1679.0,CONMEBOL,1886.0
2013-11-15,Italy,Germany,1,1,Friendly,Milan,Italy,False,UEFA,1718.0,UEFA,1717.0
2013-11-18,Italy,Nigeria,2,2,Friendly,London,England,True,UEFA,1718.0,CAF,1481.0
2014-01-29,Mexico,South Korea,4,0,Friendly,San Antonio,United States,True,CONCACAF,1647.0,AFC,1575.0
2014-03-05,Spain,Italy,1,0,Friendly,Madrid,Spain,False,UEFA,1855.0,UEFA,1718.0
2014-05-31,Colombia,Senegal,2,2,Friendly,Buenos Aires,Argentina,True,CONMEBOL,1679.0,CAF,1630.0
2014-06-17,Brazil,Mexico,0,0,FIFA World Cup,Fortaleza,Brazil,False,CONMEBOL,1776.0,CONCACAF,1647.0
2014-06-24,Italy,Uruguay,0,1,FIFA World Cup,Natal,Brazil,True,UEFA,1718.0,CONMEBOL,1679.0
2014-06-24,Japan,Colombia,1,4,FIFA World Cup,Cuiabá,Brazil,True,AFC,1653.0,CONMEBOL,1679.0
2014-06-25,Nigeria,Argentina,2,3,FIFA World Cup,Porto Alegre,Brazil,True,CAF,1481.0,CONMEBOL,1886.0
2014-06-28,Colombia,Uruguay,2,0,FIFA World Cup,Rio de Janeiro,Brazil,True,CONMEBOL,1679.0,CONMEBOL,1679.0
2014-06-30,France,Nigeria,2,0,FIFA World Cup,Brasília,Brazil,True,UEFA,1853.0,CAF,1481.0
2014-07-04,Brazil,Colombia,2,1,FIFA World Cup,Fortaleza,Brazil,False,CONMEBOL,1776.0,CONMEBOL,1679.0
2014-07-04,France,Germany,0,1,FIFA World Cup,Rio de Janeiro,Brazil,True,UEFA,1853.0,UEFA,1717.0
2014-07-08,Brazil,Germany,1,7,FIFA World Cup,Belo Horizonte,Brazil,False,CONMEBOL,1776.0,UEFA,1717.0
2014-07-13,Germany,Argentina,1,0,FIFA World Cup,Rio de Janeiro,Brazil,True,UEFA,1717.0,CONMEBOL,1886.0
2014-09-03,Germany,Argentina,2,4,Friendly,Düsseldorf,Germany,False,UEFA,1717.0,CONMEBOL,1886.0
2014-09-04,France,Spain,1,0,Friendly,Saint-Denis,France,False,UEFA,1853.0,UEFA,1855.0
2014-09-05,Japan,Uruguay,0,2,Kirin Challenge Cup,Sapporo,Japan,False,AFC,1653.0,CONMEBOL,1679.0
2014-09-05,Brazil,Colombia,1,0,Friendly,Miami Gardens,United States,True,CONMEBOL,1776.0,CONMEBOL,1679.0
2014-09-08,South Korea,Uruguay,0,1,Friendly,Goyang,South Korea,False,AFC,1575.0,CONMEBOL,1679.0
2014-10-11,Argentina,Brazil,0,2,Superclásico de las Américas,Beijing,China PR,True,CONMEBOL,1886.0,CONMEBOL,1776.0
2014-10-14,Japan,Brazil,0,4,Friendly,Kallang,Singapore,True,AFC,1653.0,CONMEBOL,1776.0
2014-11-18,Spain,Germany,0,1,Friendly,Vigo,Spain,False,UEFA,1855.0,UEFA,1717.0
2015-03-26,France,Brazil,1,3,Friendly,Saint-Denis,France,False,UEFA,1853.0,CONMEBOL,1776.0
2015-06-07,Brazil,Mexico,2,0,Friendly,São Paulo,Brazil,False,CONMEBOL,1776.0,CONCACAF,1647.0
2015-06-16,Argentina,Uruguay,1,0,Copa América,La Serena,Chile,True,CONMEBOL,1886.0,CONMEBOL,1679.0
2015-06-17,Brazil,Colombia,0,1,Copa América,Santiago,Chile,True,CONMEBOL,1776.0,CONMEBOL,1679.0
2015-06-26,Argentina,Colombia,0,0,Copa América,Viña del Mar,Chile,True,CONMEBOL,1886.0,CONMEBOL,1679.0
2015-08-05,Japan,South Korea,1,1,EAFF Championship,Wuhan,China PR,True,AFC,1653.0,AFC,1575.0
2015-09-08,Mexico,Argentina,2,2,Friendly,Arlington,United States,True,CONCACAF,1647.0,CONMEBOL,1886.0
2015-10-13,Uruguay,Colombia,3,0,FIFA World Cup qualification,Montevideo,Uruguay,False,CONMEBOL,1679.0,CONMEBOL,1679.0
2015-11-13,Argentina,Brazil,1,1,FIFA World Cup qualification,Buenos Aires,Argentina,False,CONMEBOL,1886.0,CONMEBOL,1776.0
2015-11-13,France,Germany,2,0,Friendly,Saint-Denis,France,False,UEFA,1853.0,UEFA,1717.0
2015-11-17,Colombia,Argentina,0,1,FIFA World Cup qualification,Barranquilla,Colombia,False,CONMEBOL,1679.0,CONMEBOL,1886.0
2016-03-24,Italy,Spain,1,1,Friendly,Udine,Italy,False,UEFA,1718.0,UEFA,1855.0
2016-03-25,Brazil,Uruguay,2,2,FIFA World Cup qualification,Recife,Brazil,False,CONMEBOL,1776.0,CONMEBOL,1679.0
2016-03-29,Germany,Italy,4,1,Friendly,Munich,Germany,False,UEFA,1717.0,UEFA,1718.0
2016-06-01,Spain,South Korea,6,1,Friendly,Salzburg,Austria,True,UEFA,1855.0,AFC,1575.0
2016-06-05,Mexico,Uruguay,3,1,Copa América,Glendale,United States,True,CONCACAF,1647.0,CONMEBOL,1679.0
2016-06-27,Italy,Spain,2,0,UEFA Euro,Saint-Denis,France,True,UEFA,1718.0,UEFA,1855.0
2016-07-02,Germany,Italy,1,1,UEFA Euro,Bordeaux,France,True,UEFA,1717.0,UEFA,1718.0
2016-07-07,France,Germany,2,0,UEFA Euro,Marseille,France,False,UEFA,1853.0,UEFA,1717.0
2016-09-01,Argentina,Uruguay,1,0,FIFA World Cup qualification,Mendoza,Argentina,False,CONMEBOL,1886.0,CONMEBOL,1679.0
2016-09-01,Italy,France,1,3,Friendly,Bari,Italy,False,UEFA,1718.0,UEFA,1853.0
2016-09-06,Brazil,Colombia,2,1,FIFA World Cup qualification,Manaus,Brazil,False,CONMEBOL,1776.0,CONMEBOL,1679.0
2016-10-06,Italy,Spain,1,1,FIFA World Cup qualification,Turin,Italy,False,UEFA,1718.0,UEFA,1855.0
2016-10-11,Colombia,Uruguay,2,2,FIFA World Cup qualification,Barranquilla,Colombia,False,CONMEBOL,1679.0,CONMEBOL,1679.0
2016-11-10,Brazil,Argentina,3,0,FIFA World Cup qualification,Belo Horizonte,Brazil,False,CONMEBOL,1776.0,CONMEBOL,1886.0
2016-11-15,Argentina,Colombia,3,0,FIFA World Cup qualification,San Juan,Argentina,False,CONMEBOL,1886.0,CONMEBOL,1679.0
2016-11-15,Italy,Germany,0,0,Friendly,Milan,Italy,False,UEFA,1718.0,UEFA,1717.0
2017-01-26,Brazil,Colombia,1,0,Friendly,Rio de Janeiro,Brazil,False,CONMEBOL,1776.0,CONMEBOL,1679.0
2017-03-23,Nigeria,Senegal,1,1,Friendly,London,England,True,CAF,1481.0,CAF,1630.0
2017-03-23,Uruguay,Brazil,1,4,FIFA World Cup qualification,Montevideo,Uruguay,False,CONMEBOL,1679.0,CONMEBOL,1776.0
2017-03-28,France,Spain,0,2,Friendly,Saint-Denis,France,False,UEFA,1853.0,UEFA,1855.0
2017-06-07,Italy,Uruguay,3,0,Friendly,Nice,France,True,UEFA,1718.0,CONMEBOL,1679.0
2017-06-07,Spain,Colombia,2,2,Friendly,Murcia,Spain,False,UEFA,1855.0,CONMEBOL,1679.0
2017-06-09,Argentina,Brazil,1,0,Superclásico de las Américas,Melbourne,Australia,True,CONMEBOL,1886.0,CONMEBOL,1776.0
2017-06-29,Germany,Mexico,4,1,Confederations Cup,Sochi,Russia,True,UEFA,1717.0,CONCACAF,1647.0
2017-08-31,Uruguay,Argentina,0,0,FIFA World Cup qualification,Montevideo,Uruguay,False,CONMEBOL,1679.0,CONMEBOL,1886.0
2017-09-02,Spain,Italy,3,0,FIFA World Cup qualification,Madrid,Spain,False,UEFA,1855.0,UEFA,1718.0
2017-09-05,Colombia,Brazil,1,1,FIFA World Cup qualification,Barranquilla,Colombia,False,CONMEBOL,1679.0,CONMEBOL,1776.0
2017-11-10,Japan,Brazil,1,3,Friendly,Villeneuve-d'Ascq,France,True,AFC,1653.0,CONMEBOL,1776.0
2017-11-10,South Korea,Colombia,2,1,Friendly,Suwon,South Korea,False,AFC,1575.0,CONMEBOL,1679.0
2017-11-14,Argentina,Nigeria,2,4,Friendly,Krasnodar,Russia,True,CONMEBOL,1886.0,CAF,1481.0
2017-11-14,Germany,France,2,2,Friendly,Cologne,Germany,False,UEFA,1717.0,UEFA,1853.0
2017-12-16,Japan,South Korea,1,4,EAFF Championship,Chōfu,Japan,False,AFC,1653.0,AFC,1575.0
2018-03-23,France,Colombia,2,3,Friendly,Saint-Denis,France,False,UEFA,1853.0,CONMEBOL,1679.0
2018-03-23,Germany,Spain,1,1,Friendly,Düsseldorf,Germany,False,UEFA,1717.0,UEFA,1855.0
2018-03-23,Italy,Argentina,0,2,Friendly,Manchester,England,True,UEFA,1718.0,CONMEBOL,1886.0
2018-03-27,Germany,Brazil,0,1,Friendly,Berlin,Germany,False,UEFA,1717.0,CONMEBOL,1776.0
2018-03-27,Spain,Argentina,6,1,Friendly,Madrid,Spain,False,UEFA,1855.0,CONMEBOL,1886.0
2018-06-01,France,Italy,3,1,Friendly,Nice,France,False,UEFA,1853.0,UEFA,1718.0
2018-06-11,South Korea,Senegal,0,2,Friendly,Grödig,Austria,True,AFC,1575.0,CAF,1630.0
2018-06-17,Germany,Mexico,0,1,FIFA World Cup,Moscow,Russia,True,UEFA,1717.0,CONCACAF,1647.0
2018-06-19,Colombia,Japan,1,2,FIFA World Cup,Saransk,Russia,True,CONMEBOL,1679.0,AFC,1653.0
2018-06-23,South Korea,Mexico,1,2,FIFA World Cup,Rostov-on-Don,Russia,True,AFC,1575.0,CONCACAF,1647.0
2018-06-24,Japan,Senegal,2,2,FIFA World Cup,Ekaterinburg,Russia,True,AFC,1653.0,CAF,1630.0
2018-06-26,Nigeria,Argentina,1,2,FIFA World Cup,Saint Petersburg,Russia,True,CAF,1481.0,CONMEBOL,1886.0
2018-06-27,South Korea,Germany,2,0,FIFA World Cup,Kazan,Russia,True,AFC,1575.0,UEFA,1717.0
2018-06-28,Senegal,Colombia,0,1,FIFA World Cup,Samara,Russia,True,CAF,1630.0,CONMEBOL,1679.0
2018-06-30,France,Argentina,4,3,FIFA World Cup,Kazan,Russia,True,UEFA,1853.0,CONMEBOL,1886.0
2018-07-02,Brazil,Mexico,2,0,FIFA World Cup,Samara,Russia,True,CONMEBOL,1776.0,CONCACAF,1647.0
2018-07-06,Uruguay,France,0,2,FIFA World Cup,Nizhny Novgorod,Russia,True,CONMEBOL,1679.0,UEFA,1853.0
2018-09-06,Germany,France,0,0,UEFA Nations League,Munich,Germany,False,UEFA,1717.0,UEFA,1853.0
2018-09-07,Mexico,Uruguay,1,4,Friendly,Houston,United States,True,CONCACAF,1647.0,CONMEBOL,1679.0
2018-09-11,Colombia,Argentina,0,0,Friendly,East Rutherford,United States,True,CONMEBOL,1679.0,CONMEBOL,1886.0
2018-10-12,South Korea,Uruguay,2,1,Friendly,Seoul,South Korea,False,AFC,1575.0,CONMEBOL,1679.0
2018-10-16,France,Germany,2,1,UEFA Nations League,Paris,France,False,UEFA,1853.0,UEFA,1717.0
2018-10-16,Japan,Uruguay,4,3,Kirin Challenge Cup,Saitama,Japan,False,AFC,1653.0,CONMEBOL,1679.0
2018-10-16,Argentina,Brazil,0,1,Superclásico de las Américas,Jeddah,Saudi Arabia,True,CONMEBOL,1886.0,CONMEBOL,1776.0
2018-11-16,Argentina,Mexico,2,0,Friendly,Córdoba,Argentina,False,CONMEBOL,1886.0,CONCACAF,1647.0
2018-11-16,Brazil,Uruguay,1,0,Friendly,London,England,True,CONMEBOL,1776.0,CONMEBOL,1679.0
2018-11-20,Argentina,Mexico,2,0,Friendly,Mendoza,Argentina,False,CONMEBOL,1886.0,CONCACAF,1647.0
2018-11-20,France,Uruguay,1,0,Friendly,Paris,France,False,UEFA,1853.0,CONMEBOL,1679.0
2019-03-22,Japan,Colombia,0,1,Kirin Challenge Cup,Yokohama,Japan,False,AFC,1653.0,CONMEBOL,1679.0
2019-03-26,South Korea,Colombia,2,1,Friendly,Seoul,South Korea,False,AFC,1575.0,CONMEBOL,1679.0
2019-06-15,Argentina,Colombia,0,2,Copa América,Salvador,Brazil,True,CONMEBOL,1886.0,CONMEBOL,1679.0
2019-06-16,Senegal,Nigeria,1,0,Friendly,Ismailia,Egypt,True,CAF,1630.0,CAF,1481.0
2019-06-20,Uruguay,Japan,2,2,Copa América,Porto Alegre,Brazil,True,CONMEBOL,1679.0,AFC,1653.0
2019-07-02,Brazil,Argentina,2,0,Copa América,Belo Horizonte,Brazil,False,CONMEBOL,1776.0,CONMEBOL,1886.0
2019-09-06,Brazil,Colombia,2,2,Friendly,Miami Gardens,United States,True,CONMEBOL,1776.0,CONMEBOL,1679.0
2019-09-10,Argentina,Mexico,4,0,Friendly,San Antonio,United States,True,CONMEBOL,1886.0,CONCACAF,1647.0
2019-10-09,Germany,Argentina,2,2,Friendly,Dortmund,Germany,False,UEFA,1717.0,CONMEBOL,1886.0
2019-10-10,Brazil,Senegal,1,1,Friendly,Kallang,Singapore,True,CONMEBOL,1776.0,CAF,1630.0
2019-10-13,Brazil,Nigeria,1,1,Friendly,Kallang,Singapore,True,CONMEBOL,1776.0,CAF,1481.0
2019-11-15,Brazil,Argentina,0,1,Superclásico de las Américas,Riyadh,Saudi Arabia,True,CONMEBOL,1776.0,CONMEBOL,1886.0
2019-11-18,Argentina,Uruguay,2,2,Friendly,Tel Aviv,Israel,True,CONMEBOL,1886.0,CONMEBOL,1679.0
2019-11-19,Brazil,South Korea,3,0,Friendly,Abu Dhabi,United Arab Emirates,True,CONMEBOL,1776.0,AFC,1575.0
2019-12-18,South Korea,Japan,1,0,EAFF Championship,Busan,South Korea,False,AFC,1575.0,AFC,1653.0
2020-09-03,Germany,Spain,1,1,UEFA Nations League,Stuttgart,Germany,False,UEFA,1717.0,UEFA,1855.0
2020-11-13,Colombia,Uruguay,0,3,FIFA World Cup qualification,Barranquilla,Colombia,False,CONMEBOL,1679.0,CONMEBOL,1679.0
2020-11-14,Mexico,South Korea,3,2,Friendly,Wiener Neustadt,Austria,True,CONCACAF,1647.0,AFC,1575.0
2020-11-17,Spain,Germany,6,0,UEFA Nations League,Seville,Spain,False,UEFA,1855.0,UEFA,1717.0
2020-11-17,Japan,Mexico,0,2,Friendly,Graz,Austria,True,AFC,1653.0,CONCACAF,1647.0
2020-11-17,Uruguay,Brazil,0,2,FIFA World Cup qualification,Montevideo,Uruguay,False,CONMEBOL,1679.0,CONMEBOL,1776.0
2021-03-25,Japan,South Korea,3,0,Friendly,Yokohama,Japan,False,AFC,1653.0,AFC,1575.0
2021-06-08,Colombia,Argentina,2,2,FIFA World Cup qualification,Barranquilla,Colombia,False,CONMEBOL,1679.0,CONMEBOL,1886.0
2021-06-15,Germany,France,0,1,UEFA Euro,Munich,Germany,False,UEFA,1717.0,UEFA,1853.0
2021-06-18,Argentina,Uruguay,1,0,Copa América,Brasília,Brazil,True,CONMEBOL,1886.0,CONMEBOL,1679.0
2021-06-23,Brazil,Colombia,2,1,Copa América,Rio de Janeiro,Brazil,False,CONMEBOL,1776.0,CONMEBOL,1679.0
2021-07-03,Mexico,Nigeria,4,0,Friendly,Nashville,United States,True,CONCACAF,1647.0,CAF,1481.0
2021-07-03,Uruguay,Colombia,0,0,Copa América,Brasília,Brazil,True,CONMEBOL,1679.0,CONMEBOL,1679.0
2021-07-06,Argentina,Colombia,1,1,Copa América,Brasília,Brazil,True,CONMEBOL,1886.0,CONMEBOL,1679.0
2021-07-06,Italy,Spain,1,1,UEFA Euro,London,England,True,UEFA,1718.0,UEFA,1855.0
2021-07-10,Brazil,Argentina,0,1,Copa América,Rio de Janeiro,Brazil,False,CONMEBOL,1776.0,CONMEBOL,1886.0
2021-10-06,Italy,Spain,1,2,UEFA Nations League,Milan,Italy,False,UEFA,1718.0,UEFA,1855.0
2021-10-07,Uruguay,Colombia,0,0,FIFA World Cup qualification,Montevideo,Uruguay,False,CONMEBOL,1679.0,CONMEBOL,1679.0
2021-10-10,Colombia,Brazil,0,0,FIFA World Cup qualification,Barranquilla,Colombia,False,CONMEBOL,1679.0,CONMEBOL,1776.0
2021-10-10,Argentina,Uruguay,3,0,FIFA World Cup qualification,Buenos Aires,Argentina,False,CONMEBOL,1886.0,CONMEBOL,1679.0
2021-10-10,Spain,France,1,2,UEFA Nations League,Milan,Italy,True,UEFA,1855.0,UEFA,1853.0
2021-10-14,Brazil,Uruguay,4,1,FIFA World Cup qualification,Manaus,Brazil,False,CONMEBOL,1776.0,CONMEBOL,1679.0
2021-11-11,Brazil,Colombia,1,0,FIFA World Cup qualification,São Paulo,Brazil,False,CONMEBOL,1776.0,CONMEBOL,1679.0
2021-11-12,Uruguay,Argentina,0,1,FIFA World Cup qualification,Montevideo,Uruguay,False,CONMEBOL,1679.0,CONMEBOL,1886.0
2021-11-16,Argentina,Brazil,0,0,FIFA World Cup qualification,San Juan,Argentina,False,CONMEBOL,1886.0,CONMEBOL,1776.0
2022-02-01,Argentina,Colombia,1,0,FIFA World Cup qualification,Córdoba,Argentina,False,CONMEBOL,1886.0,CONMEBOL,1679.0
2022-05-28,Mexico,Nigeria,2,1,Friendly,Arlington,United States,True,CONCACAF,1647.0,CAF,1481.0
2022-06-01,Italy,Argentina,0,3,CONMEBOL–UEFA Cup of Champions,Paris,France,True,UEFA,1718.0,CONMEBOL,1886.0
2022-06-02,South Korea,Brazil,1,5,Friendly,Seoul,South Korea,False,AFC,1575.0,CONMEBOL,1776.0
2022-06-02,Mexico,Uruguay,0,3,Friendly,Glendale,United States,True,CONCACAF,1647.0,CONMEBOL,1679.0
2022-06-04,Italy,Germany,1,1,UEFA Nations League,Bologna,Italy,False,UEFA,1718.0,UEFA,1717.0
2022-06-06,Japan,Brazil,0,1,Friendly,Tokyo,Japan,False,AFC,1653.0,CONMEBOL,1776.0
2022-06-14,Germany,Italy,5,2,UEFA Nations League,Mönchengladbach,Germany,False,UEFA,1717.0,UEFA,1718.0
2022-07-27,Japan,South Korea,3,0,EAFF Championship,Toyota,Japan,False,AFC,1653.0,AFC,1575.0
2022-09-27,Mexico,Colombia,2,3,Friendly,Santa Clara,United States,True,CONCACAF,1647.0,CONMEBOL,1679.0
2022-11-23,Germany,Japan,1,2,FIFA World Cup,Al Rayyan,Qatar,True,UEFA,1717.0,AFC,1653.0
2022-11-24,Uruguay,South Korea,0,0,FIFA World Cup,Al Rayyan,Qatar,True,CONMEBOL,1679.0,AFC,1575.0
2022-11-26,Argentina,Mexico,2,0,FIFA World Cup,Lusail,Qatar,True,CONMEBOL,1886.0,CONCACAF,1647.0
2022-11-27,Spain,Germany,1,1,FIFA World Cup,Al Khor,Qatar,True,UEFA,1855.0,UEFA,1717.0
2022-12-01,Japan,Spain,2,1,FIFA World Cup,Al Rayyan,Qatar,True,AFC,1653.0,UEFA,1855.0
2022-12-05,Brazil,South Korea,4,1,FIFA World Cup,Doha,Qatar,True,CONMEBOL,1776.0,AFC,1575.0
2022-12-18,Argentina,France,3,3,FIFA World Cup,Lusail,Qatar,True,CONMEBOL,1886.0,UEFA,1853.0
2023-03-24,Japan,Uruguay,1,1,Friendly,Tokyo,Japan,False,AFC,1653.0,CONMEBOL,1679.0
2023-03-24,South Korea,Colombia,2,2,Friendly,Ulsan,South Korea,False,AFC,1575.0,CONMEBOL,1679.0
2023-03-28,Japan,Colombia,1,2,Friendly,Osaka,Japan,False,AFC,1653.0,CONMEBOL,1679.0
2023-03-28,South Korea,Uruguay,1,2,Friendly,Seoul,South Korea,False,AFC,1575.0,CONMEBOL,1679.0
2023-06-15,Spain,Italy,2,1,UEFA Nations League,Enschede,Netherlands,True,UEFA,1855.0,UEFA,1718.0
2023-06-20,Brazil,Senegal,2,4,Friendly,Lisbon,Portugal,True,CONMEBOL,1776.0,CAF,1630.0
2023-06-20,Germany,Colombia,0,2,Friendly,Gelsenkirchen,Germany,False,UEFA,1717.0,CONMEBOL,1679.0
2023-09-09,Germany,Japan,1,4,Friendly,Wolfsburg,Germany,False,UEFA,1717.0,AFC,1653.0
2023-09-12,Germany,France,2,1,Friendly,Dortmund,Germany,False,UEFA,1717.0,UEFA,1853.0
2023-10-12,Colombia,Uruguay,2,2,FIFA World Cup qualification,Barranquilla,Colombia,False,CONMEBOL,1679.0,CONMEBOL,1679.0
2023-10-17,Uruguay,Brazil,2,0,FIFA World Cup qualification,Montevideo,Uruguay,False,CONMEBOL,1679.0,CONMEBOL,1776.0
2023-10-17,Mexico,Germany,2,2,Friendly,Philadelphia,United States,True,CONCACAF,1647.0,UEFA,1717.0
2023-11-16,Colombia,Brazil,2,1,FIFA World Cup qualification,Barranquilla,Colombia,False,CONMEBOL,1679.0,CONMEBOL,1776.0
2023-11-16,Argentina,Uruguay,0,2,FIFA World Cup qualification,Buenos Aires,Argentina,False,CONMEBOL,1886.0,CONMEBOL,1679.0
2023-11-21,Brazil,Argentina,0,1,FIFA World Cup qualification,Rio de Janeiro,Brazil,False,CONMEBOL,1776.0,CONMEBOL,1886.0
2023-12-16,Mexico,Colombia,2,3,Friendly,Los Angeles,United States,True,CONCACAF,1647.0,CONMEBOL,1679.0
2024-03-22,Spain,Colombia,0,1,Friendly,London,England,True,UEFA,1855.0,CONMEBOL,1679.0
2024-03-23,France,Germany,0,2,Friendly,Lyon,France,False,UEFA,1853.0,UEFA,1717.0
2024-03-26,Spain,Brazil,3,3,Friendly,Madrid,Spain,False,UEFA,1855.0,CONMEBOL,1776.0
2024-06-05,Mexico,Uruguay,0,4,Friendly,Denver,United States,True,CONCACAF,1647.0,CONMEBOL,1679.0
2024-06-08,Mexico,Brazil,2,3,Friendly,College Station,United States,True,CONCACAF,1647.0,CONMEBOL,1776.0
2024-06-20,Spain,Italy,1,0,UEFA Euro,Gelsenkirchen,Germany,True,UEFA,1855.0,UEFA,1718.0
2024-07-02,Brazil,Colombia,1,1,Copa América,Santa Clara,United States,True,CONMEBOL,1776.0,CONMEBOL,1679.0
2024-07-05,Germany,Spain,1,2,UEFA Euro,Stuttgart,Germany,False,UEFA,1717.0,UEFA,1855.0
2024-07-06,Uruguay,Brazil,0,0,Copa América,Las Vegas,United States,True,CONMEBOL,1679.0,CONMEBOL,1776.0
2024-07-09,Spain,France,2,1,UEFA Euro,Munich,Germany,True,UEFA,1855.0,UEFA,1853.0
2024-07-10,Uruguay,Colombia,0,1,Copa América,Charlotte,United States,True,CONMEBOL,1679.0,CONMEBOL,1679.0
2024-07-14,Argentina,Colombia,1,0,Copa América,Miami Gardens,United States,True,CONMEBOL,1886.0,CONMEBOL,1679.0
2024-09-06,France,Italy,1,3,UEFA Nations League,Paris,France,False,UEFA,1853.0,UEFA,1718.0
2024-09-10,Colombia,Argentina,2,1,FIFA World Cup qualification,Barranquilla,Colombia,False,CONMEBOL,1679.0,CONMEBOL,1886.0
2024-11-15,Uruguay,Colombia,3,2,FIFA World Cup qualification,Montevideo,Uruguay,False,CONMEBOL,1679.0,CONMEBOL,1679.0
2024-11-17,Italy,France,1,3,UEFA Nations League,Milan,Italy,False,UEFA,1718.0,UEFA,1853.0
2024-11-19,Brazil,Uruguay,1,1,FIFA World Cup qualification,Salvador,Brazil,False,CONMEBOL,1776.0,CONMEBOL,1679.0
2025-03-20,Italy,Germany,1,2,UEFA Nations League,Milan,Italy,False,UEFA,1718.0,UEFA,1717.0
2025-03-20,Brazil,Colombia,2,1,FIFA World Cup qualification,Brasília,Brazil,False,CONMEBOL,1776.0,CONMEBOL,1679.0
2025-03-21,Uruguay,Argentina,0,1,FIFA World Cup qualification,Montevideo,Uruguay,False,CONMEBOL,1679.0,CONMEBOL,1886.0
2025-03-23,Germany,Italy,3,3,UEFA Nations League,Dortmund,Germany,False,UEFA,1717.0,UEFA,1718.0
2025-03-25,Argentina,Brazil,4,1,FIFA World Cup qualification,Buenos Aires,Argentina,False,CONMEBOL,1886.0,CONMEBOL,1776.0
2025-06-05,Spain,France,5,4,UEFA Nations League,Stuttgart,Germany,True,UEFA,1855.0,UEFA,1853.0
2025-06-08,Germany,France,0,2,UEFA Nations League,Stuttgart,Germany,False,UEFA,1717.0,UEFA,1853.0
2025-06-10,Argentina,Colombia,1,1,FIFA World Cup qualification,Buenos Aires,Argentina,False,CONMEBOL,1886.0,CONMEBOL,1679.0
