team,display_name,official_name,pdf_official_name,overall_source_team_name,overall_source_team_official_name,overall_rank,overall_club_coefficient,season_source_team_name,season_source_team_official_name,season_rank,season_club_coefficient,country,uefa_season_year,historical_club_coefficient,conmebol_rank_status,pdf_rank_raw,overall_source_url,season_source_url,scraped_at_utc,fifa_country_team,fifa_country_rank,fifa_country_points,fifa_country_confederation,fifa_country_squad_size,fifa_country_avg_age,fifa_country_total_value,overall_country_coefficient,season_country_coefficient,country_uefa_overall_rank,country_uefa_season_rank
Palmeiras,Palmeiras,Palmeiras,Palmeiras,Palmeiras,Palmeiras,1,9828.6,Palmeiras,Palmeiras,1,8671.0,Brazil,2026,1157.6,ranked,1,local:Ranking-de-Clubes-CONMEBOL-2026.pdf,local:Ranking-de-Clubes-CONMEBOL-2026.pdf,2026-04-07T04:36:02.528002+00:00,Brazil,5,1776,CONMEBOL,23,25.8,€995.60m,1776.0,1776.0,5.0,5.0
Flamengo,Flamengo,Flamengo,Flamengo,Flamengo,Flamengo,2,9303.1,Flamengo,Flamengo,2,8609.1,Brazil,2026,694.0,ranked,2,local:Ranking-de-Clubes-CONMEBOL-2026.pdf,local:Ranking-de-Clubes-CONMEBOL-2026.pdf,2026-04-07T04:36:02.528002+00:00,Brazil,5,1776,CONMEBOL,23,25.8,€995.60m,1776.0,1776.0,5.0,5.0
River Plate,River Plate,River Plate,River Plate,River Plate,River Plate,3,8762.8,River Plate,River Plate,3,6136.0,Argentina,2026,2626.8,ranked,3,local:Ranking-de-Clubes-CONMEBOL-2026.pdf,local:Ranking-de-Clubes-CONMEBOL-2026.pdf,2026-04-07T04:36:02.528002+00:00,Argentina,1,1886,CONMEBOL,25,27.6,€700.30m,1886.0,1886.0,1.0,1.0
Boca Juniors,Boca Juniors,Boca Juniors,Boca Juniors,Boca Juniors,Boca Juniors,4,7360.0,Boca Juniors,Boca Juniors,6,4574.8,Argentina,2026,2785.2,ranked,4,local:Ranking-de-Clubes-CONMEBOL-2026.pdf,local:Ranking-de-Clubes-CONMEBOL-2026.pdf,2026-04-07T04:36:02.528002+00:00,Argentina,1,1886,CONMEBOL,25,27.6,€700.30m,1886.0,1886.0,1.0,1.0
Peñarol,Peñarol,Peñarol,Peñarol,Peñarol,Peñarol,5,6029.4,Peñarol,Peñarol,16,3165.0,Uruguay,2026,2864.4,ranked,5,local:Ranking-de-Clubes-CONMEBOL-2026.pdf,local:Ranking-de-Clubes-CONMEBOL-2026.pdf,2026-04-07T04:36:02.528002+00:00,Uruguay,13,1679,CONMEBOL,24,27.0,€446.80m,1679.0,1679.0,13.0,13.0
Atlético Mineiro,Atlético Mineiro,Atlético Mineiro,Atlético Mineiro,Atlético Mineiro,Atlético Mineiro,6,5949.2,Atlético Mineiro,Atlético Mineiro,4,5502.0,Brazil,2026,447.2,ranked,6,local:Ranking-de-Clubes-CONMEBOL-2026.pdf,local:Ranking-de-Clubes-CONMEBOL-2026.pdf,2026-04-07T04:36:02.528002+00:00,Brazil,5,1776,CONMEBOL,23,25.8,€995.60m,1776.0,1776.0,5.0,5.0
São Paulo,São Paulo,São Paulo,São Paulo,São Paulo,São Paulo,7,5631.5,São Paulo,São Paulo,11,3866.7,Brazil,2026,1764.8,ranked,7,local:Ranking-de-Clubes-CONMEBOL-2026.pdf,local:Ranking-de-Clubes-CONMEBOL-2026.pdf,2026-04-07T04:36:02.528002+00:00,Brazil,5,1776,CONMEBOL,23,25.8,€995.60m,1776.0,1776.0,5.0,5.0
Nacional,Nacional,Nacional,Nacional,Nacional,Nacional,8,5521.0,Nacional,Nacional,17,3100.6,Uruguay,2026,2420.4,ranked,8,local:Ranking-de-Clubes-CONMEBOL-2026.pdf,local:Ranking-de-Clubes-CONMEBOL-2026.pdf,2026-04-07T04:36:02.528002+00:00,Uruguay,13,1679,CONMEBOL,24,27.0,€446.80m,1679.0,1679.0,13.0,13.0
Racing Club,Racing Club,Racing Club,Racing Club,Racing Club,Racing Club,9,5312.7,Racing Club,Racing Club,5,4789.9,Argentina,2026,522.8,ranked,9,local:Ranking-de-Clubes-CONMEBOL-2026.pdf,local:Ranking-de-Clubes-CONMEBOL-2026.pdf,2026-04-07T04:36:02.528002+00:00,Argentina,1,1886,CONMEBOL,25,27.6,€700.30m,1886.0,1886.0,1.0,1.0
LDU Quito,LDU Quito,LDU Quito,LDU Quito,LDU Quito,LDU Quito,10,5168.0,LDU Quito,LDU Quito,8,4237.6,Ecuador,2026,930.4,ranked,10,local:Ranking-de-Clubes-CONMEBOL-2026.pdf,local:Ranking-de-Clubes-CONMEBOL-2026.pdf,2026-04-07T04:36:02.528002+00:00,Ecuador,24,1568,CONMEBOL,26,25.4,€296.45m,1568.0,1568.0,24.0,24.0
Fluminense,Fluminense,Fluminense,Fluminense,Fluminense,Fluminense,11,4968.5,Fluminense,Fluminense,7,4537.3,Brazil,2026,431.2,ranked,11,local:Ranking-de-Clubes-CONMEBOL-2026.pdf,local:Ranking-de-Clubes-CONMEBOL-2026.pdf,2026-04-07T04:36:02.528002+00:00,Brazil,5,1776,CONMEBOL,23,25.8,€995.60m,1776.0,1776.0,5.0,5.0
Athletico Paranaense,Athletico Paranaense,Athletico Paranaense,Athletico Paranaense,Athletico Paranaense,Athletico Paranaense,12,4517.1,Athletico Paranaense,Athletico Paranaense,9,4227.9,Brazil,2026,289.2,ranked,12,local:Ranking-de-Clubes-CONMEBOL-2026.pdf,local:Ranking-de-Clubes-CONMEBOL-2026.pdf,2026-04-07T04:36:02.528002+00:00,Brazil,5,1776,CONMEBOL,23,25.8,€995.60m,1776.0,1776.0,5.0,5.0
Internacional,Internacional,Internacional,Internacional,Internacional,Internacional,13,4408.1,Internacional,Internacional,15,3289.3,Brazil,2026,1118.8,ranked,13,local:Ranking-de-Clubes-CONMEBOL-2026.pdf,local:Ranking-de-Clubes-CONMEBOL-2026.pdf,2026-04-07T04:36:02.528002+00:00,Brazil,5,1776,CONMEBOL,23,25.8,€995.60m,1776.0,1776.0,5.0,5.0
Grêmio,Grêmio,Grêmio,Grêmio,Grêmio,Grêmio,14,4320.6,Grêmio,Grêmio,18,3096.2,Brazil,2026,1224.4,ranked,14,local:Ranking-de-Clubes-CONMEBOL-2026.pdf,local:Ranking-de-Clubes-CONMEBOL-2026.pdf,2026-04-07T04:36:02.528002+00:00,Brazil,5,1776,CONMEBOL,23,25.8,€995.60m,1776.0,1776.0,5.0,5.0
Olimpia,Olimpia,Olimpia,Olimpia,Olimpia,Olimpia,15,4292.4,Olimpia,Olimpia,26,2211.6,Paraguay,2026,2080.8,ranked,15,local:Ranking-de-Clubes-CONMEBOL-2026.pdf,local:Ranking-de-Clubes-CONMEBOL-2026.pdf,2026-04-07T04:36:02.528002+00:00,Paraguay,48,1476,CONMEBOL,28,27.9,€134.65m,1476.0,1476.0,48.0,48.0
Independiente,Independiente,Independiente del Valle,Independiente del Valle,Independiente,Independiente del Valle,16,4128.4,Independiente,Independiente del Valle,10,4104.4,Ecuador,2026,24.0,ranked,16,local:Ranking-de-Clubes-CONMEBOL-2026.pdf,local:Ranking-de-Clubes-CONMEBOL-2026.pdf,2026-04-07T04:36:02.528002+00:00,Ecuador,24,1568,CONMEBOL,26,25.4,€296.45m,1568.0,1568.0,24.0,24.0
Libertad,Libertad,Libertad,Libertad,Libertad,Libertad,17,4007.8,Libertad,Libertad,13,3412.2,Paraguay,2026,595.6,ranked,17,local:Ranking-de-Clubes-CONMEBOL-2026.pdf,local:Ranking-de-Clubes-CONMEBOL-2026.pdf,2026-04-07T04:36:02.528002+00:00,Paraguay,48,1476,CONMEBOL,28,27.9,€134.65m,1476.0,1476.0,48.0,48.0
Estudiantes-LP,Estudiantes-LP,Estudiantes de La Plata,Estudiantes de La Plata,Estudiantes-LP,Estudiantes de La Plata,18,3905.4,Estudiantes-LP,Estudiantes de La Plata,20,2618.6,Argentina,2026,1286.8,ranked,18,local:Ranking-de-Clubes-CONMEBOL-2026.pdf,local:Ranking-de-Clubes-CONMEBOL-2026.pdf,2026-04-07T04:36:02.528002+00:00,Argentina,1,1886,CONMEBOL,25,27.6,€700.30m,1886.0,1886.0,1.0,1.0
Botafogo (RJ),Botafogo (RJ),Botafogo,Botafogo,Botafogo (RJ),Botafogo,19,3716.6,Botafogo (RJ),Botafogo,12,3501.4,Brazil,2026,215.2,ranked,19,local:Ranking-de-Clubes-CONMEBOL-2026.pdf,local:Ranking-de-Clubes-CONMEBOL-2026.pdf,2026-04-07T04:36:02.528002+00:00,Brazil,5,1776,CONMEBOL,23,25.8,€995.60m,1776.0,1776.0,5.0,5.0
Cerro Porteño,Cerro Porteño,Cerro Porteño,Cerro Porteño,Cerro Porteño,Cerro Porteño,20,3708.7,Cerro Porteño,Cerro Porteño,22,2354.7,Paraguay,2026,1354.0,ranked,20,local:Ranking-de-Clubes-CONMEBOL-2026.pdf,local:Ranking-de-Clubes-CONMEBOL-2026.pdf,2026-04-07T04:36:02.528002+00:00,Paraguay,48,1476,CONMEBOL,28,27.9,€134.65m,1476.0,1476.0,48.0,48.0
Lanús,Lanús,Lanús,Lanús,Lanús,Lanús,21,3658.9,Lanús,Lanús,14,3372.1,Argentina,2026,286.8,ranked,21,local:Ranking-de-Clubes-CONMEBOL-2026.pdf,local:Ranking-de-Clubes-CONMEBOL-2026.pdf,2026-04-07T04:36:02.528002+00:00,Argentina,1,1886,CONMEBOL,25,27.6,€700.30m,1886.0,1886.0,1.0,1.0
Corinthians,Corinthians,Corinthians,Corinthians,Corinthians,Corinthians,22,3525.7,Corinthians,Corinthians,19,2837.7,Brazil,2026,688.0,ranked,22,local:Ranking-de-Clubes-CONMEBOL-2026.pdf,local:Ranking-de-Clubes-CONMEBOL-2026.pdf,2026-04-07T04:36:02.528002+00:00,Brazil,5,1776,CONMEBOL,23,25.8,€995.60m,1776.0,1776.0,5.0,5.0
Bolívar,Bolívar,Bolívar,Bolívar,Bolívar,Bolívar,23,3466.6,Bolívar,Bolívar,21,2435.0,Bolivia,2026,1031.6,ranked,23,local:Ranking-de-Clubes-CONMEBOL-2026.pdf,local:Ranking-de-Clubes-CONMEBOL-2026.pdf,2026-04-07T04:36:02.528002+00:00,Bolivia,80,1308,CONMEBOL,26,24.4,€14.35m,1308.0,1308.0,80.0,80.0
Independiente (Argentina),Independiente (Argentina),Independiente (Argentina),Independiente,Independiente (Argentina),Independiente,24,3404.4,Independiente (Argentina),Independiente,34,1528.8,Argentina,2026,1875.6,ranked,24,local:Ranking-de-Clubes-CONMEBOL-2026.pdf,local:Ranking-de-Clubes-CONMEBOL-2026.pdf,2026-04-07T04:36:02.528002+00:00,Argentina,1,1886,CONMEBOL,25,27.6,€700.30m,1886.0,1886.0,1.0,1.0
Colo-Colo,Colo-Colo,Colo-Colo,Colo-Colo,Colo-Colo,Colo-Colo,25,3366.5,Colo-Colo,Colo-Colo,28,2094.5,Chile,2026,1272.0,ranked,25,local:Ranking-de-Clubes-CONMEBOL-2026.pdf,local:Ranking-de-Clubes-CONMEBOL-2026.pdf,2026-04-07T04:36:02.528002+00:00,Chile,52,1462,CONMEBOL,25,29.8,€62.90m,1462.0,1462.0,52.0,52.0
Vélez Sarsfield,Vélez Sarsfield,Vélez Sarsfield,Vélez Sarsfield,Vélez Sarsfield,Vélez Sarsfield,26,3261.3,Vélez Sarsfield,Vélez Sarsfield,23,2334.5,Argentina,2026,926.8,ranked,26,local:Ranking-de-Clubes-CONMEBOL-2026.pdf,local:Ranking-de-Clubes-CONMEBOL-2026.pdf,2026-04-07T04:36:02.528002+00:00,Argentina,1,1886,CONMEBOL,25,27.6,€700.30m,1886.0,1886.0,1.0,1.0
Santos,Santos,Santos,Santos,Santos,Santos,27,3238.2,Santos,Santos,29,2061.8,Brazil,2026,1176.4,ranked,27,local:Ranking-de-Clubes-CONMEBOL-2026.pdf,local:Ranking-de-Clubes-CONMEBOL-2026.pdf,2026-04-07T04:36:02.528002+00:00,Brazil,5,1776,CONMEBOL,23,25.8,€995.60m,1776.0,1776.0,5.0,5.0
Barcelona,Barcelona,Barcelona de Guayaquil,Barcelona de Guayaquil,Barcelona,Barcelona de Guayaquil,28,3176.6,Barcelona,Barcelona de Guayaquil,27,2162.6,Ecuador,2026,1014.0,ranked,28,local:Ranking-de-Clubes-CONMEBOL-2026.pdf,local:Ranking-de-Clubes-CONMEBOL-2026.pdf,2026-04-07T04:36:02.528002+00:00,Ecuador,24,1568,CONMEBOL,26,25.4,€296.45m,1568.0,1568.0,24.0,24.0
Cruzeiro,Cruzeiro,Cruzeiro,Cruzeiro,Cruzeiro,Cruzeiro,29,2951.0,Cruzeiro,Cruzeiro,32,1698.2,Brazil,2026,1252.8,ranked,29,local:Ranking-de-Clubes-CONMEBOL-2026.pdf,local:Ranking-de-Clubes-CONMEBOL-2026.pdf,2026-04-07T04:36:02.528002+00:00,Brazil,5,1776,CONMEBOL,23,25.8,€995.60m,1776.0,1776.0,5.0,5.0
Atlético Nacional,Atlético Nacional,Atlético Nacional,Atlético Nacional,Atlético Nacional,Atlético Nacional,30,2855.4,Atlético Nacional,Atlético Nacional,31,1816.2,Colombia,2026,1039.2,ranked,30,local:Ranking-de-Clubes-CONMEBOL-2026.pdf,local:Ranking-de-Clubes-CONMEBOL-2026.pdf,2026-04-07T04:36:02.528002+00:00,Colombia,14,1679,CONMEBOL,25,29.1,€288.80m,1679.0,1679.0,14.0,14.0
Fortaleza,Fortaleza,Fortaleza EC,Fortaleza EC,Fortaleza,Fortaleza EC,31,2325.9,Fortaleza,Fortaleza EC,24,2325.9,Brazil,2026,0.0,ranked,31,local:Ranking-de-Clubes-CONMEBOL-2026.pdf,local:Ranking-de-Clubes-CONMEBOL-2026.pdf,2026-04-07T04:36:02.528002+00:00,Brazil,5,1776,CONMEBOL,23,25.8,€995.60m,1776.0,1776.0,5.0,5.0
Universitario,Universitario,Universitario de Deportes,Universitario de Deportes,Universitario,Universitario de Deportes,32,2247.0,Universitario,Universitario de Deportes,42,1267.4,Peru,2026,979.6,ranked,32,local:Ranking-de-Clubes-CONMEBOL-2026.pdf,local:Ranking-de-Clubes-CONMEBOL-2026.pdf,2026-04-07T04:36:02.528002+00:00,Peru,42,1483,CONMEBOL,28,29.6,€35.73m,1483.0,1483.0,42.0,42.0
Defensa y Justicia,Defensa y Justicia,Defensa y Justicia,Defensa y Justicia,Defensa y Justicia,Defensa y Justicia,33,2223.4,Defensa y Justicia,Defensa y Justicia,25,2223.4,Argentina,2026,0.0,ranked,33,local:Ranking-de-Clubes-CONMEBOL-2026.pdf,local:Ranking-de-Clubes-CONMEBOL-2026.pdf,2026-04-07T04:36:02.528002+00:00,Argentina,1,1886,CONMEBOL,25,27.6,€700.30m,1886.0,1886.0,1.0,1.0
Junior,Junior,Junior,Junior,Junior,Junior,34,2209.0,Junior,Junior,30,1851.0,Colombia,2026,358.0,ranked,34,local:Ranking-de-Clubes-CONMEBOL-2026.pdf,local:Ranking-de-Clubes-CONMEBOL-2026.pdf,2026-04-07T04:36:02.528002+00:00,Colombia,14,1679,CONMEBOL,25,29.1,€288.80m,1679.0,1679.0,14.0,14.0
Universidad Católica,Universidad Católica,Universidad Católica,Universidad Católica,Universidad Católica,Universidad Católica,35,2187.3,Universidad Católica,Universidad Católica,47,1070.5,Chile,2026,1116.8,ranked,35,local:Ranking-de-Clubes-CONMEBOL-2026.pdf,local:Ranking-de-Clubes-CONMEBOL-2026.pdf,2026-04-07T04:36:02.528002+00:00,Chile,52,1462,CONMEBOL,25,29.8,€62.90m,1462.0,1462.0,52.0,52.0
América de Cali,América de Cali,América de Cali,América de Cali,América de Cali,América de Cali,36,2177.3,América de Cali,América de Cali,56,756.5,Colombia,2026,1420.8,ranked,36,local:Ranking-de-Clubes-CONMEBOL-2026.pdf,local:Ranking-de-Clubes-CONMEBOL-2026.pdf,2026-04-07T04:36:02.528002+00:00,Colombia,14,1679,CONMEBOL,25,29.1,€288.80m,1679.0,1679.0,14.0,14.0
San Lorenzo,San Lorenzo,San Lorenzo,San Lorenzo,San Lorenzo,San Lorenzo,37,2168.6,San Lorenzo,San Lorenzo,38,1377.0,Argentina,2026,791.6,ranked,37,local:Ranking-de-Clubes-CONMEBOL-2026.pdf,local:Ranking-de-Clubes-CONMEBOL-2026.pdf,2026-04-07T04:36:02.528002+00:00,Argentina,1,1886,CONMEBOL,25,27.6,€700.30m,1886.0,1886.0,1.0,1.0
Sporting Cristal,Sporting Cristal,Sporting Cristal,Sporting Cristal,Sporting Cristal,Sporting Cristal,38,2064.1,Sporting Cristal,Sporting Cristal,39,1300.1,Peru,2026,764.0,ranked,38,local:Ranking-de-Clubes-CONMEBOL-2026.pdf,local:Ranking-de-Clubes-CONMEBOL-2026.pdf,2026-04-07T04:36:02.528002+00:00,Peru,42,1483,CONMEBOL,28,29.6,€35.73m,1483.0,1483.0,42.0,42.0
Universidad de Chile,Universidad de Chile,Universidad de Chile,Universidad de Chile,Universidad de Chile,Universidad de Chile,39,1885.6,Universidad de Chile,Universidad de Chile,45,1082.0,Chile,2026,803.6,ranked,39,local:Ranking-de-Clubes-CONMEBOL-2026.pdf,local:Ranking-de-Clubes-CONMEBOL-2026.pdf,2026-04-07T04:36:02.528002+00:00,Chile,52,1462,CONMEBOL,25,29.8,€62.90m,1462.0,1462.0,52.0,52.0
Alianza Lima,Alianza Lima,Alianza Lima,Alianza Lima,Alianza Lima,Alianza Lima,40,1879.8,Alianza Lima,Alianza Lima,37,1411.0,Peru,2026,468.8,ranked,40,local:Ranking-de-Clubes-CONMEBOL-2026.pdf,local:Ranking-de-Clubes-CONMEBOL-2026.pdf,2026-04-07T04:36:02.528002+00:00,Peru,42,1483,CONMEBOL,28,29.6,€35.73m,1483.0,1483.0,42.0,42.0
The Strongest,The Strongest,The Strongest,The Strongest,The Strongest,The Strongest,41,1865.3,The Strongest,The Strongest,36,1424.5,Bolivia,2026,440.8,ranked,41,local:Ranking-de-Clubes-CONMEBOL-2026.pdf,local:Ranking-de-Clubes-CONMEBOL-2026.pdf,2026-04-07T04:36:02.528002+00:00,Bolivia,80,1308,CONMEBOL,26,24.4,€14.35m,1308.0,1308.0,80.0,80.0
Emelec,Emelec,Emelec,Emelec,Emelec,Emelec,42,1849.2,Emelec,Emelec,43,1200.8,Ecuador,2026,648.4,ranked,42,local:Ranking-de-Clubes-CONMEBOL-2026.pdf,local:Ranking-de-Clubes-CONMEBOL-2026.pdf,2026-04-07T04:36:02.528002+00:00,Ecuador,24,1568,CONMEBOL,26,25.4,€296.45m,1568.0,1568.0,24.0,24.0
Bragantino,Bragantino,Red Bull Bragantino,Red Bull Bragantino,Bragantino,Red Bull Bragantino,43,1646.9,Bragantino,Red Bull Bragantino,33,1646.9,Brazil,2026,0.0,ranked,43,local:Ranking-de-Clubes-CONMEBOL-2026.pdf,local:Ranking-de-Clubes-CONMEBOL-2026.pdf,2026-04-07T04:36:02.528002+00:00,Brazil,5,1776,CONMEBOL,23,25.8,€995.60m,1776.0,1776.0,5.0,5.0
Guaraní,Guaraní,Club Guaraní,Club Guaraní,Guaraní,Club Guaraní,44,1524.8,Guaraní,Club Guaraní,46,1076.8,Paraguay,2026,448.0,ranked,44,local:Ranking-de-Clubes-CONMEBOL-2026.pdf,local:Ranking-de-Clubes-CONMEBOL-2026.pdf,2026-04-07T04:36:02.528002+00:00,Paraguay,48,1476,CONMEBOL,28,27.9,€134.65m,1476.0,1476.0,48.0,48.0
Independiente Medellín,Independiente Medellín,Independiente Medellín,Independiente Medellín,Independiente Medellín,Independiente Medellín,45,1506.8,Independiente Medellín,Independiente Medellín,40,1280.8,Colombia,2026,226.0,ranked,45,local:Ranking-de-Clubes-CONMEBOL-2026.pdf,local:Ranking-de-Clubes-CONMEBOL-2026.pdf,2026-04-07T04:36:02.528002+00:00,Colombia,14,1679,CONMEBOL,25,29.1,€288.80m,1679.0,1679.0,14.0,14.0
Talleres de Córdoba,Talleres de Córdoba,Talleres de Córdoba,Talleres de Córdoba,Talleres de Córdoba,Talleres de Córdoba,46,1460.4,Talleres de Córdoba,Talleres de Córdoba,35,1444.4,Argentina,2026,16.0,ranked,46,local:Ranking-de-Clubes-CONMEBOL-2026.pdf,local:Ranking-de-Clubes-CONMEBOL-2026.pdf,2026-04-07T04:36:02.528002+00:00,Argentina,1,1886,CONMEBOL,25,27.6,€700.30m,1886.0,1886.0,1.0,1.0
Arg Juniors,Arg Juniors,Argentinos Juniors,Argentinos Juniors,Arg Juniors,Argentinos Juniors,47,1343.1,Arg Juniors,Argentinos Juniors,49,1024.3,Argentina,2026,318.8,ranked,47,local:Ranking-de-Clubes-CONMEBOL-2026.pdf,local:Ranking-de-Clubes-CONMEBOL-2026.pdf,2026-04-07T04:36:02.528002+00:00,Argentina,1,1886,CONMEBOL,25,27.6,€700.30m,1886.0,1886.0,1.0,1.0
Rosario Central,Rosario Central,Rosario Central,Rosario Central,Rosario Central,Rosario Central,48,1339.7,Rosario Central,Rosario Central,50,917.3,Argentina,2026,422.4,ranked,48,local:Ranking-de-Clubes-CONMEBOL-2026.pdf,local:Ranking-de-Clubes-CONMEBOL-2026.pdf,2026-04-07T04:36:02.528002+00:00,Argentina,1,1886,CONMEBOL,25,27.6,€700.30m,1886.0,1886.0,1.0,1.0
Melgar,Melgar,Melgar,Melgar,Melgar,Melgar,49,1309.2,Melgar,Melgar,41,1269.2,Peru,2026,40.0,ranked,49,local:Ranking-de-Clubes-CONMEBOL-2026.pdf,local:Ranking-de-Clubes-CONMEBOL-2026.pdf,2026-04-07T04:36:02.528002+00:00,Peru,42,1483,CONMEBOL,28,29.6,€35.73m,1483.0,1483.0,42.0,42.0
Deportivo Táchira,Deportivo Táchira,Deportivo Táchira,Deportivo Táchira,Deportivo Táchira,Deportivo Táchira,50,1298.0,Deportivo Táchira,Deportivo Táchira,48,1054.0,Venezuela,2026,244.0,ranked,50,local:Ranking-de-Clubes-CONMEBOL-2026.pdf,local:Ranking-de-Clubes-CONMEBOL-2026.pdf,2026-04-07T04:36:02.528002+00:00,Venezuela,47,1477,CONMEBOL,34,27.6,€81.93m,1477.0,1477.0,47.0,47.0
Deportivo Cali,Deportivo Cali,Deportivo Cali,Deportivo Cali,Deportivo Cali,Deportivo Cali,51,1293.4,Deportivo Cali,Deportivo Cali,72,469.4,Colombia,2026,824.0,ranked,51,local:Ranking-de-Clubes-CONMEBOL-2026.pdf,local:Ranking-de-Clubes-CONMEBOL-2026.pdf,2026-04-07T04:36:02.528002+00:00,Colombia,14,1679,CONMEBOL,25,29.1,€288.80m,1679.0,1679.0,14.0,14.0
Palestino,Palestino,Palestino,Palestino,Palestino,Palestino,52,1257.1,Palestino,Palestino,44,1127.1,Chile,2026,130.0,ranked,52,local:Ranking-de-Clubes-CONMEBOL-2026.pdf,local:Ranking-de-Clubes-CONMEBOL-2026.pdf,2026-04-07T04:36:02.528002+00:00,Chile,52,1462,CONMEBOL,25,29.8,€62.90m,1462.0,1462.0,52.0,52.0
Santa Fe,Santa Fe,Independiente Santa Fe,Independiente Santa Fe,Santa Fe,Independiente Santa Fe,53,1175.6,Santa Fe,Independiente Santa Fe,58,733.6,Colombia,2026,442.0,ranked,53,local:Ranking-de-Clubes-CONMEBOL-2026.pdf,local:Ranking-de-Clubes-CONMEBOL-2026.pdf,2026-04-07T04:36:02.528002+00:00,Colombia,14,1679,CONMEBOL,25,29.1,€288.80m,1679.0,1679.0,14.0,14.0
Millonarios,Millonarios,Millonarios,Millonarios,Millonarios,Millonarios,54,1132.1,Millonarios,Millonarios,65,609.3,Colombia,2026,522.8,ranked,54,local:Ranking-de-Clubes-CONMEBOL-2026.pdf,local:Ranking-de-Clubes-CONMEBOL-2026.pdf,2026-04-07T04:36:02.528002+00:00,Colombia,14,1679,CONMEBOL,25,29.1,€288.80m,1679.0,1679.0,14.0,14.0
Wilstermann,Wilstermann,Jorge Wilstermann,Jorge Wilstermann,Wilstermann,Jorge Wilstermann,55,1069.7,Wilstermann,Jorge Wilstermann,57,747.7,Bolivia,2026,322.0,ranked,55,local:Ranking-de-Clubes-CONMEBOL-2026.pdf,local:Ranking-de-Clubes-CONMEBOL-2026.pdf,2026-04-07T04:36:02.528002+00:00,Bolivia,80,1308,CONMEBOL,26,24.4,€14.35m,1308.0,1308.0,80.0,80.0
Caracas FC,Caracas FC,Caracas FC,Caracas FC,Caracas FC,Caracas FC,56,1065.1,Caracas FC,Caracas FC,53,837.1,Venezuela,2026,228.0,ranked,56,local:Ranking-de-Clubes-CONMEBOL-2026.pdf,local:Ranking-de-Clubes-CONMEBOL-2026.pdf,2026-04-07T04:36:02.528002+00:00,Venezuela,47,1477,CONMEBOL,34,27.6,€81.93m,1477.0,1477.0,47.0,47.0
Deportes Tolima,Deportes Tolima,Deportes Tolima,Deportes Tolima,Deportes Tolima,Deportes Tolima,57,1057.7,Deportes Tolima,Deportes Tolima,52,854.9,Colombia,2026,202.8,ranked,57,local:Ranking-de-Clubes-CONMEBOL-2026.pdf,local:Ranking-de-Clubes-CONMEBOL-2026.pdf,2026-04-07T04:36:02.528002+00:00,Colombia,14,1679,CONMEBOL,25,29.1,€288.80m,1679.0,1679.0,14.0,14.0
Once Caldas,Once Caldas,Once Caldas,Once Caldas,Once Caldas,Once Caldas,58,1047.0,Once Caldas,Once Caldas,61,693.0,Colombia,2026,354.0,ranked,58,local:Ranking-de-Clubes-CONMEBOL-2026.pdf,local:Ranking-de-Clubes-CONMEBOL-2026.pdf,2026-04-07T04:36:02.528002+00:00,Colombia,14,1679,CONMEBOL,25,29.1,€288.80m,1679.0,1679.0,14.0,14.0
Newell's Old Boys,Newell's Old Boys,Newell's Old Boys,Newell's Old Boys,Newell's Old Boys,Newell's Old Boys,59,974.5,Newell's Old Boys,Newell's Old Boys,76,453.3,Argentina,2026,521.2,ranked,59,local:Ranking-de-Clubes-CONMEBOL-2026.pdf,local:Ranking-de-Clubes-CONMEBOL-2026.pdf,2026-04-07T04:36:02.528002+00:00,Argentina,1,1886,CONMEBOL,25,27.6,€700.30m,1886.0,1886.0,1.0,1.0
Univ Católica,Univ Católica,Universidad Católica (Ecuador),Universidad Católica (Ecuador),Univ Católica,Universidad Católica (Ecuador),60,953.8,Univ Católica,Universidad Católica (Ecuador),51,913.8,Ecuador,2026,40.0,ranked,60,local:Ranking-de-Clubes-CONMEBOL-2026.pdf,local:Ranking-de-Clubes-CONMEBOL-2026.pdf,2026-04-07T04:36:02.528002+00:00,Ecuador,24,1568,CONMEBOL,26,25.4,€296.45m,1568.0,1568.0,24.0,24.0
Vasco da Gama,Vasco da Gama,Vasco da Gama,Vasco da Gama,Vasco da Gama,Vasco da Gama,61,885.1,Vasco da Gama,Vasco da Gama,80,427.5,Brazil,2026,457.6,ranked,61,local:Ranking-de-Clubes-CONMEBOL-2026.pdf,local:Ranking-de-Clubes-CONMEBOL-2026.pdf,2026-04-07T04:36:02.528002+00:00,Brazil,5,1776,CONMEBOL,23,25.8,€995.60m,1776.0,1776.0,5.0,5.0
Huracán,Huracán,Huracán,Huracán,Huracán,Huracán,62,838.2,Huracán,Huracán,64,653.8,Argentina,2026,184.4,ranked,62,local:Ranking-de-Clubes-CONMEBOL-2026.pdf,local:Ranking-de-Clubes-CONMEBOL-2026.pdf,2026-04-07T04:36:02.528002+00:00,Argentina,1,1886,CONMEBOL,25,27.6,€700.30m,1886.0,1886.0,1.0,1.0
Bahia,Bahia,Bahia,Bahia,Bahia,Bahia,63,831.8,Bahia,Bahia,55,758.2,Brazil,2026,73.6,ranked,63,local:Ranking-de-Clubes-CONMEBOL-2026.pdf,local:Ranking-de-Clubes-CONMEBOL-2026.pdf,2026-04-07T04:36:02.528002+00:00,Brazil,5,1776,CONMEBOL,23,25.8,€995.60m,1776.0,1776.0,5.0,5.0
Always Ready,Always Ready,Always Ready,Always Ready,Always Ready,Always Ready,64,815.0,Always Ready,Always Ready,54,811.0,Bolivia,2026,4.0,ranked,64,local:Ranking-de-Clubes-CONMEBOL-2026.pdf,local:Ranking-de-Clubes-CONMEBOL-2026.pdf,2026-04-07T04:36:02.528002+00:00,Bolivia,80,1308,CONMEBOL,26,24.4,€14.35m,1308.0,1308.0,80.0,80.0
Colón Santa Fe,Colón Santa Fe,Colón Santa Fe,Colón Santa Fe,Colón Santa Fe,Colón Santa Fe,65,749.3,Colón Santa Fe,Colón Santa Fe,60,721.3,Argentina,2026,28.0,ranked,65,local:Ranking-de-Clubes-CONMEBOL-2026.pdf,local:Ranking-de-Clubes-CONMEBOL-2026.pdf,2026-04-07T04:36:02.528002+00:00,Argentina,1,1886,CONMEBOL,25,27.6,€700.30m,1886.0,1886.0,1.0,1.0
Atlético Goianiense,Atlético Goianiense,Atlético Goianiense,Atlético Goianiense,Atlético Goianiense,Atlético Goianiense,66,735.6,Atlético Goianiense,Atlético Goianiense,59,730.8,Brazil,2026,4.8,ranked,66,local:Ranking-de-Clubes-CONMEBOL-2026.pdf,local:Ranking-de-Clubes-CONMEBOL-2026.pdf,2026-04-07T04:36:02.528002+00:00,Brazil,5,1776,CONMEBOL,23,25.8,€995.60m,1776.0,1776.0,5.0,5.0
Godoy Cruz,Godoy Cruz,Godoy Cruz,Godoy Cruz,Godoy Cruz,Godoy Cruz,67,711.3,Godoy Cruz,Godoy Cruz,62,670.5,Argentina,2026,40.8,ranked,67,local:Ranking-de-Clubes-CONMEBOL-2026.pdf,local:Ranking-de-Clubes-CONMEBOL-2026.pdf,2026-04-07T04:36:02.528002+00:00,Argentina,1,1886,CONMEBOL,25,27.6,€700.30m,1886.0,1886.0,1.0,1.0
Deportivo Pereira,Deportivo Pereira,Deportivo Pereira,Deportivo Pereira,Deportivo Pereira,Deportivo Pereira,68,657.5,Deportivo Pereira,Deportivo Pereira,63,657.5,Colombia,2026,0.0,ranked,68,local:Ranking-de-Clubes-CONMEBOL-2026.pdf,local:Ranking-de-Clubes-CONMEBOL-2026.pdf,2026-04-07T04:36:02.528002+00:00,Colombia,14,1679,CONMEBOL,25,29.1,€288.80m,1679.0,1679.0,14.0,14.0
Unión Española,Unión Española,Unión Española,Unión Española,Unión Española,Unión Española,69,652.4,Unión Española,Unión Española,111,212.0,Chile,2026,440.4,ranked,69,local:Ranking-de-Clubes-CONMEBOL-2026.pdf,local:Ranking-de-Clubes-CONMEBOL-2026.pdf,2026-04-07T04:36:02.528002+00:00,Chile,52,1462,CONMEBOL,25,29.8,€62.90m,1462.0,1462.0,52.0,52.0
El Nacional,El Nacional,El Nacional,El Nacional,El Nacional,El Nacional,70,639.3,El Nacional,El Nacional,150,84.5,Ecuador,2026,554.8,ranked,70,local:Ranking-de-Clubes-CONMEBOL-2026.pdf,local:Ranking-de-Clubes-CONMEBOL-2026.pdf,2026-04-07T04:36:02.528002+00:00,Ecuador,24,1568,CONMEBOL,26,25.4,€296.45m,1568.0,1568.0,24.0,24.0
Huachipato,Huachipato,Huachipato,Huachipato,Huachipato,Huachipato,71,630.1,Huachipato,Huachipato,68,582.1,Chile,2026,48.0,ranked,71,local:Ranking-de-Clubes-CONMEBOL-2026.pdf,local:Ranking-de-Clubes-CONMEBOL-2026.pdf,2026-04-07T04:36:02.528002+00:00,Chile,52,1462,CONMEBOL,25,29.8,€62.90m,1462.0,1462.0,52.0,52.0
Cobreloa,Cobreloa,Cobreloa,Cobreloa,Cobreloa,Cobreloa,72,626.0,Cobreloa,Cobreloa,220,0.0,Chile,2026,626.0,ranked,72,local:Ranking-de-Clubes-CONMEBOL-2026.pdf,local:Ranking-de-Clubes-CONMEBOL-2026.pdf,2026-04-07T04:36:02.528002+00:00,Chile,52,1462,CONMEBOL,25,29.8,€62.90m,1462.0,1462.0,52.0,52.0
Ceará,Ceará,Ceará,Ceará,Ceará,Ceará,73,607.2,Ceará,Ceará,66,607.2,Brazil,2026,0.0,ranked,73,local:Ranking-de-Clubes-CONMEBOL-2026.pdf,local:Ranking-de-Clubes-CONMEBOL-2026.pdf,2026-04-07T04:36:02.528002+00:00,Brazil,5,1776,CONMEBOL,23,25.8,€995.60m,1776.0,1776.0,5.0,5.0
Cen. Córdoba-SdE,Cen. Córdoba-SdE,Central Córdoba,Central Córdoba,Cen. Córdoba-SdE,Central Córdoba,74,600.0,Cen. Córdoba-SdE,Central Córdoba,67,600.0,Argentina,2026,0.0,ranked,74,local:Ranking-de-Clubes-CONMEBOL-2026.pdf,local:Ranking-de-Clubes-CONMEBOL-2026.pdf,2026-04-07T04:36:02.528002+00:00,Argentina,1,1886,CONMEBOL,25,27.6,€700.30m,1886.0,1886.0,1.0,1.0
América,América,América,América,América,América,75,581.7,América,América,153,72.5,Mexico,2026,509.2,ranked,75,local:Ranking-de-Clubes-CONMEBOL-2026.pdf,local:Ranking-de-Clubes-CONMEBOL-2026.pdf,2026-04-07T04:36:02.528002+00:00,Mexico,17,1647,CONCACAF,23,27.1,€199.50m,1647.0,1647.0,17.0,17.0
Cienciano,Cienciano,Cienciano,Cienciano,Cienciano,Cienciano,76,553.9,Cienciano,Cienciano,88,349.5,Peru,2026,204.4,ranked,76,local:Ranking-de-Clubes-CONMEBOL-2026.pdf,local:Ranking-de-Clubes-CONMEBOL-2026.pdf,2026-04-07T04:36:02.528002+00:00,Peru,42,1483,CONMEBOL,28,29.6,€35.73m,1483.0,1483.0,42.0,42.0
Danubio,Danubio,Danubio,Danubio,Danubio,Danubio,77,547.6,Danubio,Danubio,86,385.6,Uruguay,2026,162.0,ranked,77,local:Ranking-de-Clubes-CONMEBOL-2026.pdf,local:Ranking-de-Clubes-CONMEBOL-2026.pdf,2026-04-07T04:36:02.528002+00:00,Uruguay,13,1679,CONMEBOL,24,27.0,€446.80m,1679.0,1679.0,13.0,13.0
América Mineiro,América Mineiro,América Mineiro,América Mineiro,América Mineiro,América Mineiro,78,546.7,América Mineiro,América Mineiro,69,546.7,Brazil,2026,0.0,ranked,78,local:Ranking-de-Clubes-CONMEBOL-2026.pdf,local:Ranking-de-Clubes-CONMEBOL-2026.pdf,2026-04-07T04:36:02.528002+00:00,Brazil,5,1776,CONMEBOL,23,25.8,€995.60m,1776.0,1776.0,5.0,5.0
Delfín,Delfín,Delfín,Delfín,Delfín,Delfín,79,539.6,Delfín,Delfín,70,539.6,Ecuador,2026,0.0,ranked,79,local:Ranking-de-Clubes-CONMEBOL-2026.pdf,local:Ranking-de-Clubes-CONMEBOL-2026.pdf,2026-04-07T04:36:02.528002+00:00,Ecuador,24,1568,CONMEBOL,26,25.4,€296.45m,1568.0,1568.0,24.0,24.0
Defensor Sporting,Defensor Sporting,Defensor Sporting Club,Defensor Sporting Club,Defensor Sporting,Defensor Sporting Club,80,538.6,Defensor Sporting,Defensor Sporting Club,129,143.0,Uruguay,2026,395.6,ranked,80,local:Ranking-de-Clubes-CONMEBOL-2026.pdf,local:Ranking-de-Clubes-CONMEBOL-2026.pdf,2026-04-07T04:36:02.528002+00:00,Uruguay,13,1679,CONMEBOL,24,27.0,€446.80m,1679.0,1679.0,13.0,13.0
Unión La Calera,Unión La Calera,Unión La Calera,Unión La Calera,Unión La Calera,Unión La Calera,81,494.7,Unión La Calera,Unión La Calera,71,494.7,Chile,2026,0.0,ranked,81,local:Ranking-de-Clubes-CONMEBOL-2026.pdf,local:Ranking-de-Clubes-CONMEBOL-2026.pdf,2026-04-07T04:36:02.528002+00:00,Chile,52,1462,CONMEBOL,25,29.8,€62.90m,1462.0,1462.0,52.0,52.0
Coquimbo Unido,Coquimbo Unido,Coquimbo Unido,Coquimbo Unido,Coquimbo Unido,Coquimbo Unido,82,475.4,Coquimbo Unido,Coquimbo Unido,74,463.4,Chile,2026,12.0,ranked,82,local:Ranking-de-Clubes-CONMEBOL-2026.pdf,local:Ranking-de-Clubes-CONMEBOL-2026.pdf,2026-04-07T04:36:02.528002+00:00,Chile,52,1462,CONMEBOL,25,29.8,€62.90m,1462.0,1462.0,52.0,52.0
Mushuc Runa,Mushuc Runa,Mushuc Runa,Mushuc Runa,Mushuc Runa,Mushuc Runa,83,463.5,Mushuc Runa,Mushuc Runa,73,463.5,Ecuador,2026,0.0,ranked,83,local:Ranking-de-Clubes-CONMEBOL-2026.pdf,local:Ranking-de-Clubes-CONMEBOL-2026.pdf,2026-04-07T04:36:02.528002+00:00,Ecuador,24,1568,CONMEBOL,26,25.4,€296.45m,1568.0,1568.0,24.0,24.0
Racing,Racing,Racing Club (Montevideo),Racing Club (Montevideo),Racing,Racing Club (Montevideo),84,460.5,Racing,Racing Club (Montevideo),77,436.5,Uruguay,2026,24.0,ranked,84,local:Ranking-de-Clubes-CONMEBOL-2026.pdf,local:Ranking-de-Clubes-CONMEBOL-2026.pdf,2026-04-07T04:36:02.528002+00:00,Uruguay,13,1679,CONMEBOL,24,27.0,€446.80m,1679.0,1679.0,13.0,13.0
Liverpool FC (Montevideo),Liverpool FC (Montevideo),Liverpool FC (Montevideo),Liverpool FC (Montevideo),Liverpool FC (Montevideo),Liverpool FC (Montevideo),85,456.0,Liverpool FC (Montevideo),Liverpool FC (Montevideo),75,456.0,Uruguay,2026,0.0,ranked,85,local:Ranking-de-Clubes-CONMEBOL-2026.pdf,local:Ranking-de-Clubes-CONMEBOL-2026.pdf,2026-04-07T04:36:02.528002+00:00,Uruguay,13,1679,CONMEBOL,24,27.0,€446.80m,1679.0,1679.0,13.0,13.0
Bucaramanga,Bucaramanga,Bucaramanga,Bucaramanga,Bucaramanga,Bucaramanga,86,450.5,Bucaramanga,Bucaramanga,79,430.5,Colombia,2026,20.0,ranked,86,local:Ranking-de-Clubes-CONMEBOL-2026.pdf,local:Ranking-de-Clubes-CONMEBOL-2026.pdf,2026-04-07T04:36:02.528002+00:00,Colombia,14,1679,CONMEBOL,25,29.1,€288.80m,1679.0,1679.0,14.0,14.0
Oriente Petrolero,Oriente Petrolero,Oriente Petrolero,Oriente Petrolero,Oriente Petrolero,Oriente Petrolero,87,439.0,Oriente Petrolero,Oriente Petrolero,130,139.0,Bolivia,2026,300.0,ranked,87,local:Ranking-de-Clubes-CONMEBOL-2026.pdf,local:Ranking-de-Clubes-CONMEBOL-2026.pdf,2026-04-07T04:36:02.528002+00:00,Bolivia,80,1308,CONMEBOL,26,24.4,€14.35m,1308.0,1308.0,80.0,80.0
Arsenal de Sarandí,Arsenal de Sarandí,Arsenal de Sarandí,Arsenal de Sarandí,Arsenal de Sarandí,Arsenal de Sarandí,88,436.2,Arsenal de Sarandí,Arsenal de Sarandí,113,204.6,Argentina,2026,231.6,ranked,88,local:Ranking-de-Clubes-CONMEBOL-2026.pdf,local:Ranking-de-Clubes-CONMEBOL-2026.pdf,2026-04-07T04:36:02.528002+00:00,Argentina,1,1886,CONMEBOL,25,27.6,€700.30m,1886.0,1886.0,1.0,1.0
Cuiabá,Cuiabá,Cuiabá,Cuiabá,Cuiabá,Cuiabá,89,434.7,Cuiabá,Cuiabá,78,434.7,Brazil,2026,0.0,ranked,89,local:Ranking-de-Clubes-CONMEBOL-2026.pdf,local:Ranking-de-Clubes-CONMEBOL-2026.pdf,2026-04-07T04:36:02.528002+00:00,Brazil,5,1776,CONMEBOL,23,25.8,€995.60m,1776.0,1776.0,5.0,5.0
Nacional Asunción,Nacional Asunción,Nacional (Asunción),Nacional (Asunción),Nacional Asunción,Nacional (Asunción),90,430.8,Nacional Asunción,Nacional (Asunción),103,242.8,Paraguay,2026,188.0,ranked,90,local:Ranking-de-Clubes-CONMEBOL-2026.pdf,local:Ranking-de-Clubes-CONMEBOL-2026.pdf,2026-04-07T04:36:02.528002+00:00,Paraguay,48,1476,CONMEBOL,28,27.9,€134.65m,1476.0,1476.0,48.0,48.0
Unión Santa Fe,Unión Santa Fe,Unión Santa Fe,Unión Santa Fe,Unión Santa Fe,Unión Santa Fe,91,422.7,Unión Santa Fe,Unión Santa Fe,81,422.7,Argentina,2026,0.0,ranked,91,local:Ranking-de-Clubes-CONMEBOL-2026.pdf,local:Ranking-de-Clubes-CONMEBOL-2026.pdf,2026-04-07T04:36:02.528002+00:00,Argentina,1,1886,CONMEBOL,25,27.6,€700.30m,1886.0,1886.0,1.0,1.0
Nacional Potosí,Nacional Potosí,Nacional Potosí,Nacional Potosí,Nacional Potosí,Nacional Potosí,92,420.5,Nacional Potosí,Nacional Potosí,82,420.5,Bolivia,2026,0.0,ranked,92,local:Ranking-de-Clubes-CONMEBOL-2026.pdf,local:Ranking-de-Clubes-CONMEBOL-2026.pdf,2026-04-07T04:36:02.528002+00:00,Bolivia,80,1308,CONMEBOL,26,24.4,€14.35m,1308.0,1308.0,80.0,80.0
Metropolitanos,Metropolitanos,Metropolitanos,Metropolitanos,Metropolitanos,Metropolitanos,93,410.2,Metropolitanos,Metropolitanos,83,410.2,Venezuela,2026,0.0,ranked,93,local:Ranking-de-Clubes-CONMEBOL-2026.pdf,local:Ranking-de-Clubes-CONMEBOL-2026.pdf,2026-04-07T04:36:02.528002+00:00,Venezuela,47,1477,CONMEBOL,34,27.6,€81.93m,1477.0,1477.0,47.0,47.0
Guadalajara,Guadalajara,Guadalajara,Guadalajara,Guadalajara,Guadalajara,94,408.6,Guadalajara,Guadalajara,200,5.0,Mexico,2026,403.6,ranked,94,local:Ranking-de-Clubes-CONMEBOL-2026.pdf,local:Ranking-de-Clubes-CONMEBOL-2026.pdf,2026-04-07T04:36:02.528002+00:00,Mexico,17,1647,CONCACAF,23,27.1,€199.50m,1647.0,1647.0,17.0,17.0
Montevideo Wanderers,Montevideo Wanderers,Montevideo Wanderers,Montevideo Wanderers,Montevideo Wanderers,Montevideo Wanderers,95,403.6,Montevideo Wanderers,Montevideo Wanderers,101,251.6,Uruguay,2026,152.0,ranked,95,local:Ranking-de-Clubes-CONMEBOL-2026.pdf,local:Ranking-de-Clubes-CONMEBOL-2026.pdf,2026-04-07T04:36:02.528002+00:00,Uruguay,13,1679,CONMEBOL,24,27.0,€446.80m,1679.0,1679.0,13.0,13.0
Goiás,Goiás,Goiás,Goiás,Goiás,Goiás,96,397.9,Goiás,Goiás,97,276.3,Brazil,2026,121.6,ranked,96,local:Ranking-de-Clubes-CONMEBOL-2026.pdf,local:Ranking-de-Clubes-CONMEBOL-2026.pdf,2026-04-07T04:36:02.528002+00:00,Brazil,5,1776,CONMEBOL,23,25.8,€995.60m,1776.0,1776.0,5.0,5.0
Tigre,Tigre,Tigre,Tigre,Tigre,Tigre,97,397.2,Tigre,Tigre,95,300.4,Argentina,2026,96.8,ranked,97,local:Ranking-de-Clubes-CONMEBOL-2026.pdf,local:Ranking-de-Clubes-CONMEBOL-2026.pdf,2026-04-07T04:36:02.528002+00:00,Argentina,1,1886,CONMEBOL,25,27.6,€700.30m,1886.0,1886.0,1.0,1.0
Ñublense,Ñublense,Ñublense,Ñublense,Ñublense,Ñublense,98,387.5,Ñublense,Ñublense,84,387.5,Chile,2026,0.0,ranked,98,local:Ranking-de-Clubes-CONMEBOL-2026.pdf,local:Ranking-de-Clubes-CONMEBOL-2026.pdf,2026-04-07T04:36:02.528002+00:00,Chile,52,1462,CONMEBOL,25,29.8,€62.90m,1462.0,1462.0,52.0,52.0
Sportivo Ameliano,Sportivo Ameliano,Sportivo Ameliano,Sportivo Ameliano,Sportivo Ameliano,Sportivo Ameliano,99,386.1,Sportivo Ameliano,Sportivo Ameliano,85,386.1,Paraguay,2026,0.0,ranked,99,local:Ranking-de-Clubes-CONMEBOL-2026.pdf,local:Ranking-de-Clubes-CONMEBOL-2026.pdf,2026-04-07T04:36:02.528002+00:00,Paraguay,48,1476,CONMEBOL,28,27.9,€134.65m,1476.0,1476.0,48.0,48.0
Audax Italiano,Audax Italiano,Audax Italiano,Audax Italiano,Audax Italiano,Audax Italiano,100,362.3,Audax Italiano,Audax Italiano,94,310.3,Chile,2026,52.0,ranked,100,local:Ranking-de-Clubes-CONMEBOL-2026.pdf,local:Ranking-de-Clubes-CONMEBOL-2026.pdf,2026-04-07T04:36:02.528002+00:00,Chile,52,1462,CONMEBOL,25,29.8,€62.90m,1462.0,1462.0,52.0,52.0
Aucas,Aucas,Aucas,Aucas,Aucas,Aucas,101,360.1,Aucas,Aucas,87,360.1,Ecuador,2026,0.0,ranked,101,local:Ranking-de-Clubes-CONMEBOL-2026.pdf,local:Ranking-de-Clubes-CONMEBOL-2026.pdf,2026-04-07T04:36:02.528002+00:00,Ecuador,24,1568,CONMEBOL,26,25.4,€296.45m,1568.0,1568.0,24.0,24.0
Estudiantes Mérida,Estudiantes Mérida,Estudiantes de Mérida,Estudiantes de Mérida,Estudiantes Mérida,Estudiantes de Mérida,102,344.9,Estudiantes Mérida,Estudiantes de Mérida,104,236.9,Venezuela,2026,108.0,ranked,102,local:Ranking-de-Clubes-CONMEBOL-2026.pdf,local:Ranking-de-Clubes-CONMEBOL-2026.pdf,2026-04-07T04:36:02.528002+00:00,Venezuela,47,1477,CONMEBOL,34,27.6,€81.93m,1477.0,1477.0,47.0,47.0
Atlé Tucumán,Atlé Tucumán,Atlético Tucumán,Atlético Tucumán,Atlé Tucumán,Atlético Tucumán,103,337.6,Atlé Tucumán,Atlético Tucumán,89,337.6,Argentina,2026,0.0,ranked,103,local:Ranking-de-Clubes-CONMEBOL-2026.pdf,local:Ranking-de-Clubes-CONMEBOL-2026.pdf,2026-04-07T04:36:02.528002+00:00,Argentina,1,1886,CONMEBOL,25,27.6,€700.30m,1886.0,1886.0,1.0,1.0
Cerro Largo,Cerro Largo,Cerro Largo,Cerro Largo,Cerro Largo,Cerro Largo,104,324.5,Cerro Largo,Cerro Largo,90,324.5,Uruguay,2026,0.0,ranked,104,local:Ranking-de-Clubes-CONMEBOL-2026.pdf,local:Ranking-de-Clubes-CONMEBOL-2026.pdf,2026-04-07T04:36:02.528002+00:00,Uruguay,13,1679,CONMEBOL,24,27.0,€446.80m,1679.0,1679.0,13.0,13.0
Monagas,Monagas,Monagas,Monagas,Monagas,Monagas,105,320.5,Monagas,Monagas,91,320.5,Venezuela,2026,0.0,ranked,105,local:Ranking-de-Clubes-CONMEBOL-2026.pdf,local:Ranking-de-Clubes-CONMEBOL-2026.pdf,2026-04-07T04:36:02.528002+00:00,Venezuela,47,1477,CONMEBOL,34,27.6,€81.93m,1477.0,1477.0,47.0,47.0
San Antonio Bulo Bulo,San Antonio Bulo Bulo,San Antonio Bulo Bulo,San Antonio Bulo Bulo,San Antonio Bulo Bulo,San Antonio Bulo Bulo,106,320.0,San Antonio Bulo Bulo,San Antonio Bulo Bulo,92,320.0,Bolivia,2026,0.0,ranked,106,local:Ranking-de-Clubes-CONMEBOL-2026.pdf,local:Ranking-de-Clubes-CONMEBOL-2026.pdf,2026-04-07T04:36:02.528002+00:00,Bolivia,80,1308,CONMEBOL,26,24.4,€14.35m,1308.0,1308.0,80.0,80.0
Belgrano,Belgrano,Belgrano,Belgrano,Belgrano,Belgrano,107,314.7,Belgrano,Belgrano,93,314.7,Argentina,2026,0.0,ranked,107,local:Ranking-de-Clubes-CONMEBOL-2026.pdf,local:Ranking-de-Clubes-CONMEBOL-2026.pdf,2026-04-07T04:36:02.528002+00:00,Argentina,1,1886,CONMEBOL,25,27.6,€700.30m,1886.0,1886.0,1.0,1.0
Sportivo Luqueño,Sportivo Luqueño,Sportivo Luqueño,Sportivo Luqueño,Sportivo Luqueño,Sportivo Luqueño,108,303.4,Sportivo Luqueño,Sportivo Luqueño,108,228.6,Paraguay,2026,74.8,ranked,108,local:Ranking-de-Clubes-CONMEBOL-2026.pdf,local:Ranking-de-Clubes-CONMEBOL-2026.pdf,2026-04-07T04:36:02.528002+00:00,Paraguay,48,1476,CONMEBOL,28,27.9,€134.65m,1476.0,1476.0,48.0,48.0
Universidad César Vallejo,Universidad César Vallejo,Universidad César Vallejo,Universidad César Vallejo,Universidad César Vallejo,Universidad César Vallejo,109,289.7,Universidad César Vallejo,Universidad César Vallejo,96,284.9,Peru,2026,4.8,ranked,109,local:Ranking-de-Clubes-CONMEBOL-2026.pdf,local:Ranking-de-Clubes-CONMEBOL-2026.pdf,2026-04-07T04:36:02.528002+00:00,Peru,42,1483,CONMEBOL,28,29.6,€35.73m,1483.0,1483.0,42.0,42.0
Blooming,Blooming,Blooming,Blooming,Blooming,Blooming,110,287.7,Blooming,Blooming,140,117.7,Bolivia,2026,170.0,ranked,110,local:Ranking-de-Clubes-CONMEBOL-2026.pdf,local:Ranking-de-Clubes-CONMEBOL-2026.pdf,2026-04-07T04:36:02.528002+00:00,Bolivia,80,1308,CONMEBOL,26,24.4,€14.35m,1308.0,1308.0,80.0,80.0
Tigres,Tigres,Tigres,Tigres,Tigres,Tigres,111,281.5,Tigres,Tigres,161,37.5,Mexico,2026,244.0,ranked,111,local:Ranking-de-Clubes-CONMEBOL-2026.pdf,local:Ranking-de-Clubes-CONMEBOL-2026.pdf,2026-04-07T04:36:02.528002+00:00,Mexico,17,1647,CONCACAF,23,27.1,€199.50m,1647.0,1647.0,17.0,17.0
Patronato,Patronato,Patronato,Patronato,Patronato,Patronato,112,275.2,Patronato,Patronato,98,275.2,Argentina,2026,0.0,ranked,112,local:Ranking-de-Clubes-CONMEBOL-2026.pdf,local:Ranking-de-Clubes-CONMEBOL-2026.pdf,2026-04-07T04:36:02.528002+00:00,Argentina,1,1886,CONMEBOL,25,27.6,€700.30m,1886.0,1886.0,1.0,1.0
Everton,Everton,Everton de Viña del Mar,Everton de Viña del Mar,Everton,Everton de Viña del Mar,113,273.9,Everton,Everton de Viña del Mar,107,229.9,Chile,2026,44.0,ranked,113,local:Ranking-de-Clubes-CONMEBOL-2026.pdf,local:Ranking-de-Clubes-CONMEBOL-2026.pdf,2026-04-07T04:36:02.528002+00:00,Chile,52,1462,CONMEBOL,25,29.8,€62.90m,1462.0,1462.0,52.0,52.0
Dep. La Guaira,Dep. La Guaira,Deportivo La Guaira,Deportivo La Guaira,Dep. La Guaira,Deportivo La Guaira,114,272.3,Dep. La Guaira,Deportivo La Guaira,99,272.3,Venezuela,2026,0.0,ranked,114,local:Ranking-de-Clubes-CONMEBOL-2026.pdf,local:Ranking-de-Clubes-CONMEBOL-2026.pdf,2026-04-07T04:36:02.528002+00:00,Venezuela,47,1477,CONMEBOL,34,27.6,€81.93m,1477.0,1477.0,47.0,47.0
Banfield,Banfield,Banfield,Banfield,Banfield,Banfield,115,271.1,Banfield,Banfield,125,147.9,Argentina,2026,123.2,ranked,115,local:Ranking-de-Clubes-CONMEBOL-2026.pdf,local:Ranking-de-Clubes-CONMEBOL-2026.pdf,2026-04-07T04:36:02.528002+00:00,Argentina,1,1886,CONMEBOL,25,27.6,€700.30m,1886.0,1886.0,1.0,1.0
Puerto Cabello,Puerto Cabello,Puerto Cabello,Puerto Cabello,Puerto Cabello,Puerto Cabello,116,262.5,Puerto Cabello,Puerto Cabello,100,262.5,Venezuela,2026,0.0,ranked,116,local:Ranking-de-Clubes-CONMEBOL-2026.pdf,local:Ranking-de-Clubes-CONMEBOL-2026.pdf,2026-04-07T04:36:02.528002+00:00,Venezuela,47,1477,CONMEBOL,34,27.6,€81.93m,1477.0,1477.0,47.0,47.0
River Plate (Montevideo),River Plate (Montevideo),River Plate (Montevideo),River Plate (Montevideo),River Plate (Montevideo),River Plate (Montevideo),117,258.5,River Plate (Montevideo),River Plate (Montevideo),109,223.7,Uruguay,2026,34.8,ranked,117,local:Ranking-de-Clubes-CONMEBOL-2026.pdf,local:Ranking-de-Clubes-CONMEBOL-2026.pdf,2026-04-07T04:36:02.528002+00:00,Uruguay,13,1679,CONMEBOL,24,27.0,€446.80m,1679.0,1679.0,13.0,13.0
Deportes Iquique,Deportes Iquique,Deportes Iquique,Deportes Iquique,Deportes Iquique,Deportes Iquique,118,244.0,Deportes Iquique,Deportes Iquique,105,236.0,Chile,2026,8.0,ranked,118,local:Ranking-de-Clubes-CONMEBOL-2026.pdf,local:Ranking-de-Clubes-CONMEBOL-2026.pdf,2026-04-07T04:36:02.528002+00:00,Chile,52,1462,CONMEBOL,25,29.8,€62.90m,1462.0,1462.0,52.0,52.0
La Equidad,La Equidad,La Equidad,La Equidad,La Equidad,La Equidad,119,243.9,La Equidad,La Equidad,102,243.9,Colombia,2026,0.0,ranked,119,local:Ranking-de-Clubes-CONMEBOL-2026.pdf,local:Ranking-de-Clubes-CONMEBOL-2026.pdf,2026-04-07T04:36:02.528002+00:00,Colombia,14,1679,CONMEBOL,25,29.1,€288.80m,1679.0,1679.0,14.0,14.0
Cruz Azul,Cruz Azul,Cruz Azul,Cruz Azul,Cruz Azul,Cruz Azul,120,243.0,Cruz Azul,Cruz Azul,183,15.0,Mexico,2026,228.0,ranked,120,local:Ranking-de-Clubes-CONMEBOL-2026.pdf,local:Ranking-de-Clubes-CONMEBOL-2026.pdf,2026-04-07T04:36:02.528002+00:00,Mexico,17,1647,CONCACAF,23,27.1,€199.50m,1647.0,1647.0,17.0,17.0
Portuguesa,Portuguesa,Portuguesa FC (Venezuela),Portuguesa FC (Venezuela),Portuguesa,Portuguesa FC (Venezuela),121,240.5,Portuguesa,Portuguesa FC (Venezuela),174,22.5,Venezuela,2026,218.0,ranked,121,local:Ranking-de-Clubes-CONMEBOL-2026.pdf,local:Ranking-de-Clubes-CONMEBOL-2026.pdf,2026-04-07T04:36:02.528002+00:00,Venezuela,47,1477,CONMEBOL,34,27.6,€81.93m,1477.0,1477.0,47.0,47.0
Deportivo Lara,Deportivo Lara,Deportivo Lara,Deportivo Lara,Deportivo Lara,Deportivo Lara,122,234.0,Deportivo Lara,Deportivo Lara,110,222.0,Venezuela,2026,12.0,ranked,122,local:Ranking-de-Clubes-CONMEBOL-2026.pdf,local:Ranking-de-Clubes-CONMEBOL-2026.pdf,2026-04-07T04:36:02.528002+00:00,Venezuela,47,1477,CONMEBOL,34,27.6,€81.93m,1477.0,1477.0,47.0,47.0
Boston River,Boston River,Boston River,Boston River,Boston River,Boston River,123,232.5,Boston River,Boston River,106,232.5,Uruguay,2026,0.0,ranked,123,local:Ranking-de-Clubes-CONMEBOL-2026.pdf,local:Ranking-de-Clubes-CONMEBOL-2026.pdf,2026-04-07T04:36:02.528002+00:00,Uruguay,13,1679,CONMEBOL,24,27.0,€446.80m,1679.0,1679.0,13.0,13.0
São Caetano,São Caetano,São Caetano,São Caetano,São Caetano,São Caetano,124,228.0,São Caetano,São Caetano,221,0.0,Brazil,2026,228.0,ranked,124,local:Ranking-de-Clubes-CONMEBOL-2026.pdf,local:Ranking-de-Clubes-CONMEBOL-2026.pdf,2026-04-07T04:36:02.528002+00:00,Brazil,5,1776,CONMEBOL,23,25.8,€995.60m,1776.0,1776.0,5.0,5.0
Chapecoense,Chapecoense,Chapecoense,Chapecoense,Chapecoense,Chapecoense,125,214.8,Chapecoense,Chapecoense,112,205.2,Brazil,2026,9.6,ranked,125,local:Ranking-de-Clubes-CONMEBOL-2026.pdf,local:Ranking-de-Clubes-CONMEBOL-2026.pdf,2026-04-07T04:36:02.528002+00:00,Brazil,5,1776,CONMEBOL,23,25.8,€995.60m,1776.0,1776.0,5.0,5.0
Toluca,Toluca,Toluca,Toluca,Toluca,Toluca,126,210.4,Toluca,Toluca,143,114.0,Mexico,2026,96.4,ranked,126,local:Ranking-de-Clubes-CONMEBOL-2026.pdf,local:Ranking-de-Clubes-CONMEBOL-2026.pdf,2026-04-07T04:36:02.528002+00:00,Mexico,17,1647,CONCACAF,23,27.1,€199.50m,1647.0,1647.0,17.0,17.0
Club San José,Club San José,Club San José,Club San José,Club San José,Club San José,127,201.3,Club San José,Club San José,144,112.5,Bolivia,2026,88.8,ranked,127,local:Ranking-de-Clubes-CONMEBOL-2026.pdf,local:Ranking-de-Clubes-CONMEBOL-2026.pdf,2026-04-07T04:36:02.528002+00:00,Bolivia,80,1308,CONMEBOL,26,24.4,€14.35m,1308.0,1308.0,80.0,80.0
Carabobo,Carabobo,Carabobo,Carabobo,Carabobo,Carabobo,128,198.5,Carabobo,Carabobo,114,198.5,Venezuela,2026,0.0,ranked,128,local:Ranking-de-Clubes-CONMEBOL-2026.pdf,local:Ranking-de-Clubes-CONMEBOL-2026.pdf,2026-04-07T04:36:02.528002+00:00,Venezuela,47,1477,CONMEBOL,34,27.6,€81.93m,1477.0,1477.0,47.0,47.0
Pumas UNAM,Pumas UNAM,Pumas UNAM,Pumas UNAM,Pumas UNAM,Pumas UNAM,129,197.6,Pumas UNAM,Pumas UNAM,147,96.0,Mexico,2026,101.6,ranked,129,local:Ranking-de-Clubes-CONMEBOL-2026.pdf,local:Ranking-de-Clubes-CONMEBOL-2026.pdf,2026-04-07T04:36:02.528002+00:00,Mexico,17,1647,CONCACAF,23,27.1,€199.50m,1647.0,1647.0,17.0,17.0
Guaireña,Guaireña,Guaireña,Guaireña,Guaireña,Guaireña,130,195.9,Guaireña,Guaireña,115,195.9,Paraguay,2026,0.0,ranked,130,local:Ranking-de-Clubes-CONMEBOL-2026.pdf,local:Ranking-de-Clubes-CONMEBOL-2026.pdf,2026-04-07T04:36:02.528002+00:00,Paraguay,48,1476,CONMEBOL,28,27.9,€134.65m,1476.0,1476.0,48.0,48.0
Cobresal,Cobresal,Cobresal,Cobresal,Cobresal,Cobresal,131,193.0,Cobresal,Cobresal,121,165.0,Chile,2026,28.0,ranked,131,local:Ranking-de-Clubes-CONMEBOL-2026.pdf,local:Ranking-de-Clubes-CONMEBOL-2026.pdf,2026-04-07T04:36:02.528002+00:00,Chile,52,1462,CONMEBOL,25,29.8,€62.90m,1462.0,1462.0,52.0,52.0
Vitória,Vitória,Vitória,Vitória,Vitória,Vitória,132,186.3,Vitória,Vitória,116,181.5,Brazil,2026,4.8,ranked,132,local:Ranking-de-Clubes-CONMEBOL-2026.pdf,local:Ranking-de-Clubes-CONMEBOL-2026.pdf,2026-04-07T04:36:02.528002+00:00,Brazil,5,1776,CONMEBOL,23,25.8,€995.60m,1776.0,1776.0,5.0,5.0
Deportivo Quito,Deportivo Quito,Deportivo Quito,Deportivo Quito,Deportivo Quito,Deportivo Quito,133,180.8,Deportivo Quito,Deportivo Quito,222,0.0,Ecuador,2026,180.8,ranked,133,local:Ranking-de-Clubes-CONMEBOL-2026.pdf,local:Ranking-de-Clubes-CONMEBOL-2026.pdf,2026-04-07T04:36:02.528002+00:00,Ecuador,24,1568,CONMEBOL,26,25.4,€296.45m,1568.0,1568.0,24.0,24.0
Atlético Grau,Atlético Grau,Atlético Grau,Atlético Grau,Atlético Grau,Atlético Grau,134,178.5,Atlético Grau,Atlético Grau,117,178.5,Peru,2026,0.0,ranked,134,local:Ranking-de-Clubes-CONMEBOL-2026.pdf,local:Ranking-de-Clubes-CONMEBOL-2026.pdf,2026-04-07T04:36:02.528002+00:00,Peru,42,1483,CONMEBOL,28,29.6,€35.73m,1483.0,1483.0,42.0,42.0
Torque,Torque,Montevideo City Torque,Montevideo City Torque,Torque,Montevideo City Torque,135,177.7,Torque,Montevideo City Torque,118,177.7,Uruguay,2026,0.0,ranked,135,local:Ranking-de-Clubes-CONMEBOL-2026.pdf,local:Ranking-de-Clubes-CONMEBOL-2026.pdf,2026-04-07T04:36:02.528002+00:00,Uruguay,13,1679,CONMEBOL,24,27.0,€446.80m,1679.0,1679.0,13.0,13.0
Deportivo Garcilaso,Deportivo Garcilaso,Deportivo Garcilaso,Deportivo Garcilaso,Deportivo Garcilaso,Deportivo Garcilaso,136,175.5,Deportivo Garcilaso,Deportivo Garcilaso,119,175.5,Peru,2026,0.0,ranked,136,local:Ranking-de-Clubes-CONMEBOL-2026.pdf,local:Ranking-de-Clubes-CONMEBOL-2026.pdf,2026-04-07T04:36:02.528002+00:00,Peru,42,1483,CONMEBOL,28,29.6,€35.73m,1483.0,1483.0,42.0,42.0
Deportivo Cuenca,Deportivo Cuenca,Deportivo Cuenca,Deportivo Cuenca,Deportivo Cuenca,Deportivo Cuenca,137,175.0,Deportivo Cuenca,Deportivo Cuenca,157,51.0,Ecuador,2026,124.0,ranked,137,local:Ranking-de-Clubes-CONMEBOL-2026.pdf,local:Ranking-de-Clubes-CONMEBOL-2026.pdf,2026-04-07T04:36:02.528002+00:00,Ecuador,24,1568,CONMEBOL,26,25.4,€296.45m,1568.0,1568.0,24.0,24.0
Sol de América,Sol de América,Sol de América,Sol de América,Sol de América,Sol de América,138,173.4,Sol de América,Sol de América,160,41.4,Paraguay,2026,132.0,ranked,138,local:Ranking-de-Clubes-CONMEBOL-2026.pdf,local:Ranking-de-Clubes-CONMEBOL-2026.pdf,2026-04-07T04:36:02.528002+00:00,Paraguay,48,1476,CONMEBOL,28,27.9,€134.65m,1476.0,1476.0,48.0,48.0
Zamora FC,Zamora FC,Zamora FC,Zamora FC,Zamora FC,Zamora FC,139,169.5,Zamora FC,Zamora FC,127,145.5,Venezuela,2026,24.0,ranked,139,local:Ranking-de-Clubes-CONMEBOL-2026.pdf,local:Ranking-de-Clubes-CONMEBOL-2026.pdf,2026-04-07T04:36:02.528002+00:00,Venezuela,47,1477,CONMEBOL,34,27.6,€81.93m,1477.0,1477.0,47.0,47.0
Gimnasia La Plata,Gimnasia La Plata,Gimnasia La Plata,Gimnasia La Plata,Gimnasia La Plata,Gimnasia La Plata,140,168.6,Gimnasia La Plata,Gimnasia La Plata,145,108.6,Argentina,2026,60.0,ranked,140,local:Ranking-de-Clubes-CONMEBOL-2026.pdf,local:Ranking-de-Clubes-CONMEBOL-2026.pdf,2026-04-07T04:36:02.528002+00:00,Argentina,1,1886,CONMEBOL,25,27.6,€700.30m,1886.0,1886.0,1.0,1.0
Zulia,Zulia,Zulia,Zulia,Zulia,Zulia,141,168.4,Zulia,Zulia,120,168.4,Venezuela,2026,0.0,ranked,141,local:Ranking-de-Clubes-CONMEBOL-2026.pdf,local:Ranking-de-Clubes-CONMEBOL-2026.pdf,2026-04-07T04:36:02.528002+00:00,Venezuela,47,1477,CONMEBOL,34,27.6,€81.93m,1477.0,1477.0,47.0,47.0
Cusco,Cusco,Cusco,Cusco,Cusco,Cusco,142,168.0,Cusco,Cusco,137,124.0,Peru,2026,44.0,ranked,142,local:Ranking-de-Clubes-CONMEBOL-2026.pdf,local:Ranking-de-Clubes-CONMEBOL-2026.pdf,2026-04-07T04:36:02.528002+00:00,Peru,42,1483,CONMEBOL,28,29.6,€35.73m,1483.0,1483.0,42.0,42.0
Magallanes,Magallanes,Magallanes,Magallanes,Magallanes,Magallanes,143,164.8,Magallanes,Magallanes,128,144.8,Chile,2026,20.0,ranked,143,local:Ranking-de-Clubes-CONMEBOL-2026.pdf,local:Ranking-de-Clubes-CONMEBOL-2026.pdf,2026-04-07T04:36:02.528002+00:00,Chile,52,1462,CONMEBOL,25,29.8,€62.90m,1462.0,1462.0,52.0,52.0
Pachuca,Pachuca,Pachuca,Pachuca,Pachuca,Pachuca,144,163.6,Pachuca,Pachuca,177,20.0,Mexico,2026,143.6,ranked,144,local:Ranking-de-Clubes-CONMEBOL-2026.pdf,local:Ranking-de-Clubes-CONMEBOL-2026.pdf,2026-04-07T04:36:02.528002+00:00,Mexico,17,1647,CONCACAF,23,27.1,€199.50m,1647.0,1647.0,17.0,17.0
Sport Huancayo,Sport Huancayo,Sport Huancayo,Sport Huancayo,Sport Huancayo,Sport Huancayo,145,157.4,Sport Huancayo,Sport Huancayo,122,157.4,Peru,2026,0.0,ranked,145,local:Ranking-de-Clubes-CONMEBOL-2026.pdf,local:Ranking-de-Clubes-CONMEBOL-2026.pdf,2026-04-07T04:36:02.528002+00:00,Peru,42,1483,CONMEBOL,28,29.6,€35.73m,1483.0,1483.0,42.0,42.0
Alianza,Alianza,Alianza,Alianza,Alianza,Alianza,146,153.9,Alianza,Alianza,123,153.9,Colombia,2026,0.0,ranked,146,local:Ranking-de-Clubes-CONMEBOL-2026.pdf,local:Ranking-de-Clubes-CONMEBOL-2026.pdf,2026-04-07T04:36:02.528002+00:00,Colombia,14,1679,CONMEBOL,25,29.1,€288.80m,1679.0,1679.0,14.0,14.0
River Plate (Asunción),River Plate (Asunción),River Plate (Asunción),River Plate (Asunción),River Plate (Asunción),River Plate (Asunción),147,153.3,River Plate (Asunción),River Plate (Asunción),124,153.3,Paraguay,2026,0.0,ranked,147,local:Ranking-de-Clubes-CONMEBOL-2026.pdf,local:Ranking-de-Clubes-CONMEBOL-2026.pdf,2026-04-07T04:36:02.528002+00:00,Paraguay,48,1476,CONMEBOL,28,27.9,€134.65m,1476.0,1476.0,48.0,48.0
12 de Octubre,12 de Octubre,12 de Octubre,12 de Octubre,12 de Octubre,12 de Octubre,148,149.0,12 de Octubre,12 de Octubre,141,117.0,Paraguay,2026,32.0,ranked,148,local:Ranking-de-Clubes-CONMEBOL-2026.pdf,local:Ranking-de-Clubes-CONMEBOL-2026.pdf,2026-04-07T04:36:02.528002+00:00,Paraguay,48,1476,CONMEBOL,28,27.9,€134.65m,1476.0,1476.0,48.0,48.0
Gualberto Villarroel SJ,Gualberto Villarroel SJ,Gualberto Villarroel SJ,Gualberto Villarroel SJ,Gualberto Villarroel SJ,Gualberto Villarroel SJ,149,147.0,Gualberto Villarroel SJ,Gualberto Villarroel SJ,126,147.0,Bolivia,2026,0.0,ranked,149,local:Ranking-de-Clubes-CONMEBOL-2026.pdf,local:Ranking-de-Clubes-CONMEBOL-2026.pdf,2026-04-07T04:36:02.528002+00:00,Bolivia,80,1308,CONMEBOL,26,24.4,€14.35m,1308.0,1308.0,80.0,80.0
Deportivo Petare,Deportivo Petare,Deportivo Petare,Deportivo Petare,Deportivo Petare,Deportivo Petare,150,144.0,Deportivo Petare,Deportivo Petare,223,0.0,Venezuela,2026,144.0,ranked,150,local:Ranking-de-Clubes-CONMEBOL-2026.pdf,local:Ranking-de-Clubes-CONMEBOL-2026.pdf,2026-04-07T04:36:02.528002+00:00,Venezuela,47,1477,CONMEBOL,34,27.6,€81.93m,1477.0,1477.0,47.0,47.0
Universidad de Concepción,Universidad de Concepción,Universidad de Concepción,Universidad de Concepción,Universidad de Concepción,Universidad de Concepción,151,139.4,Universidad de Concepción,Universidad de Concepción,134,129.0,Chile,2026,10.4,ranked,151,local:Ranking-de-Clubes-CONMEBOL-2026.pdf,local:Ranking-de-Clubes-CONMEBOL-2026.pdf,2026-04-07T04:36:02.528002+00:00,Chile,52,1462,CONMEBOL,25,29.8,€62.90m,1462.0,1462.0,52.0,52.0
Guarani FC,Guarani FC,Guarani FC,Guarani FC,Guarani FC,Guarani FC,152,138.0,Guarani FC,Guarani FC,224,0.0,Brazil,2026,138.0,ranked,152,local:Ranking-de-Clubes-CONMEBOL-2026.pdf,local:Ranking-de-Clubes-CONMEBOL-2026.pdf,2026-04-07T04:36:02.528002+00:00,Brazil,5,1776,CONMEBOL,23,25.8,€995.60m,1776.0,1776.0,5.0,5.0
Tacuary,Tacuary,Tacuary,Tacuary,Tacuary,Tacuary,153,136.8,Tacuary,Tacuary,131,136.8,Paraguay,2026,0.0,ranked,153,local:Ranking-de-Clubes-CONMEBOL-2026.pdf,local:Ranking-de-Clubes-CONMEBOL-2026.pdf,2026-04-07T04:36:02.528002+00:00,Paraguay,48,1476,CONMEBOL,28,27.9,€134.65m,1476.0,1476.0,48.0,48.0
Atlas,Atlas,Atlas,Atlas,Atlas,Atlas,154,136.5,Atlas,Atlas,165,32.5,Mexico,2026,104.0,ranked,154,local:Ranking-de-Clubes-CONMEBOL-2026.pdf,local:Ranking-de-Clubes-CONMEBOL-2026.pdf,2026-04-07T04:36:02.528002+00:00,Mexico,17,1647,CONCACAF,23,27.1,€199.50m,1647.0,1647.0,17.0,17.0
Bella Vista,Bella Vista,Bella Vista,Bella Vista,Bella Vista,Bella Vista,155,136.0,Bella Vista,Bella Vista,225,0.0,Uruguay,2026,136.0,ranked,155,local:Ranking-de-Clubes-CONMEBOL-2026.pdf,local:Ranking-de-Clubes-CONMEBOL-2026.pdf,2026-04-07T04:36:02.528002+00:00,Uruguay,13,1679,CONMEBOL,24,27.0,€446.80m,1679.0,1679.0,13.0,13.0
9 de Octubre,9 de Octubre,9 de Octubre,9 de Octubre,9 de Octubre,9 de Octubre,156,134.9,9 de Octubre,9 de Octubre,146,102.9,Ecuador,2026,32.0,ranked,156,local:Ranking-de-Clubes-CONMEBOL-2026.pdf,local:Ranking-de-Clubes-CONMEBOL-2026.pdf,2026-04-07T04:36:02.528002+00:00,Ecuador,24,1568,CONMEBOL,26,25.4,€296.45m,1568.0,1568.0,24.0,24.0
Antofagasta,Antofagasta,Antofagasta,Antofagasta,Antofagasta,Antofagasta,157,134.7,Antofagasta,Antofagasta,132,134.7,Chile,2026,0.0,ranked,157,local:Ranking-de-Clubes-CONMEBOL-2026.pdf,local:Ranking-de-Clubes-CONMEBOL-2026.pdf,2026-04-07T04:36:02.528002+00:00,Chile,52,1462,CONMEBOL,25,29.8,€62.90m,1462.0,1462.0,52.0,52.0
Rentistas,Rentistas,Rentistas,Rentistas,Rentistas,Rentistas,158,132.0,Rentistas,Rentistas,133,132.0,Uruguay,2026,0.0,ranked,158,local:Ranking-de-Clubes-CONMEBOL-2026.pdf,local:Ranking-de-Clubes-CONMEBOL-2026.pdf,2026-04-07T04:36:02.528002+00:00,Uruguay,13,1679,CONMEBOL,24,27.0,€446.80m,1679.0,1679.0,13.0,13.0
Deportivo Binacional,Deportivo Binacional,Deportivo Binacional,Deportivo Binacional,Deportivo Binacional,Deportivo Binacional,159,128.0,Deportivo Binacional,Deportivo Binacional,135,128.0,Peru,2026,0.0,ranked,159,local:Ranking-de-Clubes-CONMEBOL-2026.pdf,local:Ranking-de-Clubes-CONMEBOL-2026.pdf,2026-04-07T04:36:02.528002+00:00,Peru,42,1483,CONMEBOL,28,29.6,€35.73m,1483.0,1483.0,42.0,42.0
Independiente Petrolero,Independiente Petrolero,Independiente Petrolero,Independiente Petrolero,Independiente Petrolero,Independiente Petrolero,159,128.0,Independiente Petrolero,Independiente Petrolero,136,128.0,Bolivia,2026,0.0,ranked,159,local:Ranking-de-Clubes-CONMEBOL-2026.pdf,local:Ranking-de-Clubes-CONMEBOL-2026.pdf,2026-04-07T04:36:02.528002+00:00,Bolivia,80,1308,CONMEBOL,26,24.4,€14.35m,1308.0,1308.0,80.0,80.0
Sport,Sport,Sport,Sport,Sport,Sport,161,121.3,Sport,Sport,156,54.9,Brazil,2026,66.4,ranked,161,local:Ranking-de-Clubes-CONMEBOL-2026.pdf,local:Ranking-de-Clubes-CONMEBOL-2026.pdf,2026-04-07T04:36:02.528002+00:00,Brazil,5,1776,CONMEBOL,23,25.8,€995.60m,1776.0,1776.0,5.0,5.0
Trinidense,Trinidense,Trinidense,Trinidense,Trinidense,Trinidense,162,119.7,Trinidense,Trinidense,138,119.7,Paraguay,2026,0.0,ranked,162,local:Ranking-de-Clubes-CONMEBOL-2026.pdf,local:Ranking-de-Clubes-CONMEBOL-2026.pdf,2026-04-07T04:36:02.528002+00:00,Paraguay,48,1476,CONMEBOL,28,27.9,€134.65m,1476.0,1476.0,48.0,48.0
Cúcuta,Cúcuta,Cúcuta,Cúcuta,Cúcuta,Cúcuta,163,118.0,Cúcuta,Cúcuta,226,0.0,Colombia,2026,118.0,ranked,163,local:Ranking-de-Clubes-CONMEBOL-2026.pdf,local:Ranking-de-Clubes-CONMEBOL-2026.pdf,2026-04-07T04:36:02.528002+00:00,Colombia,14,1679,CONMEBOL,25,29.1,€288.80m,1679.0,1679.0,14.0,14.0
Ayacucho,Ayacucho,Ayacucho,Ayacucho,Ayacucho,Ayacucho,164,117.9,Ayacucho,Ayacucho,139,117.9,Peru,2026,0.0,ranked,164,local:Ranking-de-Clubes-CONMEBOL-2026.pdf,local:Ranking-de-Clubes-CONMEBOL-2026.pdf,2026-04-07T04:36:02.528002+00:00,Peru,42,1483,CONMEBOL,28,29.6,€35.73m,1483.0,1483.0,42.0,42.0
General Caballero,General Caballero,General Caballero,General Caballero,General Caballero,General Caballero,165,114.9,General Caballero,General Caballero,142,114.9,Paraguay,2026,0.0,ranked,165,local:Ranking-de-Clubes-CONMEBOL-2026.pdf,local:Ranking-de-Clubes-CONMEBOL-2026.pdf,2026-04-07T04:36:02.528002+00:00,Paraguay,48,1476,CONMEBOL,28,27.9,€134.65m,1476.0,1476.0,48.0,48.0
O'Higgins,O'Higgins,O'Higgins,O'Higgins,O'Higgins,O'Higgins,166,114.5,O'Higgins,O'Higgins,203,4.5,Chile,2026,110.0,ranked,166,local:Ranking-de-Clubes-CONMEBOL-2026.pdf,local:Ranking-de-Clubes-CONMEBOL-2026.pdf,2026-04-07T04:36:02.528002+00:00,Chile,52,1462,CONMEBOL,25,29.8,€62.90m,1462.0,1462.0,52.0,52.0
Deportivo Galicia,Deportivo Galicia,Deportivo Galicia,Deportivo Galicia,Deportivo Galicia,Deportivo Galicia,167,100.0,Deportivo Galicia,Deportivo Galicia,227,0.0,Venezuela,2026,100.0,ranked,167,local:Ranking-de-Clubes-CONMEBOL-2026.pdf,local:Ranking-de-Clubes-CONMEBOL-2026.pdf,2026-04-07T04:36:02.528002+00:00,Venezuela,47,1477,CONMEBOL,34,27.6,€81.93m,1477.0,1477.0,47.0,47.0
Minervén,Minervén,Minervén,Minervén,Minervén,Minervén,167,100.0,Minervén,Minervén,228,0.0,Venezuela,2026,100.0,ranked,167,local:Ranking-de-Clubes-CONMEBOL-2026.pdf,local:Ranking-de-Clubes-CONMEBOL-2026.pdf,2026-04-07T04:36:02.528002+00:00,Venezuela,47,1477,CONMEBOL,34,27.6,€81.93m,1477.0,1477.0,47.0,47.0
Guabirá,Guabirá,Guabirá,Guabirá,Guabirá,Guabirá,169,98.0,Guabirá,Guabirá,151,78.0,Bolivia,2026,20.0,ranked,169,local:Ranking-de-Clubes-CONMEBOL-2026.pdf,local:Ranking-de-Clubes-CONMEBOL-2026.pdf,2026-04-07T04:36:02.528002+00:00,Bolivia,80,1308,CONMEBOL,26,24.4,€14.35m,1308.0,1308.0,80.0,80.0
Ponte Preta,Ponte Preta,Ponte Preta,Ponte Preta,Ponte Preta,Ponte Preta,170,94.2,Ponte Preta,Ponte Preta,173,24.6,Brazil,2026,69.6,ranked,170,local:Ranking-de-Clubes-CONMEBOL-2026.pdf,local:Ranking-de-Clubes-CONMEBOL-2026.pdf,2026-04-07T04:36:02.528002+00:00,Brazil,5,1776,CONMEBOL,23,25.8,€995.60m,1776.0,1776.0,5.0,5.0
Universidad Los Andes Mérida,Universidad Los Andes Mérida,Universidad Los Andes Mérida,Universidad Los Andes Mérida,Universidad Los Andes Mérida,Universidad Los Andes Mérida,171,90.0,Universidad Los Andes Mérida,Universidad Los Andes Mérida,229,0.0,Venezuela,2026,90.0,ranked,171,local:Ranking-de-Clubes-CONMEBOL-2026.pdf,local:Ranking-de-Clubes-CONMEBOL-2026.pdf,2026-04-07T04:36:02.528002+00:00,Venezuela,47,1477,CONMEBOL,34,27.6,€81.93m,1477.0,1477.0,47.0,47.0
Rayo Zuliano,Rayo Zuliano,Rayo Zuliano,Rayo Zuliano,Rayo Zuliano,Rayo Zuliano,172,89.1,Rayo Zuliano,Rayo Zuliano,148,89.1,Venezuela,2026,0.0,ranked,172,local:Ranking-de-Clubes-CONMEBOL-2026.pdf,local:Ranking-de-Clubes-CONMEBOL-2026.pdf,2026-04-07T04:36:02.528002+00:00,Venezuela,47,1477,CONMEBOL,34,27.6,€81.93m,1477.0,1477.0,47.0,47.0
Real Tomayapo,Real Tomayapo,Real Tomayapo,Real Tomayapo,Real Tomayapo,Real Tomayapo,172,89.1,Real Tomayapo,Real Tomayapo,149,89.1,Bolivia,2026,0.0,ranked,172,local:Ranking-de-Clubes-CONMEBOL-2026.pdf,local:Ranking-de-Clubes-CONMEBOL-2026.pdf,2026-04-07T04:36:02.528002+00:00,Bolivia,80,1308,CONMEBOL,26,24.4,€14.35m,1308.0,1308.0,80.0,80.0
Santos Laguna,Santos Laguna,Santos Laguna,Santos Laguna,Santos Laguna,Santos Laguna,174,87.5,Santos Laguna,Santos Laguna,195,7.5,Mexico,2026,80.0,ranked,174,local:Ranking-de-Clubes-CONMEBOL-2026.pdf,local:Ranking-de-Clubes-CONMEBOL-2026.pdf,2026-04-07T04:36:02.528002+00:00,Mexico,17,1647,CONCACAF,23,27.1,€199.50m,1647.0,1647.0,17.0,17.0
Santiago Wanderers,Santiago Wanderers,Santiago Wanderers,Santiago Wanderers,Santiago Wanderers,Santiago Wanderers,175,84.3,Santiago Wanderers,Santiago Wanderers,196,7.5,Chile,2026,76.8,ranked,175,local:Ranking-de-Clubes-CONMEBOL-2026.pdf,local:Ranking-de-Clubes-CONMEBOL-2026.pdf,2026-04-07T04:36:02.528002+00:00,Chile,52,1462,CONMEBOL,25,29.8,€62.90m,1462.0,1462.0,52.0,52.0
Fénix,Fénix,Fénix,Fénix,Fénix,Fénix,176,80.0,Fénix,Fénix,158,48.0,Uruguay,2026,32.0,ranked,176,local:Ranking-de-Clubes-CONMEBOL-2026.pdf,local:Ranking-de-Clubes-CONMEBOL-2026.pdf,2026-04-07T04:36:02.528002+00:00,Uruguay,13,1679,CONMEBOL,24,27.0,€446.80m,1679.0,1679.0,13.0,13.0
Juan Aurich,Juan Aurich,Juan Aurich,Juan Aurich,Juan Aurich,Juan Aurich,177,79.0,Juan Aurich,Juan Aurich,210,3.0,Peru,2026,76.0,ranked,177,local:Ranking-de-Clubes-CONMEBOL-2026.pdf,local:Ranking-de-Clubes-CONMEBOL-2026.pdf,2026-04-07T04:36:02.528002+00:00,Peru,42,1483,CONMEBOL,28,29.6,€35.73m,1483.0,1483.0,42.0,42.0
Coritiba,Coritiba,Coritiba,Coritiba,Coritiba,Coritiba,178,78.7,Coritiba,Coritiba,169,26.7,Brazil,2026,52.0,ranked,178,local:Ranking-de-Clubes-CONMEBOL-2026.pdf,local:Ranking-de-Clubes-CONMEBOL-2026.pdf,2026-04-07T04:36:02.528002+00:00,Brazil,5,1776,CONMEBOL,23,25.8,€995.60m,1776.0,1776.0,5.0,5.0
Universidad Central,Universidad Central,Universidad Central,Universidad Central,Universidad Central,Universidad Central,179,75.0,Universidad Central,Universidad Central,152,75.0,Venezuela,2026,0.0,ranked,179,local:Ranking-de-Clubes-CONMEBOL-2026.pdf,local:Ranking-de-Clubes-CONMEBOL-2026.pdf,2026-04-07T04:36:02.528002+00:00,Venezuela,47,1477,CONMEBOL,34,27.6,€81.93m,1477.0,1477.0,47.0,47.0
Progreso,Progreso,Progreso,Progreso,Progreso,Progreso,180,72.5,Progreso,Progreso,187,12.5,Uruguay,2026,60.0,ranked,180,local:Ranking-de-Clubes-CONMEBOL-2026.pdf,local:Ranking-de-Clubes-CONMEBOL-2026.pdf,2026-04-07T04:36:02.528002+00:00,Uruguay,13,1679,CONMEBOL,24,27.0,€446.80m,1679.0,1679.0,13.0,13.0
Monarcas Morelia,Monarcas Morelia,Monarcas Morelia,Monarcas Morelia,Monarcas Morelia,Monarcas Morelia,181,72.0,Monarcas Morelia,Monarcas Morelia,230,0.0,Mexico,2026,72.0,ranked,181,local:Ranking-de-Clubes-CONMEBOL-2026.pdf,local:Ranking-de-Clubes-CONMEBOL-2026.pdf,2026-04-07T04:36:02.528002+00:00,Mexico,17,1647,CONCACAF,23,27.1,€199.50m,1647.0,1647.0,17.0,17.0
Aragua FC,Aragua FC,Aragua FC,Aragua FC,Aragua FC,Aragua FC,182,66.9,Aragua FC,Aragua FC,154,66.9,Venezuela,2026,0.0,ranked,182,local:Ranking-de-Clubes-CONMEBOL-2026.pdf,local:Ranking-de-Clubes-CONMEBOL-2026.pdf,2026-04-07T04:36:02.528002+00:00,Venezuela,47,1477,CONMEBOL,34,27.6,€81.93m,1477.0,1477.0,47.0,47.0
Atlético San Cristóbal,Atlético San Cristóbal,Atlético San Cristóbal,Atlético San Cristóbal,Atlético San Cristóbal,Atlético San Cristóbal,183,66.0,Atlético San Cristóbal,Atlético San Cristóbal,231,0.0,Venezuela,2026,66.0,ranked,183,local:Ranking-de-Clubes-CONMEBOL-2026.pdf,local:Ranking-de-Clubes-CONMEBOL-2026.pdf,2026-04-07T04:36:02.528002+00:00,Venezuela,47,1477,CONMEBOL,34,27.6,€81.93m,1477.0,1477.0,47.0,47.0
Defensor Lima,Defensor Lima,Defensor Lima,Defensor Lima,Defensor Lima,Defensor Lima,183,66.0,Defensor Lima,Defensor Lima,232,0.0,Peru,2026,66.0,ranked,183,local:Ranking-de-Clubes-CONMEBOL-2026.pdf,local:Ranking-de-Clubes-CONMEBOL-2026.pdf,2026-04-07T04:36:02.528002+00:00,Peru,42,1483,CONMEBOL,28,29.6,€35.73m,1483.0,1483.0,42.0,42.0
Marítimo,Marítimo,Marítimo,Marítimo,Marítimo,Marítimo,185,64.0,Marítimo,Marítimo,233,0.0,Venezuela,2026,64.0,ranked,185,local:Ranking-de-Clubes-CONMEBOL-2026.pdf,local:Ranking-de-Clubes-CONMEBOL-2026.pdf,2026-04-07T04:36:02.528002+00:00,Venezuela,47,1477,CONMEBOL,34,27.6,€81.93m,1477.0,1477.0,47.0,47.0
Unión Atlético Maracaibo,Unión Atlético Maracaibo,Unión Atlético Maracaibo,Unión Atlético Maracaibo,Unión Atlético Maracaibo,Unión Atlético Maracaibo,185,64.0,Unión Atlético Maracaibo,Unión Atlético Maracaibo,234,0.0,Venezuela,2026,64.0,ranked,185,local:Ranking-de-Clubes-CONMEBOL-2026.pdf,local:Ranking-de-Clubes-CONMEBOL-2026.pdf,2026-04-07T04:36:02.528002+00:00,Venezuela,47,1477,CONMEBOL,34,27.6,€81.93m,1477.0,1477.0,47.0,47.0
Unión Huaral,Unión Huaral,Unión Huaral,Unión Huaral,Unión Huaral,Unión Huaral,185,64.0,Unión Huaral,Unión Huaral,235,0.0,Peru,2026,64.0,ranked,185,local:Ranking-de-Clubes-CONMEBOL-2026.pdf,local:Ranking-de-Clubes-CONMEBOL-2026.pdf,2026-04-07T04:36:02.528002+00:00,Peru,42,1483,CONMEBOL,28,29.6,€35.73m,1483.0,1483.0,42.0,42.0
Mineros de Guayana,Mineros de Guayana,Mineros de Guayana,Mineros de Guayana,Mineros de Guayana,Mineros de Guayana,188,63.0,Mineros de Guayana,Mineros de Guayana,168,27.0,Venezuela,2026,36.0,ranked,188,local:Ranking-de-Clubes-CONMEBOL-2026.pdf,local:Ranking-de-Clubes-CONMEBOL-2026.pdf,2026-04-07T04:36:02.528002+00:00,Venezuela,47,1477,CONMEBOL,34,27.6,€81.93m,1477.0,1477.0,47.0,47.0
Sport Boys,Sport Boys,Sport Boys,Sport Boys,Sport Boys,Sport Boys,189,62.5,Sport Boys,Sport Boys,190,10.5,Peru,2026,52.0,ranked,189,local:Ranking-de-Clubes-CONMEBOL-2026.pdf,local:Ranking-de-Clubes-CONMEBOL-2026.pdf,2026-04-07T04:36:02.528002+00:00,Peru,42,1483,CONMEBOL,28,29.6,€35.73m,1483.0,1483.0,42.0,42.0
León,León,León,León,León,León,190,61.0,León,León,171,25.0,Mexico,2026,36.0,ranked,190,local:Ranking-de-Clubes-CONMEBOL-2026.pdf,local:Ranking-de-Clubes-CONMEBOL-2026.pdf,2026-04-07T04:36:02.528002+00:00,Mexico,17,1647,CONCACAF,23,27.1,€199.50m,1647.0,1647.0,17.0,17.0
Deportivo Municipal (Bolivia),Deportivo Municipal (Bolivia),Deportivo Municipal (Bolivia),Deportivo Municipal (Bolivia),Deportivo Municipal (Bolivia),Deportivo Municipal (Bolivia),191,60.0,Deportivo Municipal (Bolivia),Deportivo Municipal (Bolivia),236,0.0,Bolivia,2026,60.0,ranked,191,local:Ranking-de-Clubes-CONMEBOL-2026.pdf,local:Ranking-de-Clubes-CONMEBOL-2026.pdf,2026-04-07T04:36:02.528002+00:00,Bolivia,80,1308,CONMEBOL,26,24.4,€14.35m,1308.0,1308.0,80.0,80.0
Olmedo,Olmedo,Olmedo,Olmedo,Olmedo,Olmedo,191,60.0,Olmedo,Olmedo,237,0.0,Ecuador,2026,60.0,ranked,191,local:Ranking-de-Clubes-CONMEBOL-2026.pdf,local:Ranking-de-Clubes-CONMEBOL-2026.pdf,2026-04-07T04:36:02.528002+00:00,Ecuador,24,1568,CONMEBOL,26,25.4,€296.45m,1568.0,1568.0,24.0,24.0
Águilas Doradas,Águilas Doradas,Águilas Doradas,Águilas Doradas,Águilas Doradas,Águilas Doradas,193,57.9,Águilas Doradas,Águilas Doradas,159,43.5,Colombia,2026,14.4,ranked,193,local:Ranking-de-Clubes-CONMEBOL-2026.pdf,local:Ranking-de-Clubes-CONMEBOL-2026.pdf,2026-04-07T04:36:02.528002+00:00,Colombia,14,1679,CONMEBOL,25,29.1,€288.80m,1679.0,1679.0,14.0,14.0
Club Tijuana,Club Tijuana,Club Tijuana,Club Tijuana,Club Tijuana,Club Tijuana,194,56.0,Club Tijuana,Club Tijuana,238,0.0,Mexico,2026,56.0,ranked,194,local:Ranking-de-Clubes-CONMEBOL-2026.pdf,local:Ranking-de-Clubes-CONMEBOL-2026.pdf,2026-04-07T04:36:02.528002+00:00,Mexico,17,1647,CONCACAF,23,27.1,€199.50m,1647.0,1647.0,17.0,17.0
Criciúma,Criciúma,Criciúma,Criciúma,Criciúma,Criciúma,194,56.0,Criciúma,Criciúma,239,0.0,Brazil,2026,56.0,ranked,194,local:Ranking-de-Clubes-CONMEBOL-2026.pdf,local:Ranking-de-Clubes-CONMEBOL-2026.pdf,2026-04-07T04:36:02.528002+00:00,Brazil,5,1776,CONMEBOL,23,25.8,€995.60m,1776.0,1776.0,5.0,5.0
Ferro Carril Oeste,Ferro Carril Oeste,Ferro Carril Oeste,Ferro Carril Oeste,Ferro Carril Oeste,Ferro Carril Oeste,194,56.0,Ferro Carril Oeste,Ferro Carril Oeste,240,0.0,Argentina,2026,56.0,ranked,194,local:Ranking-de-Clubes-CONMEBOL-2026.pdf,local:Ranking-de-Clubes-CONMEBOL-2026.pdf,2026-04-07T04:36:02.528002+00:00,Argentina,1,1886,CONMEBOL,25,27.6,€700.30m,1886.0,1886.0,1.0,1.0
Universidad San Martín de Porres,Universidad San Martín de Porres,Universidad San Martín de Porres,Universidad San Martín de Porres,Universidad San Martín de Porres,Universidad San Martín de Porres,194,56.0,Universidad San Martín de Porres,Universidad San Martín de Porres,241,0.0,Peru,2026,56.0,ranked,194,local:Ranking-de-Clubes-CONMEBOL-2026.pdf,local:Ranking-de-Clubes-CONMEBOL-2026.pdf,2026-04-07T04:36:02.528002+00:00,Peru,42,1483,CONMEBOL,28,29.6,€35.73m,1483.0,1483.0,42.0,42.0
Royal Pari,Royal Pari,Royal Pari,Royal Pari,Royal Pari,Royal Pari,198,55.5,Royal Pari,Royal Pari,155,55.5,Bolivia,2026,0.0,ranked,198,local:Ranking-de-Clubes-CONMEBOL-2026.pdf,local:Ranking-de-Clubes-CONMEBOL-2026.pdf,2026-04-07T04:36:02.528002+00:00,Bolivia,80,1308,CONMEBOL,26,24.4,€14.35m,1308.0,1308.0,80.0,80.0
Real Potosí,Real Potosí,Real Potosí,Real Potosí,Real Potosí,Real Potosí,199,53.5,Real Potosí,Real Potosí,218,1.5,Bolivia,2026,52.0,ranked,199,local:Ranking-de-Clubes-CONMEBOL-2026.pdf,local:Ranking-de-Clubes-CONMEBOL-2026.pdf,2026-04-07T04:36:02.528002+00:00,Bolivia,80,1308,CONMEBOL,26,24.4,€14.35m,1308.0,1308.0,80.0,80.0
Cerro,Cerro,Cerro,Cerro,Cerro,Cerro,200,51.5,Cerro,Cerro,182,15.5,Uruguay,2026,36.0,ranked,200,local:Ranking-de-Clubes-CONMEBOL-2026.pdf,local:Ranking-de-Clubes-CONMEBOL-2026.pdf,2026-04-07T04:36:02.528002+00:00,Uruguay,13,1679,CONMEBOL,24,27.0,€446.80m,1679.0,1679.0,13.0,13.0
Monterrey,Monterrey,Monterrey,Monterrey,Monterrey,Monterrey,201,50.0,Monterrey,Monterrey,192,10.0,Mexico,2026,40.0,ranked,201,local:Ranking-de-Clubes-CONMEBOL-2026.pdf,local:Ranking-de-Clubes-CONMEBOL-2026.pdf,2026-04-07T04:36:02.528002+00:00,Mexico,17,1647,CONCACAF,23,27.1,€199.50m,1647.0,1647.0,17.0,17.0
Atlético Colegiales,Atlético Colegiales,Atlético Colegiales,Atlético Colegiales,Atlético Colegiales,Atlético Colegiales,202,48.0,Atlético Colegiales,Atlético Colegiales,242,0.0,Paraguay,2026,48.0,ranked,202,local:Ranking-de-Clubes-CONMEBOL-2026.pdf,local:Ranking-de-Clubes-CONMEBOL-2026.pdf,2026-04-07T04:36:02.528002+00:00,Paraguay,48,1476,CONMEBOL,28,27.9,€134.65m,1476.0,1476.0,48.0,48.0
Deportes Concepción,Deportes Concepción,Deportes Concepción,Deportes Concepción,Deportes Concepción,Deportes Concepción,202,48.0,Deportes Concepción,Deportes Concepción,243,0.0,Chile,2026,48.0,ranked,202,local:Ranking-de-Clubes-CONMEBOL-2026.pdf,local:Ranking-de-Clubes-CONMEBOL-2026.pdf,2026-04-07T04:36:02.528002+00:00,Chile,52,1462,CONMEBOL,25,29.8,€62.90m,1462.0,1462.0,52.0,52.0
Paysandu,Paysandu,Paysandu,Paysandu,Paysandu,Paysandu,202,48.0,Paysandu,Paysandu,244,0.0,Brazil,2026,48.0,ranked,202,local:Ranking-de-Clubes-CONMEBOL-2026.pdf,local:Ranking-de-Clubes-CONMEBOL-2026.pdf,2026-04-07T04:36:02.528002+00:00,Brazil,5,1776,CONMEBOL,23,25.8,€995.60m,1776.0,1776.0,5.0,5.0
Club Aurora,Club Aurora,Club Aurora,Club Aurora,Club Aurora,Club Aurora,205,46.3,Club Aurora,Club Aurora,162,37.5,Bolivia,2026,8.8,ranked,205,local:Ranking-de-Clubes-CONMEBOL-2026.pdf,local:Ranking-de-Clubes-CONMEBOL-2026.pdf,2026-04-07T04:36:02.528002+00:00,Bolivia,80,1308,CONMEBOL,26,24.4,€14.35m,1308.0,1308.0,80.0,80.0
Universitario de Sucre,Universitario de Sucre,Universitario de Sucre,Universitario de Sucre,Universitario de Sucre,Universitario de Sucre,206,45.0,Universitario de Sucre,Universitario de Sucre,201,5.0,Bolivia,2026,40.0,ranked,206,local:Ranking-de-Clubes-CONMEBOL-2026.pdf,local:Ranking-de-Clubes-CONMEBOL-2026.pdf,2026-04-07T04:36:02.528002+00:00,Bolivia,80,1308,CONMEBOL,26,24.4,€14.35m,1308.0,1308.0,80.0,80.0
San Luis,San Luis,San Luis,San Luis,San Luis,San Luis,207,44.8,San Luis,San Luis,245,0.0,Mexico,2026,44.8,ranked,207,local:Ranking-de-Clubes-CONMEBOL-2026.pdf,local:Ranking-de-Clubes-CONMEBOL-2026.pdf,2026-04-07T04:36:02.528002+00:00,Mexico,17,1647,CONCACAF,23,27.1,€199.50m,1647.0,1647.0,17.0,17.0
América de Quito,América de Quito,América de Quito,América de Quito,América de Quito,América de Quito,208,40.0,América de Quito,América de Quito,246,0.0,Ecuador,2026,40.0,ranked,208,local:Ranking-de-Clubes-CONMEBOL-2026.pdf,local:Ranking-de-Clubes-CONMEBOL-2026.pdf,2026-04-07T04:36:02.528002+00:00,Ecuador,24,1568,CONMEBOL,26,25.4,€296.45m,1568.0,1568.0,24.0,24.0
Chiapas F.C.,Chiapas F.C.,Chiapas F.C.,Chiapas F.C.,Chiapas F.C.,Chiapas F.C.,209,36.0,Chiapas F.C.,Chiapas F.C.,247,0.0,Mexico,2026,36.0,ranked,209,local:Ranking-de-Clubes-CONMEBOL-2026.pdf,local:Ranking-de-Clubes-CONMEBOL-2026.pdf,2026-04-07T04:36:02.528002+00:00,Mexico,17,1647,CONCACAF,23,27.1,€199.50m,1647.0,1647.0,17.0,17.0
Sport Boys Warnes,Sport Boys Warnes,Sport Boys Warnes,Sport Boys Warnes,Sport Boys Warnes,Sport Boys Warnes,209,36.0,Sport Boys Warnes,Sport Boys Warnes,163,36.0,Bolivia,2026,0.0,ranked,209,local:Ranking-de-Clubes-CONMEBOL-2026.pdf,local:Ranking-de-Clubes-CONMEBOL-2026.pdf,2026-04-07T04:36:02.528002+00:00,Bolivia,80,1308,CONMEBOL,26,24.4,€14.35m,1308.0,1308.0,80.0,80.0
Macará,Macará,Macará,Macará,Macará,Macará,211,35.0,Macará,Macará,164,35.0,Ecuador,2026,0.0,ranked,211,local:Ranking-de-Clubes-CONMEBOL-2026.pdf,local:Ranking-de-Clubes-CONMEBOL-2026.pdf,2026-04-07T04:36:02.528002+00:00,Ecuador,24,1568,CONMEBOL,26,25.4,€296.45m,1568.0,1568.0,24.0,24.0
Club Deportivo Portugués,Club Deportivo Portugués,Club Deportivo Portugués,Club Deportivo Portugués,Club Deportivo Portugués,Club Deportivo Portugués,212,32.0,Club Deportivo Portugués,Club Deportivo Portugués,248,0.0,Venezuela,2026,32.0,ranked,212,local:Ranking-de-Clubes-CONMEBOL-2026.pdf,local:Ranking-de-Clubes-CONMEBOL-2026.pdf,2026-04-07T04:36:02.528002+00:00,Venezuela,47,1477,CONMEBOL,34,27.6,€81.93m,1477.0,1477.0,47.0,47.0
Necaxa,Necaxa,Necaxa,Necaxa,Necaxa,Necaxa,212,32.0,Necaxa,Necaxa,249,0.0,Mexico,2026,32.0,ranked,212,local:Ranking-de-Clubes-CONMEBOL-2026.pdf,local:Ranking-de-Clubes-CONMEBOL-2026.pdf,2026-04-07T04:36:02.528002+00:00,Mexico,17,1647,CONCACAF,23,27.1,€199.50m,1647.0,1647.0,17.0,17.0
Valdéz,Valdéz,Valdéz,Valdéz,Valdéz,Valdéz,212,32.0,Valdéz,Valdéz,250,0.0,Ecuador,2026,32.0,ranked,212,local:Ranking-de-Clubes-CONMEBOL-2026.pdf,local:Ranking-de-Clubes-CONMEBOL-2026.pdf,2026-04-07T04:36:02.528002+00:00,Ecuador,24,1568,CONMEBOL,26,25.4,€296.45m,1568.0,1568.0,24.0,24.0
Valencia Fútbol Club,Valencia Fútbol Club,Valencia Fútbol Club,Valencia Fútbol Club,Valencia Fútbol Club,Valencia Fútbol Club,212,32.0,Valencia Fútbol Club,Valencia Fútbol Club,251,0.0,Venezuela,2026,32.0,ranked,212,local:Ranking-de-Clubes-CONMEBOL-2026.pdf,local:Ranking-de-Clubes-CONMEBOL-2026.pdf,2026-04-07T04:36:02.528002+00:00,Venezuela,47,1477,CONMEBOL,34,27.6,€81.93m,1477.0,1477.0,47.0,47.0
UTC Cajamarca,UTC Cajamarca,UTC Cajamarca,UTC Cajamarca,UTC Cajamarca,UTC Cajamarca,216,31.5,UTC Cajamarca,UTC Cajamarca,180,19.5,Peru,2026,12.0,ranked,216,local:Ranking-de-Clubes-CONMEBOL-2026.pdf,local:Ranking-de-Clubes-CONMEBOL-2026.pdf,2026-04-07T04:36:02.528002+00:00,Peru,42,1483,CONMEBOL,28,29.6,€35.73m,1483.0,1483.0,42.0,42.0
Técnico Universitario,Técnico Universitario,Técnico Universitario,Técnico Universitario,Técnico Universitario,Técnico Universitario,217,29.5,Técnico Universitario,Técnico Universitario,186,13.5,Ecuador,2026,16.0,ranked,217,local:Ranking-de-Clubes-CONMEBOL-2026.pdf,local:Ranking-de-Clubes-CONMEBOL-2026.pdf,2026-04-07T04:36:02.528002+00:00,Ecuador,24,1568,CONMEBOL,26,25.4,€296.45m,1568.0,1568.0,24.0,24.0
ADT,ADT,ADT,ADT,ADT,ADT,218,28.5,ADT,ADT,166,28.5,Peru,2026,0.0,ranked,218,local:Ranking-de-Clubes-CONMEBOL-2026.pdf,local:Ranking-de-Clubes-CONMEBOL-2026.pdf,2026-04-07T04:36:02.528002+00:00,Peru,42,1483,CONMEBOL,28,29.6,€35.73m,1483.0,1483.0,42.0,42.0
Universitario de Vinto,Universitario de Vinto,Universitario de Vinto,Universitario de Vinto,Universitario de Vinto,Universitario de Vinto,218,28.5,Universitario de Vinto,Universitario de Vinto,167,28.5,Bolivia,2026,0.0,ranked,218,local:Ranking-de-Clubes-CONMEBOL-2026.pdf,local:Ranking-de-Clubes-CONMEBOL-2026.pdf,2026-04-07T04:36:02.528002+00:00,Bolivia,80,1308,CONMEBOL,26,24.4,€14.35m,1308.0,1308.0,80.0,80.0
Paraná,Paraná,Paraná,Paraná,Paraná,Paraná,220,28.0,Paraná,Paraná,252,0.0,Brazil,2026,28.0,ranked,220,local:Ranking-de-Clubes-CONMEBOL-2026.pdf,local:Ranking-de-Clubes-CONMEBOL-2026.pdf,2026-04-07T04:36:02.528002+00:00,Brazil,5,1776,CONMEBOL,23,25.8,€995.60m,1776.0,1776.0,5.0,5.0
Plaza Colonia,Plaza Colonia,Plaza Colonia,Plaza Colonia,Plaza Colonia,Plaza Colonia,221,26.5,Plaza Colonia,Plaza Colonia,170,26.5,Uruguay,2026,0.0,ranked,221,local:Ranking-de-Clubes-CONMEBOL-2026.pdf,local:Ranking-de-Clubes-CONMEBOL-2026.pdf,2026-04-07T04:36:02.528002+00:00,Uruguay,13,1679,CONMEBOL,24,27.0,€446.80m,1679.0,1679.0,13.0,13.0
Trujillanos,Trujillanos,Trujillanos,Trujillanos,Trujillanos,Trujillanos,222,26.0,Trujillanos,Trujillanos,175,22.0,Venezuela,2026,4.0,ranked,222,local:Ranking-de-Clubes-CONMEBOL-2026.pdf,local:Ranking-de-Clubes-CONMEBOL-2026.pdf,2026-04-07T04:36:02.528002+00:00,Venezuela,47,1477,CONMEBOL,34,27.6,€81.93m,1477.0,1477.0,47.0,47.0
Platense,Platense,Platense,Platense,Platense,Platense,223,25.0,Platense,Platense,172,25.0,Argentina,2026,0.0,ranked,223,local:Ranking-de-Clubes-CONMEBOL-2026.pdf,local:Ranking-de-Clubes-CONMEBOL-2026.pdf,2026-04-07T04:36:02.528002+00:00,Argentina,1,1886,CONMEBOL,25,27.6,€700.30m,1886.0,1886.0,1.0,1.0
Alfonso Ugarte,Alfonso Ugarte,Alfonso Ugarte,Alfonso Ugarte,Alfonso Ugarte,Alfonso Ugarte,224,24.0,Alfonso Ugarte,Alfonso Ugarte,253,0.0,Peru,2026,24.0,ranked,224,local:Ranking-de-Clubes-CONMEBOL-2026.pdf,local:Ranking-de-Clubes-CONMEBOL-2026.pdf,2026-04-07T04:36:02.528002+00:00,Peru,42,1483,CONMEBOL,28,29.6,€35.73m,1483.0,1483.0,42.0,42.0
Boyacá Chicó,Boyacá Chicó,Boyacá Chicó,Boyacá Chicó,Boyacá Chicó,Boyacá Chicó,224,24.0,Boyacá Chicó,Boyacá Chicó,254,0.0,Colombia,2026,24.0,ranked,224,local:Ranking-de-Clubes-CONMEBOL-2026.pdf,local:Ranking-de-Clubes-CONMEBOL-2026.pdf,2026-04-07T04:36:02.528002+00:00,Colombia,14,1679,CONMEBOL,25,29.1,€288.80m,1679.0,1679.0,14.0,14.0
Pepeganga,Pepeganga,Pepeganga,Pepeganga,Pepeganga,Pepeganga,224,24.0,Pepeganga,Pepeganga,255,0.0,Venezuela,2026,24.0,ranked,224,local:Ranking-de-Clubes-CONMEBOL-2026.pdf,local:Ranking-de-Clubes-CONMEBOL-2026.pdf,2026-04-07T04:36:02.528002+00:00,Venezuela,47,1477,CONMEBOL,34,27.6,€81.93m,1477.0,1477.0,47.0,47.0
Quilmes,Quilmes,Quilmes,Quilmes,Quilmes,Quilmes,224,24.0,Quilmes,Quilmes,256,0.0,Argentina,2026,24.0,ranked,224,local:Ranking-de-Clubes-CONMEBOL-2026.pdf,local:Ranking-de-Clubes-CONMEBOL-2026.pdf,2026-04-07T04:36:02.528002+00:00,Argentina,1,1886,CONMEBOL,25,27.6,€700.30m,1886.0,1886.0,1.0,1.0
Santo André,Santo André,Santo André,Santo André,Santo André,Santo André,224,24.0,Santo André,Santo André,257,0.0,Brazil,2026,24.0,ranked,224,local:Ranking-de-Clubes-CONMEBOL-2026.pdf,local:Ranking-de-Clubes-CONMEBOL-2026.pdf,2026-04-07T04:36:02.528002+00:00,Brazil,5,1776,CONMEBOL,23,25.8,€995.60m,1776.0,1776.0,5.0,5.0
Deportivo Pasto,Deportivo Pasto,Deportivo Pasto,Deportivo Pasto,Deportivo Pasto,Deportivo Pasto,229,21.3,Deportivo Pasto,Deportivo Pasto,181,16.5,Colombia,2026,4.8,ranked,229,local:Ranking-de-Clubes-CONMEBOL-2026.pdf,local:Ranking-de-Clubes-CONMEBOL-2026.pdf,2026-04-07T04:36:02.528002+00:00,Colombia,14,1679,CONMEBOL,25,29.1,€288.80m,1679.0,1679.0,14.0,14.0
Atlético Palmaflor,Atlético Palmaflor,Atlético Palmaflor,Atlético Palmaflor,Atlético Palmaflor,Atlético Palmaflor,230,21.0,Atlético Palmaflor,Atlético Palmaflor,176,21.0,Bolivia,2026,0.0,ranked,230,local:Ranking-de-Clubes-CONMEBOL-2026.pdf,local:Ranking-de-Clubes-CONMEBOL-2026.pdf,2026-04-07T04:36:02.528002+00:00,Bolivia,80,1308,CONMEBOL,26,24.4,€14.35m,1308.0,1308.0,80.0,80.0
Unión San Felipe,Unión San Felipe,Unión San Felipe,Unión San Felipe,Unión San Felipe,Unión San Felipe,231,20.8,Unión San Felipe,Unión San Felipe,258,0.0,Chile,2026,20.8,ranked,231,local:Ranking-de-Clubes-CONMEBOL-2026.pdf,local:Ranking-de-Clubes-CONMEBOL-2026.pdf,2026-04-07T04:36:02.528002+00:00,Chile,52,1462,CONMEBOL,25,29.8,€62.90m,1462.0,1462.0,52.0,52.0
31 de Octubre,31 de Octubre,31 de Octubre,31 de Octubre,31 de Octubre,31 de Octubre,232,20.0,31 de Octubre,31 de Octubre,259,0.0,Bolivia,2026,20.0,ranked,232,local:Ranking-de-Clubes-CONMEBOL-2026.pdf,local:Ranking-de-Clubes-CONMEBOL-2026.pdf,2026-04-07T04:36:02.528002+00:00,Bolivia,80,1308,CONMEBOL,26,24.4,€14.35m,1308.0,1308.0,80.0,80.0
Chaco Petrolero,Chaco Petrolero,Chaco Petrolero,Chaco Petrolero,Chaco Petrolero,Chaco Petrolero,232,20.0,Chaco Petrolero,Chaco Petrolero,260,0.0,Bolivia,2026,20.0,ranked,232,local:Ranking-de-Clubes-CONMEBOL-2026.pdf,local:Ranking-de-Clubes-CONMEBOL-2026.pdf,2026-04-07T04:36:02.528002+00:00,Bolivia,80,1308,CONMEBOL,26,24.4,€14.35m,1308.0,1308.0,80.0,80.0
Curicó Unido,Curicó Unido,Curicó Unido,Curicó Unido,Curicó Unido,Curicó Unido,232,20.0,Curicó Unido,Curicó Unido,178,20.0,Chile,2026,0.0,ranked,232,local:Ranking-de-Clubes-CONMEBOL-2026.pdf,local:Ranking-de-Clubes-CONMEBOL-2026.pdf,2026-04-07T04:36:02.528002+00:00,Chile,52,1462,CONMEBOL,25,29.8,€62.90m,1462.0,1462.0,52.0,52.0
Defensor Arica,Defensor Arica,Defensor Arica,Defensor Arica,Defensor Arica,Defensor Arica,232,20.0,Defensor Arica,Defensor Arica,261,0.0,Peru,2026,20.0,ranked,232,local:Ranking-de-Clubes-CONMEBOL-2026.pdf,local:Ranking-de-Clubes-CONMEBOL-2026.pdf,2026-04-07T04:36:02.528002+00:00,Peru,42,1483,CONMEBOL,28,29.6,€35.73m,1483.0,1483.0,42.0,42.0
Deportivo Maldonado,Deportivo Maldonado,Deportivo Maldonado,Deportivo Maldonado,Deportivo Maldonado,Deportivo Maldonado,232,20.0,Deportivo Maldonado,Deportivo Maldonado,179,20.0,Uruguay,2026,0.0,ranked,232,local:Ranking-de-Clubes-CONMEBOL-2026.pdf,local:Ranking-de-Clubes-CONMEBOL-2026.pdf,2026-04-07T04:36:02.528002+00:00,Uruguay,13,1679,CONMEBOL,24,27.0,€446.80m,1679.0,1679.0,13.0,13.0
Juventude,Juventude,Juventude,Juventude,Juventude,Juventude,232,20.0,Juventude,Juventude,262,0.0,Brazil,2026,20.0,ranked,232,local:Ranking-de-Clubes-CONMEBOL-2026.pdf,local:Ranking-de-Clubes-CONMEBOL-2026.pdf,2026-04-07T04:36:02.528002+00:00,Brazil,5,1776,CONMEBOL,23,25.8,€995.60m,1776.0,1776.0,5.0,5.0
Paulista,Paulista,Paulista,Paulista,Paulista,Paulista,232,20.0,Paulista,Paulista,263,0.0,Brazil,2026,20.0,ranked,232,local:Ranking-de-Clubes-CONMEBOL-2026.pdf,local:Ranking-de-Clubes-CONMEBOL-2026.pdf,2026-04-07T04:36:02.528002+00:00,Brazil,5,1776,CONMEBOL,23,25.8,€995.60m,1776.0,1776.0,5.0,5.0
Unión Magdalena,Unión Magdalena,Unión Magdalena,Unión Magdalena,Unión Magdalena,Unión Magdalena,232,20.0,Unión Magdalena,Unión Magdalena,264,0.0,Colombia,2026,20.0,ranked,232,local:Ranking-de-Clubes-CONMEBOL-2026.pdf,local:Ranking-de-Clubes-CONMEBOL-2026.pdf,2026-04-07T04:36:02.528002+00:00,Colombia,14,1679,CONMEBOL,25,29.1,€288.80m,1679.0,1679.0,14.0,14.0
Deportivo Anzoátegui,Deportivo Anzoátegui,Deportivo Anzoátegui,Deportivo Anzoátegui,Deportivo Anzoátegui,Deportivo Anzoátegui,240,16.5,Deportivo Anzoátegui,Deportivo Anzoátegui,204,4.5,Venezuela,2026,12.0,ranked,240,local:Ranking-de-Clubes-CONMEBOL-2026.pdf,local:Ranking-de-Clubes-CONMEBOL-2026.pdf,2026-04-07T04:36:02.528002+00:00,Venezuela,47,1477,CONMEBOL,34,27.6,€81.93m,1477.0,1477.0,47.0,47.0
Deportivo Canarias,Deportivo Canarias,Deportivo Canarias,Deportivo Canarias,Deportivo Canarias,Deportivo Canarias,241,16.0,Deportivo Canarias,Deportivo Canarias,265,0.0,Venezuela,2026,16.0,ranked,241,local:Ranking-de-Clubes-CONMEBOL-2026.pdf,local:Ranking-de-Clubes-CONMEBOL-2026.pdf,2026-04-07T04:36:02.528002+00:00,Venezuela,47,1477,CONMEBOL,34,27.6,€81.93m,1477.0,1477.0,47.0,47.0
Espoli,Espoli,Espoli,Espoli,Espoli,Espoli,241,16.0,Espoli,Espoli,266,0.0,Ecuador,2026,16.0,ranked,241,local:Ranking-de-Clubes-CONMEBOL-2026.pdf,local:Ranking-de-Clubes-CONMEBOL-2026.pdf,2026-04-07T04:36:02.528002+00:00,Ecuador,24,1568,CONMEBOL,26,25.4,€296.45m,1568.0,1568.0,24.0,24.0
Lara FC,Lara FC,Lara FC,Lara FC,Lara FC,Lara FC,241,16.0,Lara FC,Lara FC,267,0.0,Venezuela,2026,16.0,ranked,241,local:Ranking-de-Clubes-CONMEBOL-2026.pdf,local:Ranking-de-Clubes-CONMEBOL-2026.pdf,2026-04-07T04:36:02.528002+00:00,Venezuela,47,1477,CONMEBOL,34,27.6,€81.93m,1477.0,1477.0,47.0,47.0
León de Huánuco,León de Huánuco,León de Huánuco,León de Huánuco,León de Huánuco,León de Huánuco,241,16.0,León de Huánuco,León de Huánuco,268,0.0,Peru,2026,16.0,ranked,241,local:Ranking-de-Clubes-CONMEBOL-2026.pdf,local:Ranking-de-Clubes-CONMEBOL-2026.pdf,2026-04-07T04:36:02.528002+00:00,Peru,42,1483,CONMEBOL,28,29.6,€35.73m,1483.0,1483.0,42.0,42.0
Náutico,Náutico,Náutico,Náutico,Náutico,Náutico,241,16.0,Náutico,Náutico,269,0.0,Brazil,2026,16.0,ranked,241,local:Ranking-de-Clubes-CONMEBOL-2026.pdf,local:Ranking-de-Clubes-CONMEBOL-2026.pdf,2026-04-07T04:36:02.528002+00:00,Brazil,5,1776,CONMEBOL,23,25.8,€995.60m,1776.0,1776.0,5.0,5.0
Rocha FC,Rocha FC,Rocha FC,Rocha FC,Rocha FC,Rocha FC,241,16.0,Rocha FC,Rocha FC,270,0.0,Uruguay,2026,16.0,ranked,241,local:Ranking-de-Clubes-CONMEBOL-2026.pdf,local:Ranking-de-Clubes-CONMEBOL-2026.pdf,2026-04-07T04:36:02.528002+00:00,Uruguay,13,1679,CONMEBOL,24,27.0,€446.80m,1679.0,1679.0,13.0,13.0
2 de Mayo,2 de Mayo,2 de Mayo,2 de Mayo,2 de Mayo,2 de Mayo,247,15.0,2 de Mayo,2 de Mayo,184,15.0,Paraguay,2026,0.0,ranked,247,local:Ranking-de-Clubes-CONMEBOL-2026.pdf,local:Ranking-de-Clubes-CONMEBOL-2026.pdf,2026-04-07T04:36:02.528002+00:00,Paraguay,48,1476,CONMEBOL,28,27.9,€134.65m,1476.0,1476.0,48.0,48.0
Orense,Orense,Orense,Orense,Orense,Orense,247,15.0,Orense,Orense,185,15.0,Ecuador,2026,0.0,ranked,247,local:Ranking-de-Clubes-CONMEBOL-2026.pdf,local:Ranking-de-Clubes-CONMEBOL-2026.pdf,2026-04-07T04:36:02.528002+00:00,Ecuador,24,1568,CONMEBOL,26,25.4,€296.45m,1568.0,1568.0,24.0,24.0
Deportivo Municipal,Deportivo Municipal,Deportivo Municipal,Deportivo Municipal,Deportivo Municipal,Deportivo Municipal,249,12.5,Deportivo Municipal,Deportivo Municipal,188,12.5,Peru,2026,0.0,ranked,249,local:Ranking-de-Clubes-CONMEBOL-2026.pdf,local:Ranking-de-Clubes-CONMEBOL-2026.pdf,2026-04-07T04:36:02.528002+00:00,Peru,42,1483,CONMEBOL,28,29.6,€35.73m,1483.0,1483.0,42.0,42.0
Santa Cruz,Santa Cruz,Santa Cruz,Santa Cruz,Santa Cruz,Santa Cruz,250,12.3,Santa Cruz,Santa Cruz,189,12.3,Brazil,2026,0.0,ranked,250,local:Ranking-de-Clubes-CONMEBOL-2026.pdf,local:Ranking-de-Clubes-CONMEBOL-2026.pdf,2026-04-07T04:36:02.528002+00:00,Brazil,5,1776,CONMEBOL,23,25.8,€995.60m,1776.0,1776.0,5.0,5.0
Colegio San Agustín,Colegio San Agustín,Colegio San Agustín,Colegio San Agustín,Colegio San Agustín,Colegio San Agustín,251,12.0,Colegio San Agustín,Colegio San Agustín,271,0.0,Peru,2026,12.0,ranked,251,local:Ranking-de-Clubes-CONMEBOL-2026.pdf,local:Ranking-de-Clubes-CONMEBOL-2026.pdf,2026-04-07T04:36:02.528002+00:00,Peru,42,1483,CONMEBOL,28,29.6,€35.73m,1483.0,1483.0,42.0,42.0
Rangers de Talca,Rangers de Talca,Rangers de Talca,Rangers de Talca,Rangers de Talca,Rangers de Talca,251,12.0,Rangers de Talca,Rangers de Talca,272,0.0,Chile,2026,12.0,ranked,251,local:Ranking-de-Clubes-CONMEBOL-2026.pdf,local:Ranking-de-Clubes-CONMEBOL-2026.pdf,2026-04-07T04:36:02.528002+00:00,Chile,52,1462,CONMEBOL,25,29.8,€62.90m,1462.0,1462.0,52.0,52.0
Hermanos Colmenárez,Hermanos Colmenárez,Hermanos Colmenárez,Hermanos Colmenárez,Hermanos Colmenárez,Hermanos Colmenárez,253,10.5,Hermanos Colmenárez,Hermanos Colmenárez,191,10.5,Venezuela,2026,0.0,ranked,253,local:Ranking-de-Clubes-CONMEBOL-2026.pdf,local:Ranking-de-Clubes-CONMEBOL-2026.pdf,2026-04-07T04:36:02.528002+00:00,Venezuela,47,1477,CONMEBOL,34,27.6,€81.93m,1477.0,1477.0,47.0,47.0
Deportivo Capiatá,Deportivo Capiatá,Deportivo Capiatá,Deportivo Capiatá,Deportivo Capiatá,Deportivo Capiatá,254,9.8,Deportivo Capiatá,Deportivo Capiatá,202,5.0,Paraguay,2026,4.8,ranked,254,local:Ranking-de-Clubes-CONMEBOL-2026.pdf,local:Ranking-de-Clubes-CONMEBOL-2026.pdf,2026-04-07T04:36:02.528002+00:00,Paraguay,48,1476,CONMEBOL,28,27.9,€134.65m,1476.0,1476.0,48.0,48.0
LDU Loja,LDU Loja,LDU Loja,LDU Loja,LDU Loja,LDU Loja,255,9.6,LDU Loja,LDU Loja,273,0.0,Ecuador,2026,9.6,ranked,255,local:Ranking-de-Clubes-CONMEBOL-2026.pdf,local:Ranking-de-Clubes-CONMEBOL-2026.pdf,2026-04-07T04:36:02.528002+00:00,Ecuador,24,1568,CONMEBOL,26,25.4,€296.45m,1568.0,1568.0,24.0,24.0
Carlos A. Mannucci,Carlos A. Mannucci,Carlos A. Mannucci,Carlos A. Mannucci,Carlos A. Mannucci,Carlos A. Mannucci,256,9.0,Carlos A. Mannucci,Carlos A. Mannucci,193,9.0,Peru,2026,0.0,ranked,256,local:Ranking-de-Clubes-CONMEBOL-2026.pdf,local:Ranking-de-Clubes-CONMEBOL-2026.pdf,2026-04-07T04:36:02.528002+00:00,Peru,42,1483,CONMEBOL,28,29.6,€35.73m,1483.0,1483.0,42.0,42.0
Guayaquil City,Guayaquil City,Guayaquil City,Guayaquil City,Guayaquil City,Guayaquil City,256,9.0,Guayaquil City,Guayaquil City,194,9.0,Ecuador,2026,0.0,ranked,256,local:Ranking-de-Clubes-CONMEBOL-2026.pdf,local:Ranking-de-Clubes-CONMEBOL-2026.pdf,2026-04-07T04:36:02.528002+00:00,Ecuador,24,1568,CONMEBOL,26,25.4,€296.45m,1568.0,1568.0,24.0,24.0
Bangu,Bangu,Bangu,Bangu,Bangu,Bangu,258,8.0,Bangu,Bangu,274,0.0,Brazil,2026,8.0,ranked,258,local:Ranking-de-Clubes-CONMEBOL-2026.pdf,local:Ranking-de-Clubes-CONMEBOL-2026.pdf,2026-04-07T04:36:02.528002+00:00,Brazil,5,1776,CONMEBOL,23,25.8,€995.60m,1776.0,1776.0,5.0,5.0
Coronel Bolognesi,Coronel Bolognesi,Coronel Bolognesi,Coronel Bolognesi,Coronel Bolognesi,Coronel Bolognesi,258,8.0,Coronel Bolognesi,Coronel Bolognesi,275,0.0,Peru,2026,8.0,ranked,258,local:Ranking-de-Clubes-CONMEBOL-2026.pdf,local:Ranking-de-Clubes-CONMEBOL-2026.pdf,2026-04-07T04:36:02.528002+00:00,Peru,42,1483,CONMEBOL,28,29.6,€35.73m,1483.0,1483.0,42.0,42.0
Cortuluá,Cortuluá,Cortuluá,Cortuluá,Cortuluá,Cortuluá,258,8.0,Cortuluá,Cortuluá,276,0.0,Colombia,2026,8.0,ranked,258,local:Ranking-de-Clubes-CONMEBOL-2026.pdf,local:Ranking-de-Clubes-CONMEBOL-2026.pdf,2026-04-07T04:36:02.528002+00:00,Colombia,14,1679,CONMEBOL,25,29.1,€288.80m,1679.0,1679.0,14.0,14.0
Universitario de La Paz,Universitario de La Paz,Universitario de La Paz,Universitario de La Paz,Universitario de La Paz,Universitario de La Paz,258,8.0,Universitario de La Paz,Universitario de La Paz,277,0.0,Bolivia,2026,8.0,ranked,258,local:Ranking-de-Clubes-CONMEBOL-2026.pdf,local:Ranking-de-Clubes-CONMEBOL-2026.pdf,2026-04-07T04:36:02.528002+00:00,Bolivia,80,1308,CONMEBOL,26,24.4,€14.35m,1308.0,1308.0,80.0,80.0
Llaneros de Guanare,Llaneros de Guanare,Llaneros de Guanare,Llaneros de Guanare,Llaneros de Guanare,Llaneros de Guanare,262,7.5,Llaneros de Guanare,Llaneros de Guanare,197,7.5,Venezuela,2026,0.0,ranked,262,local:Ranking-de-Clubes-CONMEBOL-2026.pdf,local:Ranking-de-Clubes-CONMEBOL-2026.pdf,2026-04-07T04:36:02.528002+00:00,Venezuela,47,1477,CONMEBOL,34,27.6,€81.93m,1477.0,1477.0,47.0,47.0
Avaí,Avaí,Avaí,Avaí,Avaí,Avaí,263,7.2,Avaí,Avaí,278,0.0,Brazil,2026,7.2,ranked,263,local:Ranking-de-Clubes-CONMEBOL-2026.pdf,local:Ranking-de-Clubes-CONMEBOL-2026.pdf,2026-04-07T04:36:02.528002+00:00,Brazil,5,1776,CONMEBOL,23,25.8,€995.60m,1776.0,1776.0,5.0,5.0
D.C. United,D.C. United,D.C. United,D.C. United,D.C. United,D.C. United,263,7.2,D.C. United,D.C. United,279,0.0,United States,2026,7.2,ranked,263,local:Ranking-de-Clubes-CONMEBOL-2026.pdf,local:Ranking-de-Clubes-CONMEBOL-2026.pdf,2026-04-07T04:36:02.528002+00:00,United States,16,1649,CONCACAF,23,25.8,€244.10m,1649.0,1649.0,16.0,16.0
Deportivo Santaní,Deportivo Santaní,Deportivo Santaní,Deportivo Santaní,Deportivo Santaní,Deportivo Santaní,265,6.0,Deportivo Santaní,Deportivo Santaní,198,6.0,Paraguay,2026,0.0,ranked,265,local:Ranking-de-Clubes-CONMEBOL-2026.pdf,local:Ranking-de-Clubes-CONMEBOL-2026.pdf,2026-04-07T04:36:02.528002+00:00,Paraguay,48,1476,CONMEBOL,28,27.9,€134.65m,1476.0,1476.0,48.0,48.0
Independiente FBC,Independiente FBC,Independiente FBC,Independiente FBC,Independiente FBC,Independiente FBC,265,6.0,Independiente FBC,Independiente FBC,199,6.0,Paraguay,2026,0.0,ranked,265,local:Ranking-de-Clubes-CONMEBOL-2026.pdf,local:Ranking-de-Clubes-CONMEBOL-2026.pdf,2026-04-07T04:36:02.528002+00:00,Paraguay,48,1476,CONMEBOL,28,27.9,€134.65m,1476.0,1476.0,48.0,48.0
Club General Díaz,Club General Díaz,Club General Díaz,Club General Díaz,Club General Díaz,Club General Díaz,267,4.5,Club General Díaz,Club General Díaz,205,4.5,Paraguay,2026,0.0,ranked,267,local:Ranking-de-Clubes-CONMEBOL-2026.pdf,local:Ranking-de-Clubes-CONMEBOL-2026.pdf,2026-04-07T04:36:02.528002+00:00,Paraguay,48,1476,CONMEBOL,28,27.9,€134.65m,1476.0,1476.0,48.0,48.0
Deportes Temuco,Deportes Temuco,Deportes Temuco,Deportes Temuco,Deportes Temuco,Deportes Temuco,267,4.5,Deportes Temuco,Deportes Temuco,206,4.5,Chile,2026,0.0,ranked,267,local:Ranking-de-Clubes-CONMEBOL-2026.pdf,local:Ranking-de-Clubes-CONMEBOL-2026.pdf,2026-04-07T04:36:02.528002+00:00,Chile,52,1462,CONMEBOL,25,29.8,€62.90m,1462.0,1462.0,52.0,52.0
Jaguares de Córdoba,Jaguares de Córdoba,Jaguares de Córdoba,Jaguares de Córdoba,Jaguares de Córdoba,Jaguares de Córdoba,267,4.5,Jaguares de Córdoba,Jaguares de Córdoba,207,4.5,Colombia,2026,0.0,ranked,267,local:Ranking-de-Clubes-CONMEBOL-2026.pdf,local:Ranking-de-Clubes-CONMEBOL-2026.pdf,2026-04-07T04:36:02.528002+00:00,Colombia,14,1679,CONMEBOL,25,29.1,€288.80m,1679.0,1679.0,14.0,14.0
Rampla Juniors,Rampla Juniors,Rampla Juniors,Rampla Juniors,Rampla Juniors,Rampla Juniors,267,4.5,Rampla Juniors,Rampla Juniors,208,4.5,Uruguay,2026,0.0,ranked,267,local:Ranking-de-Clubes-CONMEBOL-2026.pdf,local:Ranking-de-Clubes-CONMEBOL-2026.pdf,2026-04-07T04:36:02.528002+00:00,Uruguay,13,1679,CONMEBOL,24,27.0,€446.80m,1679.0,1679.0,13.0,13.0
Sport Rosario,Sport Rosario,Sport Rosario,Sport Rosario,Sport Rosario,Sport Rosario,267,4.5,Sport Rosario,Sport Rosario,209,4.5,Peru,2026,0.0,ranked,267,local:Ranking-de-Clubes-CONMEBOL-2026.pdf,local:Ranking-de-Clubes-CONMEBOL-2026.pdf,2026-04-07T04:36:02.528002+00:00,Peru,42,1483,CONMEBOL,28,29.6,€35.73m,1483.0,1483.0,42.0,42.0
Atlético Chalaco,Atlético Chalaco,Atlético Chalaco,Atlético Chalaco,Atlético Chalaco,Atlético Chalaco,272,4.0,Atlético Chalaco,Atlético Chalaco,280,0.0,Peru,2026,4.0,ranked,272,local:Ranking-de-Clubes-CONMEBOL-2026.pdf,local:Ranking-de-Clubes-CONMEBOL-2026.pdf,2026-04-07T04:36:02.528002+00:00,Peru,42,1483,CONMEBOL,28,29.6,€35.73m,1483.0,1483.0,42.0,42.0
Atlético Torino,Atlético Torino,Atlético Torino,Atlético Torino,Atlético Torino,Atlético Torino,272,4.0,Atlético Torino,Atlético Torino,281,0.0,Peru,2026,4.0,ranked,272,local:Ranking-de-Clubes-CONMEBOL-2026.pdf,local:Ranking-de-Clubes-CONMEBOL-2026.pdf,2026-04-07T04:36:02.528002+00:00,Peru,42,1483,CONMEBOL,28,29.6,€35.73m,1483.0,1483.0,42.0,42.0
Deportivo Filanbanco,Deportivo Filanbanco,Deportivo Filanbanco,Deportivo Filanbanco,Deportivo Filanbanco,Deportivo Filanbanco,272,4.0,Deportivo Filanbanco,Deportivo Filanbanco,282,0.0,Ecuador,2026,4.0,ranked,272,local:Ranking-de-Clubes-CONMEBOL-2026.pdf,local:Ranking-de-Clubes-CONMEBOL-2026.pdf,2026-04-07T04:36:02.528002+00:00,Ecuador,24,1568,CONMEBOL,26,25.4,€296.45m,1568.0,1568.0,24.0,24.0
Litoral,Litoral,Litoral,Litoral,Litoral,Litoral,272,4.0,Litoral,Litoral,283,0.0,Bolivia,2026,4.0,ranked,272,local:Ranking-de-Clubes-CONMEBOL-2026.pdf,local:Ranking-de-Clubes-CONMEBOL-2026.pdf,2026-04-07T04:36:02.528002+00:00,Bolivia,80,1308,CONMEBOL,26,24.4,€14.35m,1308.0,1308.0,80.0,80.0
Atlético Venezuela,Atlético Venezuela,Atlético Venezuela,Atlético Venezuela,Atlético Venezuela,Atlético Venezuela,276,3.0,Atlético Venezuela,Atlético Venezuela,211,3.0,Venezuela,2026,0.0,ranked,276,local:Ranking-de-Clubes-CONMEBOL-2026.pdf,local:Ranking-de-Clubes-CONMEBOL-2026.pdf,2026-04-07T04:36:02.528002+00:00,Venezuela,47,1477,CONMEBOL,34,27.6,€81.93m,1477.0,1477.0,47.0,47.0
Club Petrolero,Club Petrolero,Club Petrolero,Club Petrolero,Club Petrolero,Club Petrolero,276,3.0,Club Petrolero,Club Petrolero,212,3.0,Bolivia,2026,0.0,ranked,276,local:Ranking-de-Clubes-CONMEBOL-2026.pdf,local:Ranking-de-Clubes-CONMEBOL-2026.pdf,2026-04-07T04:36:02.528002+00:00,Bolivia,80,1308,CONMEBOL,26,24.4,€14.35m,1308.0,1308.0,80.0,80.0
Comerciantes Unidos,Comerciantes Unidos,Comerciantes Unidos,Comerciantes Unidos,Comerciantes Unidos,Comerciantes Unidos,276,3.0,Comerciantes Unidos,Comerciantes Unidos,213,3.0,Peru,2026,0.0,ranked,276,local:Ranking-de-Clubes-CONMEBOL-2026.pdf,local:Ranking-de-Clubes-CONMEBOL-2026.pdf,2026-04-07T04:36:02.528002+00:00,Peru,42,1483,CONMEBOL,28,29.6,€35.73m,1483.0,1483.0,42.0,42.0
Estudiantes de Caracas,Estudiantes de Caracas,Estudiantes de Caracas,Estudiantes de Caracas,Estudiantes de Caracas,Estudiantes de Caracas,276,3.0,Estudiantes de Caracas,Estudiantes de Caracas,214,3.0,Venezuela,2026,0.0,ranked,276,local:Ranking-de-Clubes-CONMEBOL-2026.pdf,local:Ranking-de-Clubes-CONMEBOL-2026.pdf,2026-04-07T04:36:02.528002+00:00,Venezuela,47,1477,CONMEBOL,34,27.6,€81.93m,1477.0,1477.0,47.0,47.0
Fuerza Amarilla,Fuerza Amarilla,Fuerza Amarilla,Fuerza Amarilla,Fuerza Amarilla,Fuerza Amarilla,276,3.0,Fuerza Amarilla,Fuerza Amarilla,215,3.0,Ecuador,2026,0.0,ranked,276,local:Ranking-de-Clubes-CONMEBOL-2026.pdf,local:Ranking-de-Clubes-CONMEBOL-2026.pdf,2026-04-07T04:36:02.528002+00:00,Ecuador,24,1568,CONMEBOL,26,25.4,€296.45m,1568.0,1568.0,24.0,24.0
Patriotas Boyacá,Patriotas Boyacá,Patriotas Boyacá,Patriotas Boyacá,Patriotas Boyacá,Patriotas Boyacá,276,3.0,Patriotas Boyacá,Patriotas Boyacá,216,3.0,Colombia,2026,0.0,ranked,276,local:Ranking-de-Clubes-CONMEBOL-2026.pdf,local:Ranking-de-Clubes-CONMEBOL-2026.pdf,2026-04-07T04:36:02.528002+00:00,Colombia,14,1679,CONMEBOL,25,29.1,€288.80m,1679.0,1679.0,14.0,14.0
Puebla,Puebla,Puebla,Puebla,Puebla,Puebla,282,2.5,Puebla,Puebla,217,2.5,Mexico,2026,0.0,ranked,282,local:Ranking-de-Clubes-CONMEBOL-2026.pdf,local:Ranking-de-Clubes-CONMEBOL-2026.pdf,2026-04-07T04:36:02.528002+00:00,Mexico,17,1647,CONCACAF,23,27.1,€199.50m,1647.0,1647.0,17.0,17.0
Alianza Atlético,Alianza Atlético,Alianza Atlético,Alianza Atlético,Alianza Atlético,Alianza Atlético,283,2.4,Alianza Atlético,Alianza Atlético,284,0.0,Peru,2026,2.4,ranked,283,local:Ranking-de-Clubes-CONMEBOL-2026.pdf,local:Ranking-de-Clubes-CONMEBOL-2026.pdf,2026-04-07T04:36:02.528002+00:00,Peru,42,1483,CONMEBOL,28,29.6,€35.73m,1483.0,1483.0,42.0,42.0
Brasília,Brasília,Brasília,Brasília,Brasília,Brasília,283,2.4,Brasília,Brasília,285,0.0,Brazil,2026,2.4,ranked,283,local:Ranking-de-Clubes-CONMEBOL-2026.pdf,local:Ranking-de-Clubes-CONMEBOL-2026.pdf,2026-04-07T04:36:02.528002+00:00,Brazil,5,1776,CONMEBOL,23,25.8,€995.60m,1776.0,1776.0,5.0,5.0
Sport Ancash,Sport Ancash,Sport Ancash,Sport Ancash,Sport Ancash,Sport Ancash,283,2.4,Sport Ancash,Sport Ancash,286,0.0,Peru,2026,2.4,ranked,283,local:Ranking-de-Clubes-CONMEBOL-2026.pdf,local:Ranking-de-Clubes-CONMEBOL-2026.pdf,2026-04-07T04:36:02.528002+00:00,Peru,42,1483,CONMEBOL,28,29.6,€35.73m,1483.0,1483.0,42.0,42.0
Figueirense,Figueirense,Figueirense,Figueirense,Figueirense,Figueirense,286,1.5,Figueirense,Figueirense,219,1.5,Brazil,2026,0.0,ranked,286,local:Ranking-de-Clubes-CONMEBOL-2026.pdf,local:Ranking-de-Clubes-CONMEBOL-2026.pdf,2026-04-07T04:36:02.528002+00:00,Brazil,5,1776,CONMEBOL,23,25.8,€995.60m,1776.0,1776.0,5.0,5.0
Alajuelense,Alajuelense,Alajuelense,Alajuelense,Alajuelense,Alajuelense,287,0.0,Alajuelense,Alajuelense,287,0.0,Costa Rica,2026,0.0,ranked,287,local:Ranking-de-Clubes-CONMEBOL-2026.pdf,local:Ranking-de-Clubes-CONMEBOL-2026.pdf,2026-04-07T04:36:02.528002+00:00,Costa Rica,54,1459,CONCACAF,23,25.4,€38.35m,1459.0,1459.0,54.0,54.0
Atlético Huila,Atlético Huila,Atlético Huila,Atlético Huila,Atlético Huila,Atlético Huila,287,0.0,Atlético Huila,Atlético Huila,288,0.0,Colombia,2026,0.0,ranked,287,local:Ranking-de-Clubes-CONMEBOL-2026.pdf,local:Ranking-de-Clubes-CONMEBOL-2026.pdf,2026-04-07T04:36:02.528002+00:00,Colombia,14,1679,CONMEBOL,25,29.1,€288.80m,1679.0,1679.0,14.0,14.0
Central Español,Central Español,Central Español,Central Español,Central Español,Central Español,287,0.0,Central Español,Central Español,289,0.0,Uruguay,2026,0.0,ranked,287,local:Ranking-de-Clubes-CONMEBOL-2026.pdf,local:Ranking-de-Clubes-CONMEBOL-2026.pdf,2026-04-07T04:36:02.528002+00:00,Uruguay,13,1679,CONMEBOL,24,27.0,€446.80m,1679.0,1679.0,13.0,13.0
El Tanque Sisley,El Tanque Sisley,El Tanque Sisley,El Tanque Sisley,El Tanque Sisley,El Tanque Sisley,287,0.0,El Tanque Sisley,El Tanque Sisley,290,0.0,Uruguay,2026,0.0,ranked,287,local:Ranking-de-Clubes-CONMEBOL-2026.pdf,local:Ranking-de-Clubes-CONMEBOL-2026.pdf,2026-04-07T04:36:02.528002+00:00,Uruguay,13,1679,CONMEBOL,24,27.0,€446.80m,1679.0,1679.0,13.0,13.0
Envigado,Envigado,Envigado,Envigado,Envigado,Envigado,287,0.0,Envigado,Envigado,291,0.0,Colombia,2026,0.0,ranked,287,local:Ranking-de-Clubes-CONMEBOL-2026.pdf,local:Ranking-de-Clubes-CONMEBOL-2026.pdf,2026-04-07T04:36:02.528002+00:00,Colombia,14,1679,CONMEBOL,25,29.1,€288.80m,1679.0,1679.0,14.0,14.0
Estudiantes Tecos,Estudiantes Tecos,Estudiantes Tecos,Estudiantes Tecos,Estudiantes Tecos,Estudiantes Tecos,287,0.0,Estudiantes Tecos,Estudiantes Tecos,292,0.0,Mexico,2026,0.0,ranked,287,local:Ranking-de-Clubes-CONMEBOL-2026.pdf,local:Ranking-de-Clubes-CONMEBOL-2026.pdf,2026-04-07T04:36:02.528002+00:00,Mexico,17,1647,CONCACAF,23,27.1,€199.50m,1647.0,1647.0,17.0,17.0
Everest Guayaquil,Everest Guayaquil,Everest Guayaquil,Everest Guayaquil,Everest Guayaquil,Everest Guayaquil,287,0.0,Everest Guayaquil,Everest Guayaquil,293,0.0,Ecuador,2026,0.0,ranked,287,local:Ranking-de-Clubes-CONMEBOL-2026.pdf,local:Ranking-de-Clubes-CONMEBOL-2026.pdf,2026-04-07T04:36:02.528002+00:00,Ecuador,24,1568,CONMEBOL,26,25.4,€296.45m,1568.0,1568.0,24.0,24.0
Grêmio Barueri,Grêmio Barueri,Grêmio Barueri,Grêmio Barueri,Grêmio Barueri,Grêmio Barueri,287,0.0,Grêmio Barueri,Grêmio Barueri,294,0.0,Brazil,2026,0.0,ranked,287,local:Ranking-de-Clubes-CONMEBOL-2026.pdf,local:Ranking-de-Clubes-CONMEBOL-2026.pdf,2026-04-07T04:36:02.528002+00:00,Brazil,5,1776,CONMEBOL,23,25.8,€995.60m,1776.0,1776.0,5.0,5.0
Joinville,Joinville,Joinville,Joinville,Joinville,Joinville,287,0.0,Joinville,Joinville,295,0.0,Brazil,2026,0.0,ranked,287,local:Ranking-de-Clubes-CONMEBOL-2026.pdf,local:Ranking-de-Clubes-CONMEBOL-2026.pdf,2026-04-07T04:36:02.528002+00:00,Brazil,5,1776,CONMEBOL,23,25.8,€995.60m,1776.0,1776.0,5.0,5.0
Juventud de Las Piedras,Juventud de Las Piedras,Juventud de Las Piedras,Juventud de Las Piedras,Juventud de Las Piedras,Juventud de Las Piedras,287,0.0,Juventud de Las Piedras,Juventud de Las Piedras,296,0.0,Uruguay,2026,0.0,ranked,287,local:Ranking-de-Clubes-CONMEBOL-2026.pdf,local:Ranking-de-Clubes-CONMEBOL-2026.pdf,2026-04-07T04:36:02.528002+00:00,Uruguay,13,1679,CONMEBOL,24,27.0,€446.80m,1679.0,1679.0,13.0,13.0
La Paz FC,La Paz FC,La Paz FC,La Paz FC,La Paz FC,La Paz FC,287,0.0,La Paz FC,La Paz FC,297,0.0,Bolivia,2026,0.0,ranked,287,local:Ranking-de-Clubes-CONMEBOL-2026.pdf,local:Ranking-de-Clubes-CONMEBOL-2026.pdf,2026-04-07T04:36:02.528002+00:00,Bolivia,80,1308,CONMEBOL,26,24.4,€14.35m,1308.0,1308.0,80.0,80.0
Motagua,Motagua,Motagua,Motagua,Motagua,Motagua,287,0.0,Motagua,Motagua,298,0.0,Honduras,2026,0.0,ranked,287,local:Ranking-de-Clubes-CONMEBOL-2026.pdf,local:Ranking-de-Clubes-CONMEBOL-2026.pdf,2026-04-07T04:36:02.528002+00:00,Honduras,75,1334,CONCACAF,27,28.7,€12.90m,1334.0,1334.0,75.0,75.0
Portuguesa (Brazil),Portuguesa (Brazil),Portuguesa (Brazil),Portuguesa,Portuguesa (Brazil),Portuguesa,287,0.0,Portuguesa (Brazil),Portuguesa,299,0.0,Brazil,2026,0.0,ranked,287,local:Ranking-de-Clubes-CONMEBOL-2026.pdf,local:Ranking-de-Clubes-CONMEBOL-2026.pdf,2026-04-07T04:36:02.528002+00:00,Brazil,5,1776,CONMEBOL,23,25.8,€995.60m,1776.0,1776.0,5.0,5.0
Provincial Osorno,Provincial Osorno,Provincial Osorno,Provincial Osorno,Provincial Osorno,Provincial Osorno,287,0.0,Provincial Osorno,Provincial Osorno,300,0.0,Chile,2026,0.0,ranked,287,local:Ranking-de-Clubes-CONMEBOL-2026.pdf,local:Ranking-de-Clubes-CONMEBOL-2026.pdf,2026-04-07T04:36:02.528002+00:00,Chile,52,1462,CONMEBOL,25,29.8,€62.90m,1462.0,1462.0,52.0,52.0
Unión Comercio,Unión Comercio,Unión Comercio,Unión Comercio,Unión Comercio,Unión Comercio,287,0.0,Unión Comercio,Unión Comercio,301,0.0,Peru,2026,0.0,ranked,287,local:Ranking-de-Clubes-CONMEBOL-2026.pdf,local:Ranking-de-Clubes-CONMEBOL-2026.pdf,2026-04-07T04:36:02.528002+00:00,Peru,42,1483,CONMEBOL,28,29.6,€35.73m,1483.0,1483.0,42.0,42.0
Yaracuyanos,Yaracuyanos,Yaracuyanos,Yaracuyanos,Yaracuyanos,Yaracuyanos,287,0.0,Yaracuyanos,Yaracuyanos,302,0.0,Venezuela,2026,0.0,ranked,287,local:Ranking-de-Clubes-CONMEBOL-2026.pdf,local:Ranking-de-Clubes-CONMEBOL-2026.pdf,2026-04-07T04:36:02.528002+00:00,Venezuela,47,1477,CONMEBOL,34,27.6,€81.93m,1477.0,1477.0,47.0,47.0
Ind. Rivadavia,Ind. Rivadavia,Independiente Rivadavia,Independiente Rivadavia,Ind. Rivadavia,Independiente Rivadavia,288,0.0,Ind. Rivadavia,Independiente Rivadavia,303,0.0,Argentina,2026,0.0,S/R,S/R,local:Ranking-de-Clubes-CONMEBOL-2026.pdf,local:Ranking-de-Clubes-CONMEBOL-2026.pdf,2026-04-07T04:36:02.528002+00:00,Argentina,1,1886,CONMEBOL,25,27.6,€700.30m,1886.0,1886.0,1.0,1.0
Deportivo Riestra,Deportivo Riestra,Deportivo Riestra,Deportivo Riestra,Deportivo Riestra,Deportivo Riestra,289,0.0,Deportivo Riestra,Deportivo Riestra,304,0.0,Argentina,2026,0.0,S/R,S/R,local:Ranking-de-Clubes-CONMEBOL-2026.pdf,local:Ranking-de-Clubes-CONMEBOL-2026.pdf,2026-04-07T04:36:02.528002+00:00,Argentina,1,1886,CONMEBOL,25,27.6,€700.30m,1886.0,1886.0,1.0,1.0
Barracas Central,Barracas Central,Barracas Central,Barracas Central,Barracas Central,Barracas Central,290,0.0,Barracas Central,Barracas Central,305,0.0,Argentina,2026,0.0,S/R,S/R,local:Ranking-de-Clubes-CONMEBOL-2026.pdf,local:Ranking-de-Clubes-CONMEBOL-2026.pdf,2026-04-07T04:36:02.528002+00:00,Argentina,1,1886,CONMEBOL,25,27.6,€700.30m,1886.0,1886.0,1.0,1.0
Mirassol,Mirassol,Mirassol,Mirassol,Mirassol,Mirassol,291,0.0,Mirassol,Mirassol,306,0.0,Brazil,2026,0.0,S/R,S/R,local:Ranking-de-Clubes-CONMEBOL-2026.pdf,local:Ranking-de-Clubes-CONMEBOL-2026.pdf,2026-04-07T04:36:02.528002+00:00,Brazil,5,1776,CONMEBOL,23,25.8,€995.60m,1776.0,1776.0,5.0,5.0
Libertad (Ecuador),Libertad (Ecuador),Libertad (Ecuador),Libertad,Libertad (Ecuador),Libertad,292,0.0,Libertad (Ecuador),Libertad,307,0.0,Ecuador,2026,0.0,S/R,S/R,local:Ranking-de-Clubes-CONMEBOL-2026.pdf,local:Ranking-de-Clubes-CONMEBOL-2026.pdf,2026-04-07T04:36:02.528002+00:00,Ecuador,24,1568,CONMEBOL,26,25.4,€296.45m,1568.0,1568.0,24.0,24.0
Recoleta,Recoleta,Recoleta,Recoleta,Recoleta,Recoleta,293,0.0,Recoleta,Recoleta,308,0.0,Paraguay,2026,0.0,S/R,S/R,local:Ranking-de-Clubes-CONMEBOL-2026.pdf,local:Ranking-de-Clubes-CONMEBOL-2026.pdf,2026-04-07T04:36:02.528002+00:00,Paraguay,48,1476,CONMEBOL,28,27.9,€134.65m,1476.0,1476.0,48.0,48.0
