Total messages: 2452 (Errors: 331, Warnings: 200)
Returning 843 messages for level "info"

[WARNING] A preload for 'https://cdn.ssref.net/req/202602051/css/fb/sr-min.css' is found, but is not used because the request credentials mode does not match. Consider taking a look at crossorigin attribute. @ https://fbref.com/en/squads/a77c513e/2025-2026/matchlogs/all_comps/schedule/Benfica-Scores-and-Fixtures-All-Competitions:50
[WARNING] [GPT] Unrecognized property encountered when calling setConfig: googletag.setConfig.contentPause
https://goo.gle/gpt-message#158 @ https://securepubads.g.doubleclick.net/pagead/managed/js/gpt/m202602090101/pubads_impl.js?cb=31096699:18
Uncaught Error: Invalid command: getGPPData
    at <anonymous> (https://cmp.osano.com/16CGnCU8UtNhM14sg/12669873-8cf8-41e2-be1f-1cb803cbffe0/osano.js:1:225454)
    at <anonymous> (https://cmp.osano.com/16CGnCU8UtNhM14sg/12669873-8cf8-41e2-be1f-1cb803cbffe0/osano.js:1:223655)
Uncaught Error: Invalid command: getGPPData
    at <anonymous> (https://cmp.osano.com/16CGnCU8UtNhM14sg/12669873-8cf8-41e2-be1f-1cb803cbffe0/osano.js:1:225454)
    at <anonymous> (https://cmp.osano.com/16CGnCU8UtNhM14sg/12669873-8cf8-41e2-be1f-1cb803cbffe0/osano.js:1:223655)
[LOG] Called iframe: ads.pubmatic.com [] 
Number of topics:  0 @ https://ads.pubmatic.com/AdServer/js/topics/topics_frame.html?bidder=pubmatic:19
[LOG] Called iframe: pa.openx.net [] 
Number of topics:  0 @ https://pa.openx.net/topics_frame.html?bidder=openx:15
Uncaught Error: Invalid command: getGPPData
    at <anonymous> (https://cmp.osano.com/16CGnCU8UtNhM14sg/12669873-8cf8-41e2-be1f-1cb803cbffe0/osano.js:1:225454)
    at <anonymous> (https://cmp.osano.com/16CGnCU8UtNhM14sg/12669873-8cf8-41e2-be1f-1cb803cbffe0/osano.js:1:223655)
Uncaught Error: Invalid command: getGPPData
    at <anonymous> (https://cmp.osano.com/16CGnCU8UtNhM14sg/12669873-8cf8-41e2-be1f-1cb803cbffe0/osano.js:1:225454)
    at <anonymous> (https://cmp.osano.com/16CGnCU8UtNhM14sg/12669873-8cf8-41e2-be1f-1cb803cbffe0/osano.js:1:223655)
[WARNING] [Audigent] script has already been initialised. Skip further execution @ https://a.ad.gt/api/v1/u/matches/454?_it=amazon:0
Uncaught Error: Invalid command: getGPPData
    at <anonymous> (https://cmp.osano.com/16CGnCU8UtNhM14sg/12669873-8cf8-41e2-be1f-1cb803cbffe0/osano.js:1:225454)
    at <anonymous> (https://cmp.osano.com/16CGnCU8UtNhM14sg/12669873-8cf8-41e2-be1f-1cb803cbffe0/osano.js:1:223655)
Uncaught Error: Invalid command: getGPPData
    at <anonymous> (https://cmp.osano.com/16CGnCU8UtNhM14sg/12669873-8cf8-41e2-be1f-1cb803cbffe0/osano.js:1:225454)
    at <anonymous> (https://cmp.osano.com/16CGnCU8UtNhM14sg/12669873-8cf8-41e2-be1f-1cb803cbffe0/osano.js:1:223655)
[ERROR] Attestation check for Shared Storage on https://securepubads.g.doubleclick.net failed. @ https://imasdk.googleapis.com/js/core/bridge3.741.1_en.html#deid=%22%22&eventfe_experiment_ids=%5B%5D&fid=%22goog_914352996%22&genotype_experiment_data=%7B%22experimentStateProto%22%3A%22%5B%5B%5B45713128%2Cnull%2Cnull%2C%5B%5D%5D%2C%5Bnull%2C745150931%2Cnull%2C%5Bnull%2C1%5D%5D%2C%5Bnull%2C749060184%2Cnull%2C%5Bnull%2C128%5D%5D%2C%5B841585769%2Cnull%2Cnull%2C%5B1%5D%5D%2C%5B45722344%2Cnull%2Cnull%2C%5B%5D%5D%2C%5B45706017%2Cnull%2Cnull%2C%5B1%5D%5D%2C%5B45740207%2Cnull%2Cnull%2C%5B%5D%5D%2C%5B45668885%2Cnull%2Cnull%2C%5B%5D%5D%2C%5B45685340%2Cnull%2Cnull%2C%5B%5D%5D%2C%5B45734716%2Cnull%2Cnull%2C%5B%5D%5D%2C%5B45735891%2Cnull%2Cnull%2C%5B%5D%5D%2C%5B45663239%2Cnull%2Cnull%2C%5B%5D%5D%2C%5B45715032%2Cnull%2Cnull%2C%5B1%5D%5D%2C%5B45661356%2Cnull%2Cnull%2C%5B%5D%5D%2C%5B839547366%2Cnull%2Cnull%2C%5B1%5D%5D%2C%5B45676441%2Cnull%2Cnull%2C%5B%5D%5D%2C%5B45675307%2Cnull%2Cnull%2C%5B1%5D%5D%2C%5B45675308%2Cnull%2Cnull%2C%5B1%5D%5D%2C%5Bnull%2C45645574%2Cnull%2C%5B%5D%5D%2C%5B45688859%2Cnull%2Cnull%2C%5B%5D%5D%2C%5B45656766%2Cnull%2Cnull%2C%5B%5D%5D%2C%5B45710689%2Cnull%2Cnull%2C%5B%5D%5D%2C%5B45710688%2Cnull%2Cnull%2C%5B1%5D%5D%2C%5B45685601%2Cnull%2Cnull%2C%5B%5D%5D%2C%5Bnull%2C45685602%2Cnull%2C%5Bnull%2C500%5D%5D%2C%5B45756824%2Cnull%2Cnull%2C%5B%5D%5D%2C%5B45747172%2Cnull%2Cnull%2C%5B%5D%5D%2C%5B775241416%2Cnull%2Cnull%2C%5B%5D%5D%2C%5B781107959%2Cnull%2Cnull%2C%5B%5D%5D%2C%5B781107958%2Cnull%2Cnull%2C%5B%5D%5D%2C%5B792614055%2Cnull%2Cnull%2C%5B%5D%5D%2C%5B781107957%2Cnull%2Cnull%2C%5B%5D%5D%2C%5B45729602%2Cnull%2Cnull%2C%5B%5D%5D%2C%5B45753603%2Cnull%2Cnull%2C%5B%5D%5D%2C%5B45753604%2Cnull%2Cnull%2C%5B%5D%5D%2C%5B45658982%2Cnull%2Cnull%2C%5B%5D%5D%2C%5B45725657%2Cnull%2Cnull%2C%5B%5D%5D%5D%2C%5B%5B16%2C%5B%5B1%2C%5B%5B31089630%5D%2C%5B31089631%2C%5B%5B45668885%2Cnull%2Cnull%2C%5B1%5D%5D%5D%5D%5D%5D%2C%5B1000%2C%5B%5B95332046%5D%5D%5D%2C%5Bnull%2C%5B%5B95332047%5D%5D%5D%2C%5B10%2C%5B%5B95338769%2C%5B%5Bnull%2C45645574%2Cnull%2C%5Bnull%2C1%5D%5D%5D%5D%2C%5B95338770%2C%5B%5Bnull%2C45645574%2Cnull%2C%5Bnull%2C2%5D%5D%5D%5D%5D%5D%2C%5B50%2C%5B%5B95345206%5D%2C%5B95345207%2C%5B%5B45661356%2Cnull%2Cnull%2C%5B1%5D%5D%5D%5D%5D%5D%2C%5B1%2C%5B%5B95351425%5D%2C%5B95351426%2C%5B%5B45676441%2Cnull%2Cnull%2C%5B1%5D%5D%5D%5D%5D%5D%2C%5B20%2C%5B%5B95356068%5D%2C%5B95356069%2C%5B%5B45685601%2Cnull%2Cnull%2C%5B%5D%5D%2C%5Bnull%2C45685602%2Cnull%2C%5B%5D%5D%5D%5D%2C%5B95356070%2C%5B%5B45685601%2Cnull%2Cnull%2C%5B1%5D%5D%2C%5Bnull%2C45685602%2Cnull%2C%5B%5D%5D%5D%5D%2C%5B95356071%2C%5B%5B45685601%2Cnull%2Cnull%2C%5B1%5D%5D%2C%5Bnull%2C45685602%2Cnull%2C%5Bnull%2C100%5D%5D%5D%5D%5D%5D%2C%5B1%2C%5B%5B95373378%2C%5B%5B792614055%2Cnull%2Cnull%2C%5B1%5D%5D%5D%5D%2C%5B95373379%2C%5B%5B45747172%2Cnull%2Cnull%2C%5B1%5D%5D%2C%5B781107959%2Cnull%2Cnull%2C%5B1%5D%5D%2C%5B792614055%2Cnull%2Cnull%2C%5B1%5D%5D%2C%5B781107957%2Cnull%2Cnull%2C%5B1%5D%5D%5D%5D%5D%5D%2C%5Bnull%2C%5B%5B95375930%5D%2C%5B95375931%2C%5B%5B45734716%2Cnull%2Cnull%2C%5B1%5D%5D%5D%5D%2C%5B95376520%2C%5B%5B45734716%2Cnull%2Cnull%2C%5B1%5D%5D%2C%5B45735891%2Cnull%2Cnull%2C%5B1%5D%5D%5D%5D%5D%5D%2C%5Bnull%2C%5B%5B95378095%5D%2C%5B95378096%2C%5B%5B45740207%2Cnull%2Cnull%2C%5B1%5D%5D%5D%5D%5D%5D%2C%5B10%2C%5B%5B95378629%5D%2C%5B95378630%2C%5B%5B45729602%2Cnull%2Cnull%2C%5B1%5D%5D%5D%5D%2C%5B95381582%2C%5B%5B45729602%2Cnull%2Cnull%2C%5B1%5D%5D%2C%5B45753603%2Cnull%2Cnull%2C%5B1%5D%5D%5D%5D%2C%5B95381583%2C%5B%5B45729602%2Cnull%2Cnull%2C%5B1%5D%5D%2C%5B45753604%2Cnull%2Cnull%2C%5B1%5D%5D%5D%5D%5D%5D%2C%5Bnull%2C%5B%5B95382403%5D%2C%5B95382404%2C%5B%5B45756824%2Cnull%2Cnull%2C%5B1%5D%5D%5D%5D%5D%5D%5D%5D%5D%2Cnull%2Cnull%2C%5Bnull%2C1000%2C1%2C1000%5D%5D%22%7D&imalib_experiments=%5B95338774%2C95322027%2C95331589%2C95379050%2C95332046%2C95338769%5D&is_eap_loader=false&managed_js_experiment_id=0&page_correlator=2785194861689349&pvsid=153167819268994&top_accessible_page_url=%22https%3A%2F%2Ffbref.com%2Fen%2Fsquads%2Fa77c513e%2F2025-2026%2Fmatchlogs%2Fall_comps%2Fschedule%2FBenfica-Scores-and-Fixtures-All-Competitions%22:0
[ERROR] Failed to load resource: net::ERR_NAME_NOT_RESOLVED @ https://beacon.krxd.net/usermatch.gif?partner=stackadapt&partner_uid=v8X6G1ZSW8VSA55izV-2UA:0
[ERROR] Failed to load resource: the server responded with a status of 404 () @ https://secure.adnxs.com/gdpr=0&us_privacy=1YN-&https://pixel.rubiconproject.com/tap.php?v=4894&nid=1986&put=7991133061705435246&expires=30:0
[WARNING] The key "target-densitydpi" is not supported. @ https://s-static.innovid.com/mobileapps/s/js/default/1b2dmq?cb=5303206b-b82d-980c-c917-33b8a1eae464&deviceid=&ivc=cb%3D3337206957331598609%26ivc_click_tracker%3Dhttps%3A%2F%2Fpixel.mathtag.com%2Fclick%2Fimg%253Fexch_aid%253Dca968d95-6ee9-4e7c-8898-23fb6864654e_x5e_1%2526mt_aid%253D3337206957331598609%2526mt_id%253D12047902%2526mt_adid%253D429240%2526mt_sid%253D14058185%2526mt_caid%253D1429922%2526mt_exid%253D15%2526mt_inapp%253D0%2526mt_os%253DmacOS%2526mt_ip%253D73.254.115.228%2526mt_addr%253D1241412580%2526mt_ts%253D1770872591%2526mt_uuid%253D08446988-ee64-4200-b9f4-5d594e06a641%2526mt_cid%253D3dd416df-4726-371b-9e1d-88905756ffd1%2526mt_lp%253Dhttps%25253A%2F%2Fwww.toyota.com%2F%2526redirect%253D%26audience_id%3D181383620%26version_id%3D6520%26inv_ctx_zip%3D98107%26inv_ctx_country%3DUnited%2520States%26inv_ctx_city%3DSeattle%26inv_ctx_dma%3D819%26inv_ctx_state%3DWashington%26inv_ctx_stateCode%3DWA%26inv_ctx_celsius%3D10%26inv_ctx_fahrenheit%3D51%26inv_ctx_humidity%3D61%26inv_ctx_uvIndex%3D0%26inv_ctx_precipitation%3D0.0%26iv_geo_dma%3D819%26iv_geo_country%3DUS%26iv_geo_city%3Dseattle%26iv_geo_state%3DWA%26iv_geo_zip%3D98107%26iv_geo_lat%3D47.6674%26iv_geo_lon%3D-122.3701%26iv_weather_temp_c%3D10%26iv_weather_code%3D113&pref=false:31
[LOG] Disabling Main Click thru @ https://s-static.innovid.com/mobileapps/s/js/default/1b2dmq?cb=5303206b-b82d-980c-c917-33b8a1eae464&deviceid=&ivc=cb%3D3337206957331598609%26ivc_click_tracker%3Dhttps%3A%2F%2Fpixel.mathtag.com%2Fclick%2Fimg%253Fexch_aid%253Dca968d95-6ee9-4e7c-8898-23fb6864654e_x5e_1%2526mt_aid%253D3337206957331598609%2526mt_id%253D12047902%2526mt_adid%253D429240%2526mt_sid%253D14058185%2526mt_caid%253D1429922%2526mt_exid%253D15%2526mt_inapp%253D0%2526mt_os%253DmacOS%2526mt_ip%253D73.254.115.228%2526mt_addr%253D1241412580%2526mt_ts%253D1770872591%2526mt_uuid%253D08446988-ee64-4200-b9f4-5d594e06a641%2526mt_cid%253D3dd416df-4726-371b-9e1d-88905756ffd1%2526mt_lp%253Dhttps%25253A%2F%2Fwww.toyota.com%2F%2526redirect%253D%26audience_id%3D181383620%26version_id%3D6520%26inv_ctx_zip%3D98107%26inv_ctx_country%3DUnited%2520States%26inv_ctx_city%3DSeattle%26inv_ctx_dma%3D819%26inv_ctx_state%3DWashington%26inv_ctx_stateCode%3DWA%26inv_ctx_celsius%3D10%26inv_ctx_fahrenheit%3D51%26inv_ctx_humidity%3D61%26inv_ctx_uvIndex%3D0%26inv_ctx_precipitation%3D0.0%26iv_geo_dma%3D819%26iv_geo_country%3DUS%26iv_geo_city%3Dseattle%26iv_geo_state%3DWA%26iv_geo_zip%3D98107%26iv_geo_lat%3D47.6674%26iv_geo_lon%3D-122.3701%26iv_weather_temp_c%3D10%26iv_weather_code%3D113&pref=false:187
[LOG] PTP: called init @ https://s-static.innovid.com/mobileapps/s/js/default/1b2dmq?cb=5303206b-b82d-980c-c917-33b8a1eae464&deviceid=&ivc=cb%3D3337206957331598609%26ivc_click_tracker%3Dhttps%3A%2F%2Fpixel.mathtag.com%2Fclick%2Fimg%253Fexch_aid%253Dca968d95-6ee9-4e7c-8898-23fb6864654e_x5e_1%2526mt_aid%253D3337206957331598609%2526mt_id%253D12047902%2526mt_adid%253D429240%2526mt_sid%253D14058185%2526mt_caid%253D1429922%2526mt_exid%253D15%2526mt_inapp%253D0%2526mt_os%253DmacOS%2526mt_ip%253D73.254.115.228%2526mt_addr%253D1241412580%2526mt_ts%253D1770872591%2526mt_uuid%253D08446988-ee64-4200-b9f4-5d594e06a641%2526mt_cid%253D3dd416df-4726-371b-9e1d-88905756ffd1%2526mt_lp%253Dhttps%25253A%2F%2Fwww.toyota.com%2F%2526redirect%253D%26audience_id%3D181383620%26version_id%3D6520%26inv_ctx_zip%3D98107%26inv_ctx_country%3DUnited%2520States%26inv_ctx_city%3DSeattle%26inv_ctx_dma%3D819%26inv_ctx_state%3DWashington%26inv_ctx_stateCode%3DWA%26inv_ctx_celsius%3D10%26inv_ctx_fahrenheit%3D51%26inv_ctx_humidity%3D61%26inv_ctx_uvIndex%3D0%26inv_ctx_precipitation%3D0.0%26iv_geo_dma%3D819%26iv_geo_country%3DUS%26iv_geo_city%3Dseattle%26iv_geo_state%3DWA%26iv_geo_zip%3D98107%26iv_geo_lat%3D47.6674%26iv_geo_lon%3D-122.3701%26iv_weather_temp_c%3D10%26iv_weather_code%3D113&pref=false:496
[LOG] PTP: called getVolume @ https://s-static.innovid.com/mobileapps/s/js/default/1b2dmq?cb=5303206b-b82d-980c-c917-33b8a1eae464&deviceid=&ivc=cb%3D3337206957331598609%26ivc_click_tracker%3Dhttps%3A%2F%2Fpixel.mathtag.com%2Fclick%2Fimg%253Fexch_aid%253Dca968d95-6ee9-4e7c-8898-23fb6864654e_x5e_1%2526mt_aid%253D3337206957331598609%2526mt_id%253D12047902%2526mt_adid%253D429240%2526mt_sid%253D14058185%2526mt_caid%253D1429922%2526mt_exid%253D15%2526mt_inapp%253D0%2526mt_os%253DmacOS%2526mt_ip%253D73.254.115.228%2526mt_addr%253D1241412580%2526mt_ts%253D1770872591%2526mt_uuid%253D08446988-ee64-4200-b9f4-5d594e06a641%2526mt_cid%253D3dd416df-4726-371b-9e1d-88905756ffd1%2526mt_lp%253Dhttps%25253A%2F%2Fwww.toyota.com%2F%2526redirect%253D%26audience_id%3D181383620%26version_id%3D6520%26inv_ctx_zip%3D98107%26inv_ctx_country%3DUnited%2520States%26inv_ctx_city%3DSeattle%26inv_ctx_dma%3D819%26inv_ctx_state%3DWashington%26inv_ctx_stateCode%3DWA%26inv_ctx_celsius%3D10%26inv_ctx_fahrenheit%3D51%26inv_ctx_humidity%3D61%26inv_ctx_uvIndex%3D0%26inv_ctx_precipitation%3D0.0%26iv_geo_dma%3D819%26iv_geo_country%3DUS%26iv_geo_city%3Dseattle%26iv_geo_state%3DWA%26iv_geo_zip%3D98107%26iv_geo_lat%3D47.6674%26iv_geo_lon%3D-122.3701%26iv_weather_temp_c%3D10%26iv_weather_code%3D113&pref=false:498
[LOG] Initial Load Banner Id: iva-display-sub-load-html-banner @ https://s-static.innovid.com/mobileapps/s/js/default/1b2dmq?cb=5303206b-b82d-980c-c917-33b8a1eae464&deviceid=&ivc=cb%3D3337206957331598609%26ivc_click_tracker%3Dhttps%3A%2F%2Fpixel.mathtag.com%2Fclick%2Fimg%253Fexch_aid%253Dca968d95-6ee9-4e7c-8898-23fb6864654e_x5e_1%2526mt_aid%253D3337206957331598609%2526mt_id%253D12047902%2526mt_adid%253D429240%2526mt_sid%253D14058185%2526mt_caid%253D1429922%2526mt_exid%253D15%2526mt_inapp%253D0%2526mt_os%253DmacOS%2526mt_ip%253D73.254.115.228%2526mt_addr%253D1241412580%2526mt_ts%253D1770872591%2526mt_uuid%253D08446988-ee64-4200-b9f4-5d594e06a641%2526mt_cid%253D3dd416df-4726-371b-9e1d-88905756ffd1%2526mt_lp%253Dhttps%25253A%2F%2Fwww.toyota.com%2F%2526redirect%253D%26audience_id%3D181383620%26version_id%3D6520%26inv_ctx_zip%3D98107%26inv_ctx_country%3DUnited%2520States%26inv_ctx_city%3DSeattle%26inv_ctx_dma%3D819%26inv_ctx_state%3DWashington%26inv_ctx_stateCode%3DWA%26inv_ctx_celsius%3D10%26inv_ctx_fahrenheit%3D51%26inv_ctx_humidity%3D61%26inv_ctx_uvIndex%3D0%26inv_ctx_precipitation%3D0.0%26iv_geo_dma%3D819%26iv_geo_country%3DUS%26iv_geo_city%3Dseattle%26iv_geo_state%3DWA%26iv_geo_zip%3D98107%26iv_geo_lat%3D47.6674%26iv_geo_lon%3D-122.3701%26iv_weather_temp_c%3D10%26iv_weather_code%3D113&pref=false:791
[LOG] PTP: called preparePlay @ https://s-static.innovid.com/mobileapps/s/js/default/1b2dmq?cb=5303206b-b82d-980c-c917-33b8a1eae464&deviceid=&ivc=cb%3D3337206957331598609%26ivc_click_tracker%3Dhttps%3A%2F%2Fpixel.mathtag.com%2Fclick%2Fimg%253Fexch_aid%253Dca968d95-6ee9-4e7c-8898-23fb6864654e_x5e_1%2526mt_aid%253D3337206957331598609%2526mt_id%253D12047902%2526mt_adid%253D429240%2526mt_sid%253D14058185%2526mt_caid%253D1429922%2526mt_exid%253D15%2526mt_inapp%253D0%2526mt_os%253DmacOS%2526mt_ip%253D73.254.115.228%2526mt_addr%253D1241412580%2526mt_ts%253D1770872591%2526mt_uuid%253D08446988-ee64-4200-b9f4-5d594e06a641%2526mt_cid%253D3dd416df-4726-371b-9e1d-88905756ffd1%2526mt_lp%253Dhttps%25253A%2F%2Fwww.toyota.com%2F%2526redirect%253D%26audience_id%3D181383620%26version_id%3D6520%26inv_ctx_zip%3D98107%26inv_ctx_country%3DUnited%2520States%26inv_ctx_city%3DSeattle%26inv_ctx_dma%3D819%26inv_ctx_state%3DWashington%26inv_ctx_stateCode%3DWA%26inv_ctx_celsius%3D10%26inv_ctx_fahrenheit%3D51%26inv_ctx_humidity%3D61%26inv_ctx_uvIndex%3D0%26inv_ctx_precipitation%3D0.0%26iv_geo_dma%3D819%26iv_geo_country%3DUS%26iv_geo_city%3Dseattle%26iv_geo_state%3DWA%26iv_geo_zip%3D98107%26iv_geo_lat%3D47.6674%26iv_geo_lon%3D-122.3701%26iv_weather_temp_c%3D10%26iv_weather_code%3D113&pref=false:498
[DIR] SyntaxError @ https://js.ad-score.com/score.min.js?pid=1001066:1
[LOG] >>> Innovid Display Connector: Version 5 @ https://s-files.innovid.com/creative/ct_dev/5/innovid_display_connector.js:28
[LOG] Using Innovid GWD Connector (version: 0.6.1) @ https://s-static.innovid.com/display/uploads/192861/1299097/1753722702339/s/300x250/index.html?cb=3337206957331598609&ivc_click_tracker=https%3A%2F%2Fpixel.mathtag.com%2Fclick%2Fimg%3Fexch_aid%3Dca968d95-6ee9-4e7c-8898-23fb6864654e_x5e_1%26mt_aid%3D3337206957331598609%26mt_id%3D12047902%26mt_adid%3D429240%26mt_sid%3D14058185%26mt_caid%3D1429922%26mt_exid%3D15%26mt_inapp%3D0%26mt_os%3DmacOS%26mt_ip%3D73.254.115.228%26mt_addr%3D1241412580%26mt_ts%3D1770872591%26mt_uuid%3D08446988-ee64-4200-b9f4-5d594e06a641%26mt_cid%3D3dd416df-4726-371b-9e1d-88905756ffd1%26mt_lp%3Dhttps%253A%2F%2Fwww.toyota.com%2F%26redirect%3D&audience_id=181383620&version_id=6520&inv_ctx_zip=98107&inv_ctx_country=United%20States&inv_ctx_city=Seattle&inv_ctx_dma=819&inv_ctx_state=Washington&inv_ctx_stateCode=WA&inv_ctx_celsius=10&inv_ctx_fahrenheit=51&inv_ctx_humidity=61&inv_ctx_uvIndex=0&inv_ctx_precipitation=0.0&iv_geo_dma=819&iv_geo_country=US&iv_geo_city=seattle&iv_geo_state=WA&iv_geo_zip=98107&iv_geo_lat=47.6674&iv_geo_lon=-122.3701&iv_weather_temp_c=10&iv_weather_code=113&inv_fd_clickthroughUrl=&inv_fd_iv_v_box=&inv_fd_iv_additonal_incentives=&inv_fd_iv_one_item=&inv_fd_modelYear=&inv_fd_Offer%2520Interest%2520Known=&inv_fd_Optimization%2520Notes=&inv_fd_Filter=&inv_fd_Weight=:166
[LOG] >>> Innovid Enable Interactions @ https://s-files.innovid.com/creative/ct_dev/5/innovid_display_connector.js:177
[LOG] Disabling Main Click thru @ https://s-static.innovid.com/mobileapps/s/js/default/1b2dmq?cb=5303206b-b82d-980c-c917-33b8a1eae464&deviceid=&ivc=cb%3D3337206957331598609%26ivc_click_tracker%3Dhttps%3A%2F%2Fpixel.mathtag.com%2Fclick%2Fimg%253Fexch_aid%253Dca968d95-6ee9-4e7c-8898-23fb6864654e_x5e_1%2526mt_aid%253D3337206957331598609%2526mt_id%253D12047902%2526mt_adid%253D429240%2526mt_sid%253D14058185%2526mt_caid%253D1429922%2526mt_exid%253D15%2526mt_inapp%253D0%2526mt_os%253DmacOS%2526mt_ip%253D73.254.115.228%2526mt_addr%253D1241412580%2526mt_ts%253D1770872591%2526mt_uuid%253D08446988-ee64-4200-b9f4-5d594e06a641%2526mt_cid%253D3dd416df-4726-371b-9e1d-88905756ffd1%2526mt_lp%253Dhttps%25253A%2F%2Fwww.toyota.com%2F%2526redirect%253D%26audience_id%3D181383620%26version_id%3D6520%26inv_ctx_zip%3D98107%26inv_ctx_country%3DUnited%2520States%26inv_ctx_city%3DSeattle%26inv_ctx_dma%3D819%26inv_ctx_state%3DWashington%26inv_ctx_stateCode%3DWA%26inv_ctx_celsius%3D10%26inv_ctx_fahrenheit%3D51%26inv_ctx_humidity%3D61%26inv_ctx_uvIndex%3D0%26inv_ctx_precipitation%3D0.0%26iv_geo_dma%3D819%26iv_geo_country%3DUS%26iv_geo_city%3Dseattle%26iv_geo_state%3DWA%26iv_geo_zip%3D98107%26iv_geo_lat%3D47.6674%26iv_geo_lon%3D-122.3701%26iv_weather_temp_c%3D10%26iv_weather_code%3D113&pref=false:187
Unexpected token '<'
Uncaught TypeError: Cannot read properties of undefined (reading 'getState')
    at DisplayMraidImpl.listenToReady (https://s-static.innovid.com/mobileapps/s/js/default/1b2dmq?cb=5303206b-b82d-980c-c917-33b8a1eae464&deviceid=&ivc=cb%3D3337206957331598609%26ivc_click_tracker%3Dhttps%3A%2F%2Fpixel.mathtag.com%2Fclick%2Fimg%253Fexch_aid%253Dca968d95-6ee9-4e7c-8898-23fb6864654e_x5e_1%2526mt_aid%253D3337206957331598609%2526mt_id%253D12047902%2526mt_adid%253D429240%2526mt_sid%253D14058185%2526mt_caid%253D1429922%2526mt_exid%253D15%2526mt_inapp%253D0%2526mt_os%253DmacOS%2526mt_ip%253D73.254.115.228%2526mt_addr%253D1241412580%2526mt_ts%253D1770872591%2526mt_uuid%253D08446988-ee64-4200-b9f4-5d594e06a641%2526mt_cid%253D3dd416df-4726-371b-9e1d-88905756ffd1%2526mt_lp%253Dhttps%25253A%2F%2Fwww.toyota.com%2F%2526redirect%253D%26audience_id%3D181383620%26version_id%3D6520%26inv_ctx_zip%3D98107%26inv_ctx_country%3DUnited%2520States%26inv_ctx_city%3DSeattle%26inv_ctx_dma%3D819%26inv_ctx_state%3DWashington%26inv_ctx_stateCode%3DWA%26inv_ctx_celsius%3D10%26inv_ctx_fahrenheit%3D51%26inv_ctx_humidity%3D61%26inv_ctx_uvIndex%3D0%26inv_ctx_precipitation%3D0.0%26iv_geo_dma%3D819%26iv_geo_country%3DUS%26iv_geo_city%3Dseattle%26iv_geo_state%3DWA%26iv_geo_zip%3D98107%26iv_geo_lat%3D47.6674%26iv_geo_lon%3D-122.3701%26iv_weather_temp_c%3D10%26iv_weather_code%3D113&pref=false:561:120)
    at <anonymous> (https://s-static.innovid.com/mobileapps/s/js/default/1b2dmq?cb=5303206b-b82d-980c-c917-33b8a1eae464&deviceid=&ivc=cb%3D3337206957331598609%26ivc_click_tracker%3Dhttps%3A%2F%2Fpixel.mathtag.com%2Fclick%2Fimg%253Fexch_aid%253Dca968d95-6ee9-4e7c-8898-23fb6864654e_x5e_1%2526mt_aid%253D3337206957331598609%2526mt_id%253D12047902%2526mt_adid%253D429240%2526mt_sid%253D14058185%2526mt_caid%253D1429922%2526mt_exid%253D15%2526mt_inapp%253D0%2526mt_os%253DmacOS%2526mt_ip%253D73.254.115.228%2526mt_addr%253D1241412580%2526mt_ts%253D1770872591%2526mt_uuid%253D08446988-ee64-4200-b9f4-5d594e06a641%2526mt_cid%253D3dd416df-4726-371b-9e1d-88905756ffd1%2526mt_lp%253Dhttps%25253A%2F%2Fwww.toyota.com%2F%2526redirect%253D%26audience_id%3D181383620%26version_id%3D6520%26inv_ctx_zip%3D98107%26inv_ctx_country%3DUnited%2520States%26inv_ctx_city%3DSeattle%26inv_ctx_dma%3D819%26inv_ctx_state%3DWashington%26inv_ctx_stateCode%3DWA%26inv_ctx_celsius%3D10%26inv_ctx_fahrenheit%3D51%26inv_ctx_humidity%3D61%26inv_ctx_uvIndex%3D0%26inv_ctx_precipitation%3D0.0%26iv_geo_dma%3D819%26iv_geo_country%3DUS%26iv_geo_city%3Dseattle%26iv_geo_state%3DWA%26iv_geo_zip%3D98107%26iv_geo_lat%3D47.6674%26iv_geo_lon%3D-122.3701%26iv_weather_temp_c%3D10%26iv_weather_code%3D113&pref=false:560:306)
    at Jo (https://cmp.osano.com/16CGnCU8UtNhM14sg/12669873-8cf8-41e2-be1f-1cb803cbffe0/osano.js:1:268758)
Uncaught Error: Invalid command: getGPPData
    at <anonymous> (https://cmp.osano.com/16CGnCU8UtNhM14sg/12669873-8cf8-41e2-be1f-1cb803cbffe0/osano.js:1:225454)
    at <anonymous> (https://cmp.osano.com/16CGnCU8UtNhM14sg/12669873-8cf8-41e2-be1f-1cb803cbffe0/osano.js:1:223655)
Uncaught Error: Invalid command: getGPPData
    at <anonymous> (https://cmp.osano.com/16CGnCU8UtNhM14sg/12669873-8cf8-41e2-be1f-1cb803cbffe0/osano.js:1:225454)
    at <anonymous> (https://cmp.osano.com/16CGnCU8UtNhM14sg/12669873-8cf8-41e2-be1f-1cb803cbffe0/osano.js:1:223655)
Uncaught Error: Invalid command: getGPPData
    at <anonymous> (https://cmp.osano.com/16CGnCU8UtNhM14sg/12669873-8cf8-41e2-be1f-1cb803cbffe0/osano.js:1:225454)
    at <anonymous> (https://cmp.osano.com/16CGnCU8UtNhM14sg/12669873-8cf8-41e2-be1f-1cb803cbffe0/osano.js:1:223655)
Uncaught Error: Invalid command: getGPPData
    at <anonymous> (https://cmp.osano.com/16CGnCU8UtNhM14sg/12669873-8cf8-41e2-be1f-1cb803cbffe0/osano.js:1:225454)
    at <anonymous> (https://cmp.osano.com/16CGnCU8UtNhM14sg/12669873-8cf8-41e2-be1f-1cb803cbffe0/osano.js:1:223655)
Uncaught Error: Invalid command: getGPPData
    at <anonymous> (https://cmp.osano.com/16CGnCU8UtNhM14sg/12669873-8cf8-41e2-be1f-1cb803cbffe0/osano.js:1:225454)
    at <anonymous> (https://cmp.osano.com/16CGnCU8UtNhM14sg/12669873-8cf8-41e2-be1f-1cb803cbffe0/osano.js:1:223655)
Uncaught Error: Invalid command: getGPPData
    at <anonymous> (https://cmp.osano.com/16CGnCU8UtNhM14sg/12669873-8cf8-41e2-be1f-1cb803cbffe0/osano.js:1:225454)
    at <anonymous> (https://cmp.osano.com/16CGnCU8UtNhM14sg/12669873-8cf8-41e2-be1f-1cb803cbffe0/osano.js:1:223655)
[LOG] Subscribe bound  to event AdClickThru @ https://m.media-amazon.com/images/I/3181ANR4pXL.js:0
[LOG] Subscribe bound  to event AdDurationChange @ https://m.media-amazon.com/images/I/3181ANR4pXL.js:0
[LOG] Subscribe bound  to event AdError @ https://m.media-amazon.com/images/I/3181ANR4pXL.js:0
[LOG] Subscribe bound  to event AdExpandedChange @ https://m.media-amazon.com/images/I/3181ANR4pXL.js:0
[LOG] Subscribe bound  to event AdImpression @ https://m.media-amazon.com/images/I/3181ANR4pXL.js:0
[LOG] Subscribe bound  to event AdInteraction @ https://m.media-amazon.com/images/I/3181ANR4pXL.js:0
[LOG] Subscribe bound  to event AdLinearChange @ https://m.media-amazon.com/images/I/3181ANR4pXL.js:0
[LOG] Subscribe bound  to event AdLoaded @ https://m.media-amazon.com/images/I/3181ANR4pXL.js:0
[LOG] Subscribe bound  to event AdLog @ https://m.media-amazon.com/images/I/3181ANR4pXL.js:0
[LOG] Subscribe bound  to event AdPaused @ https://m.media-amazon.com/images/I/3181ANR4pXL.js:0
[LOG] Subscribe bound  to event AdPlaying @ https://m.media-amazon.com/images/I/3181ANR4pXL.js:0
[LOG] Subscribe bound  to event AdRemainingTimeChange @ https://m.media-amazon.com/images/I/3181ANR4pXL.js:0
[LOG] Subscribe bound  to event AdSizeChange @ https://m.media-amazon.com/images/I/3181ANR4pXL.js:0
[LOG] Subscribe bound  to event AdSkipped @ https://m.media-amazon.com/images/I/3181ANR4pXL.js:0
[LOG] Subscribe bound  to event AdStarted @ https://m.media-amazon.com/images/I/3181ANR4pXL.js:0
[LOG] Subscribe bound  to event AdStopped @ https://m.media-amazon.com/images/I/3181ANR4pXL.js:0
[LOG] Subscribe bound  to event AdSkippableStateChange @ https://m.media-amazon.com/images/I/3181ANR4pXL.js:0
[LOG] Subscribe bound  to event AdUserAcceptInvitation @ https://m.media-amazon.com/images/I/3181ANR4pXL.js:0
[LOG] Subscribe bound  to event AdUserClose @ https://m.media-amazon.com/images/I/3181ANR4pXL.js:0
[LOG] Subscribe bound  to event AdUserMinimize @ https://m.media-amazon.com/images/I/3181ANR4pXL.js:0
[LOG] Subscribe bound  to event AdVideoComplete @ https://m.media-amazon.com/images/I/3181ANR4pXL.js:0
[LOG] Subscribe bound  to event AdVideoFirstQuartile @ https://m.media-amazon.com/images/I/3181ANR4pXL.js:0
[LOG] Subscribe bound  to event AdVideoMidpoint @ https://m.media-amazon.com/images/I/3181ANR4pXL.js:0
[LOG] Subscribe bound  to event AdVideoStart @ https://m.media-amazon.com/images/I/3181ANR4pXL.js:0
[LOG] Subscribe bound  to event AdVideoThirdQuartile @ https://m.media-amazon.com/images/I/3181ANR4pXL.js:0
[LOG] Subscribe bound  to event AdVolumeChange @ https://m.media-amazon.com/images/I/3181ANR4pXL.js:0
[LOG] Subscribe bound  to event Ping @ https://m.media-amazon.com/images/I/3181ANR4pXL.js:0
[LOG] initAd 728x410 normal -1 @ https://m.media-amazon.com/images/I/3181ANR4pXL.js:0
[LOG] desiredBitrate 450 @ https://m.media-amazon.com/images/I/3181ANR4pXL.js:0
[LOG] extracted video {
  "bitRate": 449,
  "mimetype": "video/mp4",
  "url": "https://m.media-amazon.com/images/S/al-na-9d5791cf-3faf/85be333c-5e12-4d1e-ae8e-b6fa5c2cfa2f.mp4/mp4_450Kbs_15fps_48khz_96Kbs_360p.mp4?c=592773024511273548&a=585967706819260213&d=30.066667&br=449&w=854&h=480&ct=1014%2C1020%2C1023&ca=2%2C7"
} @ https://m.media-amazon.com/images/I/3181ANR4pXL.js:0
[LOG] Starting ad @ https://m.media-amazon.com/images/I/3181ANR4pXL.js:0
[LOG] setAdVolume 0 @ https://m.media-amazon.com/images/I/3181ANR4pXL.js:0
[LOG] Subscribe h to event AdStarted @ https://m.media-amazon.com/images/I/3181ANR4pXL.js:0
[LOG] Subscribe j to event AdStopped @ https://m.media-amazon.com/images/I/3181ANR4pXL.js:0
[LOG] Subscribe i to event AdPlaying @ https://m.media-amazon.com/images/I/3181ANR4pXL.js:0
[LOG] Subscribe k to event AdPaused @ https://m.media-amazon.com/images/I/3181ANR4pXL.js:0
[LOG] Subscribe m to event AdSizeChange @ https://m.media-amazon.com/images/I/3181ANR4pXL.js:0
[LOG] Subscribe n to event AdError @ https://m.media-amazon.com/images/I/3181ANR4pXL.js:0
[LOG] Subscribe o to event AdSkipped @ https://m.media-amazon.com/images/I/3181ANR4pXL.js:0
[LOG] Subscribe l to event AdVolumeChanged @ https://m.media-amazon.com/images/I/3181ANR4pXL.js:0
[LOG] Subscribe f to event AdImpression @ https://m.media-amazon.com/images/I/3181ANR4pXL.js:0
[LOG] Subscribe d to event AdVideoStart @ https://m.media-amazon.com/images/I/3181ANR4pXL.js:0
[LOG] Subscribe d to event AdVideoFirstQuartile @ https://m.media-amazon.com/images/I/3181ANR4pXL.js:0
[LOG] Subscribe c to event AdVideoMidpoint @ https://m.media-amazon.com/images/I/3181ANR4pXL.js:0
[LOG] Subscribe c to event AdVideoThirdQuartile @ https://m.media-amazon.com/images/I/3181ANR4pXL.js:0
[LOG] Subscribe e to event AdVideoComplete @ https://m.media-amazon.com/images/I/3181ANR4pXL.js:0
[LOG] getAdVolume @ https://m.media-amazon.com/images/I/3181ANR4pXL.js:0
[ERROR] Attestation check for Attribution Reporting on https://ara.paa-reporting-advertising.amazon failed. @ https://fbref.com/en/squads/a77c513e/2025-2026/matchlogs/all_comps/schedule/Benfica-Scores-and-Fixtures-All-Competitions:0
[ERROR] Attestation check for Shared Storage on https://ara.paa-reporting-advertising.amazon failed. @ https://tpc.googlesyndication.com/pagead/js/loader21.html?https://m.media-amazon.com/images/I/3181ANR4pXL.js:0
Uncaught Error: Invalid command: getGPPData
    at <anonymous> (https://cmp.osano.com/16CGnCU8UtNhM14sg/12669873-8cf8-41e2-be1f-1cb803cbffe0/osano.js:1:225454)
    at <anonymous> (https://cmp.osano.com/16CGnCU8UtNhM14sg/12669873-8cf8-41e2-be1f-1cb803cbffe0/osano.js:1:223655)
Uncaught Error: Invalid command: getGPPData
    at <anonymous> (https://cmp.osano.com/16CGnCU8UtNhM14sg/12669873-8cf8-41e2-be1f-1cb803cbffe0/osano.js:1:225454)
    at <anonymous> (https://cmp.osano.com/16CGnCU8UtNhM14sg/12669873-8cf8-41e2-be1f-1cb803cbffe0/osano.js:1:223655)
Uncaught Error: Invalid command: getGPPData
    at <anonymous> (https://cmp.osano.com/16CGnCU8UtNhM14sg/12669873-8cf8-41e2-be1f-1cb803cbffe0/osano.js:1:225454)
    at <anonymous> (https://cmp.osano.com/16CGnCU8UtNhM14sg/12669873-8cf8-41e2-be1f-1cb803cbffe0/osano.js:1:223655)
Uncaught Error: Invalid command: getGPPData
    at <anonymous> (https://cmp.osano.com/16CGnCU8UtNhM14sg/12669873-8cf8-41e2-be1f-1cb803cbffe0/osano.js:1:225454)
    at <anonymous> (https://cmp.osano.com/16CGnCU8UtNhM14sg/12669873-8cf8-41e2-be1f-1cb803cbffe0/osano.js:1:223655)
Uncaught Error: Invalid command: getGPPData
    at <anonymous> (https://cmp.osano.com/16CGnCU8UtNhM14sg/12669873-8cf8-41e2-be1f-1cb803cbffe0/osano.js:1:225454)
    at <anonymous> (https://cmp.osano.com/16CGnCU8UtNhM14sg/12669873-8cf8-41e2-be1f-1cb803cbffe0/osano.js:1:223655)
Uncaught Error: Invalid command: getGPPData
    at <anonymous> (https://cmp.osano.com/16CGnCU8UtNhM14sg/12669873-8cf8-41e2-be1f-1cb803cbffe0/osano.js:1:225454)
    at <anonymous> (https://cmp.osano.com/16CGnCU8UtNhM14sg/12669873-8cf8-41e2-be1f-1cb803cbffe0/osano.js:1:223655)
[LOG] Stopping ad @ https://m.media-amazon.com/images/I/3181ANR4pXL.js:0
[LOG] Unsubscribe bound  from event AdClickThru @ https://m.media-amazon.com/images/I/3181ANR4pXL.js:0
[LOG] Unsubscribe bound  from event AdDurationChange @ https://m.media-amazon.com/images/I/3181ANR4pXL.js:0
[LOG] Unsubscribe bound  from event AdError @ https://m.media-amazon.com/images/I/3181ANR4pXL.js:0
[LOG] Unsubscribe bound  from event AdExpandedChange @ https://m.media-amazon.com/images/I/3181ANR4pXL.js:0
[LOG] Unsubscribe bound  from event AdImpression @ https://m.media-amazon.com/images/I/3181ANR4pXL.js:0
[LOG] Unsubscribe bound  from event AdInteraction @ https://m.media-amazon.com/images/I/3181ANR4pXL.js:0
[LOG] Unsubscribe bound  from event AdLinearChange @ https://m.media-amazon.com/images/I/3181ANR4pXL.js:0
[LOG] Unsubscribe bound  from event AdLoaded @ https://m.media-amazon.com/images/I/3181ANR4pXL.js:0
[LOG] Unsubscribe bound  from event AdLog @ https://m.media-amazon.com/images/I/3181ANR4pXL.js:0
[LOG] Unsubscribe bound  from event AdPaused @ https://m.media-amazon.com/images/I/3181ANR4pXL.js:0
[LOG] Unsubscribe bound  from event AdPlaying @ https://m.media-amazon.com/images/I/3181ANR4pXL.js:0
[LOG] Unsubscribe bound  from event AdRemainingTimeChange @ https://m.media-amazon.com/images/I/3181ANR4pXL.js:0
[LOG] Unsubscribe bound  from event AdSizeChange @ https://m.media-amazon.com/images/I/3181ANR4pXL.js:0
[LOG] Unsubscribe bound  from event AdSkipped @ https://m.media-amazon.com/images/I/3181ANR4pXL.js:0
[LOG] Unsubscribe bound  from event AdStarted @ https://m.media-amazon.com/images/I/3181ANR4pXL.js:0
[LOG] Unsubscribe bound  from event AdStopped @ https://m.media-amazon.com/images/I/3181ANR4pXL.js:0
[LOG] Unsubscribe bound  from event AdSkippableStateChange @ https://m.media-amazon.com/images/I/3181ANR4pXL.js:0
[LOG] Unsubscribe bound  from event AdUserAcceptInvitation @ https://m.media-amazon.com/images/I/3181ANR4pXL.js:0
[LOG] Unsubscribe bound  from event AdUserClose @ https://m.media-amazon.com/images/I/3181ANR4pXL.js:0
[LOG] Unsubscribe bound  from event AdUserMinimize @ https://m.media-amazon.com/images/I/3181ANR4pXL.js:0
[LOG] Unsubscribe bound  from event AdVideoComplete @ https://m.media-amazon.com/images/I/3181ANR4pXL.js:0
[LOG] Unsubscribe bound  from event AdVideoFirstQuartile @ https://m.media-amazon.com/images/I/3181ANR4pXL.js:0
[LOG] Unsubscribe bound  from event AdVideoMidpoint @ https://m.media-amazon.com/images/I/3181ANR4pXL.js:0
[LOG] Unsubscribe bound  from event AdVideoStart @ https://m.media-amazon.com/images/I/3181ANR4pXL.js:0
[LOG] Unsubscribe bound  from event AdVideoThirdQuartile @ https://m.media-amazon.com/images/I/3181ANR4pXL.js:0
[LOG] Unsubscribe bound  from event AdVolumeChange @ https://m.media-amazon.com/images/I/3181ANR4pXL.js:0
[LOG] Unsubscribe bound  from event Ping @ https://m.media-amazon.com/images/I/3181ANR4pXL.js:0
Uncaught Error: Invalid command: getGPPData
    at <anonymous> (https://cmp.osano.com/16CGnCU8UtNhM14sg/12669873-8cf8-41e2-be1f-1cb803cbffe0/osano.js:1:225454)
    at <anonymous> (https://cmp.osano.com/16CGnCU8UtNhM14sg/12669873-8cf8-41e2-be1f-1cb803cbffe0/osano.js:1:223655)
Uncaught Error: Invalid command: getGPPData
    at <anonymous> (https://cmp.osano.com/16CGnCU8UtNhM14sg/12669873-8cf8-41e2-be1f-1cb803cbffe0/osano.js:1:225454)
    at <anonymous> (https://cmp.osano.com/16CGnCU8UtNhM14sg/12669873-8cf8-41e2-be1f-1cb803cbffe0/osano.js:1:223655)
[WARNING] A preload for 'https://cdn.ssref.net/req/202602051/css/fb/sr-min.css' is found, but is not used because the request credentials mode does not match. Consider taking a look at crossorigin attribute. @ https://fbref.com/en/squads/922493f3/2025-2026/matchlogs/all_comps/schedule/Atalanta-Scores-and-Fixtures-All-Competitions:50
[WARNING] [GPT] Unrecognized property encountered when calling setConfig: googletag.setConfig.contentPause
https://goo.gle/gpt-message#158 @ https://securepubads.g.doubleclick.net/pagead/managed/js/gpt/m202602090101/pubads_impl.js?cb=31096699:18
Uncaught Error: Invalid command: getGPPData
    at <anonymous> (https://cmp.osano.com/16CGnCU8UtNhM14sg/12669873-8cf8-41e2-be1f-1cb803cbffe0/osano.js:1:225454)
    at <anonymous> (https://cmp.osano.com/16CGnCU8UtNhM14sg/12669873-8cf8-41e2-be1f-1cb803cbffe0/osano.js:1:223655)
Uncaught Error: Invalid command: getGPPData
    at <anonymous> (https://cmp.osano.com/16CGnCU8UtNhM14sg/12669873-8cf8-41e2-be1f-1cb803cbffe0/osano.js:1:225454)
    at <anonymous> (https://cmp.osano.com/16CGnCU8UtNhM14sg/12669873-8cf8-41e2-be1f-1cb803cbffe0/osano.js:1:223655)
[LOG] Called iframe: ads.pubmatic.com [] 
Number of topics:  0 @ https://ads.pubmatic.com/AdServer/js/topics/topics_frame.html?bidder=pubmatic:19
[LOG] Called iframe: pa.openx.net [] 
Number of topics:  0 @ https://pa.openx.net/topics_frame.html?bidder=openx:15
[WARNING] [Audigent] script has already been initialised. Skip further execution @ https://a.ad.gt/api/v1/u/matches/454?_it=0:0
Uncaught Error: Invalid command: getGPPData
    at <anonymous> (https://cmp.osano.com/16CGnCU8UtNhM14sg/12669873-8cf8-41e2-be1f-1cb803cbffe0/osano.js:1:225454)
    at <anonymous> (https://cmp.osano.com/16CGnCU8UtNhM14sg/12669873-8cf8-41e2-be1f-1cb803cbffe0/osano.js:1:223655)
Uncaught Error: Invalid command: getGPPData
    at <anonymous> (https://cmp.osano.com/16CGnCU8UtNhM14sg/12669873-8cf8-41e2-be1f-1cb803cbffe0/osano.js:1:225454)
    at <anonymous> (https://cmp.osano.com/16CGnCU8UtNhM14sg/12669873-8cf8-41e2-be1f-1cb803cbffe0/osano.js:1:223655)
[WARNING] [Audigent] script has already been initialised. Skip further execution @ https://a.ad.gt/api/v1/u/matches/454?_it=amazon:0
Uncaught Error: Invalid command: getGPPData
    at <anonymous> (https://cmp.osano.com/16CGnCU8UtNhM14sg/12669873-8cf8-41e2-be1f-1cb803cbffe0/osano.js:1:225454)
    at <anonymous> (https://cmp.osano.com/16CGnCU8UtNhM14sg/12669873-8cf8-41e2-be1f-1cb803cbffe0/osano.js:1:223655)
Uncaught Error: Invalid command: getGPPData
    at <anonymous> (https://cmp.osano.com/16CGnCU8UtNhM14sg/12669873-8cf8-41e2-be1f-1cb803cbffe0/osano.js:1:225454)
    at <anonymous> (https://cmp.osano.com/16CGnCU8UtNhM14sg/12669873-8cf8-41e2-be1f-1cb803cbffe0/osano.js:1:223655)
[WARNING] A preload for 'https://cdn.ssref.net/req/202602051/css/fb/sr-min.css' is found, but is not used because the request credentials mode does not match. Consider taking a look at crossorigin attribute. @ https://fbref.com/en/squads/db3b9613/2025-2026/matchlogs/all_comps/schedule/Atletico-Madrid-Scores-and-Fixtures-All-Competitions:50
[WARNING] [GPT] Unrecognized property encountered when calling setConfig: googletag.setConfig.contentPause
https://goo.gle/gpt-message#158 @ https://securepubads.g.doubleclick.net/pagead/managed/js/gpt/m202602090101/pubads_impl.js?cb=31096699:18
Uncaught Error: Invalid command: getGPPData
    at <anonymous> (https://cmp.osano.com/16CGnCU8UtNhM14sg/12669873-8cf8-41e2-be1f-1cb803cbffe0/osano.js:1:225454)
    at <anonymous> (https://cmp.osano.com/16CGnCU8UtNhM14sg/12669873-8cf8-41e2-be1f-1cb803cbffe0/osano.js:1:223655)
Uncaught Error: Invalid command: getGPPData
    at <anonymous> (https://cmp.osano.com/16CGnCU8UtNhM14sg/12669873-8cf8-41e2-be1f-1cb803cbffe0/osano.js:1:225454)
    at <anonymous> (https://cmp.osano.com/16CGnCU8UtNhM14sg/12669873-8cf8-41e2-be1f-1cb803cbffe0/osano.js:1:223655)
[WARNING] [Audigent] script has already been initialised. Skip further execution @ https://a.ad.gt/api/v1/u/matches/454?_it=0:0
[LOG] Called iframe: pa.openx.net [] 
Number of topics:  0 @ https://pa.openx.net/topics_frame.html?bidder=openx:15
[LOG] Called iframe: ads.pubmatic.com [] 
Number of topics:  0 @ https://ads.pubmatic.com/AdServer/js/topics/topics_frame.html?bidder=pubmatic:19
Uncaught Error: Invalid command: getGPPData
    at <anonymous> (https://cmp.osano.com/16CGnCU8UtNhM14sg/12669873-8cf8-41e2-be1f-1cb803cbffe0/osano.js:1:225454)
    at <anonymous> (https://cmp.osano.com/16CGnCU8UtNhM14sg/12669873-8cf8-41e2-be1f-1cb803cbffe0/osano.js:1:223655)
Uncaught Error: Invalid command: getGPPData
    at <anonymous> (https://cmp.osano.com/16CGnCU8UtNhM14sg/12669873-8cf8-41e2-be1f-1cb803cbffe0/osano.js:1:225454)
    at <anonymous> (https://cmp.osano.com/16CGnCU8UtNhM14sg/12669873-8cf8-41e2-be1f-1cb803cbffe0/osano.js:1:223655)
[WARNING] [Audigent] script has already been initialised. Skip further execution @ https://a.ad.gt/api/v1/u/matches/454?_it=amazon:0
Uncaught Error: Invalid command: getGPPData
    at <anonymous> (https://cmp.osano.com/16CGnCU8UtNhM14sg/12669873-8cf8-41e2-be1f-1cb803cbffe0/osano.js:1:225454)
    at <anonymous> (https://cmp.osano.com/16CGnCU8UtNhM14sg/12669873-8cf8-41e2-be1f-1cb803cbffe0/osano.js:1:223655)
Uncaught Error: Invalid command: getGPPData
    at <anonymous> (https://cmp.osano.com/16CGnCU8UtNhM14sg/12669873-8cf8-41e2-be1f-1cb803cbffe0/osano.js:1:225454)
    at <anonymous> (https://cmp.osano.com/16CGnCU8UtNhM14sg/12669873-8cf8-41e2-be1f-1cb803cbffe0/osano.js:1:223655)
[WARNING] A preload for 'https://cdn.ssref.net/req/202602051/css/fb/sr-min.css' is found, but is not used because the request credentials mode does not match. Consider taking a look at crossorigin attribute. @ https://fbref.com/en/squads/a77c513e/2025-2026/matchlogs/all_comps/schedule/Benfica-Scores-and-Fixtures-All-Competitions:50
[WARNING] [GPT] Unrecognized property encountered when calling setConfig: googletag.setConfig.contentPause
https://goo.gle/gpt-message#158 @ https://securepubads.g.doubleclick.net/pagead/managed/js/gpt/m202602090101/pubads_impl.js?cb=31096699:18
Uncaught Error: Invalid command: getGPPData
    at <anonymous> (https://cmp.osano.com/16CGnCU8UtNhM14sg/12669873-8cf8-41e2-be1f-1cb803cbffe0/osano.js:1:225454)
    at <anonymous> (https://cmp.osano.com/16CGnCU8UtNhM14sg/12669873-8cf8-41e2-be1f-1cb803cbffe0/osano.js:1:223655)
Uncaught Error: Invalid command: getGPPData
    at <anonymous> (https://cmp.osano.com/16CGnCU8UtNhM14sg/12669873-8cf8-41e2-be1f-1cb803cbffe0/osano.js:1:225454)
    at <anonymous> (https://cmp.osano.com/16CGnCU8UtNhM14sg/12669873-8cf8-41e2-be1f-1cb803cbffe0/osano.js:1:223655)
[WARNING] [Audigent] script has already been initialised. Skip further execution @ https://a.ad.gt/api/v1/u/matches/454?_it=0:0
[LOG] Called iframe: pa.openx.net [] 
Number of topics:  0 @ https://pa.openx.net/topics_frame.html?bidder=openx:15
[LOG] Called iframe: ads.pubmatic.com [] 
Number of topics:  0 @ https://ads.pubmatic.com/AdServer/js/topics/topics_frame.html?bidder=pubmatic:19
Uncaught Error: Invalid command: getGPPData
    at <anonymous> (https://cmp.osano.com/16CGnCU8UtNhM14sg/12669873-8cf8-41e2-be1f-1cb803cbffe0/osano.js:1:225454)
    at <anonymous> (https://cmp.osano.com/16CGnCU8UtNhM14sg/12669873-8cf8-41e2-be1f-1cb803cbffe0/osano.js:1:223655)
Uncaught Error: Invalid command: getGPPData
    at <anonymous> (https://cmp.osano.com/16CGnCU8UtNhM14sg/12669873-8cf8-41e2-be1f-1cb803cbffe0/osano.js:1:225454)
    at <anonymous> (https://cmp.osano.com/16CGnCU8UtNhM14sg/12669873-8cf8-41e2-be1f-1cb803cbffe0/osano.js:1:223655)
[WARNING] [Audigent] script has already been initialised. Skip further execution @ https://a.ad.gt/api/v1/u/matches/454?_it=amazon:0
Uncaught Error: Invalid command: getGPPData
    at <anonymous> (https://cmp.osano.com/16CGnCU8UtNhM14sg/12669873-8cf8-41e2-be1f-1cb803cbffe0/osano.js:1:225454)
    at <anonymous> (https://cmp.osano.com/16CGnCU8UtNhM14sg/12669873-8cf8-41e2-be1f-1cb803cbffe0/osano.js:1:223655)
Uncaught Error: Invalid command: getGPPData
    at <anonymous> (https://cmp.osano.com/16CGnCU8UtNhM14sg/12669873-8cf8-41e2-be1f-1cb803cbffe0/osano.js:1:225454)
    at <anonymous> (https://cmp.osano.com/16CGnCU8UtNhM14sg/12669873-8cf8-41e2-be1f-1cb803cbffe0/osano.js:1:223655)
[WARNING] PerformanceTracker: Timer for asinImageRender already exists. @ https://m.media-amazon.com/images/I/A1Vw+y265WL.js:10
[WARNING] PerformanceTracker: Timer for asinImageRender already exists. @ https://m.media-amazon.com/images/I/A1Vw+y265WL.js:10
[WARNING] PerformanceTracker: Timer for asinImageRender already exists. @ https://m.media-amazon.com/images/I/A1Vw+y265WL.js:10
[WARNING] The key "target-densitydpi" is not supported. @ https://rumcdn.geoedge.be/9e8949dc-8406-4db0-980c-73c497a58b3e/grumi.js:2
[LOG] Disabling Main Click thru @ https://s-static.innovid.com/mobileapps/s/js/default/1b2dmt?cb=3f66bc20-c64a-e708-7800-f49125706f96&deviceid=&ivc=cb%3D2986530936828689959%26ivc_deviceinapp%3D%26deviceid%3D%26dipn%3Ddeviceid%26ivc_deviceid_raw%3D%26ivc_line_item_id%3D1609696174%26ivc_tld%3Dhttps%3A%2F%2Ffbref.com%2Fen%2Fsquads%2Fa77c513e%2F2025-2026%2Fmatchlogs%2Fall_comps%2Fschedule%2Fbenfica-scores-and-fixtures-all-competitions%26ivc_click_tracker%3Dhttps%253A%252F%252Fpresentation-pdx1.turn.com%252Fr%252Fformclick%252Furlid%252F1K28XTaXaU7GzrCqIY0ExdKcwiV--2B1Hn_1VKdN1hO_Sdu06DuW8zStEoMcr1ojRz9dcLfno3ePRU8mReZKRWwVUaa81rE5Va5TPoJV_1Ntn4-ZNPeiesLCUWGi5Q0pMBeOCaXQBD72-ffQzCGkdV4C5McNgGwLpHsh0I6GZjqsoQGnKR5_rnWsn6cT_6Z2khqE50xvJuHx31ArUhPA2E7IN4ASGeHVAJWRQFHFhRMLftRKOiwbRBHvC4SW5lIRHxmv7plzDwf1fbazttDPOlsqfmgUm_w82bqhdx0aWu0sMDEvZrIg-rf4mhw6sFFhygoKe7sev257PwQDAcclXga-NiB2wWISGExh0t8JiajkXwQsSlpxKWOwnR4ICWD6H48N6v9JeE3BkGoKdmxeydFsBtMRyFRGrQMWT685NsTAPnZ2jzPD-CL2G5YaidX6_Yw5eA4CvRTWPn0PhIvMUq-iq7YkyTjsXRyFESc_xpSY_SGLd6OfQEeZm6yGjgBAQKVjGdpFFQECBum8Fkd9PQdCP0gnYxSJzxp5RiUDZtH2tTIhDitZT7zU-ZUWNwbE9FduqmTp6JvU1LSmZACLvrEXPeTbODFcmq83rtuZxph-o5Stw93udr0A0oN7gDuZq1W7LJ2KktwZR0DvS1ahnVtr6__ZwFNcjYnDf2TPNpFpy9ghpjDfQzwGjeuNgQ4OAZcCZjzDh6s-1vnv7lA5PDM_qysmGkij8hE7ntOaY3o01Qq1Jn9_QETq1JPp9ZV0eBgfJKcbECx-WvxWbWYbuAtkE7I03U394h33I91_Ujp6YP9REwiW3MUkWgU87Q3uhnPibLhT5H9vG9-Abc1kMY8W_fg2XryWxbp4QjMa5Ko8QLl7GBPmS3Pd3kri-h6uLDk8qmfgZxXB4ybvAHvMdI8SUYYJE8Y2eMaTCm0s7b5671xAhXWkPdk_EHpBal7DtWwDPczt9ojzZ2FA1dkt37ga454cC1U7wCWzGhXkEKRdioafkNvN24eBSCGcq8M1y4Au8YzSc97zD7xjhQ96C4gpxPmZhV0nEQgenm39rgNk9c-8LbqH4oj6UcQ26eucPU1Yqw68UTA3vjwQRmpzdAhWVbnBGIHbid2rHmVAuiqkqAU0z35QlbB46booy7jkv8yuIGh9iKKhnPD9QzU-xdRpmrj72GA2HHw8spCe6jVEMf6q4ZBkSbtW6wtMQKZxsPxbgSKDrbYoAZlY2Yn2Fs7hCI40JyqM7xDy-byGhQ0S9e9V8r9a1LwF4OQ-Qg_Q8ZH5xMbVPK88ccGM-fcW9X4GijD1MBmVF1mf7ft6PUiJjSIJyvwyQZmdzzqdEorKAuBDWMCdQM6oHcTfP3IjOYs_hc_FQGjiAfLsIXigwaeI8IKNkk_zhQRqi7tJFeIIKyA7pziHjJwoODVeQupnez1J3AUZqm4nFK5sFc-UEleVPh77nzS6QMzuHdm7lr7PizNl8YoyzqNameCpdwQNUrQ%252Furl%252F%26ivc_p%3DMjYwMTo2MDI6ODk4MDpkZjYwOmRjYjc6MzM3YTpjZTAzOjcxNTM%3D%26ivc_dd%3Dc2d11130-ebc4-4bd0-92f0-a3e5aadd9b7b-20260208+18%3A23%3A33%26ivc_u%3DTW96aWxsYS81LjAgKE1hY2ludG9zaDsgSW50ZWwgTWFjIE9TIFggMTBfMTVfNykgQXBwbGVXZWJLaXQvNTM3LjM2IChLSFRNTCwgbGlrZSBHZWNrbykgQ2hyb21lLzE0NC4wLjAuMCBTYWZhcmkvNTM3LjM2%26ivc_ts%3DMTc3MDg3MjY1Nzk2Nw%3D%3D%26ivc_r%3Db3JlZ29u%26ivc_al%3DZW4tVVMsZW47cT0wLjk%3D%26audience_id%3D179947650%26version_id%3D6679%26inv_ctx_zip%3D98107%26inv_ctx_country%3DUnited%2520States%26inv_ctx_city%3DSeattle%26inv_ctx_dma%3D819%26inv_ctx_state%3DWashington%26inv_ctx_stateCode%3DWA%26inv_ctx_celsius%3D10%26inv_ctx_fahrenheit%3D51%26inv_ctx_humidity%3D61%26inv_ctx_uvIndex%3D0%26inv_ctx_precipitation%3D0.0%26iv_geo_dma%3D819%26iv_geo_country%3DUS%26iv_geo_city%3Dseattle%26iv_geo_state%3DWA%26iv_geo_zip%3D98107%26iv_geo_lat%3D47.6674%26iv_geo_lon%3D-122.3701%26iv_weather_temp_c%3D10%26iv_weather_code%3D113&pref=false:187
[LOG] PTP: called init @ https://s-static.innovid.com/mobileapps/s/js/default/1b2dmt?cb=3f66bc20-c64a-e708-7800-f49125706f96&deviceid=&ivc=cb%3D2986530936828689959%26ivc_deviceinapp%3D%26deviceid%3D%26dipn%3Ddeviceid%26ivc_deviceid_raw%3D%26ivc_line_item_id%3D1609696174%26ivc_tld%3Dhttps%3A%2F%2Ffbref.com%2Fen%2Fsquads%2Fa77c513e%2F2025-2026%2Fmatchlogs%2Fall_comps%2Fschedule%2Fbenfica-scores-and-fixtures-all-competitions%26ivc_click_tracker%3Dhttps%253A%252F%252Fpresentation-pdx1.turn.com%252Fr%252Fformclick%252Furlid%252F1K28XTaXaU7GzrCqIY0ExdKcwiV--2B1Hn_1VKdN1hO_Sdu06DuW8zStEoMcr1ojRz9dcLfno3ePRU8mReZKRWwVUaa81rE5Va5TPoJV_1Ntn4-ZNPeiesLCUWGi5Q0pMBeOCaXQBD72-ffQzCGkdV4C5McNgGwLpHsh0I6GZjqsoQGnKR5_rnWsn6cT_6Z2khqE50xvJuHx31ArUhPA2E7IN4ASGeHVAJWRQFHFhRMLftRKOiwbRBHvC4SW5lIRHxmv7plzDwf1fbazttDPOlsqfmgUm_w82bqhdx0aWu0sMDEvZrIg-rf4mhw6sFFhygoKe7sev257PwQDAcclXga-NiB2wWISGExh0t8JiajkXwQsSlpxKWOwnR4ICWD6H48N6v9JeE3BkGoKdmxeydFsBtMRyFRGrQMWT685NsTAPnZ2jzPD-CL2G5YaidX6_Yw5eA4CvRTWPn0PhIvMUq-iq7YkyTjsXRyFESc_xpSY_SGLd6OfQEeZm6yGjgBAQKVjGdpFFQECBum8Fkd9PQdCP0gnYxSJzxp5RiUDZtH2tTIhDitZT7zU-ZUWNwbE9FduqmTp6JvU1LSmZACLvrEXPeTbODFcmq83rtuZxph-o5Stw93udr0A0oN7gDuZq1W7LJ2KktwZR0DvS1ahnVtr6__ZwFNcjYnDf2TPNpFpy9ghpjDfQzwGjeuNgQ4OAZcCZjzDh6s-1vnv7lA5PDM_qysmGkij8hE7ntOaY3o01Qq1Jn9_QETq1JPp9ZV0eBgfJKcbECx-WvxWbWYbuAtkE7I03U394h33I91_Ujp6YP9REwiW3MUkWgU87Q3uhnPibLhT5H9vG9-Abc1kMY8W_fg2XryWxbp4QjMa5Ko8QLl7GBPmS3Pd3kri-h6uLDk8qmfgZxXB4ybvAHvMdI8SUYYJE8Y2eMaTCm0s7b5671xAhXWkPdk_EHpBal7DtWwDPczt9ojzZ2FA1dkt37ga454cC1U7wCWzGhXkEKRdioafkNvN24eBSCGcq8M1y4Au8YzSc97zD7xjhQ96C4gpxPmZhV0nEQgenm39rgNk9c-8LbqH4oj6UcQ26eucPU1Yqw68UTA3vjwQRmpzdAhWVbnBGIHbid2rHmVAuiqkqAU0z35QlbB46booy7jkv8yuIGh9iKKhnPD9QzU-xdRpmrj72GA2HHw8spCe6jVEMf6q4ZBkSbtW6wtMQKZxsPxbgSKDrbYoAZlY2Yn2Fs7hCI40JyqM7xDy-byGhQ0S9e9V8r9a1LwF4OQ-Qg_Q8ZH5xMbVPK88ccGM-fcW9X4GijD1MBmVF1mf7ft6PUiJjSIJyvwyQZmdzzqdEorKAuBDWMCdQM6oHcTfP3IjOYs_hc_FQGjiAfLsIXigwaeI8IKNkk_zhQRqi7tJFeIIKyA7pziHjJwoODVeQupnez1J3AUZqm4nFK5sFc-UEleVPh77nzS6QMzuHdm7lr7PizNl8YoyzqNameCpdwQNUrQ%252Furl%252F%26ivc_p%3DMjYwMTo2MDI6ODk4MDpkZjYwOmRjYjc6MzM3YTpjZTAzOjcxNTM%3D%26ivc_dd%3Dc2d11130-ebc4-4bd0-92f0-a3e5aadd9b7b-20260208+18%3A23%3A33%26ivc_u%3DTW96aWxsYS81LjAgKE1hY2ludG9zaDsgSW50ZWwgTWFjIE9TIFggMTBfMTVfNykgQXBwbGVXZWJLaXQvNTM3LjM2IChLSFRNTCwgbGlrZSBHZWNrbykgQ2hyb21lLzE0NC4wLjAuMCBTYWZhcmkvNTM3LjM2%26ivc_ts%3DMTc3MDg3MjY1Nzk2Nw%3D%3D%26ivc_r%3Db3JlZ29u%26ivc_al%3DZW4tVVMsZW47cT0wLjk%3D%26audience_id%3D179947650%26version_id%3D6679%26inv_ctx_zip%3D98107%26inv_ctx_country%3DUnited%2520States%26inv_ctx_city%3DSeattle%26inv_ctx_dma%3D819%26inv_ctx_state%3DWashington%26inv_ctx_stateCode%3DWA%26inv_ctx_celsius%3D10%26inv_ctx_fahrenheit%3D51%26inv_ctx_humidity%3D61%26inv_ctx_uvIndex%3D0%26inv_ctx_precipitation%3D0.0%26iv_geo_dma%3D819%26iv_geo_country%3DUS%26iv_geo_city%3Dseattle%26iv_geo_state%3DWA%26iv_geo_zip%3D98107%26iv_geo_lat%3D47.6674%26iv_geo_lon%3D-122.3701%26iv_weather_temp_c%3D10%26iv_weather_code%3D113&pref=false:496
[LOG] PTP: called getVolume @ https://s-static.innovid.com/mobileapps/s/js/default/1b2dmt?cb=3f66bc20-c64a-e708-7800-f49125706f96&deviceid=&ivc=cb%3D2986530936828689959%26ivc_deviceinapp%3D%26deviceid%3D%26dipn%3Ddeviceid%26ivc_deviceid_raw%3D%26ivc_line_item_id%3D1609696174%26ivc_tld%3Dhttps%3A%2F%2Ffbref.com%2Fen%2Fsquads%2Fa77c513e%2F2025-2026%2Fmatchlogs%2Fall_comps%2Fschedule%2Fbenfica-scores-and-fixtures-all-competitions%26ivc_click_tracker%3Dhttps%253A%252F%252Fpresentation-pdx1.turn.com%252Fr%252Fformclick%252Furlid%252F1K28XTaXaU7GzrCqIY0ExdKcwiV--2B1Hn_1VKdN1hO_Sdu06DuW8zStEoMcr1ojRz9dcLfno3ePRU8mReZKRWwVUaa81rE5Va5TPoJV_1Ntn4-ZNPeiesLCUWGi5Q0pMBeOCaXQBD72-ffQzCGkdV4C5McNgGwLpHsh0I6GZjqsoQGnKR5_rnWsn6cT_6Z2khqE50xvJuHx31ArUhPA2E7IN4ASGeHVAJWRQFHFhRMLftRKOiwbRBHvC4SW5lIRHxmv7plzDwf1fbazttDPOlsqfmgUm_w82bqhdx0aWu0sMDEvZrIg-rf4mhw6sFFhygoKe7sev257PwQDAcclXga-NiB2wWISGExh0t8JiajkXwQsSlpxKWOwnR4ICWD6H48N6v9JeE3BkGoKdmxeydFsBtMRyFRGrQMWT685NsTAPnZ2jzPD-CL2G5YaidX6_Yw5eA4CvRTWPn0PhIvMUq-iq7YkyTjsXRyFESc_xpSY_SGLd6OfQEeZm6yGjgBAQKVjGdpFFQECBum8Fkd9PQdCP0gnYxSJzxp5RiUDZtH2tTIhDitZT7zU-ZUWNwbE9FduqmTp6JvU1LSmZACLvrEXPeTbODFcmq83rtuZxph-o5Stw93udr0A0oN7gDuZq1W7LJ2KktwZR0DvS1ahnVtr6__ZwFNcjYnDf2TPNpFpy9ghpjDfQzwGjeuNgQ4OAZcCZjzDh6s-1vnv7lA5PDM_qysmGkij8hE7ntOaY3o01Qq1Jn9_QETq1JPp9ZV0eBgfJKcbECx-WvxWbWYbuAtkE7I03U394h33I91_Ujp6YP9REwiW3MUkWgU87Q3uhnPibLhT5H9vG9-Abc1kMY8W_fg2XryWxbp4QjMa5Ko8QLl7GBPmS3Pd3kri-h6uLDk8qmfgZxXB4ybvAHvMdI8SUYYJE8Y2eMaTCm0s7b5671xAhXWkPdk_EHpBal7DtWwDPczt9ojzZ2FA1dkt37ga454cC1U7wCWzGhXkEKRdioafkNvN24eBSCGcq8M1y4Au8YzSc97zD7xjhQ96C4gpxPmZhV0nEQgenm39rgNk9c-8LbqH4oj6UcQ26eucPU1Yqw68UTA3vjwQRmpzdAhWVbnBGIHbid2rHmVAuiqkqAU0z35QlbB46booy7jkv8yuIGh9iKKhnPD9QzU-xdRpmrj72GA2HHw8spCe6jVEMf6q4ZBkSbtW6wtMQKZxsPxbgSKDrbYoAZlY2Yn2Fs7hCI40JyqM7xDy-byGhQ0S9e9V8r9a1LwF4OQ-Qg_Q8ZH5xMbVPK88ccGM-fcW9X4GijD1MBmVF1mf7ft6PUiJjSIJyvwyQZmdzzqdEorKAuBDWMCdQM6oHcTfP3IjOYs_hc_FQGjiAfLsIXigwaeI8IKNkk_zhQRqi7tJFeIIKyA7pziHjJwoODVeQupnez1J3AUZqm4nFK5sFc-UEleVPh77nzS6QMzuHdm7lr7PizNl8YoyzqNameCpdwQNUrQ%252Furl%252F%26ivc_p%3DMjYwMTo2MDI6ODk4MDpkZjYwOmRjYjc6MzM3YTpjZTAzOjcxNTM%3D%26ivc_dd%3Dc2d11130-ebc4-4bd0-92f0-a3e5aadd9b7b-20260208+18%3A23%3A33%26ivc_u%3DTW96aWxsYS81LjAgKE1hY2ludG9zaDsgSW50ZWwgTWFjIE9TIFggMTBfMTVfNykgQXBwbGVXZWJLaXQvNTM3LjM2IChLSFRNTCwgbGlrZSBHZWNrbykgQ2hyb21lLzE0NC4wLjAuMCBTYWZhcmkvNTM3LjM2%26ivc_ts%3DMTc3MDg3MjY1Nzk2Nw%3D%3D%26ivc_r%3Db3JlZ29u%26ivc_al%3DZW4tVVMsZW47cT0wLjk%3D%26audience_id%3D179947650%26version_id%3D6679%26inv_ctx_zip%3D98107%26inv_ctx_country%3DUnited%2520States%26inv_ctx_city%3DSeattle%26inv_ctx_dma%3D819%26inv_ctx_state%3DWashington%26inv_ctx_stateCode%3DWA%26inv_ctx_celsius%3D10%26inv_ctx_fahrenheit%3D51%26inv_ctx_humidity%3D61%26inv_ctx_uvIndex%3D0%26inv_ctx_precipitation%3D0.0%26iv_geo_dma%3D819%26iv_geo_country%3DUS%26iv_geo_city%3Dseattle%26iv_geo_state%3DWA%26iv_geo_zip%3D98107%26iv_geo_lat%3D47.6674%26iv_geo_lon%3D-122.3701%26iv_weather_temp_c%3D10%26iv_weather_code%3D113&pref=false:498
[LOG] Initial Load Banner Id: iva-display-sub-load-html-banner @ https://s-static.innovid.com/mobileapps/s/js/default/1b2dmt?cb=3f66bc20-c64a-e708-7800-f49125706f96&deviceid=&ivc=cb%3D2986530936828689959%26ivc_deviceinapp%3D%26deviceid%3D%26dipn%3Ddeviceid%26ivc_deviceid_raw%3D%26ivc_line_item_id%3D1609696174%26ivc_tld%3Dhttps%3A%2F%2Ffbref.com%2Fen%2Fsquads%2Fa77c513e%2F2025-2026%2Fmatchlogs%2Fall_comps%2Fschedule%2Fbenfica-scores-and-fixtures-all-competitions%26ivc_click_tracker%3Dhttps%253A%252F%252Fpresentation-pdx1.turn.com%252Fr%252Fformclick%252Furlid%252F1K28XTaXaU7GzrCqIY0ExdKcwiV--2B1Hn_1VKdN1hO_Sdu06DuW8zStEoMcr1ojRz9dcLfno3ePRU8mReZKRWwVUaa81rE5Va5TPoJV_1Ntn4-ZNPeiesLCUWGi5Q0pMBeOCaXQBD72-ffQzCGkdV4C5McNgGwLpHsh0I6GZjqsoQGnKR5_rnWsn6cT_6Z2khqE50xvJuHx31ArUhPA2E7IN4ASGeHVAJWRQFHFhRMLftRKOiwbRBHvC4SW5lIRHxmv7plzDwf1fbazttDPOlsqfmgUm_w82bqhdx0aWu0sMDEvZrIg-rf4mhw6sFFhygoKe7sev257PwQDAcclXga-NiB2wWISGExh0t8JiajkXwQsSlpxKWOwnR4ICWD6H48N6v9JeE3BkGoKdmxeydFsBtMRyFRGrQMWT685NsTAPnZ2jzPD-CL2G5YaidX6_Yw5eA4CvRTWPn0PhIvMUq-iq7YkyTjsXRyFESc_xpSY_SGLd6OfQEeZm6yGjgBAQKVjGdpFFQECBum8Fkd9PQdCP0gnYxSJzxp5RiUDZtH2tTIhDitZT7zU-ZUWNwbE9FduqmTp6JvU1LSmZACLvrEXPeTbODFcmq83rtuZxph-o5Stw93udr0A0oN7gDuZq1W7LJ2KktwZR0DvS1ahnVtr6__ZwFNcjYnDf2TPNpFpy9ghpjDfQzwGjeuNgQ4OAZcCZjzDh6s-1vnv7lA5PDM_qysmGkij8hE7ntOaY3o01Qq1Jn9_QETq1JPp9ZV0eBgfJKcbECx-WvxWbWYbuAtkE7I03U394h33I91_Ujp6YP9REwiW3MUkWgU87Q3uhnPibLhT5H9vG9-Abc1kMY8W_fg2XryWxbp4QjMa5Ko8QLl7GBPmS3Pd3kri-h6uLDk8qmfgZxXB4ybvAHvMdI8SUYYJE8Y2eMaTCm0s7b5671xAhXWkPdk_EHpBal7DtWwDPczt9ojzZ2FA1dkt37ga454cC1U7wCWzGhXkEKRdioafkNvN24eBSCGcq8M1y4Au8YzSc97zD7xjhQ96C4gpxPmZhV0nEQgenm39rgNk9c-8LbqH4oj6UcQ26eucPU1Yqw68UTA3vjwQRmpzdAhWVbnBGIHbid2rHmVAuiqkqAU0z35QlbB46booy7jkv8yuIGh9iKKhnPD9QzU-xdRpmrj72GA2HHw8spCe6jVEMf6q4ZBkSbtW6wtMQKZxsPxbgSKDrbYoAZlY2Yn2Fs7hCI40JyqM7xDy-byGhQ0S9e9V8r9a1LwF4OQ-Qg_Q8ZH5xMbVPK88ccGM-fcW9X4GijD1MBmVF1mf7ft6PUiJjSIJyvwyQZmdzzqdEorKAuBDWMCdQM6oHcTfP3IjOYs_hc_FQGjiAfLsIXigwaeI8IKNkk_zhQRqi7tJFeIIKyA7pziHjJwoODVeQupnez1J3AUZqm4nFK5sFc-UEleVPh77nzS6QMzuHdm7lr7PizNl8YoyzqNameCpdwQNUrQ%252Furl%252F%26ivc_p%3DMjYwMTo2MDI6ODk4MDpkZjYwOmRjYjc6MzM3YTpjZTAzOjcxNTM%3D%26ivc_dd%3Dc2d11130-ebc4-4bd0-92f0-a3e5aadd9b7b-20260208+18%3A23%3A33%26ivc_u%3DTW96aWxsYS81LjAgKE1hY2ludG9zaDsgSW50ZWwgTWFjIE9TIFggMTBfMTVfNykgQXBwbGVXZWJLaXQvNTM3LjM2IChLSFRNTCwgbGlrZSBHZWNrbykgQ2hyb21lLzE0NC4wLjAuMCBTYWZhcmkvNTM3LjM2%26ivc_ts%3DMTc3MDg3MjY1Nzk2Nw%3D%3D%26ivc_r%3Db3JlZ29u%26ivc_al%3DZW4tVVMsZW47cT0wLjk%3D%26audience_id%3D179947650%26version_id%3D6679%26inv_ctx_zip%3D98107%26inv_ctx_country%3DUnited%2520States%26inv_ctx_city%3DSeattle%26inv_ctx_dma%3D819%26inv_ctx_state%3DWashington%26inv_ctx_stateCode%3DWA%26inv_ctx_celsius%3D10%26inv_ctx_fahrenheit%3D51%26inv_ctx_humidity%3D61%26inv_ctx_uvIndex%3D0%26inv_ctx_precipitation%3D0.0%26iv_geo_dma%3D819%26iv_geo_country%3DUS%26iv_geo_city%3Dseattle%26iv_geo_state%3DWA%26iv_geo_zip%3D98107%26iv_geo_lat%3D47.6674%26iv_geo_lon%3D-122.3701%26iv_weather_temp_c%3D10%26iv_weather_code%3D113&pref=false:791
[LOG] PTP: called preparePlay @ https://s-static.innovid.com/mobileapps/s/js/default/1b2dmt?cb=3f66bc20-c64a-e708-7800-f49125706f96&deviceid=&ivc=cb%3D2986530936828689959%26ivc_deviceinapp%3D%26deviceid%3D%26dipn%3Ddeviceid%26ivc_deviceid_raw%3D%26ivc_line_item_id%3D1609696174%26ivc_tld%3Dhttps%3A%2F%2Ffbref.com%2Fen%2Fsquads%2Fa77c513e%2F2025-2026%2Fmatchlogs%2Fall_comps%2Fschedule%2Fbenfica-scores-and-fixtures-all-competitions%26ivc_click_tracker%3Dhttps%253A%252F%252Fpresentation-pdx1.turn.com%252Fr%252Fformclick%252Furlid%252F1K28XTaXaU7GzrCqIY0ExdKcwiV--2B1Hn_1VKdN1hO_Sdu06DuW8zStEoMcr1ojRz9dcLfno3ePRU8mReZKRWwVUaa81rE5Va5TPoJV_1Ntn4-ZNPeiesLCUWGi5Q0pMBeOCaXQBD72-ffQzCGkdV4C5McNgGwLpHsh0I6GZjqsoQGnKR5_rnWsn6cT_6Z2khqE50xvJuHx31ArUhPA2E7IN4ASGeHVAJWRQFHFhRMLftRKOiwbRBHvC4SW5lIRHxmv7plzDwf1fbazttDPOlsqfmgUm_w82bqhdx0aWu0sMDEvZrIg-rf4mhw6sFFhygoKe7sev257PwQDAcclXga-NiB2wWISGExh0t8JiajkXwQsSlpxKWOwnR4ICWD6H48N6v9JeE3BkGoKdmxeydFsBtMRyFRGrQMWT685NsTAPnZ2jzPD-CL2G5YaidX6_Yw5eA4CvRTWPn0PhIvMUq-iq7YkyTjsXRyFESc_xpSY_SGLd6OfQEeZm6yGjgBAQKVjGdpFFQECBum8Fkd9PQdCP0gnYxSJzxp5RiUDZtH2tTIhDitZT7zU-ZUWNwbE9FduqmTp6JvU1LSmZACLvrEXPeTbODFcmq83rtuZxph-o5Stw93udr0A0oN7gDuZq1W7LJ2KktwZR0DvS1ahnVtr6__ZwFNcjYnDf2TPNpFpy9ghpjDfQzwGjeuNgQ4OAZcCZjzDh6s-1vnv7lA5PDM_qysmGkij8hE7ntOaY3o01Qq1Jn9_QETq1JPp9ZV0eBgfJKcbECx-WvxWbWYbuAtkE7I03U394h33I91_Ujp6YP9REwiW3MUkWgU87Q3uhnPibLhT5H9vG9-Abc1kMY8W_fg2XryWxbp4QjMa5Ko8QLl7GBPmS3Pd3kri-h6uLDk8qmfgZxXB4ybvAHvMdI8SUYYJE8Y2eMaTCm0s7b5671xAhXWkPdk_EHpBal7DtWwDPczt9ojzZ2FA1dkt37ga454cC1U7wCWzGhXkEKRdioafkNvN24eBSCGcq8M1y4Au8YzSc97zD7xjhQ96C4gpxPmZhV0nEQgenm39rgNk9c-8LbqH4oj6UcQ26eucPU1Yqw68UTA3vjwQRmpzdAhWVbnBGIHbid2rHmVAuiqkqAU0z35QlbB46booy7jkv8yuIGh9iKKhnPD9QzU-xdRpmrj72GA2HHw8spCe6jVEMf6q4ZBkSbtW6wtMQKZxsPxbgSKDrbYoAZlY2Yn2Fs7hCI40JyqM7xDy-byGhQ0S9e9V8r9a1LwF4OQ-Qg_Q8ZH5xMbVPK88ccGM-fcW9X4GijD1MBmVF1mf7ft6PUiJjSIJyvwyQZmdzzqdEorKAuBDWMCdQM6oHcTfP3IjOYs_hc_FQGjiAfLsIXigwaeI8IKNkk_zhQRqi7tJFeIIKyA7pziHjJwoODVeQupnez1J3AUZqm4nFK5sFc-UEleVPh77nzS6QMzuHdm7lr7PizNl8YoyzqNameCpdwQNUrQ%252Furl%252F%26ivc_p%3DMjYwMTo2MDI6ODk4MDpkZjYwOmRjYjc6MzM3YTpjZTAzOjcxNTM%3D%26ivc_dd%3Dc2d11130-ebc4-4bd0-92f0-a3e5aadd9b7b-20260208+18%3A23%3A33%26ivc_u%3DTW96aWxsYS81LjAgKE1hY2ludG9zaDsgSW50ZWwgTWFjIE9TIFggMTBfMTVfNykgQXBwbGVXZWJLaXQvNTM3LjM2IChLSFRNTCwgbGlrZSBHZWNrbykgQ2hyb21lLzE0NC4wLjAuMCBTYWZhcmkvNTM3LjM2%26ivc_ts%3DMTc3MDg3MjY1Nzk2Nw%3D%3D%26ivc_r%3Db3JlZ29u%26ivc_al%3DZW4tVVMsZW47cT0wLjk%3D%26audience_id%3D179947650%26version_id%3D6679%26inv_ctx_zip%3D98107%26inv_ctx_country%3DUnited%2520States%26inv_ctx_city%3DSeattle%26inv_ctx_dma%3D819%26inv_ctx_state%3DWashington%26inv_ctx_stateCode%3DWA%26inv_ctx_celsius%3D10%26inv_ctx_fahrenheit%3D51%26inv_ctx_humidity%3D61%26inv_ctx_uvIndex%3D0%26inv_ctx_precipitation%3D0.0%26iv_geo_dma%3D819%26iv_geo_country%3DUS%26iv_geo_city%3Dseattle%26iv_geo_state%3DWA%26iv_geo_zip%3D98107%26iv_geo_lat%3D47.6674%26iv_geo_lon%3D-122.3701%26iv_weather_temp_c%3D10%26iv_weather_code%3D113&pref=false:498
[DIR] SyntaxError @ https://js.ad-score.com/score.min.js?pid=1001066:1
[LOG] >>> Innovid Display Connector: Version 5 @ https://s-files.innovid.com/creative/ct_dev/5/innovid_display_connector.js:28
[LOG] Using Innovid GWD Connector (version: 0.6.1) @ https://s-static.innovid.com/display/uploads/192861/1299097/1753722702339/s/300x250/index.html?cb=2986530936828689959&ivc_deviceinapp=&deviceid=&dipn=deviceid&ivc_deviceid_raw=&ivc_line_item_id=1609696174&ivc_tld=https%3A%2F%2Ffbref.com%2Fen%2Fsquads%2Fa77c513e%2F2025-2026%2Fmatchlogs%2Fall_comps%2Fschedule%2Fbenfica-scores-and-fixtures-all-competitions&ivc_click_tracker=https%3A%2F%2Fpresentation-pdx1.turn.com%2Fr%2Fformclick%2Furlid%2F1K28XTaXaU7GzrCqIY0ExdKcwiV--2B1Hn_1VKdN1hO_Sdu06DuW8zStEoMcr1ojRz9dcLfno3ePRU8mReZKRWwVUaa81rE5Va5TPoJV_1Ntn4-ZNPeiesLCUWGi5Q0pMBeOCaXQBD72-ffQzCGkdV4C5McNgGwLpHsh0I6GZjqsoQGnKR5_rnWsn6cT_6Z2khqE50xvJuHx31ArUhPA2E7IN4ASGeHVAJWRQFHFhRMLftRKOiwbRBHvC4SW5lIRHxmv7plzDwf1fbazttDPOlsqfmgUm_w82bqhdx0aWu0sMDEvZrIg-rf4mhw6sFFhygoKe7sev257PwQDAcclXga-NiB2wWISGExh0t8JiajkXwQsSlpxKWOwnR4ICWD6H48N6v9JeE3BkGoKdmxeydFsBtMRyFRGrQMWT685NsTAPnZ2jzPD-CL2G5YaidX6_Yw5eA4CvRTWPn0PhIvMUq-iq7YkyTjsXRyFESc_xpSY_SGLd6OfQEeZm6yGjgBAQKVjGdpFFQECBum8Fkd9PQdCP0gnYxSJzxp5RiUDZtH2tTIhDitZT7zU-ZUWNwbE9FduqmTp6JvU1LSmZACLvrEXPeTbODFcmq83rtuZxph-o5Stw93udr0A0oN7gDuZq1W7LJ2KktwZR0DvS1ahnVtr6__ZwFNcjYnDf2TPNpFpy9ghpjDfQzwGjeuNgQ4OAZcCZjzDh6s-1vnv7lA5PDM_qysmGkij8hE7ntOaY3o01Qq1Jn9_QETq1JPp9ZV0eBgfJKcbECx-WvxWbWYbuAtkE7I03U394h33I91_Ujp6YP9REwiW3MUkWgU87Q3uhnPibLhT5H9vG9-Abc1kMY8W_fg2XryWxbp4QjMa5Ko8QLl7GBPmS3Pd3kri-h6uLDk8qmfgZxXB4ybvAHvMdI8SUYYJE8Y2eMaTCm0s7b5671xAhXWkPdk_EHpBal7DtWwDPczt9ojzZ2FA1dkt37ga454cC1U7wCWzGhXkEKRdioafkNvN24eBSCGcq8M1y4Au8YzSc97zD7xjhQ96C4gpxPmZhV0nEQgenm39rgNk9c-8LbqH4oj6UcQ26eucPU1Yqw68UTA3vjwQRmpzdAhWVbnBGIHbid2rHmVAuiqkqAU0z35QlbB46booy7jkv8yuIGh9iKKhnPD9QzU-xdRpmrj72GA2HHw8spCe6jVEMf6q4ZBkSbtW6wtMQKZxsPxbgSKDrbYoAZlY2Yn2Fs7hCI40JyqM7xDy-byGhQ0S9e9V8r9a1LwF4OQ-Qg_Q8ZH5xMbVPK88ccGM-fcW9X4GijD1MBmVF1mf7ft6PUiJjSIJyvwyQZmdzzqdEorKAuBDWMCdQM6oHcTfP3IjOYs_hc_FQGjiAfLsIXigwaeI8IKNkk_zhQRqi7tJFeIIKyA7pziHjJwoODVeQupnez1J3AUZqm4nFK5sFc-UEleVPh77nzS6QMzuHdm7lr7PizNl8YoyzqNameCpdwQNUrQ%2Furl%2F&ivc_p=MjYwMTo2MDI6ODk4MDpkZjYwOmRjYjc6MzM3YTpjZTAzOjcxNTM&ivc_dd=c2d11130-ebc4-4bd0-92f0-a3e5aadd9b7b-20260208%2B18%3A23%3A33&ivc_u=TW96aWxsYS81LjAgKE1hY2ludG9zaDsgSW50ZWwgTWFjIE9TIFggMTBfMTVfNykgQXBwbGVXZWJLaXQvNTM3LjM2IChLSFRNTCwgbGlrZSBHZWNrbykgQ2hyb21lLzE0NC4wLjAuMCBTYWZhcmkvNTM3LjM2&ivc_ts=MTc3MDg3MjY1Nzk2Nw&ivc_r=b3JlZ29u&ivc_al=ZW4tVVMsZW47cT0wLjk&audience_id=179947650&version_id=6679&inv_ctx_zip=98107&inv_ctx_country=United%20States&inv_ctx_city=Seattle&inv_ctx_dma=819&inv_ctx_state=Washington&inv_ctx_stateCode=WA&inv_ctx_celsius=10&inv_ctx_fahrenheit=51&inv_ctx_humidity=61&inv_ctx_uvIndex=0&inv_ctx_precipitation=0.0&iv_geo_dma=819&iv_geo_country=US&iv_geo_city=seattle&iv_geo_state=WA&iv_geo_zip=98107&iv_geo_lat=47.6674&iv_geo_lon=-122.3701&iv_weather_temp_c=10&iv_weather_code=113&inv_fd_clickthroughUrl=&inv_fd_iv_v_box=&inv_fd_iv_additonal_incentives=&inv_fd_iv_one_item=&inv_fd_modelYear=&inv_fd_Offer%2520Interest%2520Known=&inv_fd_Optimization%2520Notes=&inv_fd_Filter=&inv_fd_Weight=:166
[LOG] >>> Innovid Enable Interactions @ https://s-files.innovid.com/creative/ct_dev/5/innovid_display_connector.js:177
[ERROR] Failed to load resource: net::ERR_NAME_NOT_RESOLVED @ https://cw.addthis.com/t.gif?pid=26&pdid=3766389837864693758:0
[WARNING] A preload for 'https://cdn.ssref.net/req/202602051/css/fb/sr-min.css' is found, but is not used because the request credentials mode does not match. Consider taking a look at crossorigin attribute. @ https://fbref.com/en/squads/d86248bd/2025-2026/matchlogs/all_comps/schedule/BodoGlimt-Scores-and-Fixtures-All-Competitions:50
[WARNING] [GPT] Unrecognized property encountered when calling setConfig: googletag.setConfig.contentPause
https://goo.gle/gpt-message#158 @ https://securepubads.g.doubleclick.net/pagead/managed/js/gpt/m202602090101/pubads_impl.js?cb=31096699:18
Uncaught Error: Invalid command: getGPPData
    at <anonymous> (https://cmp.osano.com/16CGnCU8UtNhM14sg/12669873-8cf8-41e2-be1f-1cb803cbffe0/osano.js:1:225454)
    at <anonymous> (https://cmp.osano.com/16CGnCU8UtNhM14sg/12669873-8cf8-41e2-be1f-1cb803cbffe0/osano.js:1:223655)
Uncaught Error: Invalid command: getGPPData
    at <anonymous> (https://cmp.osano.com/16CGnCU8UtNhM14sg/12669873-8cf8-41e2-be1f-1cb803cbffe0/osano.js:1:225454)
    at <anonymous> (https://cmp.osano.com/16CGnCU8UtNhM14sg/12669873-8cf8-41e2-be1f-1cb803cbffe0/osano.js:1:223655)
[LOG] Called iframe: pa.openx.net [] 
Number of topics:  0 @ https://pa.openx.net/topics_frame.html?bidder=openx:15
[LOG] Called iframe: ads.pubmatic.com [] 
Number of topics:  0 @ https://ads.pubmatic.com/AdServer/js/topics/topics_frame.html?bidder=pubmatic:19
Uncaught Error: Invalid command: getGPPData
    at <anonymous> (https://cmp.osano.com/16CGnCU8UtNhM14sg/12669873-8cf8-41e2-be1f-1cb803cbffe0/osano.js:1:225454)
    at <anonymous> (https://cmp.osano.com/16CGnCU8UtNhM14sg/12669873-8cf8-41e2-be1f-1cb803cbffe0/osano.js:1:223655)
Uncaught Error: Invalid command: getGPPData
    at <anonymous> (https://cmp.osano.com/16CGnCU8UtNhM14sg/12669873-8cf8-41e2-be1f-1cb803cbffe0/osano.js:1:225454)
    at <anonymous> (https://cmp.osano.com/16CGnCU8UtNhM14sg/12669873-8cf8-41e2-be1f-1cb803cbffe0/osano.js:1:223655)
[WARNING] [Audigent] script has already been initialised. Skip further execution @ https://a.ad.gt/api/v1/u/matches/454?_it=amazon:0
Uncaught Error: Invalid command: getGPPData
    at <anonymous> (https://cmp.osano.com/16CGnCU8UtNhM14sg/12669873-8cf8-41e2-be1f-1cb803cbffe0/osano.js:1:225454)
    at <anonymous> (https://cmp.osano.com/16CGnCU8UtNhM14sg/12669873-8cf8-41e2-be1f-1cb803cbffe0/osano.js:1:223655)
Uncaught Error: Invalid command: getGPPData
    at <anonymous> (https://cmp.osano.com/16CGnCU8UtNhM14sg/12669873-8cf8-41e2-be1f-1cb803cbffe0/osano.js:1:225454)
    at <anonymous> (https://cmp.osano.com/16CGnCU8UtNhM14sg/12669873-8cf8-41e2-be1f-1cb803cbffe0/osano.js:1:223655)
[WARNING] A preload for 'https://cdn.ssref.net/req/202602051/css/fb/sr-min.css' is found, but is not used because the request credentials mode does not match. Consider taking a look at crossorigin attribute. @ https://fbref.com/en/squads/f1e6c5f1/2025-2026/matchlogs/all_comps/schedule/Club-Brugge-Scores-and-Fixtures-All-Competitions:50
[WARNING] [GPT] Unrecognized property encountered when calling setConfig: googletag.setConfig.contentPause
https://goo.gle/gpt-message#158 @ https://securepubads.g.doubleclick.net/pagead/managed/js/gpt/m202602090101/pubads_impl.js?cb=31096699:18
Uncaught Error: Invalid command: getGPPData
    at <anonymous> (https://cmp.osano.com/16CGnCU8UtNhM14sg/12669873-8cf8-41e2-be1f-1cb803cbffe0/osano.js:1:225454)
    at <anonymous> (https://cmp.osano.com/16CGnCU8UtNhM14sg/12669873-8cf8-41e2-be1f-1cb803cbffe0/osano.js:1:223655)
Uncaught Error: Invalid command: getGPPData
    at <anonymous> (https://cmp.osano.com/16CGnCU8UtNhM14sg/12669873-8cf8-41e2-be1f-1cb803cbffe0/osano.js:1:225454)
    at <anonymous> (https://cmp.osano.com/16CGnCU8UtNhM14sg/12669873-8cf8-41e2-be1f-1cb803cbffe0/osano.js:1:223655)
[LOG] Called iframe: ads.pubmatic.com [] 
Number of topics:  0 @ https://ads.pubmatic.com/AdServer/js/topics/topics_frame.html?bidder=pubmatic:19
[LOG] Called iframe: pa.openx.net [] 
Number of topics:  0 @ https://pa.openx.net/topics_frame.html?bidder=openx:15
Uncaught Error: Invalid command: getGPPData
    at <anonymous> (https://cmp.osano.com/16CGnCU8UtNhM14sg/12669873-8cf8-41e2-be1f-1cb803cbffe0/osano.js:1:225454)
    at <anonymous> (https://cmp.osano.com/16CGnCU8UtNhM14sg/12669873-8cf8-41e2-be1f-1cb803cbffe0/osano.js:1:223655)
Uncaught Error: Invalid command: getGPPData
    at <anonymous> (https://cmp.osano.com/16CGnCU8UtNhM14sg/12669873-8cf8-41e2-be1f-1cb803cbffe0/osano.js:1:225454)
    at <anonymous> (https://cmp.osano.com/16CGnCU8UtNhM14sg/12669873-8cf8-41e2-be1f-1cb803cbffe0/osano.js:1:223655)
[WARNING] [Audigent] script has already been initialised. Skip further execution @ https://a.ad.gt/api/v1/u/matches/454?_it=amazon:0
Uncaught Error: Invalid command: getGPPData
    at <anonymous> (https://cmp.osano.com/16CGnCU8UtNhM14sg/12669873-8cf8-41e2-be1f-1cb803cbffe0/osano.js:1:225454)
    at <anonymous> (https://cmp.osano.com/16CGnCU8UtNhM14sg/12669873-8cf8-41e2-be1f-1cb803cbffe0/osano.js:1:223655)
Uncaught Error: Invalid command: getGPPData
    at <anonymous> (https://cmp.osano.com/16CGnCU8UtNhM14sg/12669873-8cf8-41e2-be1f-1cb803cbffe0/osano.js:1:225454)
    at <anonymous> (https://cmp.osano.com/16CGnCU8UtNhM14sg/12669873-8cf8-41e2-be1f-1cb803cbffe0/osano.js:1:223655)
[ERROR] Failed to load resource: the server responded with a status of 404 () @ https://openrtb-us-east-1.axonix.com/syn?supply=6b5e0640-0286-4e78-b490-a820e3a18a08&gdpr=0&gdpr_consent=&uid=na&redirect=https%3A%2F%2Fid5-sync.com%2Fc%2F369%2F1201%2F8%2F2.gif%3Fpuid%3DxxEMODO_IDxx%26gdpr%3D0%26gdpr_consent%3D:0
[WARNING] PerformanceTracker: Timer for asinImageRender already exists. @ https://m.media-amazon.com/images/I/A1Vw+y265WL.js:10
[WARNING] PerformanceTracker: Timer for asinImageRender already exists. @ https://m.media-amazon.com/images/I/A1Vw+y265WL.js:10
[WARNING] PerformanceTracker: Timer for asinImageRender already exists. @ https://m.media-amazon.com/images/I/A1Vw+y265WL.js:10
[LOG] [<span style="font-size:56px;line-height:69px;margin-bottom:-13px;">150K</span>, <br>, <span style="font-size:28px;line-height:0px; font-…ily:'PremiumSerif Light'">bonus&nbsp;miles</span>] @ https://s0.2mdn.net/sadbundle/7702986550316745408/index.html?e=69&leftOffset=0&topOffset=0&c=DJuUT9SGDr&t=1&renderingType=2&ev=01_262:153
[LOG] word.match(/<brs*/?>/) @ https://s0.2mdn.net/sadbundle/7702986550316745408/index.html?e=69&leftOffset=0&topOffset=0&c=DJuUT9SGDr&t=1&renderingType=2&ev=01_262:153
[WARNING] A preload for 'https://cdn.ssref.net/req/202602051/css/fb/sr-min.css' is found, but is not used because the request credentials mode does not match. Consider taking a look at crossorigin attribute. @ https://fbref.com/en/squads/add600ae/2025-2026/matchlogs/all_comps/schedule/Dortmund-Scores-and-Fixtures-All-Competitions:50
[WARNING] [GPT] Unrecognized property encountered when calling setConfig: googletag.setConfig.contentPause
https://goo.gle/gpt-message#158 @ https://securepubads.g.doubleclick.net/pagead/managed/js/gpt/m202602090101/pubads_impl.js?cb=31096699:18
Uncaught Error: Invalid command: getGPPData
    at <anonymous> (https://cmp.osano.com/16CGnCU8UtNhM14sg/12669873-8cf8-41e2-be1f-1cb803cbffe0/osano.js:1:225454)
    at <anonymous> (https://cmp.osano.com/16CGnCU8UtNhM14sg/12669873-8cf8-41e2-be1f-1cb803cbffe0/osano.js:1:223655)
Uncaught Error: Invalid command: getGPPData
    at <anonymous> (https://cmp.osano.com/16CGnCU8UtNhM14sg/12669873-8cf8-41e2-be1f-1cb803cbffe0/osano.js:1:225454)
    at <anonymous> (https://cmp.osano.com/16CGnCU8UtNhM14sg/12669873-8cf8-41e2-be1f-1cb803cbffe0/osano.js:1:223655)
[WARNING] [Audigent] script has already been initialised. Skip further execution @ https://a.ad.gt/api/v1/u/matches/454?_it=0:0
[LOG] Called iframe: pa.openx.net [] 
Number of topics:  0 @ https://pa.openx.net/topics_frame.html?bidder=openx:15
[LOG] Called iframe: ads.pubmatic.com [] 
Number of topics:  0 @ https://ads.pubmatic.com/AdServer/js/topics/topics_frame.html?bidder=pubmatic:19
Uncaught Error: Invalid command: getGPPData
    at <anonymous> (https://cmp.osano.com/16CGnCU8UtNhM14sg/12669873-8cf8-41e2-be1f-1cb803cbffe0/osano.js:1:225454)
    at <anonymous> (https://cmp.osano.com/16CGnCU8UtNhM14sg/12669873-8cf8-41e2-be1f-1cb803cbffe0/osano.js:1:223655)
Uncaught Error: Invalid command: getGPPData
    at <anonymous> (https://cmp.osano.com/16CGnCU8UtNhM14sg/12669873-8cf8-41e2-be1f-1cb803cbffe0/osano.js:1:225454)
    at <anonymous> (https://cmp.osano.com/16CGnCU8UtNhM14sg/12669873-8cf8-41e2-be1f-1cb803cbffe0/osano.js:1:223655)
[WARNING] [Audigent] script has already been initialised. Skip further execution @ https://a.ad.gt/api/v1/u/matches/454?_it=amazon:0
Uncaught Error: Invalid command: getGPPData
    at <anonymous> (https://cmp.osano.com/16CGnCU8UtNhM14sg/12669873-8cf8-41e2-be1f-1cb803cbffe0/osano.js:1:225454)
    at <anonymous> (https://cmp.osano.com/16CGnCU8UtNhM14sg/12669873-8cf8-41e2-be1f-1cb803cbffe0/osano.js:1:223655)
Uncaught Error: Invalid command: getGPPData
    at <anonymous> (https://cmp.osano.com/16CGnCU8UtNhM14sg/12669873-8cf8-41e2-be1f-1cb803cbffe0/osano.js:1:225454)
    at <anonymous> (https://cmp.osano.com/16CGnCU8UtNhM14sg/12669873-8cf8-41e2-be1f-1cb803cbffe0/osano.js:1:223655)
[ERROR] Failed to load resource: net::ERR_NAME_NOT_RESOLVED @ https://beacon.krxd.net/usermatch.gif?partner=stackadapt&partner_uid=v8X6G1ZSW8VSA55izV-2UA:0
[ERROR] Failed to load resource: net::ERR_NAME_NOT_RESOLVED @ https://beacon.krxd.net/usermatch.gif?partner=stackadapt&partner_uid=SS5gmTaDUkFD2sciDJW_Wkn-c-Q:0
[WARNING] A preload for 'https://cdn.ssref.net/req/202602051/css/fb/sr-min.css' is found, but is not used because the request credentials mode does not match. Consider taking a look at crossorigin attribute. @ https://fbref.com/en/squads/ecd11ca2/2025-2026/matchlogs/all_comps/schedule/Galatasaray-Scores-and-Fixtures-All-Competitions:50
[WARNING] [GPT] Unrecognized property encountered when calling setConfig: googletag.setConfig.contentPause
https://goo.gle/gpt-message#158 @ https://securepubads.g.doubleclick.net/pagead/managed/js/gpt/m202602090101/pubads_impl.js?cb=31096699:18
Uncaught Error: Invalid command: getGPPData
    at <anonymous> (https://cmp.osano.com/16CGnCU8UtNhM14sg/12669873-8cf8-41e2-be1f-1cb803cbffe0/osano.js:1:225454)
    at <anonymous> (https://cmp.osano.com/16CGnCU8UtNhM14sg/12669873-8cf8-41e2-be1f-1cb803cbffe0/osano.js:1:223655)
Uncaught Error: Invalid command: getGPPData
    at <anonymous> (https://cmp.osano.com/16CGnCU8UtNhM14sg/12669873-8cf8-41e2-be1f-1cb803cbffe0/osano.js:1:225454)
    at <anonymous> (https://cmp.osano.com/16CGnCU8UtNhM14sg/12669873-8cf8-41e2-be1f-1cb803cbffe0/osano.js:1:223655)
[LOG] Called iframe: ads.pubmatic.com [] 
Number of topics:  0 @ https://ads.pubmatic.com/AdServer/js/topics/topics_frame.html?bidder=pubmatic:19
[LOG] Called iframe: pa.openx.net [] 
Number of topics:  0 @ https://pa.openx.net/topics_frame.html?bidder=openx:15
Uncaught Error: Invalid command: getGPPData
    at <anonymous> (https://cmp.osano.com/16CGnCU8UtNhM14sg/12669873-8cf8-41e2-be1f-1cb803cbffe0/osano.js:1:225454)
    at <anonymous> (https://cmp.osano.com/16CGnCU8UtNhM14sg/12669873-8cf8-41e2-be1f-1cb803cbffe0/osano.js:1:223655)
Uncaught Error: Invalid command: getGPPData
    at <anonymous> (https://cmp.osano.com/16CGnCU8UtNhM14sg/12669873-8cf8-41e2-be1f-1cb803cbffe0/osano.js:1:225454)
    at <anonymous> (https://cmp.osano.com/16CGnCU8UtNhM14sg/12669873-8cf8-41e2-be1f-1cb803cbffe0/osano.js:1:223655)
[WARNING] [Audigent] script has already been initialised. Skip further execution @ https://a.ad.gt/api/v1/u/matches/454?_it=amazon:0
Uncaught Error: Invalid command: getGPPData
    at <anonymous> (https://cmp.osano.com/16CGnCU8UtNhM14sg/12669873-8cf8-41e2-be1f-1cb803cbffe0/osano.js:1:225454)
    at <anonymous> (https://cmp.osano.com/16CGnCU8UtNhM14sg/12669873-8cf8-41e2-be1f-1cb803cbffe0/osano.js:1:223655)
Uncaught Error: Invalid command: getGPPData
    at <anonymous> (https://cmp.osano.com/16CGnCU8UtNhM14sg/12669873-8cf8-41e2-be1f-1cb803cbffe0/osano.js:1:225454)
    at <anonymous> (https://cmp.osano.com/16CGnCU8UtNhM14sg/12669873-8cf8-41e2-be1f-1cb803cbffe0/osano.js:1:223655)
[ERROR] Attestation check for Shared Storage on https://securepubads.g.doubleclick.net failed. @ https://imasdk.googleapis.com/js/core/bridge3.741.1_en.html#deid=%22%22&eventfe_experiment_ids=%5B%5D&fid=%22goog_1301682770%22&genotype_experiment_data=%7B%22experimentStateProto%22%3A%22%5B%5B%5B45713128%2Cnull%2Cnull%2C%5B%5D%5D%2C%5Bnull%2C745150931%2Cnull%2C%5Bnull%2C1%5D%5D%2C%5Bnull%2C749060184%2Cnull%2C%5Bnull%2C128%5D%5D%2C%5B841585769%2Cnull%2Cnull%2C%5B1%5D%5D%2C%5B45722344%2Cnull%2Cnull%2C%5B%5D%5D%2C%5B45706017%2Cnull%2Cnull%2C%5B1%5D%5D%2C%5B45740207%2Cnull%2Cnull%2C%5B%5D%5D%2C%5B45668885%2Cnull%2Cnull%2C%5B%5D%5D%2C%5B45685340%2Cnull%2Cnull%2C%5B%5D%5D%2C%5B45734716%2Cnull%2Cnull%2C%5B%5D%5D%2C%5B45735891%2Cnull%2Cnull%2C%5B%5D%5D%2C%5B45663239%2Cnull%2Cnull%2C%5B%5D%5D%2C%5B45715032%2Cnull%2Cnull%2C%5B1%5D%5D%2C%5B45661356%2Cnull%2Cnull%2C%5B%5D%5D%2C%5B839547366%2Cnull%2Cnull%2C%5B1%5D%5D%2C%5B45676441%2Cnull%2Cnull%2C%5B%5D%5D%2C%5B45675307%2Cnull%2Cnull%2C%5B1%5D%5D%2C%5B45675308%2Cnull%2Cnull%2C%5B1%5D%5D%2C%5Bnull%2C45645574%2Cnull%2C%5B%5D%5D%2C%5B45688859%2Cnull%2Cnull%2C%5B%5D%5D%2C%5B45656766%2Cnull%2Cnull%2C%5B%5D%5D%2C%5B45710689%2Cnull%2Cnull%2C%5B%5D%5D%2C%5B45710688%2Cnull%2Cnull%2C%5B1%5D%5D%2C%5B45685601%2Cnull%2Cnull%2C%5B%5D%5D%2C%5Bnull%2C45685602%2Cnull%2C%5Bnull%2C500%5D%5D%2C%5B45756824%2Cnull%2Cnull%2C%5B%5D%5D%2C%5B45747172%2Cnull%2Cnull%2C%5B%5D%5D%2C%5B775241416%2Cnull%2Cnull%2C%5B%5D%5D%2C%5B781107959%2Cnull%2Cnull%2C%5B%5D%5D%2C%5B781107958%2Cnull%2Cnull%2C%5B%5D%5D%2C%5B792614055%2Cnull%2Cnull%2C%5B%5D%5D%2C%5B781107957%2Cnull%2Cnull%2C%5B%5D%5D%2C%5B45729602%2Cnull%2Cnull%2C%5B%5D%5D%2C%5B45753603%2Cnull%2Cnull%2C%5B%5D%5D%2C%5B45753604%2Cnull%2Cnull%2C%5B%5D%5D%2C%5B45658982%2Cnull%2Cnull%2C%5B%5D%5D%2C%5B45725657%2Cnull%2Cnull%2C%5B%5D%5D%5D%2C%5B%5B16%2C%5B%5B1%2C%5B%5B31089630%5D%2C%5B31089631%2C%5B%5B45668885%2Cnull%2Cnull%2C%5B1%5D%5D%5D%5D%5D%5D%2C%5B1000%2C%5B%5B95332046%5D%5D%5D%2C%5Bnull%2C%5B%5B95332047%5D%5D%5D%2C%5B10%2C%5B%5B95338769%2C%5B%5Bnull%2C45645574%2Cnull%2C%5Bnull%2C1%5D%5D%5D%5D%2C%5B95338770%2C%5B%5Bnull%2C45645574%2Cnull%2C%5Bnull%2C2%5D%5D%5D%5D%5D%5D%2C%5B50%2C%5B%5B95345206%5D%2C%5B95345207%2C%5B%5B45661356%2Cnull%2Cnull%2C%5B1%5D%5D%5D%5D%5D%5D%2C%5B1%2C%5B%5B95351425%5D%2C%5B95351426%2C%5B%5B45676441%2Cnull%2Cnull%2C%5B1%5D%5D%5D%5D%5D%5D%2C%5B20%2C%5B%5B95356068%5D%2C%5B95356069%2C%5B%5B45685601%2Cnull%2Cnull%2C%5B%5D%5D%2C%5Bnull%2C45685602%2Cnull%2C%5B%5D%5D%5D%5D%2C%5B95356070%2C%5B%5B45685601%2Cnull%2Cnull%2C%5B1%5D%5D%2C%5Bnull%2C45685602%2Cnull%2C%5B%5D%5D%5D%5D%2C%5B95356071%2C%5B%5B45685601%2Cnull%2Cnull%2C%5B1%5D%5D%2C%5Bnull%2C45685602%2Cnull%2C%5Bnull%2C100%5D%5D%5D%5D%5D%5D%2C%5B1%2C%5B%5B95373378%2C%5B%5B792614055%2Cnull%2Cnull%2C%5B1%5D%5D%5D%5D%2C%5B95373379%2C%5B%5B45747172%2Cnull%2Cnull%2C%5B1%5D%5D%2C%5B781107959%2Cnull%2Cnull%2C%5B1%5D%5D%2C%5B792614055%2Cnull%2Cnull%2C%5B1%5D%5D%2C%5B781107957%2Cnull%2Cnull%2C%5B1%5D%5D%5D%5D%5D%5D%2C%5Bnull%2C%5B%5B95375930%5D%2C%5B95375931%2C%5B%5B45734716%2Cnull%2Cnull%2C%5B1%5D%5D%5D%5D%2C%5B95376520%2C%5B%5B45734716%2Cnull%2Cnull%2C%5B1%5D%5D%2C%5B45735891%2Cnull%2Cnull%2C%5B1%5D%5D%5D%5D%5D%5D%2C%5Bnull%2C%5B%5B95378095%5D%2C%5B95378096%2C%5B%5B45740207%2Cnull%2Cnull%2C%5B1%5D%5D%5D%5D%5D%5D%2C%5B10%2C%5B%5B95378629%5D%2C%5B95378630%2C%5B%5B45729602%2Cnull%2Cnull%2C%5B1%5D%5D%5D%5D%2C%5B95381582%2C%5B%5B45729602%2Cnull%2Cnull%2C%5B1%5D%5D%2C%5B45753603%2Cnull%2Cnull%2C%5B1%5D%5D%5D%5D%2C%5B95381583%2C%5B%5B45729602%2Cnull%2Cnull%2C%5B1%5D%5D%2C%5B45753604%2Cnull%2Cnull%2C%5B1%5D%5D%5D%5D%5D%5D%2C%5Bnull%2C%5B%5B95382403%5D%2C%5B95382404%2C%5B%5B45756824%2Cnull%2Cnull%2C%5B1%5D%5D%5D%5D%5D%5D%5D%5D%5D%2Cnull%2Cnull%2C%5Bnull%2C1000%2C1%2C1000%5D%5D%22%7D&imalib_experiments=%5B95322027%2C95331589%2C95332046%2C95356069%2C95378630%5D&is_eap_loader=false&managed_js_experiment_id=0&page_correlator=3902589493105413&pvsid=6917788298056883&top_accessible_page_url=%22https%3A%2F%2Ffbref.com%2Fen%2Fsquads%2Fecd11ca2%2F2025-2026%2Fmatchlogs%2Fall_comps%2Fschedule%2FGalatasaray-Scores-and-Fixtures-All-Competitions%22:0
[WARNING] A preload for 'https://cdn.ssref.net/req/202602051/css/fb/sr-min.css' is found, but is not used because the request credentials mode does not match. Consider taking a look at crossorigin attribute. @ https://fbref.com/en/squads/d609edc0/2025-2026/matchlogs/all_comps/schedule/Internazionale-Scores-and-Fixtures-All-Competitions:50
[WARNING] [GPT] Unrecognized property encountered when calling setConfig: googletag.setConfig.contentPause
https://goo.gle/gpt-message#158 @ https://securepubads.g.doubleclick.net/pagead/managed/js/gpt/m202602090101/pubads_impl.js?cb=31096699:18
Uncaught Error: Invalid command: getGPPData
    at <anonymous> (https://cmp.osano.com/16CGnCU8UtNhM14sg/12669873-8cf8-41e2-be1f-1cb803cbffe0/osano.js:1:225454)
    at <anonymous> (https://cmp.osano.com/16CGnCU8UtNhM14sg/12669873-8cf8-41e2-be1f-1cb803cbffe0/osano.js:1:223655)
Uncaught Error: Invalid command: getGPPData
    at <anonymous> (https://cmp.osano.com/16CGnCU8UtNhM14sg/12669873-8cf8-41e2-be1f-1cb803cbffe0/osano.js:1:225454)
    at <anonymous> (https://cmp.osano.com/16CGnCU8UtNhM14sg/12669873-8cf8-41e2-be1f-1cb803cbffe0/osano.js:1:223655)
[LOG] Called iframe: ads.pubmatic.com [] 
Number of topics:  0 @ https://ads.pubmatic.com/AdServer/js/topics/topics_frame.html?bidder=pubmatic:19
[LOG] Called iframe: pa.openx.net [] 
Number of topics:  0 @ https://pa.openx.net/topics_frame.html?bidder=openx:15
[WARNING] [Audigent] script has already been initialised. Skip further execution @ https://a.ad.gt/api/v1/u/matches/454?_it=0:0
Uncaught Error: Invalid command: getGPPData
    at <anonymous> (https://cmp.osano.com/16CGnCU8UtNhM14sg/12669873-8cf8-41e2-be1f-1cb803cbffe0/osano.js:1:225454)
    at <anonymous> (https://cmp.osano.com/16CGnCU8UtNhM14sg/12669873-8cf8-41e2-be1f-1cb803cbffe0/osano.js:1:223655)
Uncaught Error: Invalid command: getGPPData
    at <anonymous> (https://cmp.osano.com/16CGnCU8UtNhM14sg/12669873-8cf8-41e2-be1f-1cb803cbffe0/osano.js:1:225454)
    at <anonymous> (https://cmp.osano.com/16CGnCU8UtNhM14sg/12669873-8cf8-41e2-be1f-1cb803cbffe0/osano.js:1:223655)
[ERROR] Failed to load resource: the server responded with a status of 404 () @ https://sync.crwdcntrl.net/qmap?c=2700&tp=UNDR&gdpr=0&gdpr_consent=&tpid=ex3ldi8g4v6c1fuprhb0rltlg:0
[ERROR] Failed to load resource: the server responded with a status of 404 () @ https://sync.crwdcntrl.net/qmap?c=2700&tp=UNDR&gdpr=0&gdpr_consent=&tpid=ex3ldi8g4v6c1fuprhb0rltlg:0
[WARNING] [Audigent] script has already been initialised. Skip further execution @ https://a.ad.gt/api/v1/u/matches/454?_it=amazon:0
Uncaught Error: Invalid command: getGPPData
    at <anonymous> (https://cmp.osano.com/16CGnCU8UtNhM14sg/12669873-8cf8-41e2-be1f-1cb803cbffe0/osano.js:1:225454)
    at <anonymous> (https://cmp.osano.com/16CGnCU8UtNhM14sg/12669873-8cf8-41e2-be1f-1cb803cbffe0/osano.js:1:223655)
Uncaught Error: Invalid command: getGPPData
    at <anonymous> (https://cmp.osano.com/16CGnCU8UtNhM14sg/12669873-8cf8-41e2-be1f-1cb803cbffe0/osano.js:1:225454)
    at <anonymous> (https://cmp.osano.com/16CGnCU8UtNhM14sg/12669873-8cf8-41e2-be1f-1cb803cbffe0/osano.js:1:223655)
[ERROR] Failed to load resource: the server responded with a status of 404 (Not Found) @ https://us.shb-sync.com/bf2debb3-8b3f-11ed-9a3c-0cc47a787f5e.gif?redir=https%3A%2F%2Fs.ad.smaato.net%2Fc%2F%3FdspId%3D1170%26dspCookie%3D%24UID%26gdpr%3D0%26gdpr_consent%3D&gdpr=0&gdpr_consent=:0
[WARNING] A preload for 'https://cdn.ssref.net/req/202602051/css/fb/sr-min.css' is found, but is not used because the request credentials mode does not match. Consider taking a look at crossorigin attribute. @ https://fbref.com/en/squads/e0652b02/2025-2026/matchlogs/all_comps/schedule/Juventus-Scores-and-Fixtures-All-Competitions:50
[WARNING] [GPT] Unrecognized property encountered when calling setConfig: googletag.setConfig.contentPause
https://goo.gle/gpt-message#158 @ https://securepubads.g.doubleclick.net/pagead/managed/js/gpt/m202602090101/pubads_impl.js?cb=31096699:18
Uncaught Error: Invalid command: getGPPData
    at <anonymous> (https://cmp.osano.com/16CGnCU8UtNhM14sg/12669873-8cf8-41e2-be1f-1cb803cbffe0/osano.js:1:225454)
    at <anonymous> (https://cmp.osano.com/16CGnCU8UtNhM14sg/12669873-8cf8-41e2-be1f-1cb803cbffe0/osano.js:1:223655)
Uncaught Error: Invalid command: getGPPData
    at <anonymous> (https://cmp.osano.com/16CGnCU8UtNhM14sg/12669873-8cf8-41e2-be1f-1cb803cbffe0/osano.js:1:225454)
    at <anonymous> (https://cmp.osano.com/16CGnCU8UtNhM14sg/12669873-8cf8-41e2-be1f-1cb803cbffe0/osano.js:1:223655)
[LOG] Called iframe: ads.pubmatic.com [] 
Number of topics:  0 @ https://ads.pubmatic.com/AdServer/js/topics/topics_frame.html?bidder=pubmatic:19
[LOG] Called iframe: pa.openx.net [] 
Number of topics:  0 @ https://pa.openx.net/topics_frame.html?bidder=openx:15
Uncaught Error: Invalid command: getGPPData
    at <anonymous> (https://cmp.osano.com/16CGnCU8UtNhM14sg/12669873-8cf8-41e2-be1f-1cb803cbffe0/osano.js:1:225454)
    at <anonymous> (https://cmp.osano.com/16CGnCU8UtNhM14sg/12669873-8cf8-41e2-be1f-1cb803cbffe0/osano.js:1:223655)
Uncaught Error: Invalid command: getGPPData
    at <anonymous> (https://cmp.osano.com/16CGnCU8UtNhM14sg/12669873-8cf8-41e2-be1f-1cb803cbffe0/osano.js:1:225454)
    at <anonymous> (https://cmp.osano.com/16CGnCU8UtNhM14sg/12669873-8cf8-41e2-be1f-1cb803cbffe0/osano.js:1:223655)
[WARNING] [Audigent] script has already been initialised. Skip further execution @ https://a.ad.gt/api/v1/u/matches/454?_it=amazon:0
Uncaught Error: Invalid command: getGPPData
    at <anonymous> (https://cmp.osano.com/16CGnCU8UtNhM14sg/12669873-8cf8-41e2-be1f-1cb803cbffe0/osano.js:1:225454)
    at <anonymous> (https://cmp.osano.com/16CGnCU8UtNhM14sg/12669873-8cf8-41e2-be1f-1cb803cbffe0/osano.js:1:223655)
Uncaught Error: Invalid command: getGPPData
    at <anonymous> (https://cmp.osano.com/16CGnCU8UtNhM14sg/12669873-8cf8-41e2-be1f-1cb803cbffe0/osano.js:1:225454)
    at <anonymous> (https://cmp.osano.com/16CGnCU8UtNhM14sg/12669873-8cf8-41e2-be1f-1cb803cbffe0/osano.js:1:223655)
[ERROR] Attestation check for Shared Storage on https://securepubads.g.doubleclick.net failed. @ https://imasdk.googleapis.com/js/core/bridge3.741.1_en.html#deid=%22%22&eventfe_experiment_ids=%5B%5D&fid=%22goog_1680626624%22&genotype_experiment_data=%7B%22experimentStateProto%22%3A%22%5B%5B%5B45713128%2Cnull%2Cnull%2C%5B%5D%5D%2C%5Bnull%2C745150931%2Cnull%2C%5Bnull%2C1%5D%5D%2C%5Bnull%2C749060184%2Cnull%2C%5Bnull%2C128%5D%5D%2C%5B841585769%2Cnull%2Cnull%2C%5B1%5D%5D%2C%5B45722344%2Cnull%2Cnull%2C%5B%5D%5D%2C%5B45706017%2Cnull%2Cnull%2C%5B1%5D%5D%2C%5B45740207%2Cnull%2Cnull%2C%5B%5D%5D%2C%5B45668885%2Cnull%2Cnull%2C%5B%5D%5D%2C%5B45685340%2Cnull%2Cnull%2C%5B%5D%5D%2C%5B45734716%2Cnull%2Cnull%2C%5B%5D%5D%2C%5B45735891%2Cnull%2Cnull%2C%5B%5D%5D%2C%5B45663239%2Cnull%2Cnull%2C%5B%5D%5D%2C%5B45715032%2Cnull%2Cnull%2C%5B1%5D%5D%2C%5B45661356%2Cnull%2Cnull%2C%5B%5D%5D%2C%5B839547366%2Cnull%2Cnull%2C%5B1%5D%5D%2C%5B45676441%2Cnull%2Cnull%2C%5B%5D%5D%2C%5B45675307%2Cnull%2Cnull%2C%5B1%5D%5D%2C%5B45675308%2Cnull%2Cnull%2C%5B1%5D%5D%2C%5Bnull%2C45645574%2Cnull%2C%5B%5D%5D%2C%5B45688859%2Cnull%2Cnull%2C%5B%5D%5D%2C%5B45656766%2Cnull%2Cnull%2C%5B%5D%5D%2C%5B45710689%2Cnull%2Cnull%2C%5B%5D%5D%2C%5B45710688%2Cnull%2Cnull%2C%5B1%5D%5D%2C%5B45685601%2Cnull%2Cnull%2C%5B%5D%5D%2C%5Bnull%2C45685602%2Cnull%2C%5Bnull%2C500%5D%5D%2C%5B45756824%2Cnull%2Cnull%2C%5B%5D%5D%2C%5B45747172%2Cnull%2Cnull%2C%5B%5D%5D%2C%5B775241416%2Cnull%2Cnull%2C%5B%5D%5D%2C%5B781107959%2Cnull%2Cnull%2C%5B%5D%5D%2C%5B781107958%2Cnull%2Cnull%2C%5B%5D%5D%2C%5B792614055%2Cnull%2Cnull%2C%5B%5D%5D%2C%5B781107957%2Cnull%2Cnull%2C%5B%5D%5D%2C%5B45729602%2Cnull%2Cnull%2C%5B%5D%5D%2C%5B45753603%2Cnull%2Cnull%2C%5B%5D%5D%2C%5B45753604%2Cnull%2Cnull%2C%5B%5D%5D%2C%5B45658982%2Cnull%2Cnull%2C%5B%5D%5D%2C%5B45725657%2Cnull%2Cnull%2C%5B%5D%5D%5D%2C%5B%5B16%2C%5B%5B1%2C%5B%5B31089630%5D%2C%5B31089631%2C%5B%5B45668885%2Cnull%2Cnull%2C%5B1%5D%5D%5D%5D%5D%5D%2C%5B1000%2C%5B%5B95332046%5D%5D%5D%2C%5Bnull%2C%5B%5B95332047%5D%5D%5D%2C%5B10%2C%5B%5B95338769%2C%5B%5Bnull%2C45645574%2Cnull%2C%5Bnull%2C1%5D%5D%5D%5D%2C%5B95338770%2C%5B%5Bnull%2C45645574%2Cnull%2C%5Bnull%2C2%5D%5D%5D%5D%5D%5D%2C%5B50%2C%5B%5B95345206%5D%2C%5B95345207%2C%5B%5B45661356%2Cnull%2Cnull%2C%5B1%5D%5D%5D%5D%5D%5D%2C%5B1%2C%5B%5B95351425%5D%2C%5B95351426%2C%5B%5B45676441%2Cnull%2Cnull%2C%5B1%5D%5D%5D%5D%5D%5D%2C%5B20%2C%5B%5B95356068%5D%2C%5B95356069%2C%5B%5B45685601%2Cnull%2Cnull%2C%5B%5D%5D%2C%5Bnull%2C45685602%2Cnull%2C%5B%5D%5D%5D%5D%2C%5B95356070%2C%5B%5B45685601%2Cnull%2Cnull%2C%5B1%5D%5D%2C%5Bnull%2C45685602%2Cnull%2C%5B%5D%5D%5D%5D%2C%5B95356071%2C%5B%5B45685601%2Cnull%2Cnull%2C%5B1%5D%5D%2C%5Bnull%2C45685602%2Cnull%2C%5Bnull%2C100%5D%5D%5D%5D%5D%5D%2C%5B1%2C%5B%5B95373378%2C%5B%5B792614055%2Cnull%2Cnull%2C%5B1%5D%5D%5D%5D%2C%5B95373379%2C%5B%5B45747172%2Cnull%2Cnull%2C%5B1%5D%5D%2C%5B781107959%2Cnull%2Cnull%2C%5B1%5D%5D%2C%5B792614055%2Cnull%2Cnull%2C%5B1%5D%5D%2C%5B781107957%2Cnull%2Cnull%2C%5B1%5D%5D%5D%5D%5D%5D%2C%5Bnull%2C%5B%5B95375930%5D%2C%5B95375931%2C%5B%5B45734716%2Cnull%2Cnull%2C%5B1%5D%5D%5D%5D%2C%5B95376520%2C%5B%5B45734716%2Cnull%2Cnull%2C%5B1%5D%5D%2C%5B45735891%2Cnull%2Cnull%2C%5B1%5D%5D%5D%5D%5D%5D%2C%5Bnull%2C%5B%5B95378095%5D%2C%5B95378096%2C%5B%5B45740207%2Cnull%2Cnull%2C%5B1%5D%5D%5D%5D%5D%5D%2C%5B10%2C%5B%5B95378629%5D%2C%5B95378630%2C%5B%5B45729602%2Cnull%2Cnull%2C%5B1%5D%5D%5D%5D%2C%5B95381582%2C%5B%5B45729602%2Cnull%2Cnull%2C%5B1%5D%5D%2C%5B45753603%2Cnull%2Cnull%2C%5B1%5D%5D%5D%5D%2C%5B95381583%2C%5B%5B45729602%2Cnull%2Cnull%2C%5B1%5D%5D%2C%5B45753604%2Cnull%2Cnull%2C%5B1%5D%5D%5D%5D%5D%5D%2C%5Bnull%2C%5B%5B95382403%5D%2C%5B95382404%2C%5B%5B45756824%2Cnull%2Cnull%2C%5B1%5D%5D%5D%5D%5D%5D%5D%5D%5D%2Cnull%2Cnull%2C%5Bnull%2C1000%2C1%2C1000%5D%5D%22%7D&imalib_experiments=%5B95322027%2C95331589%2C95332046%5D&is_eap_loader=false&managed_js_experiment_id=0&page_correlator=2427883191263457&pvsid=5555872923529496&top_accessible_page_url=%22https%3A%2F%2Ffbref.com%2Fen%2Fsquads%2Fe0652b02%2F2025-2026%2Fmatchlogs%2Fall_comps%2Fschedule%2FJuventus-Scores-and-Fixtures-All-Competitions%22:0
[LOG] getVPAIDAd @ https://js.ssp.cadent.com/ovvbundle_moat.js:0
[LOG] VPAIDLinear constructor @ https://js.ssp.cadent.com/ovvbundle_moat.js:0
[LOG] VPAID constructor @ https://js.ssp.cadent.com/ovvbundle_moat.js:0
[LOG] subscribe to eventType :  AdClickThru .aCallback: function () { [native code] } .aContext: undefined @ https://js.ssp.cadent.com/ovvbundle_moat.js:0
[LOG] subscribe to eventType :  AdDurationChange .aCallback: function () { [native code] } .aContext: undefined @ https://js.ssp.cadent.com/ovvbundle_moat.js:0
[LOG] subscribe to eventType :  AdError .aCallback: function () { [native code] } .aContext: undefined @ https://js.ssp.cadent.com/ovvbundle_moat.js:0
[LOG] subscribe to eventType :  AdExpandedChange .aCallback: function () { [native code] } .aContext: undefined @ https://js.ssp.cadent.com/ovvbundle_moat.js:0
[LOG] subscribe to eventType :  AdImpression .aCallback: function () { [native code] } .aContext: undefined @ https://js.ssp.cadent.com/ovvbundle_moat.js:0
[LOG] subscribe to eventType :  AdInteraction .aCallback: function () { [native code] } .aContext: undefined @ https://js.ssp.cadent.com/ovvbundle_moat.js:0
[LOG] subscribe to eventType :  AdLinearChange .aCallback: function () { [native code] } .aContext: undefined @ https://js.ssp.cadent.com/ovvbundle_moat.js:0
[LOG] subscribe to eventType :  AdLoaded .aCallback: function () { [native code] } .aContext: undefined @ https://js.ssp.cadent.com/ovvbundle_moat.js:0
[LOG] subscribe to eventType :  AdLog .aCallback: function () { [native code] } .aContext: undefined @ https://js.ssp.cadent.com/ovvbundle_moat.js:0
[LOG] subscribe to eventType :  AdPaused .aCallback: function () { [native code] } .aContext: undefined @ https://js.ssp.cadent.com/ovvbundle_moat.js:0
[LOG] subscribe to eventType :  AdPlaying .aCallback: function () { [native code] } .aContext: undefined @ https://js.ssp.cadent.com/ovvbundle_moat.js:0
[LOG] subscribe to eventType :  AdRemainingTimeChange .aCallback: function () { [native code] } .aContext: undefined @ https://js.ssp.cadent.com/ovvbundle_moat.js:0
[LOG] subscribe to eventType :  AdSizeChange .aCallback: function () { [native code] } .aContext: undefined @ https://js.ssp.cadent.com/ovvbundle_moat.js:0
[LOG] subscribe to eventType :  AdSkipped .aCallback: function () { [native code] } .aContext: undefined @ https://js.ssp.cadent.com/ovvbundle_moat.js:0
[LOG] subscribe to eventType :  AdStarted .aCallback: function () { [native code] } .aContext: undefined @ https://js.ssp.cadent.com/ovvbundle_moat.js:0
[LOG] subscribe to eventType :  AdStopped .aCallback: function () { [native code] } .aContext: undefined @ https://js.ssp.cadent.com/ovvbundle_moat.js:0
[LOG] subscribe to eventType :  AdSkippableStateChange .aCallback: function () { [native code] } .aContext: undefined @ https://js.ssp.cadent.com/ovvbundle_moat.js:0
[LOG] subscribe to eventType :  AdUserAcceptInvitation .aCallback: function () { [native code] } .aContext: undefined @ https://js.ssp.cadent.com/ovvbundle_moat.js:0
[LOG] subscribe to eventType :  AdUserClose .aCallback: function () { [native code] } .aContext: undefined @ https://js.ssp.cadent.com/ovvbundle_moat.js:0
[LOG] subscribe to eventType :  AdUserMinimize .aCallback: function () { [native code] } .aContext: undefined @ https://js.ssp.cadent.com/ovvbundle_moat.js:0
[LOG] subscribe to eventType :  AdVideoComplete .aCallback: function () { [native code] } .aContext: undefined @ https://js.ssp.cadent.com/ovvbundle_moat.js:0
[LOG] subscribe to eventType :  AdVideoFirstQuartile .aCallback: function () { [native code] } .aContext: undefined @ https://js.ssp.cadent.com/ovvbundle_moat.js:0
[LOG] subscribe to eventType :  AdVideoMidpoint .aCallback: function () { [native code] } .aContext: undefined @ https://js.ssp.cadent.com/ovvbundle_moat.js:0
[LOG] subscribe to eventType :  AdVideoStart .aCallback: function () { [native code] } .aContext: undefined @ https://js.ssp.cadent.com/ovvbundle_moat.js:0
[LOG] subscribe to eventType :  AdVideoThirdQuartile .aCallback: function () { [native code] } .aContext: undefined @ https://js.ssp.cadent.com/ovvbundle_moat.js:0
[LOG] subscribe to eventType :  AdVolumeChange .aCallback: function () { [native code] } .aContext: undefined @ https://js.ssp.cadent.com/ovvbundle_moat.js:0
[LOG] subscribe to eventType :  Ping .aCallback: function () { [native code] } .aContext: undefined @ https://js.ssp.cadent.com/ovvbundle_moat.js:0
[LOG] width 728 410 normal -1 {AdParameters: {"adType":"VIDEO","ad":{"avg":"0.19100","viewTrk":…2C%22bidId%22%3A%22LUdbh2VCslTVNBJrGYK9AQ%22%7D"}} {slot: div#slot, videoSlot: S, videoSlotCanAutoPlay: true} @ https://js.ssp.cadent.com/ovvbundle_moat.js:0
[LOG] start initAd width= 728 , height= 410, viewMode= normal , desiredBitrate= -1 environmentVars= {slot: div#slot, videoSlot: S, videoSlotCanAutoPlay: true} @ https://js.ssp.cadent.com/ovvbundle_moat.js:0
[LOG] subscribe to eventType :  AdStarted .aCallback: function(){var n,i=-1;if(e&&e.getAdVolume&&(n=e.getAdVolume()),"number"==typeof n&&!isNaN(n)&&0<=n&&(i=n),a.addEvent({type:t,adVolume:i}),-1!==h.indexOf(t)&&e&&e.unsubscribe&&!p)for(var r in p=!0,d)if(d.hasOwnProperty&&d.hasOwnProperty(r))try{e.unsubscribe(d[r],r)}catch(e){}} .aContext: undefined @ https://js.ssp.cadent.com/ovvbundle_moat.js:0
[LOG] subscribe to eventType :  AdStopped .aCallback: function(){var n,i=-1;if(e&&e.getAdVolume&&(n=e.getAdVolume()),"number"==typeof n&&!isNaN(n)&&0<=n&&(i=n),a.addEvent({type:t,adVolume:i}),-1!==h.indexOf(t)&&e&&e.unsubscribe&&!p)for(var r in p=!0,d)if(d.hasOwnProperty&&d.hasOwnProperty(r))try{e.unsubscribe(d[r],r)}catch(e){}} .aContext: undefined @ https://js.ssp.cadent.com/ovvbundle_moat.js:0
[LOG] subscribe to eventType :  AdSkipped .aCallback: function(){var n,i=-1;if(e&&e.getAdVolume&&(n=e.getAdVolume()),"number"==typeof n&&!isNaN(n)&&0<=n&&(i=n),a.addEvent({type:t,adVolume:i}),-1!==h.indexOf(t)&&e&&e.unsubscribe&&!p)for(var r in p=!0,d)if(d.hasOwnProperty&&d.hasOwnProperty(r))try{e.unsubscribe(d[r],r)}catch(e){}} .aContext: undefined @ https://js.ssp.cadent.com/ovvbundle_moat.js:0
[LOG] subscribe to eventType :  AdLoaded .aCallback: function(){var n,i=-1;if(e&&e.getAdVolume&&(n=e.getAdVolume()),"number"==typeof n&&!isNaN(n)&&0<=n&&(i=n),a.addEvent({type:t,adVolume:i}),-1!==h.indexOf(t)&&e&&e.unsubscribe&&!p)for(var r in p=!0,d)if(d.hasOwnProperty&&d.hasOwnProperty(r))try{e.unsubscribe(d[r],r)}catch(e){}} .aContext: undefined @ https://js.ssp.cadent.com/ovvbundle_moat.js:0
[LOG] subscribe to eventType :  AdLinearChange .aCallback: function(){var n,i=-1;if(e&&e.getAdVolume&&(n=e.getAdVolume()),"number"==typeof n&&!isNaN(n)&&0<=n&&(i=n),a.addEvent({type:t,adVolume:i}),-1!==h.indexOf(t)&&e&&e.unsubscribe&&!p)for(var r in p=!0,d)if(d.hasOwnProperty&&d.hasOwnProperty(r))try{e.unsubscribe(d[r],r)}catch(e){}} .aContext: undefined @ https://js.ssp.cadent.com/ovvbundle_moat.js:0
[LOG] subscribe to eventType :  AdSizeChange .aCallback: function(){var n,i=-1;if(e&&e.getAdVolume&&(n=e.getAdVolume()),"number"==typeof n&&!isNaN(n)&&0<=n&&(i=n),a.addEvent({type:t,adVolume:i}),-1!==h.indexOf(t)&&e&&e.unsubscribe&&!p)for(var r in p=!0,d)if(d.hasOwnProperty&&d.hasOwnProperty(r))try{e.unsubscribe(d[r],r)}catch(e){}} .aContext: undefined @ https://js.ssp.cadent.com/ovvbundle_moat.js:0
[LOG] subscribe to eventType :  AdExpandedChange .aCallback: function(){var n,i=-1;if(e&&e.getAdVolume&&(n=e.getAdVolume()),"number"==typeof n&&!isNaN(n)&&0<=n&&(i=n),a.addEvent({type:t,adVolume:i}),-1!==h.indexOf(t)&&e&&e.unsubscribe&&!p)for(var r in p=!0,d)if(d.hasOwnProperty&&d.hasOwnProperty(r))try{e.unsubscribe(d[r],r)}catch(e){}} .aContext: undefined @ https://js.ssp.cadent.com/ovvbundle_moat.js:0
[LOG] subscribe to eventType :  AdSkippableStateChange .aCallback: function(){var n,i=-1;if(e&&e.getAdVolume&&(n=e.getAdVolume()),"number"==typeof n&&!isNaN(n)&&0<=n&&(i=n),a.addEvent({type:t,adVolume:i}),-1!==h.indexOf(t)&&e&&e.unsubscribe&&!p)for(var r in p=!0,d)if(d.hasOwnProperty&&d.hasOwnProperty(r))try{e.unsubscribe(d[r],r)}catch(e){}} .aContext: undefined @ https://js.ssp.cadent.com/ovvbundle_moat.js:0
[LOG] subscribe to eventType :  AdDurationChange .aCallback: function(){var n,i=-1;if(e&&e.getAdVolume&&(n=e.getAdVolume()),"number"==typeof n&&!isNaN(n)&&0<=n&&(i=n),a.addEvent({type:t,adVolume:i}),-1!==h.indexOf(t)&&e&&e.unsubscribe&&!p)for(var r in p=!0,d)if(d.hasOwnProperty&&d.hasOwnProperty(r))try{e.unsubscribe(d[r],r)}catch(e){}} .aContext: undefined @ https://js.ssp.cadent.com/ovvbundle_moat.js:0
[LOG] subscribe to eventType :  AdRemainingTimeChange .aCallback: function(){var n,i=-1;if(e&&e.getAdVolume&&(n=e.getAdVolume()),"number"==typeof n&&!isNaN(n)&&0<=n&&(i=n),a.addEvent({type:t,adVolume:i}),-1!==h.indexOf(t)&&e&&e.unsubscribe&&!p)for(var r in p=!0,d)if(d.hasOwnProperty&&d.hasOwnProperty(r))try{e.unsubscribe(d[r],r)}catch(e){}} .aContext: undefined @ https://js.ssp.cadent.com/ovvbundle_moat.js:0
[LOG] subscribe to eventType :  AdVolumeChange .aCallback: function(){var n,i=-1;if(e&&e.getAdVolume&&(n=e.getAdVolume()),"number"==typeof n&&!isNaN(n)&&0<=n&&(i=n),a.addEvent({type:t,adVolume:i}),-1!==h.indexOf(t)&&e&&e.unsubscribe&&!p)for(var r in p=!0,d)if(d.hasOwnProperty&&d.hasOwnProperty(r))try{e.unsubscribe(d[r],r)}catch(e){}} .aContext: undefined @ https://js.ssp.cadent.com/ovvbundle_moat.js:0
[LOG] subscribe to eventType :  AdImpression .aCallback: function(){var n,i=-1;if(e&&e.getAdVolume&&(n=e.getAdVolume()),"number"==typeof n&&!isNaN(n)&&0<=n&&(i=n),a.addEvent({type:t,adVolume:i}),-1!==h.indexOf(t)&&e&&e.unsubscribe&&!p)for(var r in p=!0,d)if(d.hasOwnProperty&&d.hasOwnProperty(r))try{e.unsubscribe(d[r],r)}catch(e){}} .aContext: undefined @ https://js.ssp.cadent.com/ovvbundle_moat.js:0
[LOG] subscribe to eventType :  AdClickThru .aCallback: function(){var n,i=-1;if(e&&e.getAdVolume&&(n=e.getAdVolume()),"number"==typeof n&&!isNaN(n)&&0<=n&&(i=n),a.addEvent({type:t,adVolume:i}),-1!==h.indexOf(t)&&e&&e.unsubscribe&&!p)for(var r in p=!0,d)if(d.hasOwnProperty&&d.hasOwnProperty(r))try{e.unsubscribe(d[r],r)}catch(e){}} .aContext: undefined @ https://js.ssp.cadent.com/ovvbundle_moat.js:0
[LOG] subscribe to eventType :  AdInteraction .aCallback: function(){var n,i=-1;if(e&&e.getAdVolume&&(n=e.getAdVolume()),"number"==typeof n&&!isNaN(n)&&0<=n&&(i=n),a.addEvent({type:t,adVolume:i}),-1!==h.indexOf(t)&&e&&e.unsubscribe&&!p)for(var r in p=!0,d)if(d.hasOwnProperty&&d.hasOwnProperty(r))try{e.unsubscribe(d[r],r)}catch(e){}} .aContext: undefined @ https://js.ssp.cadent.com/ovvbundle_moat.js:0
[LOG] subscribe to eventType :  AdVideoStart .aCallback: function(){var n,i=-1;if(e&&e.getAdVolume&&(n=e.getAdVolume()),"number"==typeof n&&!isNaN(n)&&0<=n&&(i=n),a.addEvent({type:t,adVolume:i}),-1!==h.indexOf(t)&&e&&e.unsubscribe&&!p)for(var r in p=!0,d)if(d.hasOwnProperty&&d.hasOwnProperty(r))try{e.unsubscribe(d[r],r)}catch(e){}} .aContext: undefined @ https://js.ssp.cadent.com/ovvbundle_moat.js:0
[LOG] subscribe to eventType :  AdVideoFirstQuartile .aCallback: function(){var n,i=-1;if(e&&e.getAdVolume&&(n=e.getAdVolume()),"number"==typeof n&&!isNaN(n)&&0<=n&&(i=n),a.addEvent({type:t,adVolume:i}),-1!==h.indexOf(t)&&e&&e.unsubscribe&&!p)for(var r in p=!0,d)if(d.hasOwnProperty&&d.hasOwnProperty(r))try{e.unsubscribe(d[r],r)}catch(e){}} .aContext: undefined @ https://js.ssp.cadent.com/ovvbundle_moat.js:0
[LOG] subscribe to eventType :  AdVideoMidpoint .aCallback: function(){var n,i=-1;if(e&&e.getAdVolume&&(n=e.getAdVolume()),"number"==typeof n&&!isNaN(n)&&0<=n&&(i=n),a.addEvent({type:t,adVolume:i}),-1!==h.indexOf(t)&&e&&e.unsubscribe&&!p)for(var r in p=!0,d)if(d.hasOwnProperty&&d.hasOwnProperty(r))try{e.unsubscribe(d[r],r)}catch(e){}} .aContext: undefined @ https://js.ssp.cadent.com/ovvbundle_moat.js:0
[LOG] subscribe to eventType :  AdVideoThirdQuartile .aCallback: function(){var n,i=-1;if(e&&e.getAdVolume&&(n=e.getAdVolume()),"number"==typeof n&&!isNaN(n)&&0<=n&&(i=n),a.addEvent({type:t,adVolume:i}),-1!==h.indexOf(t)&&e&&e.unsubscribe&&!p)for(var r in p=!0,d)if(d.hasOwnProperty&&d.hasOwnProperty(r))try{e.unsubscribe(d[r],r)}catch(e){}} .aContext: undefined @ https://js.ssp.cadent.com/ovvbundle_moat.js:0
[LOG] subscribe to eventType :  AdVideoComplete .aCallback: function(){var n,i=-1;if(e&&e.getAdVolume&&(n=e.getAdVolume()),"number"==typeof n&&!isNaN(n)&&0<=n&&(i=n),a.addEvent({type:t,adVolume:i}),-1!==h.indexOf(t)&&e&&e.unsubscribe&&!p)for(var r in p=!0,d)if(d.hasOwnProperty&&d.hasOwnProperty(r))try{e.unsubscribe(d[r],r)}catch(e){}} .aContext: undefined @ https://js.ssp.cadent.com/ovvbundle_moat.js:0
[LOG] subscribe to eventType :  AdUserAcceptInvitation .aCallback: function(){var n,i=-1;if(e&&e.getAdVolume&&(n=e.getAdVolume()),"number"==typeof n&&!isNaN(n)&&0<=n&&(i=n),a.addEvent({type:t,adVolume:i}),-1!==h.indexOf(t)&&e&&e.unsubscribe&&!p)for(var r in p=!0,d)if(d.hasOwnProperty&&d.hasOwnProperty(r))try{e.unsubscribe(d[r],r)}catch(e){}} .aContext: undefined @ https://js.ssp.cadent.com/ovvbundle_moat.js:0
[LOG] subscribe to eventType :  AdUserMinimize .aCallback: function(){var n,i=-1;if(e&&e.getAdVolume&&(n=e.getAdVolume()),"number"==typeof n&&!isNaN(n)&&0<=n&&(i=n),a.addEvent({type:t,adVolume:i}),-1!==h.indexOf(t)&&e&&e.unsubscribe&&!p)for(var r in p=!0,d)if(d.hasOwnProperty&&d.hasOwnProperty(r))try{e.unsubscribe(d[r],r)}catch(e){}} .aContext: undefined @ https://js.ssp.cadent.com/ovvbundle_moat.js:0
[LOG] subscribe to eventType :  AdUserClose .aCallback: function(){var n,i=-1;if(e&&e.getAdVolume&&(n=e.getAdVolume()),"number"==typeof n&&!isNaN(n)&&0<=n&&(i=n),a.addEvent({type:t,adVolume:i}),-1!==h.indexOf(t)&&e&&e.unsubscribe&&!p)for(var r in p=!0,d)if(d.hasOwnProperty&&d.hasOwnProperty(r))try{e.unsubscribe(d[r],r)}catch(e){}} .aContext: undefined @ https://js.ssp.cadent.com/ovvbundle_moat.js:0
[LOG] subscribe to eventType :  AdPaused .aCallback: function(){var n,i=-1;if(e&&e.getAdVolume&&(n=e.getAdVolume()),"number"==typeof n&&!isNaN(n)&&0<=n&&(i=n),a.addEvent({type:t,adVolume:i}),-1!==h.indexOf(t)&&e&&e.unsubscribe&&!p)for(var r in p=!0,d)if(d.hasOwnProperty&&d.hasOwnProperty(r))try{e.unsubscribe(d[r],r)}catch(e){}} .aContext: undefined @ https://js.ssp.cadent.com/ovvbundle_moat.js:0
[LOG] subscribe to eventType :  AdPlaying .aCallback: function(){var n,i=-1;if(e&&e.getAdVolume&&(n=e.getAdVolume()),"number"==typeof n&&!isNaN(n)&&0<=n&&(i=n),a.addEvent({type:t,adVolume:i}),-1!==h.indexOf(t)&&e&&e.unsubscribe&&!p)for(var r in p=!0,d)if(d.hasOwnProperty&&d.hasOwnProperty(r))try{e.unsubscribe(d[r],r)}catch(e){}} .aContext: undefined @ https://js.ssp.cadent.com/ovvbundle_moat.js:0
[LOG] subscribe to eventType :  AdError .aCallback: function(){var n,i=-1;if(e&&e.getAdVolume&&(n=e.getAdVolume()),"number"==typeof n&&!isNaN(n)&&0<=n&&(i=n),a.addEvent({type:t,adVolume:i}),-1!==h.indexOf(t)&&e&&e.unsubscribe&&!p)for(var r in p=!0,d)if(d.hasOwnProperty&&d.hasOwnProperty(r))try{e.unsubscribe(d[r],r)}catch(e){}} .aContext: undefined @ https://js.ssp.cadent.com/ovvbundle_moat.js:0
[LOG] Unmeasureable @ https://js.ssp.cadent.com/ovvbundle_moat.js:0
[LOG] loadingExternalVAST | vastURL: %3C%3Fxml%20version%3D%221.0%22%20encoding%3D%22UTF-8%22%3F%3E%3CVAST%20xmlns%3Axsi%3D%22http%3A%2F%2Fwww.w3.org%2F2001%2FXMLSchema-instance%22%20version%3D%223.0%22%20xsi%3AnoNamespaceSchemaLocation%3D%22vast.xsd%22%3E%3CAd%20id%3D%228fa79645-d42c-4d79-bc55-8cdda470d23f%22%3E%3CWrapper%3E%3CAdSystem%3EQuantcast%20Video%3C%2FAdSystem%3E%3CVASTAdTagURI%3E%3C%21%5BCDATA%5Bhttps%3A%2F%2Funified.adsafeprotected.com%2Fv2%2F2184109%2F81709905%3FomidPartner%3D%5BOMIDPARTNER%5D%26apiframeworks%3D%5BAPIFRAMEWORKS%5D%26bundleId%3D%5BBUNDLEID%5D%26ias_advId%3D%24%7BACCOUNT_ID%7D%26ias_creativeId%3D10877538%26ias_campId%3D9081161%26ias_placementId%3D9227311%26ias_xappb%3D%26adsafe_par%26ias_impId%3D1189046238279030785%26custom%3D8fa79645-d42c-4d79-bc55-8cdda470d23f%26custom2%3Dff69dcd2-58fe-4591-9bdf-b0f21c915e95%26custom3%3Dp-90reCb6kWvAzQ%26originalVast%3Dhttps%3A%2F%2Fvideo.quantcount.com%2F8fa79645-d42c-4d79-bc55-8cdda470d23f.xml%3FVAST_VERSION%3D3.0%5D%5D%3E%3C%2FVASTAdTagURI%3E%3CError%3E%3C%21%5BCDATA%5Bhttps%3A%2F%2Fexch.quantserve.com%2Fpixel%2Fp-90reCb6kWvAzQ.gif%3Fmedia%3Dad%26r%3D131064%26rand%3D1372157432%26labels%3D_qc.vast.error%2C_qc.vast.qcv%26rtbip%3D192.184.73.59%26rtbdata2%3DEBc6EWh0dHBzOi8vZmJyZWYuY29tWihFLVVDcGtDNURLOEk2ZzZxUUxrWHJSWHBEX3dJN0FMOFEtOEowd3BMgAGIlNrxCroBFTQ1MTE3NzA1ODE2MDczNjEwNzBhMMABmNQLyAH-0fKBxTPaARU4MzAxNzcwODcyNjc4NjQ4NzcxZTGwAgjIAgDQAs7hhvv4n_fMqQHoAinyAg4Il7AREMOsoIG9tI3xUPICDAgAEJzQjeKx8ovADfICDgj07C4Q2dmA_r_e9dJe8gINCCkQ_dixhYHfoImVAfICDwj1kSsQgaukrLXg8prGAfgCAYoDBDEzNjmSAwNlbXiYAwGoAwCyAwRJ_nPkugMSCZFF_ljS3Gn_EZVekRzysN-bwgMSCXlNLNRFlqePET_ScKTdjFW8yAPTioAQ2AP466WOBeIDD3AtOTByZUNiNmtXdkF6UeoDBgiABRCGA_IDBTk4MTA3-AMAgATM2QaKBAI3N5oEEgkNT4FkkPM7GRGqfZm23EnNlKIEEgmRRf5Y0txp_xGVXpEc8rDfm6oEEgmRRf5Y0txp_xGVXpEc8rDfm7gE0AXQBAjyBAJVU4AFAYoFKjIwNTEwYTQwYjA2NjUzZTI2MThkNTA2MTE4OTkyYmFjODliYzY4Y2YzM5AFAZoFFSBRCkCwZlPiYY1QYRiZK6yJvGjPM6IFJHhQNTA2dERyYU9XV3FXaVB6YVJOeE1uMFZvdVUwQVFjREZVPbAFArgFAMAFiJTa8QrIBcmiqgTSBQYIAhACGBvoBQbwBQP4BQOABgCaBhQKEgnJTOVIxZI_xxFH_lI_AEZJi6AGALUG0ccvOLoGWwoCVVMSAldBGLMGIgdzZWF0dGxlKgU5ODEwNzonY29tY2FzdCUyMGNhYmxlJTIwY29tbXVuaWNhdGlvbnMlMjBpbmMuWhVjb21jYXN0JTIwY29ycG9yYXRpb27JBhzQIv5AV4AQ0AYe2AYe4gYJX2ZwLmV2ZW506gYUaHR0cHM6Ly9zZnRyYXZlbC5jb23xBgHYIv5AV4AQgAcAigcSCXlNLNRFlqePET_ScKTdjFW8qAcAsAevmLMEuAfi9JcF2AcE%26%26error_code%3D%5BERRORCODE%5D%5D%5D%3E%3C%2FError%3E%3CImpression%20id%3D%22qc_impression%22%3E%3C%21%5BCDATA%5Bhttps%3A%2F%2Fexch.quantserve.com%2Fpixel%2Fp-90reCb6kWvAzQ.gif%3Fmedia%3Dad%26p%3D%24%7BEMX_MACRO%7D%26r%3D131064%26rand%3D1372157432%26labels%3D_qc.imp%2C_imp.adserver.rtb%2C_qc.vast%2C_qc.vast.qcv%26rtbip%3D192.184.73.59%26rtbdata2%3DEBc6EWh0dHBzOi8vZmJyZWYuY29tWihFLVVDcGtDNURLOEk2ZzZxUUxrWHJSWHBEX3dJN0FMOFEtOEowd3BMgAGIlNrxCroBFTQ1MTE3NzA1ODE2MDczNjEwNzBhMMABmNQLyAH-0fKBxTPaARU4MzAxNzcwODcyNjc4NjQ4NzcxZTGwAgjIAgDQAs7hhvv4n_fMqQHoAinyAg4Il7AREMOsoIG9tI3xUPICDAgAEJzQjeKx8ovADfICDgj07C4Q2dmA_r_e9dJe8gINCCkQ_dixhYHfoImVAfICDwj1kSsQgaukrLXg8prGAfgCAYoDBDEzNjmSAwNlbXiYAwGoAwCyAwRJ_nPkugMSCZFF_ljS3Gn_EZVekRzysN-bwgMSCXlNLNRFlqePET_ScKTdjFW8yAPTioAQ2AP466WOBeIDD3AtOTByZUNiNmtXdkF6UeoDBgiABRCGA_IDBTk4MTA3-AMAgATM2QaKBAI3N5oEEgkNT4FkkPM7GRGqfZm23EnNlKIEEgmRRf5Y0txp_xGVXpEc8rDfm6oEEgmRRf5Y0txp_xGVXpEc8rDfm7gE0AXQBAjyBAJVU4AFAYoFKjIwNTEwYTQwYjA2NjUzZTI2MThkNTA2MTE4OTkyYmFjODliYzY4Y2YzM5AFAZoFFSBRCkCwZlPiYY1QYRiZK6yJvGjPM6IFJHhQNTA2dERyYU9XV3FXaVB6YVJOeE1uMFZvdVUwQVFjREZVPbAFArgFAMAFiJTa8QrIBcmiqgTSBQYIAhACGBvoBQbwBQP4BQOABgCaBhQKEgnJTOVIxZI_xxFH_lI_AEZJi6AGALUG0ccvOLoGWwoCVVMSAldBGLMGIgdzZWF0dGxlKgU5ODEwNzonY29tY2FzdCUyMGNhYmxlJTIwY29tbXVuaWNhdGlvbnMlMjBpbmMuWhVjb21jYXN0JTIwY29ycG9yYXRpb27JBhzQIv5AV4AQ0AYe2AYe4gYJX2ZwLmV2ZW506gYUaHR0cHM6Ly9zZnRyYXZlbC5jb23xBgHYIv5AV4AQgAcAigcSCXlNLNRFlqePET_ScKTdjFW8qAcAsAevmLMEuAfi9JcF2AcE%26%5D%5D%3E%3C%2FImpression%3E%3CCreatives%3E%3CCreative%20id%3D%228fa79645-d42c-4d79-bc55-8cdda470d23f%22%3E%3CLinear%3E%3CTrackingEvents%3E%3CTracking%20event%3D%22start%22%3E%3C%21%5BCDATA%5Bhttps%3A%2F%2Ftpsc-video-ue.doubleverify.com%2Fevent.png%3Fvstevt%3D0%26dup%3D5ca9feb8-99cf-407f-80be-7910c5332b54%26sid%3Dcadent%26plc%3Dcadent-video-iqmfv%26DVP_DV_CT%3D2%26aufilter1%3Dssp%26aufilter2%3DIQMFV%26auadid%3D178013%26auxch%3D8301770872678648771e1%26pltfrm%3D1369%26audvc%3DGoogle%26ausite%3D21055%26c1%3DSSP%26aubndl%3Dfbref.com%26auip%3D73.254.115.228%26DVPX_PP_AUCTION_UA%3DMozilla%252F5.0%2520%2528Macintosh%253B%2520Intel%2520Mac%2520OS%2520X%252010_15_7%2529%2520AppleWebKit%252F537.36%2520%2528KHTML%252C%2520like%2520Gecko%2529%2520Chrome%252F144.0.0.0%2520Safari%252F537.36%26turl%3Dfbref.com%26DVP_TS%3D%5Btimestamp%5D%5D%5D%3E%3C%2FTracking%3E%3CTracking%20event%3D%22firstQuartile%22%3E%3C%21%5BCDATA%5Bhttps%3A%2F%2Ftpsc-video-ue.doubleverify.com%2Fevent.png%3Fvstevt%3D4%26dup%3D5ca9feb8-99cf-407f-80be-7910c5332b54%26sid%3Dcadent%26plc%3Dcadent-video-iqmfv%26DVP_DV_CT%3D2%26aufilter1%3Dssp%26aufilter2%3DIQMFV%26auadid%3D178013%26auxch%3D8301770872678648771e1%26pltfrm%3D1369%26audvc%3DGoogle%26ausite%3D21055%26c1%3DSSP%26aubndl%3Dfbref.com%26auip%3D73.254.115.228%26DVPX_PP_AUCTION_UA%3DMozilla%252F5.0%2520%2528Macintosh%253B%2520Intel%2520Mac%2520OS%2520X%252010_15_7%2529%2520AppleWebKit%252F537.36%2520%2528KHTML%252C%2520like%2520Gecko%2529%2520Chrome%252F144.0.0.0%2520Safari%252F537.36%26turl%3Dfbref.com%26DVP_TS%3D%5Btimestamp%5D%5D%5D%3E%3C%2FTracking%3E%3CTracking%20event%3D%22midpoint%22%3E%3C%21%5BCDATA%5Bhttps%3A%2F%2Ftpsc-video-ue.doubleverify.com%2Fevent.png%3Fvstevt%3D6%26dup%3D5ca9feb8-99cf-407f-80be-7910c5332b54%26sid%3Dcadent%26plc%3Dcadent-video-iqmfv%26DVP_DV_CT%3D2%26aufilter1%3Dssp%26aufilter2%3DIQMFV%26auadid%3D178013%26auxch%3D8301770872678648771e1%26pltfrm%3D1369%26audvc%3DGoogle%26ausite%3D21055%26c1%3DSSP%26aubndl%3Dfbref.com%26auip%3D73.254.115.228%26DVPX_PP_AUCTION_UA%3DMozilla%252F5.0%2520%2528Macintosh%253B%2520Intel%2520Mac%2520OS%2520X%252010_15_7%2529%2520AppleWebKit%252F537.36%2520%2528KHTML%252C%2520like%2520Gecko%2529%2520Chrome%252F144.0.0.0%2520Safari%252F537.36%26turl%3Dfbref.com%26DVP_TS%3D%5Btimestamp%5D%5D%5D%3E%3C%2FTracking%3E%3CTracking%20event%3D%22thirdQuartile%22%3E%3C%21%5BCDATA%5Bhttps%3A%2F%2Ftpsc-video-ue.doubleverify.com%2Fevent.png%3Fvstevt%3D8%26dup%3D5ca9feb8-99cf-407f-80be-7910c5332b54%26sid%3Dcadent%26plc%3Dcadent-video-iqmfv%26DVP_DV_CT%3D2%26aufilter1%3Dssp%26aufilter2%3DIQMFV%26auadid%3D178013%26auxch%3D8301770872678648771e1%26pltfrm%3D1369%26audvc%3DGoogle%26ausite%3D21055%26c1%3DSSP%26aubndl%3Dfbref.com%26auip%3D73.254.115.228%26DVPX_PP_AUCTION_UA%3DMozilla%252F5.0%2520%2528Macintosh%253B%2520Intel%2520Mac%2520OS%2520X%252010_15_7%2529%2520AppleWebKit%252F537.36%2520%2528KHTML%252C%2520like%2520Gecko%2529%2520Chrome%252F144.0.0.0%2520Safari%252F537.36%26turl%3Dfbref.com%26DVP_TS%3D%5Btimestamp%5D%5D%5D%3E%3C%2FTracking%3E%3CTracking%20event%3D%22complete%22%3E%3C%21%5BCDATA%5Bhttps%3A%2F%2Ftpsc-video-ue.doubleverify.com%2Fevent.png%3Fvstevt%3D10%26dup%3D5ca9feb8-99cf-407f-80be-7910c5332b54%26sid%3Dcadent%26plc%3Dcadent-video-iqmfv%26DVP_DV_CT%3D2%26aufilter1%3Dssp%26aufilter2%3DIQMFV%26auadid%3D178013%26auxch%3D8301770872678648771e1%26pltfrm%3D1369%26audvc%3DGoogle%26ausite%3D21055%26c1%3DSSP%26aubndl%3Dfbref.com%26auip%3D73.254.115.228%26DVPX_PP_AUCTION_UA%3DMozilla%252F5.0%2520%2528Macintosh%253B%2520Intel%2520Mac%2520OS%2520X%252010_15_7%2529%2520AppleWebKit%252F537.36%2520%2528KHTML%252C%2520like%2520Gecko%2529%2520Chrome%252F144.0.0.0%2520Safari%252F537.36%26turl%3Dfbref.com%26DVP_TS%3D%5Btimestamp%5D%5D%5D%3E%3C%2FTracking%3E%3CTracking%20event%3D%22start%22%3E%3C%21%5BCDATA%5Bhttps%3A%2F%2Fexch.quantserve.com%2Fpixel%2Fp-90reCb6kWvAzQ.gif%3Fmedia%3Dad%26r%3D131064%26rand%3D1372157432%26labels%3D_qc.vast%2C_qc.vast.qcv%2C_qc.event.start%26rtbip%3D192.184.73.59%26rtbdata2%3DEBc6EWh0dHBzOi8vZmJyZWYuY29tWihFLVVDcGtDNURLOEk2ZzZxUUxrWHJSWHBEX3dJN0FMOFEtOEowd3BMgAGIlNrxCroBFTQ1MTE3NzA1ODE2MDczNjEwNzBhMMABmNQLyAH-0fKBxTPaARU4MzAxNzcwODcyNjc4NjQ4NzcxZTGwAgjIAgDQAs7hhvv4n_fMqQHoAinyAg4Il7AREMOsoIG9tI3xUPICDAgAEJzQjeKx8ovADfICDgj07C4Q2dmA_r_e9dJe8gINCCkQ_dixhYHfoImVAfICDwj1kSsQgaukrLXg8prGAfgCAYoDBDEzNjmSAwNlbXiYAwGoAwCyAwRJ_nPkugMSCZFF_ljS3Gn_EZVekRzysN-bwgMSCXlNLNRFlqePET_ScKTdjFW8yAPTioAQ2AP466WOBeIDD3AtOTByZUNiNmtXdkF6UeoDBgiABRCGA_IDBTk4MTA3-AMAgATM2QaKBAI3N5oEEgkNT4FkkPM7GRGqfZm23EnNlKIEEgmRRf5Y0txp_xGVXpEc8rDfm6oEEgmRRf5Y0txp_xGVXpEc8rDfm7gE0AXQBAjyBAJVU4AFAYoFKjIwNTEwYTQwYjA2NjUzZTI2MThkNTA2MTE4OTkyYmFjODliYzY4Y2YzM5AFAZoFFSBRCkCwZlPiYY1QYRiZK6yJvGjPM6IFJHhQNTA2dERyYU9XV3FXaVB6YVJOeE1uMFZvdVUwQVFjREZVPbAFArgFAMAFiJTa8QrIBcmiqgTSBQYIAhACGBvoBQbwBQP4BQOABgCaBhQKEgnJTOVIxZI_xxFH_lI_AEZJi6AGALUG0ccvOLoGWwoCVVMSAldBGLMGIgdzZWF0dGxlKgU5ODEwNzonY29tY2FzdCUyMGNhYmxlJTIwY29tbXVuaWNhdGlvbnMlMjBpbmMuWhVjb21jYXN0JTIwY29ycG9yYXRpb27JBhzQIv5AV4AQ0AYe2AYe4gYJX2ZwLmV2ZW506gYUaHR0cHM6Ly9zZnRyYXZlbC5jb23xBgHYIv5AV4AQgAcAigcSCXlNLNRFlqePET_ScKTdjFW8qAcAsAevmLMEuAfi9JcF2AcE%26%5D%5D%3E%3C%2FTracking%3E%3CTracking%20event%3D%22firstQuartile%22%3E%3C%21%5BCDATA%5Bhttps%3A%2F%2Fexch.quantserve.com%2Fpixel%2Fp-90reCb6kWvAzQ.gif%3Fmedia%3Dad%26r%3D131064%26rand%3D1372157432%26labels%3D_qc.vast%2C_qc.vast.qcv%2C_qc.event.firstQuartile%26rtbip%3D192.184.73.59%26rtbdata2%3DEBc6EWh0dHBzOi8vZmJyZWYuY29tWihFLVVDcGtDNURLOEk2ZzZxUUxrWHJSWHBEX3dJN0FMOFEtOEowd3BMgAGIlNrxCroBFTQ1MTE3NzA1ODE2MDczNjEwNzBhMMABmNQLyAH-0fKBxTPaARU4MzAxNzcwODcyNjc4NjQ4NzcxZTGwAgjIAgDQAs7hhvv4n_fMqQHoAinyAg4Il7AREMOsoIG9tI3xUPICDAgAEJzQjeKx8ovADfICDgj07C4Q2dmA_r_e9dJe8gINCCkQ_dixhYHfoImVAfICDwj1kSsQgaukrLXg8prGAfgCAYoDBDEzNjmSAwNlbXiYAwGoAwCyAwRJ_nPkugMSCZFF_ljS3Gn_EZVekRzysN-bwgMSCXlNLNRFlqePET_ScKTdjFW8yAPTioAQ2AP466WOBeIDD3AtOTByZUNiNmtXdkF6UeoDBgiABRCGA_IDBTk4MTA3-AMAgATM2QaKBAI3N5oEEgkNT4FkkPM7GRGqfZm23EnNlKIEEgmRRf5Y0txp_xGVXpEc8rDfm6oEEgmRRf5Y0txp_xGVXpEc8rDfm7gE0AXQBAjyBAJVU4AFAYoFKjIwNTEwYTQwYjA2NjUzZTI2MThkNTA2MTE4OTkyYmFjODliYzY4Y2YzM5AFAZoFFSBRCkCwZlPiYY1QYRiZK6yJvGjPM6IFJHhQNTA2dERyYU9XV3FXaVB6YVJOeE1uMFZvdVUwQVFjREZVPbAFArgFAMAFiJTa8QrIBcmiqgTSBQYIAhACGBvoBQbwBQP4BQOABgCaBhQKEgnJTOVIxZI_xxFH_lI_AEZJi6AGALUG0ccvOLoGWwoCVVMSAldBGLMGIgdzZWF0dGxlKgU5ODEwNzonY29tY2FzdCUyMGNhYmxlJTIwY29tbXVuaWNhdGlvbnMlMjBpbmMuWhVjb21jYXN0JTIwY29ycG9yYXRpb27JBhzQIv5AV4AQ0AYe2AYe4gYJX2ZwLmV2ZW506gYUaHR0cHM6Ly9zZnRyYXZlbC5jb23xBgHYIv5AV4AQgAcAigcSCXlNLNRFlqePET_ScKTdjFW8qAcAsAevmLMEuAfi9JcF2AcE%26%5D%5D%3E%3C%2FTracking%3E%3CTracking%20event%3D%22midpoint%22%3E%3C%21%5BCDATA%5Bhttps%3A%2F%2Fexch.quantserve.com%2Fpixel%2Fp-90reCb6kWvAzQ.gif%3Fmedia%3Dad%26r%3D131064%26rand%3D1372157432%26labels%3D_qc.vast%2C_qc.vast.qcv%2C_qc.event.midpoint%26rtbip%3D192.184.73.59%26rtbdata2%3DEBc6EWh0dHBzOi8vZmJyZWYuY29tWihFLVVDcGtDNURLOEk2ZzZxUUxrWHJSWHBEX3dJN0FMOFEtOEowd3BMgAGIlNrxCroBFTQ1MTE3NzA1ODE2MDczNjEwNzBhMMABmNQLyAH-0fKBxTPaARU4MzAxNzcwODcyNjc4NjQ4NzcxZTGwAgjIAgDQAs7hhvv4n_fMqQHoAinyAg4Il7AREMOsoIG9tI3xUPICDAgAEJzQjeKx8ovADfICDgj07C4Q2dmA_r_e9dJe8gINCCkQ_dixhYHfoImVAfICDwj1kSsQgaukrLXg8prGAfgCAYoDBDEzNjmSAwNlbXiYAwGoAwCyAwRJ_nPkugMSCZFF_ljS3Gn_EZVekRzysN-bwgMSCXlNLNRFlqePET_ScKTdjFW8yAPTioAQ2AP466WOBeIDD3AtOTByZUNiNmtXdkF6UeoDBgiABRCGA_IDBTk4MTA3-AMAgATM2QaKBAI3N5oEEgkNT4FkkPM7GRGqfZm23EnNlKIEEgmRRf5Y0txp_xGVXpEc8rDfm6oEEgmRRf5Y0txp_xGVXpEc8rDfm7gE0AXQBAjyBAJVU4AFAYoFKjIwNTEwYTQwYjA2NjUzZTI2MThkNTA2MTE4OTkyYmFjODliYzY4Y2YzM5AFAZoFFSBRCkCwZlPiYY1QYRiZK6yJvGjPM6IFJHhQNTA2dERyYU9XV3FXaVB6YVJOeE1uMFZvdVUwQVFjREZVPbAFArgFAMAFiJTa8QrIBcmiqgTSBQYIAhACGBvoBQbwBQP4BQOABgCaBhQKEgnJTOVIxZI_xxFH_lI_AEZJi6AGALUG0ccvOLoGWwoCVVMSAldBGLMGIgdzZWF0dGxlKgU5ODEwNzonY29tY2FzdCUyMGNhYmxlJTIwY29tbXVuaWNhdGlvbnMlMjBpbmMuWhVjb21jYXN0JTIwY29ycG9yYXRpb27JBhzQIv5AV4AQ0AYe2AYe4gYJX2ZwLmV2ZW506gYUaHR0cHM6Ly9zZnRyYXZlbC5jb23xBgHYIv5AV4AQgAcAigcSCXlNLNRFlqePET_ScKTdjFW8qAcAsAevmLMEuAfi9JcF2AcE%26%5D%5D%3E%3C%2FTracking%3E%3CTracking%20event%3D%22thirdQuartile%22%3E%3C%21%5BCDATA%5Bhttps%3A%2F%2Fexch.quantserve.com%2Fpixel%2Fp-90reCb6kWvAzQ.gif%3Fmedia%3Dad%26r%3D131064%26rand%3D1372157432%26labels%3D_qc.vast%2C_qc.vast.qcv%2C_qc.event.thirdQuartile%26rtbip%3D192.184.73.59%26rtbdata2%3DEBc6EWh0dHBzOi8vZmJyZWYuY29tWihFLVVDcGtDNURLOEk2ZzZxUUxrWHJSWHBEX3dJN0FMOFEtOEowd3BMgAGIlNrxCroBFTQ1MTE3NzA1ODE2MDczNjEwNzBhMMABmNQLyAH-0fKBxTPaARU4MzAxNzcwODcyNjc4NjQ4NzcxZTGwAgjIAgDQAs7hhvv4n_fMqQHoAinyAg4Il7AREMOsoIG9tI3xUPICDAgAEJzQjeKx8ovADfICDgj07C4Q2dmA_r_e9dJe8gINCCkQ_dixhYHfoImVAfICDwj1kSsQgaukrLXg8prGAfgCAYoDBDEzNjmSAwNlbXiYAwGoAwCyAwRJ_nPkugMSCZFF_ljS3Gn_EZVekRzysN-bwgMSCXlNLNRFlqePET_ScKTdjFW8yAPTioAQ2AP466WOBeIDD3AtOTByZUNiNmtXdkF6UeoDBgiABRCGA_IDBTk4MTA3-AMAgATM2QaKBAI3N5oEEgkNT4FkkPM7GRGqfZm23EnNlKIEEgmRRf5Y0txp_xGVXpEc8rDfm6oEEgmRRf5Y0txp_xGVXpEc8rDfm7gE0AXQBAjyBAJVU4AFAYoFKjIwNTEwYTQwYjA2NjUzZTI2MThkNTA2MTE4OTkyYmFjODliYzY4Y2YzM5AFAZoFFSBRCkCwZlPiYY1QYRiZK6yJvGjPM6IFJHhQNTA2dERyYU9XV3FXaVB6YVJOeE1uMFZvdVUwQVFjREZVPbAFArgFAMAFiJTa8QrIBcmiqgTSBQYIAhACGBvoBQbwBQP4BQOABgCaBhQKEgnJTOVIxZI_xxFH_lI_AEZJi6AGALUG0ccvOLoGWwoCVVMSAldBGLMGIgdzZWF0dGxlKgU5ODEwNzonY29tY2FzdCUyMGNhYmxlJTIwY29tbXVuaWNhdGlvbnMlMjBpbmMuWhVjb21jYXN0JTIwY29ycG9yYXRpb27JBhzQIv5AV4AQ0AYe2AYe4gYJX2ZwLmV2ZW506gYUaHR0cHM6Ly9zZnRyYXZlbC5jb23xBgHYIv5AV4AQgAcAigcSCXlNLNRFlqePET_ScKTdjFW8qAcAsAevmLMEuAfi9JcF2AcE%26%5D%5D%3E%3C%2FTracking%3E%3CTracking%20event%3D%22complete%22%3E%3C%21%5BCDATA%5Bhttps%3A%2F%2Fexch.quantserve.com%2Fpixel%2Fp-90reCb6kWvAzQ.gif%3Fmedia%3Dad%26r%3D131064%26rand%3D1372157432%26labels%3D_qc.vast%2C_qc.vast.qcv%2C_qc.event.complete%26rtbip%3D192.184.73.59%26rtbdata2%3DEBc6EWh0dHBzOi8vZmJyZWYuY29tWihFLVVDcGtDNURLOEk2ZzZxUUxrWHJSWHBEX3dJN0FMOFEtOEowd3BMgAGIlNrxCroBFTQ1MTE3NzA1ODE2MDczNjEwNzBhMMABmNQLyAH-0fKBxTPaARU4MzAxNzcwODcyNjc4NjQ4NzcxZTGwAgjIAgDQAs7hhvv4n_fMqQHoAinyAg4Il7AREMOsoIG9tI3xUPICDAgAEJzQjeKx8ovADfICDgj07C4Q2dmA_r_e9dJe8gINCCkQ_dixhYHfoImVAfICDwj1kSsQgaukrLXg8prGAfgCAYoDBDEzNjmSAwNlbXiYAwGoAwCyAwRJ_nPkugMSCZFF_ljS3Gn_EZVekRzysN-bwgMSCXlNLNRFlqePET_ScKTdjFW8yAPTioAQ2AP466WOBeIDD3AtOTByZUNiNmtXdkF6UeoDBgiABRCGA_IDBTk4MTA3-AMAgATM2QaKBAI3N5oEEgkNT4FkkPM7GRGqfZm23EnNlKIEEgmRRf5Y0txp_xGVXpEc8rDfm6oEEgmRRf5Y0txp_xGVXpEc8rDfm7gE0AXQBAjyBAJVU4AFAYoFKjIwNTEwYTQwYjA2NjUzZTI2MThkNTA2MTE4OTkyYmFjODliYzY4Y2YzM5AFAZoFFSBRCkCwZlPiYY1QYRiZK6yJvGjPM6IFJHhQNTA2dERyYU9XV3FXaVB6YVJOeE1uMFZvdVUwQVFjREZVPbAFArgFAMAFiJTa8QrIBcmiqgTSBQYIAhACGBvoBQbwBQP4BQOABgCaBhQKEgnJTOVIxZI_xxFH_lI_AEZJi6AGALUG0ccvOLoGWwoCVVMSAldBGLMGIgdzZWF0dGxlKgU5ODEwNzonY29tY2FzdCUyMGNhYmxlJTIwY29tbXVuaWNhdGlvbnMlMjBpbmMuWhVjb21jYXN0JTIwY29ycG9yYXRpb27JBhzQIv5AV4AQ0AYe2AYe4gYJX2ZwLmV2ZW506gYUaHR0cHM6Ly9zZnRyYXZlbC5jb23xBgHYIv5AV4AQgAcAigcSCXlNLNRFlqePET_ScKTdjFW8qAcAsAevmLMEuAfi9JcF2AcE%26%5D%5D%3E%3C%2FTracking%3E%3CTracking%20event%3D%22close%22%3E%3C%21%5BCDATA%5Bhttps%3A%2F%2Fexch.quantserve.com%2Fpixel%2Fp-90reCb6kWvAzQ.gif%3Fmedia%3Dad%26r%3D131064%26rand%3D1372157432%26labels%3D_qc.vast%2C_qc.vast.qcv%2C_qc.event.close%26rtbip%3D192.184.73.59%26rtbdata2%3DEBc6EWh0dHBzOi8vZmJyZWYuY29tWihFLVVDcGtDNURLOEk2ZzZxUUxrWHJSWHBEX3dJN0FMOFEtOEowd3BMgAGIlNrxCroBFTQ1MTE3NzA1ODE2MDczNjEwNzBhMMABmNQLyAH-0fKBxTPaARU4MzAxNzcwODcyNjc4NjQ4NzcxZTGwAgjIAgDQAs7hhvv4n_fMqQHoAinyAg4Il7AREMOsoIG9tI3xUPICDAgAEJzQjeKx8ovADfICDgj07C4Q2dmA_r_e9dJe8gINCCkQ_dixhYHfoImVAfICDwj1kSsQgaukrLXg8prGAfgCAYoDBDEzNjmSAwNlbXiYAwGoAwCyAwRJ_nPkugMSCZFF_ljS3Gn_EZVekRzysN-bwgMSCXlNLNRFlqePET_ScKTdjFW8yAPTioAQ2AP466WOBeIDD3AtOTByZUNiNmtXdkF6UeoDBgiABRCGA_IDBTk4MTA3-AMAgATM2QaKBAI3N5oEEgkNT4FkkPM7GRGqfZm23EnNlKIEEgmRRf5Y0txp_xGVXpEc8rDfm6oEEgmRRf5Y0txp_xGVXpEc8rDfm7gE0AXQBAjyBAJVU4AFAYoFKjIwNTEwYTQwYjA2NjUzZTI2MThkNTA2MTE4OTkyYmFjODliYzY4Y2YzM5AFAZoFFSBRCkCwZlPiYY1QYRiZK6yJvGjPM6IFJHhQNTA2dERyYU9XV3FXaVB6YVJOeE1uMFZvdVUwQVFjREZVPbAFArgFAMAFiJTa8QrIBcmiqgTSBQYIAhACGBvoBQbwBQP4BQOABgCaBhQKEgnJTOVIxZI_xxFH_lI_AEZJi6AGALUG0ccvOLoGWwoCVVMSAldBGLMGIgdzZWF0dGxlKgU5ODEwNzonY29tY2FzdCUyMGNhYmxlJTIwY29tbXVuaWNhdGlvbnMlMjBpbmMuWhVjb21jYXN0JTIwY29ycG9yYXRpb27JBhzQIv5AV4AQ0AYe2AYe4gYJX2ZwLmV2ZW506gYUaHR0cHM6Ly9zZnRyYXZlbC5jb23xBgHYIv5AV4AQgAcAigcSCXlNLNRFlqePET_ScKTdjFW8qAcAsAevmLMEuAfi9JcF2AcE%26%5D%5D%3E%3C%2FTracking%3E%3CTracking%20event%3D%22skip%22%3E%3C%21%5BCDATA%5Bhttps%3A%2F%2Fexch.quantserve.com%2Fpixel%2Fp-90reCb6kWvAzQ.gif%3Fmedia%3Dad%26r%3D131064%26rand%3D1372157432%26labels%3D_qc.vast%2C_qc.vast.qcv%2C_qc.event.skip%26rtbip%3D192.184.73.59%26rtbdata2%3DEBc6EWh0dHBzOi8vZmJyZWYuY29tWihFLVVDcGtDNURLOEk2ZzZxUUxrWHJSWHBEX3dJN0FMOFEtOEowd3BMgAGIlNrxCroBFTQ1MTE3NzA1ODE2MDczNjEwNzBhMMABmNQLyAH-0fKBxTPaARU4MzAxNzcwODcyNjc4NjQ4NzcxZTGwAgjIAgDQAs7hhvv4n_fMqQHoAinyAg4Il7AREMOsoIG9tI3xUPICDAgAEJzQjeKx8ovADfICDgj07C4Q2dmA_r_e9dJe8gINCCkQ_dixhYHfoImVAfICDwj1kSsQgaukrLXg8prGAfgCAYoDBDEzNjmSAwNlbXiYAwGoAwCyAwRJ_nPkugMSCZFF_ljS3Gn_EZVekRzysN-bwgMSCXlNLNRFlqePET_ScKTdjFW8yAPTioAQ2AP466WOBeIDD3AtOTByZUNiNmtXdkF6UeoDBgiABRCGA_IDBTk4MTA3-AMAgATM2QaKBAI3N5oEEgkNT4FkkPM7GRGqfZm23EnNlKIEEgmRRf5Y0txp_xGVXpEc8rDfm6oEEgmRRf5Y0txp_xGVXpEc8rDfm7gE0AXQBAjyBAJVU4AFAYoFKjIwNTEwYTQwYjA2NjUzZTI2MThkNTA2MTE4OTkyYmFjODliYzY4Y2YzM5AFAZoFFSBRCkCwZlPiYY1QYRiZK6yJvGjPM6IFJHhQNTA2dERyYU9XV3FXaVB6YVJOeE1uMFZvdVUwQVFjREZVPbAFArgFAMAFiJTa8QrIBcmiqgTSBQYIAhACGBvoBQbwBQP4BQOABgCaBhQKEgnJTOVIxZI_xxFH_lI_AEZJi6AGALUG0ccvOLoGWwoCVVMSAldBGLMGIgdzZWF0dGxlKgU5ODEwNzonY29tY2FzdCUyMGNhYmxlJTIwY29tbXVuaWNhdGlvbnMlMjBpbmMuWhVjb21jYXN0JTIwY29ycG9yYXRpb27JBhzQIv5AV4AQ0AYe2AYe4gYJX2ZwLmV2ZW506gYUaHR0cHM6Ly9zZnRyYXZlbC5jb23xBgHYIv5AV4AQgAcAigcSCXlNLNRFlqePET_ScKTdjFW8qAcAsAevmLMEuAfi9JcF2AcE%26%5D%5D%3E%3C%2FTracking%3E%3C%2FTrackingEvents%3E%3CVideoClicks%3E%3CClickTracking%3E%3C%21%5BCDATA%5Bhttps%3A%2F%2Fexch.quantserve.com%2Fpixel%2Fp-90reCb6kWvAzQ.gif%3Fmedia%3Dad%26r%3D131064%26rand%3D1372157432%26labels%3D_qc.clk%2C_click.adserver.rtb%2C_qc.vast%2C_qc.vast.qcv%26rtbip%3D192.184.73.59%26rtbdata2%3DEBc6EWh0dHBzOi8vZmJyZWYuY29tWihFLVVDcGtDNURLOEk2ZzZxUUxrWHJSWHBEX3dJN0FMOFEtOEowd3BMgAGIlNrxCroBFTQ1MTE3NzA1ODE2MDczNjEwNzBhMMABmNQLyAH-0fKBxTPaARU4MzAxNzcwODcyNjc4NjQ4NzcxZTGwAgjIAgDQAs7hhvv4n_fMqQHoAinyAg4Il7AREMOsoIG9tI3xUPICDAgAEJzQjeKx8ovADfICDgj07C4Q2dmA_r_e9dJe8gINCCkQ_dixhYHfoImVAfICDwj1kSsQgaukrLXg8prGAfgCAYoDBDEzNjmSAwNlbXiYAwGoAwCyAwRJ_nPkugMSCZFF_ljS3Gn_EZVekRzysN-bwgMSCXlNLNRFlqePET_ScKTdjFW8yAPTioAQ2AP466WOBeIDD3AtOTByZUNiNmtXdkF6UeoDBgiABRCGA_IDBTk4MTA3-AMAgATM2QaKBAI3N5oEEgkNT4FkkPM7GRGqfZm23EnNlKIEEgmRRf5Y0txp_xGVXpEc8rDfm6oEEgmRRf5Y0txp_xGVXpEc8rDfm7gE0AXQBAjyBAJVU4AFAYoFKjIwNTEwYTQwYjA2NjUzZTI2MThkNTA2MTE4OTkyYmFjODliYzY4Y2YzM5AFAZoFFSBRCkCwZlPiYY1QYRiZK6yJvGjPM6IFJHhQNTA2dERyYU9XV3FXaVB6YVJOeE1uMFZvdVUwQVFjREZVPbAFArgFAMAFiJTa8QrIBcmiqgTSBQYIAhACGBvoBQbwBQP4BQOABgCaBhQKEgnJTOVIxZI_xxFH_lI_AEZJi6AGALUG0ccvOLoGWwoCVVMSAldBGLMGIgdzZWF0dGxlKgU5ODEwNzonY29tY2FzdCUyMGNhYmxlJTIwY29tbXVuaWNhdGlvbnMlMjBpbmMuWhVjb21jYXN0JTIwY29ycG9yYXRpb27JBhzQIv5AV4AQ0AYe2AYe4gYJX2ZwLmV2ZW506gYUaHR0cHM6Ly9zZnRyYXZlbC5jb23xBgHYIv5AV4AQgAcAigcSCXlNLNRFlqePET_ScKTdjFW8qAcAsAevmLMEuAfi9JcF2AcE%26%5D%5D%3E%3C%2FClickTracking%3E%3C%2FVideoClicks%3E%3C%2FLinear%3E%3C%2FCreative%3E%3C%2FCreatives%3E%3CExtensions%3E%3CExtension%20type%3D%22AdVerifications%22%3E%3CAdVerifications%3E%3CVerification%20vendor%3D%22doubleverify.com-omid%22%3E%3CJavaScriptResource%20apiFramework%3D%22omid%22%20browserOptional%3D%22true%22%3E%3C%21%5BCDATA%5B%20https%3A%2F%2Fcdn.dv.tech%2Fdvbm.js%23vendor_key%3Ddoubleverify.com-omid%20%5D%5D%3E%3C%2FJavaScriptResource%3E%3CTrackingEvents%3E%3CTracking%20event%3D%22verificationNotExecuted%22%3E%3C%21%5BCDATA%5Bhttps%3A%2F%2Ftpsc-video-ue.doubleverify.com%2Fvisit.jpg%3Fverr%3D%5BREASON%5D%26tagtype%3Dvideo%26dvp_ctx%3D23690628%26dvp_cmp%3DDV639826%26adsrv%3D0%26dvp_ppid%3D306%26dup%3D5ca9feb8-99cf-407f-80be-7910c5332b54%26sid%3DVastAdVerification%26plc%3DverificationNotExecuted%26DVP_DV_CT%3D2%26aufilter1%3Dssp%26aufilter2%3DIQMFV%26auadid%3D178013%26auxch%3D8301770872678648771e1%26pltfrm%3D1369%26audvc%3DGoogle%26ausite%3D21055%26c1%3DSSP%26aubndl%3Dfbref.com%26auip%3D73.254.115.228%26DVPX_PP_AUCTION_UA%3DMozilla%252F5.0%2520%2528Macintosh%253B%2520Intel%2520Mac%2520OS%2520X%252010_15_7%2529%2520AppleWebKit%252F537.36%2520%2528KHTML%252C%2520like%2520Gecko%2529%2520Chrome%252F144.0.0.0%2520Safari%252F537.36%26turl%3Dfbref.com%26DVP_TS%3D%5Btimestamp%5D%26ctx%3D818052%26cmp%3DDV064005%5D%5D%3E%3C%2FTracking%3E%3C%2FTrackingEvents%3E%3CVerificationParameters%3E%3C%21%5BCDATA%5Btagtype%3Dvideo%26blk%3D0%26mon%3D1%26msrapi%3DjsOmid%26vidreg%3Due%26ctx%3D23690628%26cmp%3DDV639826%26adsrv%3D0%26ppid%3D306%26dup%3D5ca9feb8-99cf-407f-80be-7910c5332b54%26sid%3Dcadent%26plc%3Dcadent-video-iqmfv%26DVP_DV_CT%3D2%26aufilter1%3Dssp%26aufilter2%3DIQMFV%26auadid%3D178013%26auxch%3D8301770872678648771e1%26pltfrm%3D1369%26audvc%3DGoogle%26ausite%3D21055%26c1%3DSSP%26aubndl%3Dfbref.com%26auip%3D73.254.115.228%26DVPX_PP_AUCTION_UA%3DMozilla%252F5.0%2520%2528Macintosh%253B%2520Intel%2520Mac%2520OS%2520X%252010_15_7%2529%2520AppleWebKit%252F537.36%2520%2528KHTML%252C%2520like%2520Gecko%2529%2520Chrome%252F144.0.0.0%2520Safari%252F537.36%26turl%3Dfbref.com%26DVP_TS%3D%5Btimestamp%5D%5D%5D%3E%3C%2FVerificationParameters%3E%3C%2FVerification%3E%3C%2FAdVerifications%3E%3C%2FExtension%3E%3C%2FExtensions%3E%3CImpression%3E%3C%21%5BCDATA%5Bhttps%3A%2F%2Fclient-imp-east-2.ssp.cadent.com%2Fimp%2F%3Fcp%3D0.19100%26ts%3D1770872679%26seat%3D77%26w%3D5%26h%3D5%26pb%3D0.16235%26sid%3D21055%26tid%3D178013%26pid%3D1369%26uid%3D8301770872678648771e1%26wid%3D20%26dom%3Dfbref.com%26tp%3D%24%7BEMX_MACRO%7D%26mt%3D2%26dt%3D2%26st%3D1%26os%3Dmac%26ip%3D73.254.115.228%26sz%3D%26country%3DUS%26region%3DWA%26city%3DSeattle%26zip%3D98117%26dma%3D819%26agency_id%3D%26cluster%3Deast-a9%26browser%3Dchrome%26rf%3D%24%7BRF_MACRO%7D%26data_fee_type%3D%26data_fee%3D0%26clstr_nm%3Dbiddrcloud-east-8%26ua%3DMozilla%252F5.0%2520%2528Macintosh%253B%2520Intel%2520Mac%2520OS%2520X%252010_15_7%2529%2520AppleWebKit%252F537.36%2520%2528KHTML%252C%2520like%2520Gecko%2529%2520Chrome%252F144.0.0.0%2520Safari%252F537.36%26make%3DGoogle%26ifa%3D%26adom%3Dsftravel.com%26crid%3D8fa79645-d42c-4d79-bc55-8cdda470d23f%26cat%3D20-8%26nurl%3Dhttps%253A%252F%252Fvideo.quantcount.com%252F8fa79645-d42c-4d79-bc55-8cdda470d23f-wrapper.xml%253FCAMPAIGN_ID%253D9081161%2526AD_SET_ID%253D9227311%2526BID_STRATEGY_UUID%253Dff69dcd2-58fe-4591-9bdf-b0f21c915e95%2526IMPRESSION_ID%253D1189046238279030785%2526ACCOUNT_ID%253D%2524%257BACCOUNT_ID%257D%2526LOCAL_IP%253D192.184.73.59%2526CREATIVE_ID%253D10877538%2526QC_CACHEBUSTER%253D131064%2526QC_ACCOUNT%253Dp-90reCb6kWvAzQ%2526CREATIVE_UUID%253D8fa79645-d42c-4d79-bc55-8cdda470d23f%2526VAST_VERSION%253D3.0%2526QC_PRICE%253D%2524%257BEMX_NURL%257D%2526QC_PIXEL_DATA%253DEBc6EWh0dHBzOi8vZmJyZWYuY29tWihFLVVDcGtDNURLOEk2ZzZxUUxrWHJSWHBEX3dJN0FMOFEtOEowd3BMgAGIlNrxCroBFTQ1MTE3NzA1ODE2MDczNjEwNzBhMMABmNQLyAH-0fKBxTPaARU4MzAxNzcwODcyNjc4NjQ4NzcxZTGwAgjIAgDQAs7hhvv4n_fMqQHoAinyAg4Il7AREMOsoIG9tI3xUPICDAgAEJzQjeKx8ovADfICDgj07C4Q2dmA_r_e9dJe8gINCCkQ_dixhYHfoImVAfICDwj1kSsQgaukrLXg8prGAfgCAYoDBDEzNjmSAwNlbXiYAwGoAwCyAwRJ_nPkugMSCZFF_ljS3Gn_EZVekRzysN-bwgMSCXlNLNRFlqePET_ScKTdjFW8yAPTioAQ2AP466WOBeIDD3AtOTByZUNiNmtXdkF6UeoDBgiABRCGA_IDBTk4MTA3-AMAgATM2QaKBAI3N5oEEgkNT4FkkPM7GRGqfZm23EnNlKIEEgmRRf5Y0txp_xGVXpEc8rDfm6oEEgmRRf5Y0txp_xGVXpEc8rDfm7gE0AXQBAjyBAJVU4AFAYoFKjIwNTEwYTQwYjA2NjUzZTI2MThkNTA2MTE4OTkyYmFjODliYzY4Y2YzM5AFAZoFFSBRCkCwZlPiYY1QYRiZK6yJvGjPM6IFJHhQNTA2dERyYU9XV3FXaVB6YVJOeE1uMFZvdVUwQVFjREZVPbAFArgFAMAFiJTa8QrIBcmiqgTSBQYIAhACGBvoBQbwBQP4BQOABgCaBhQKEgnJTOVIxZI_xxFH_lI_AEZJi6AGALUG0ccvOLoGWwoCVVMSAldBGLMGIgdzZWF0dGxlKgU5ODEwNzonY29tY2FzdCUyMGNhYmxlJTIwY29tbXVuaWNhdGlvbnMlMjBpbmMuWhVjb21jYXN0JTIwY29ycG9yYXRpb27JBhzQIv5AV4AQ0AYe2AYe4gYJX2ZwLmV2ZW506gYUaHR0cHM6Ly9zZnRyYXZlbC5jb23xBgHYIv5AV4AQgAcAigcSCXlNLNRFlqePET_ScKTdjFW8qAcAsAevmLMEuAfi9JcF2AcE%2526QC_RAND%253D1372157432%2526BUNDLE_ID%253D%2526QC_HOST%253Dquantserve.com%2526QC_CONSENT_STRING_AMPERSAND%253D%26burlv2%3DaHR0cHMlM0ElMkYlMkZ1cy1lYXN0LW5vdGlmeS1ydGIucXVhbnRzZXJ2ZS5jb20lM0E4NDQzJTJGZW14X25vdGlmeSUzRmF1Y3Rpb25JZCUzRDgzMDE3NzA4NzI2Nzg2NDg3NzFlMSUyNndpblByaWNlJTNEJTI0JTdCRU1YX0JVUkwlN0QlMjZydGJkYXRhMiUzREVCZUtBd1F4TXpZNWtnTURaVzE0bUFNQnVnTVNDWkZGX2xqUzNHbl9FWlZla1J6eXNOLWJ3Z01TQ1hsTkxOUkZscWVQRVRfU2NLVGRqRlc4eUFYSm9xb0UwZ1VHQ0FJUUFoZ2J5UVljMENMLVFGZUFFUEVHQWRnaV9rQlhnQkElMjZub3RpZmljYXRpb25UeXBlJTNEYmlsbGluZyUyNmxhYmVscyUzRF9xYy5ub3RpZmljYXRpb24%3D%5D%5D%3E%3C%2FImpression%3E%3CImpression%3E%3C%21%5BCDATA%5Bhttps%3A%2F%2Ftpsc-video-ue.doubleverify.com%2Fvisit.jpg%3Fvstevt%3D2%26tagtype%3Dvideo%26ctx%3D23690628%26cmp%3DDV639826%26adsrv%3D0%26ppid%3D306%26dup%3D5ca9feb8-99cf-407f-80be-7910c5332b54%26sid%3Dcadent%26plc%3Dcadent-video-iqmfv%26DVP_DV_CT%3D2%26aufilter1%3Dssp%26aufilter2%3DIQMFV%26auadid%3D178013%26auxch%3D8301770872678648771e1%26pltfrm%3D1369%26audvc%3DGoogle%26ausite%3D21055%26c1%3DSSP%26aubndl%3Dfbref.com%26auip%3D73.254.115.228%26DVPX_PP_AUCTION_UA%3DMozilla%252F5.0%2520%2528Macintosh%253B%2520Intel%2520Mac%2520OS%2520X%252010_15_7%2529%2520AppleWebKit%252F537.36%2520%2528KHTML%252C%2520like%2520Gecko%2529%2520Chrome%252F144.0.0.0%2520Safari%252F537.36%26turl%3Dfbref.com%26DVP_TS%3D%5Btimestamp%5D%5D%5D%3E%3C%2FImpression%3E%3CError%3E%3C%21%5BCDATA%5Bhttps%3A%2F%2Fclient-imp-east-2.ssp.cadent.com%2Ferr%2F%3Fcp%3D0.19100%26ts%3D1770872679%26seat%3D77%26w%3D5%26h%3D5%26pb%3D0.16235%26sid%3D21055%26tid%3D178013%26pid%3D1369%26uid%3D8301770872678648771e1%26wid%3D20%26dom%3Dfbref.com%26tp%3DDUMMY%26mt%3D2%26dt%3D2%26st%3D1%26os%3Dmac%26ip%3D73.254.115.228%26sz%3D%26country%3DUS%26region%3DWA%26city%3DSeattle%26zip%3D98117%26dma%3D819%26agency_id%3D%26cluster%3Deast-a9%26browser%3Dchrome%26rf%3DDUMMY%26data_fee_type%3D%26data_fee%3D0%26clstr_nm%3Dbiddrcloud-east-8%26ua%3DMozilla%252F5.0%2520%2528Macintosh%253B%2520Intel%2520Mac%2520OS%2520X%252010_15_7%2529%2520AppleWebKit%252F537.36%2520%2528KHTML%252C%2520like%2520Gecko%2529%2520Chrome%252F144.0.0.0%2520Safari%252F537.36%26make%3DGoogle%26ifa%3D%26adom%3Dsftravel.com%26crid%3D8fa79645-d42c-4d79-bc55-8cdda470d23f%26cat%3D20-8%26error_code%3D%5BERRORCODE%5D%5D%5D%3E%3C%2FError%3E%3C%2FWrapper%3E%3C%2FAd%3E%3C%2FVAST%3E targetMedia {width: 728, height: 410, bitrate: -1} @ https://js.ssp.cadent.com/ovvbundle_moat.js:0
[LOG] endpoint before %3C%3Fxml%20version%3D%221.0%22%20encoding%3D%22UTF-8%22%3F%3E%3CVAST%20xmlns%3Axsi%3D%22http%3A%2F%2Fwww.w3.org%2F2001%2FXMLSchema-instance%22%20version%3D%223.0%22%20xsi%3AnoNamespaceSchemaLocation%3D%22vast.xsd%22%3E%3CAd%20id%3D%228fa79645-d42c-4d79-bc55-8cdda470d23f%22%3E%3CWrapper%3E%3CAdSystem%3EQuantcast%20Video%3C%2FAdSystem%3E%3CVASTAdTagURI%3E%3C%21%5BCDATA%5Bhttps%3A%2F%2Funified.adsafeprotected.com%2Fv2%2F2184109%2F81709905%3FomidPartner%3D%5BOMIDPARTNER%5D%26apiframeworks%3D%5BAPIFRAMEWORKS%5D%26bundleId%3D%5BBUNDLEID%5D%26ias_advId%3D%24%7BACCOUNT_ID%7D%26ias_creativeId%3D10877538%26ias_campId%3D9081161%26ias_placementId%3D9227311%26ias_xappb%3D%26adsafe_par%26ias_impId%3D1189046238279030785%26custom%3D8fa79645-d42c-4d79-bc55-8cdda470d23f%26custom2%3Dff69dcd2-58fe-4591-9bdf-b0f21c915e95%26custom3%3Dp-90reCb6kWvAzQ%26originalVast%3Dhttps%3A%2F%2Fvideo.quantcount.com%2F8fa79645-d42c-4d79-bc55-8cdda470d23f.xml%3FVAST_VERSION%3D3.0%5D%5D%3E%3C%2FVASTAdTagURI%3E%3CError%3E%3C%21%5BCDATA%5Bhttps%3A%2F%2Fexch.quantserve.com%2Fpixel%2Fp-90reCb6kWvAzQ.gif%3Fmedia%3Dad%26r%3D131064%26rand%3D1372157432%26labels%3D_qc.vast.error%2C_qc.vast.qcv%26rtbip%3D192.184.73.59%26rtbdata2%3DEBc6EWh0dHBzOi8vZmJyZWYuY29tWihFLVVDcGtDNURLOEk2ZzZxUUxrWHJSWHBEX3dJN0FMOFEtOEowd3BMgAGIlNrxCroBFTQ1MTE3NzA1ODE2MDczNjEwNzBhMMABmNQLyAH-0fKBxTPaARU4MzAxNzcwODcyNjc4NjQ4NzcxZTGwAgjIAgDQAs7hhvv4n_fMqQHoAinyAg4Il7AREMOsoIG9tI3xUPICDAgAEJzQjeKx8ovADfICDgj07C4Q2dmA_r_e9dJe8gINCCkQ_dixhYHfoImVAfICDwj1kSsQgaukrLXg8prGAfgCAYoDBDEzNjmSAwNlbXiYAwGoAwCyAwRJ_nPkugMSCZFF_ljS3Gn_EZVekRzysN-bwgMSCXlNLNRFlqePET_ScKTdjFW8yAPTioAQ2AP466WOBeIDD3AtOTByZUNiNmtXdkF6UeoDBgiABRCGA_IDBTk4MTA3-AMAgATM2QaKBAI3N5oEEgkNT4FkkPM7GRGqfZm23EnNlKIEEgmRRf5Y0txp_xGVXpEc8rDfm6oEEgmRRf5Y0txp_xGVXpEc8rDfm7gE0AXQBAjyBAJVU4AFAYoFKjIwNTEwYTQwYjA2NjUzZTI2MThkNTA2MTE4OTkyYmFjODliYzY4Y2YzM5AFAZoFFSBRCkCwZlPiYY1QYRiZK6yJvGjPM6IFJHhQNTA2dERyYU9XV3FXaVB6YVJOeE1uMFZvdVUwQVFjREZVPbAFArgFAMAFiJTa8QrIBcmiqgTSBQYIAhACGBvoBQbwBQP4BQOABgCaBhQKEgnJTOVIxZI_xxFH_lI_AEZJi6AGALUG0ccvOLoGWwoCVVMSAldBGLMGIgdzZWF0dGxlKgU5ODEwNzonY29tY2FzdCUyMGNhYmxlJTIwY29tbXVuaWNhdGlvbnMlMjBpbmMuWhVjb21jYXN0JTIwY29ycG9yYXRpb27JBhzQIv5AV4AQ0AYe2AYe4gYJX2ZwLmV2ZW506gYUaHR0cHM6Ly9zZnRyYXZlbC5jb23xBgHYIv5AV4AQgAcAigcSCXlNLNRFlqePET_ScKTdjFW8qAcAsAevmLMEuAfi9JcF2AcE%26%26error_code%3D%5BERRORCODE%5D%5D%5D%3E%3C%2FError%3E%3CImpression%20id%3D%22qc_impression%22%3E%3C%21%5BCDATA%5Bhttps%3A%2F%2Fexch.quantserve.com%2Fpixel%2Fp-90reCb6kWvAzQ.gif%3Fmedia%3Dad%26p%3D%24%7BEMX_MACRO%7D%26r%3D131064%26rand%3D1372157432%26labels%3D_qc.imp%2C_imp.adserver.rtb%2C_qc.vast%2C_qc.vast.qcv%26rtbip%3D192.184.73.59%26rtbdata2%3DEBc6EWh0dHBzOi8vZmJyZWYuY29tWihFLVVDcGtDNURLOEk2ZzZxUUxrWHJSWHBEX3dJN0FMOFEtOEowd3BMgAGIlNrxCroBFTQ1MTE3NzA1ODE2MDczNjEwNzBhMMABmNQLyAH-0fKBxTPaARU4MzAxNzcwODcyNjc4NjQ4NzcxZTGwAgjIAgDQAs7hhvv4n_fMqQHoAinyAg4Il7AREMOsoIG9tI3xUPICDAgAEJzQjeKx8ovADfICDgj07C4Q2dmA_r_e9dJe8gINCCkQ_dixhYHfoImVAfICDwj1kSsQgaukrLXg8prGAfgCAYoDBDEzNjmSAwNlbXiYAwGoAwCyAwRJ_nPkugMSCZFF_ljS3Gn_EZVekRzysN-bwgMSCXlNLNRFlqePET_ScKTdjFW8yAPTioAQ2AP466WOBeIDD3AtOTByZUNiNmtXdkF6UeoDBgiABRCGA_IDBTk4MTA3-AMAgATM2QaKBAI3N5oEEgkNT4FkkPM7GRGqfZm23EnNlKIEEgmRRf5Y0txp_xGVXpEc8rDfm6oEEgmRRf5Y0txp_xGVXpEc8rDfm7gE0AXQBAjyBAJVU4AFAYoFKjIwNTEwYTQwYjA2NjUzZTI2MThkNTA2MTE4OTkyYmFjODliYzY4Y2YzM5AFAZoFFSBRCkCwZlPiYY1QYRiZK6yJvGjPM6IFJHhQNTA2dERyYU9XV3FXaVB6YVJOeE1uMFZvdVUwQVFjREZVPbAFArgFAMAFiJTa8QrIBcmiqgTSBQYIAhACGBvoBQbwBQP4BQOABgCaBhQKEgnJTOVIxZI_xxFH_lI_AEZJi6AGALUG0ccvOLoGWwoCVVMSAldBGLMGIgdzZWF0dGxlKgU5ODEwNzonY29tY2FzdCUyMGNhYmxlJTIwY29tbXVuaWNhdGlvbnMlMjBpbmMuWhVjb21jYXN0JTIwY29ycG9yYXRpb27JBhzQIv5AV4AQ0AYe2AYe4gYJX2ZwLmV2ZW506gYUaHR0cHM6Ly9zZnRyYXZlbC5jb23xBgHYIv5AV4AQgAcAigcSCXlNLNRFlqePET_ScKTdjFW8qAcAsAevmLMEuAfi9JcF2AcE%26%5D%5D%3E%3C%2FImpression%3E%3CCreatives%3E%3CCreative%20id%3D%228fa79645-d42c-4d79-bc55-8cdda470d23f%22%3E%3CLinear%3E%3CTrackingEvents%3E%3CTracking%20event%3D%22start%22%3E%3C%21%5BCDATA%5Bhttps%3A%2F%2Ftpsc-video-ue.doubleverify.com%2Fevent.png%3Fvstevt%3D0%26dup%3D5ca9feb8-99cf-407f-80be-7910c5332b54%26sid%3Dcadent%26plc%3Dcadent-video-iqmfv%26DVP_DV_CT%3D2%26aufilter1%3Dssp%26aufilter2%3DIQMFV%26auadid%3D178013%26auxch%3D8301770872678648771e1%26pltfrm%3D1369%26audvc%3DGoogle%26ausite%3D21055%26c1%3DSSP%26aubndl%3Dfbref.com%26auip%3D73.254.115.228%26DVPX_PP_AUCTION_UA%3DMozilla%252F5.0%2520%2528Macintosh%253B%2520Intel%2520Mac%2520OS%2520X%252010_15_7%2529%2520AppleWebKit%252F537.36%2520%2528KHTML%252C%2520like%2520Gecko%2529%2520Chrome%252F144.0.0.0%2520Safari%252F537.36%26turl%3Dfbref.com%26DVP_TS%3D%5Btimestamp%5D%5D%5D%3E%3C%2FTracking%3E%3CTracking%20event%3D%22firstQuartile%22%3E%3C%21%5BCDATA%5Bhttps%3A%2F%2Ftpsc-video-ue.doubleverify.com%2Fevent.png%3Fvstevt%3D4%26dup%3D5ca9feb8-99cf-407f-80be-7910c5332b54%26sid%3Dcadent%26plc%3Dcadent-video-iqmfv%26DVP_DV_CT%3D2%26aufilter1%3Dssp%26aufilter2%3DIQMFV%26auadid%3D178013%26auxch%3D8301770872678648771e1%26pltfrm%3D1369%26audvc%3DGoogle%26ausite%3D21055%26c1%3DSSP%26aubndl%3Dfbref.com%26auip%3D73.254.115.228%26DVPX_PP_AUCTION_UA%3DMozilla%252F5.0%2520%2528Macintosh%253B%2520Intel%2520Mac%2520OS%2520X%252010_15_7%2529%2520AppleWebKit%252F537.36%2520%2528KHTML%252C%2520like%2520Gecko%2529%2520Chrome%252F144.0.0.0%2520Safari%252F537.36%26turl%3Dfbref.com%26DVP_TS%3D%5Btimestamp%5D%5D%5D%3E%3C%2FTracking%3E%3CTracking%20event%3D%22midpoint%22%3E%3C%21%5BCDATA%5Bhttps%3A%2F%2Ftpsc-video-ue.doubleverify.com%2Fevent.png%3Fvstevt%3D6%26dup%3D5ca9feb8-99cf-407f-80be-7910c5332b54%26sid%3Dcadent%26plc%3Dcadent-video-iqmfv%26DVP_DV_CT%3D2%26aufilter1%3Dssp%26aufilter2%3DIQMFV%26auadid%3D178013%26auxch%3D8301770872678648771e1%26pltfrm%3D1369%26audvc%3DGoogle%26ausite%3D21055%26c1%3DSSP%26aubndl%3Dfbref.com%26auip%3D73.254.115.228%26DVPX_PP_AUCTION_UA%3DMozilla%252F5.0%2520%2528Macintosh%253B%2520Intel%2520Mac%2520OS%2520X%252010_15_7%2529%2520AppleWebKit%252F537.36%2520%2528KHTML%252C%2520like%2520Gecko%2529%2520Chrome%252F144.0.0.0%2520Safari%252F537.36%26turl%3Dfbref.com%26DVP_TS%3D%5Btimestamp%5D%5D%5D%3E%3C%2FTracking%3E%3CTracking%20event%3D%22thirdQuartile%22%3E%3C%21%5BCDATA%5Bhttps%3A%2F%2Ftpsc-video-ue.doubleverify.com%2Fevent.png%3Fvstevt%3D8%26dup%3D5ca9feb8-99cf-407f-80be-7910c5332b54%26sid%3Dcadent%26plc%3Dcadent-video-iqmfv%26DVP_DV_CT%3D2%26aufilter1%3Dssp%26aufilter2%3DIQMFV%26auadid%3D178013%26auxch%3D8301770872678648771e1%26pltfrm%3D1369%26audvc%3DGoogle%26ausite%3D21055%26c1%3DSSP%26aubndl%3Dfbref.com%26auip%3D73.254.115.228%26DVPX_PP_AUCTION_UA%3DMozilla%252F5.0%2520%2528Macintosh%253B%2520Intel%2520Mac%2520OS%2520X%252010_15_7%2529%2520AppleWebKit%252F537.36%2520%2528KHTML%252C%2520like%2520Gecko%2529%2520Chrome%252F144.0.0.0%2520Safari%252F537.36%26turl%3Dfbref.com%26DVP_TS%3D%5Btimestamp%5D%5D%5D%3E%3C%2FTracking%3E%3CTracking%20event%3D%22complete%22%3E%3C%21%5BCDATA%5Bhttps%3A%2F%2Ftpsc-video-ue.doubleverify.com%2Fevent.png%3Fvstevt%3D10%26dup%3D5ca9feb8-99cf-407f-80be-7910c5332b54%26sid%3Dcadent%26plc%3Dcadent-video-iqmfv%26DVP_DV_CT%3D2%26aufilter1%3Dssp%26aufilter2%3DIQMFV%26auadid%3D178013%26auxch%3D8301770872678648771e1%26pltfrm%3D1369%26audvc%3DGoogle%26ausite%3D21055%26c1%3DSSP%26aubndl%3Dfbref.com%26auip%3D73.254.115.228%26DVPX_PP_AUCTION_UA%3DMozilla%252F5.0%2520%2528Macintosh%253B%2520Intel%2520Mac%2520OS%2520X%252010_15_7%2529%2520AppleWebKit%252F537.36%2520%2528KHTML%252C%2520like%2520Gecko%2529%2520Chrome%252F144.0.0.0%2520Safari%252F537.36%26turl%3Dfbref.com%26DVP_TS%3D%5Btimestamp%5D%5D%5D%3E%3C%2FTracking%3E%3CTracking%20event%3D%22start%22%3E%3C%21%5BCDATA%5Bhttps%3A%2F%2Fexch.quantserve.com%2Fpixel%2Fp-90reCb6kWvAzQ.gif%3Fmedia%3Dad%26r%3D131064%26rand%3D1372157432%26labels%3D_qc.vast%2C_qc.vast.qcv%2C_qc.event.start%26rtbip%3D192.184.73.59%26rtbdata2%3DEBc6EWh0dHBzOi8vZmJyZWYuY29tWihFLVVDcGtDNURLOEk2ZzZxUUxrWHJSWHBEX3dJN0FMOFEtOEowd3BMgAGIlNrxCroBFTQ1MTE3NzA1ODE2MDczNjEwNzBhMMABmNQLyAH-0fKBxTPaARU4MzAxNzcwODcyNjc4NjQ4NzcxZTGwAgjIAgDQAs7hhvv4n_fMqQHoAinyAg4Il7AREMOsoIG9tI3xUPICDAgAEJzQjeKx8ovADfICDgj07C4Q2dmA_r_e9dJe8gINCCkQ_dixhYHfoImVAfICDwj1kSsQgaukrLXg8prGAfgCAYoDBDEzNjmSAwNlbXiYAwGoAwCyAwRJ_nPkugMSCZFF_ljS3Gn_EZVekRzysN-bwgMSCXlNLNRFlqePET_ScKTdjFW8yAPTioAQ2AP466WOBeIDD3AtOTByZUNiNmtXdkF6UeoDBgiABRCGA_IDBTk4MTA3-AMAgATM2QaKBAI3N5oEEgkNT4FkkPM7GRGqfZm23EnNlKIEEgmRRf5Y0txp_xGVXpEc8rDfm6oEEgmRRf5Y0txp_xGVXpEc8rDfm7gE0AXQBAjyBAJVU4AFAYoFKjIwNTEwYTQwYjA2NjUzZTI2MThkNTA2MTE4OTkyYmFjODliYzY4Y2YzM5AFAZoFFSBRCkCwZlPiYY1QYRiZK6yJvGjPM6IFJHhQNTA2dERyYU9XV3FXaVB6YVJOeE1uMFZvdVUwQVFjREZVPbAFArgFAMAFiJTa8QrIBcmiqgTSBQYIAhACGBvoBQbwBQP4BQOABgCaBhQKEgnJTOVIxZI_xxFH_lI_AEZJi6AGALUG0ccvOLoGWwoCVVMSAldBGLMGIgdzZWF0dGxlKgU5ODEwNzonY29tY2FzdCUyMGNhYmxlJTIwY29tbXVuaWNhdGlvbnMlMjBpbmMuWhVjb21jYXN0JTIwY29ycG9yYXRpb27JBhzQIv5AV4AQ0AYe2AYe4gYJX2ZwLmV2ZW506gYUaHR0cHM6Ly9zZnRyYXZlbC5jb23xBgHYIv5AV4AQgAcAigcSCXlNLNRFlqePET_ScKTdjFW8qAcAsAevmLMEuAfi9JcF2AcE%26%5D%5D%3E%3C%2FTracking%3E%3CTracking%20event%3D%22firstQuartile%22%3E%3C%21%5BCDATA%5Bhttps%3A%2F%2Fexch.quantserve.com%2Fpixel%2Fp-90reCb6kWvAzQ.gif%3Fmedia%3Dad%26r%3D131064%26rand%3D1372157432%26labels%3D_qc.vast%2C_qc.vast.qcv%2C_qc.event.firstQuartile%26rtbip%3D192.184.73.59%26rtbdata2%3DEBc6EWh0dHBzOi8vZmJyZWYuY29tWihFLVVDcGtDNURLOEk2ZzZxUUxrWHJSWHBEX3dJN0FMOFEtOEowd3BMgAGIlNrxCroBFTQ1MTE3NzA1ODE2MDczNjEwNzBhMMABmNQLyAH-0fKBxTPaARU4MzAxNzcwODcyNjc4NjQ4NzcxZTGwAgjIAgDQAs7hhvv4n_fMqQHoAinyAg4Il7AREMOsoIG9tI3xUPICDAgAEJzQjeKx8ovADfICDgj07C4Q2dmA_r_e9dJe8gINCCkQ_dixhYHfoImVAfICDwj1kSsQgaukrLXg8prGAfgCAYoDBDEzNjmSAwNlbXiYAwGoAwCyAwRJ_nPkugMSCZFF_ljS3Gn_EZVekRzysN-bwgMSCXlNLNRFlqePET_ScKTdjFW8yAPTioAQ2AP466WOBeIDD3AtOTByZUNiNmtXdkF6UeoDBgiABRCGA_IDBTk4MTA3-AMAgATM2QaKBAI3N5oEEgkNT4FkkPM7GRGqfZm23EnNlKIEEgmRRf5Y0txp_xGVXpEc8rDfm6oEEgmRRf5Y0txp_xGVXpEc8rDfm7gE0AXQBAjyBAJVU4AFAYoFKjIwNTEwYTQwYjA2NjUzZTI2MThkNTA2MTE4OTkyYmFjODliYzY4Y2YzM5AFAZoFFSBRCkCwZlPiYY1QYRiZK6yJvGjPM6IFJHhQNTA2dERyYU9XV3FXaVB6YVJOeE1uMFZvdVUwQVFjREZVPbAFArgFAMAFiJTa8QrIBcmiqgTSBQYIAhACGBvoBQbwBQP4BQOABgCaBhQKEgnJTOVIxZI_xxFH_lI_AEZJi6AGALUG0ccvOLoGWwoCVVMSAldBGLMGIgdzZWF0dGxlKgU5ODEwNzonY29tY2FzdCUyMGNhYmxlJTIwY29tbXVuaWNhdGlvbnMlMjBpbmMuWhVjb21jYXN0JTIwY29ycG9yYXRpb27JBhzQIv5AV4AQ0AYe2AYe4gYJX2ZwLmV2ZW506gYUaHR0cHM6Ly9zZnRyYXZlbC5jb23xBgHYIv5AV4AQgAcAigcSCXlNLNRFlqePET_ScKTdjFW8qAcAsAevmLMEuAfi9JcF2AcE%26%5D%5D%3E%3C%2FTracking%3E%3CTracking%20event%3D%22midpoint%22%3E%3C%21%5BCDATA%5Bhttps%3A%2F%2Fexch.quantserve.com%2Fpixel%2Fp-90reCb6kWvAzQ.gif%3Fmedia%3Dad%26r%3D131064%26rand%3D1372157432%26labels%3D_qc.vast%2C_qc.vast.qcv%2C_qc.event.midpoint%26rtbip%3D192.184.73.59%26rtbdata2%3DEBc6EWh0dHBzOi8vZmJyZWYuY29tWihFLVVDcGtDNURLOEk2ZzZxUUxrWHJSWHBEX3dJN0FMOFEtOEowd3BMgAGIlNrxCroBFTQ1MTE3NzA1ODE2MDczNjEwNzBhMMABmNQLyAH-0fKBxTPaARU4MzAxNzcwODcyNjc4NjQ4NzcxZTGwAgjIAgDQAs7hhvv4n_fMqQHoAinyAg4Il7AREMOsoIG9tI3xUPICDAgAEJzQjeKx8ovADfICDgj07C4Q2dmA_r_e9dJe8gINCCkQ_dixhYHfoImVAfICDwj1kSsQgaukrLXg8prGAfgCAYoDBDEzNjmSAwNlbXiYAwGoAwCyAwRJ_nPkugMSCZFF_ljS3Gn_EZVekRzysN-bwgMSCXlNLNRFlqePET_ScKTdjFW8yAPTioAQ2AP466WOBeIDD3AtOTByZUNiNmtXdkF6UeoDBgiABRCGA_IDBTk4MTA3-AMAgATM2QaKBAI3N5oEEgkNT4FkkPM7GRGqfZm23EnNlKIEEgmRRf5Y0txp_xGVXpEc8rDfm6oEEgmRRf5Y0txp_xGVXpEc8rDfm7gE0AXQBAjyBAJVU4AFAYoFKjIwNTEwYTQwYjA2NjUzZTI2MThkNTA2MTE4OTkyYmFjODliYzY4Y2YzM5AFAZoFFSBRCkCwZlPiYY1QYRiZK6yJvGjPM6IFJHhQNTA2dERyYU9XV3FXaVB6YVJOeE1uMFZvdVUwQVFjREZVPbAFArgFAMAFiJTa8QrIBcmiqgTSBQYIAhACGBvoBQbwBQP4BQOABgCaBhQKEgnJTOVIxZI_xxFH_lI_AEZJi6AGALUG0ccvOLoGWwoCVVMSAldBGLMGIgdzZWF0dGxlKgU5ODEwNzonY29tY2FzdCUyMGNhYmxlJTIwY29tbXVuaWNhdGlvbnMlMjBpbmMuWhVjb21jYXN0JTIwY29ycG9yYXRpb27JBhzQIv5AV4AQ0AYe2AYe4gYJX2ZwLmV2ZW506gYUaHR0cHM6Ly9zZnRyYXZlbC5jb23xBgHYIv5AV4AQgAcAigcSCXlNLNRFlqePET_ScKTdjFW8qAcAsAevmLMEuAfi9JcF2AcE%26%5D%5D%3E%3C%2FTracking%3E%3CTracking%20event%3D%22thirdQuartile%22%3E%3C%21%5BCDATA%5Bhttps%3A%2F%2Fexch.quantserve.com%2Fpixel%2Fp-90reCb6kWvAzQ.gif%3Fmedia%3Dad%26r%3D131064%26rand%3D1372157432%26labels%3D_qc.vast%2C_qc.vast.qcv%2C_qc.event.thirdQuartile%26rtbip%3D192.184.73.59%26rtbdata2%3DEBc6EWh0dHBzOi8vZmJyZWYuY29tWihFLVVDcGtDNURLOEk2ZzZxUUxrWHJSWHBEX3dJN0FMOFEtOEowd3BMgAGIlNrxCroBFTQ1MTE3NzA1ODE2MDczNjEwNzBhMMABmNQLyAH-0fKBxTPaARU4MzAxNzcwODcyNjc4NjQ4NzcxZTGwAgjIAgDQAs7hhvv4n_fMqQHoAinyAg4Il7AREMOsoIG9tI3xUPICDAgAEJzQjeKx8ovADfICDgj07C4Q2dmA_r_e9dJe8gINCCkQ_dixhYHfoImVAfICDwj1kSsQgaukrLXg8prGAfgCAYoDBDEzNjmSAwNlbXiYAwGoAwCyAwRJ_nPkugMSCZFF_ljS3Gn_EZVekRzysN-bwgMSCXlNLNRFlqePET_ScKTdjFW8yAPTioAQ2AP466WOBeIDD3AtOTByZUNiNmtXdkF6UeoDBgiABRCGA_IDBTk4MTA3-AMAgATM2QaKBAI3N5oEEgkNT4FkkPM7GRGqfZm23EnNlKIEEgmRRf5Y0txp_xGVXpEc8rDfm6oEEgmRRf5Y0txp_xGVXpEc8rDfm7gE0AXQBAjyBAJVU4AFAYoFKjIwNTEwYTQwYjA2NjUzZTI2MThkNTA2MTE4OTkyYmFjODliYzY4Y2YzM5AFAZoFFSBRCkCwZlPiYY1QYRiZK6yJvGjPM6IFJHhQNTA2dERyYU9XV3FXaVB6YVJOeE1uMFZvdVUwQVFjREZVPbAFArgFAMAFiJTa8QrIBcmiqgTSBQYIAhACGBvoBQbwBQP4BQOABgCaBhQKEgnJTOVIxZI_xxFH_lI_AEZJi6AGALUG0ccvOLoGWwoCVVMSAldBGLMGIgdzZWF0dGxlKgU5ODEwNzonY29tY2FzdCUyMGNhYmxlJTIwY29tbXVuaWNhdGlvbnMlMjBpbmMuWhVjb21jYXN0JTIwY29ycG9yYXRpb27JBhzQIv5AV4AQ0AYe2AYe4gYJX2ZwLmV2ZW506gYUaHR0cHM6Ly9zZnRyYXZlbC5jb23xBgHYIv5AV4AQgAcAigcSCXlNLNRFlqePET_ScKTdjFW8qAcAsAevmLMEuAfi9JcF2AcE%26%5D%5D%3E%3C%2FTracking%3E%3CTracking%20event%3D%22complete%22%3E%3C%21%5BCDATA%5Bhttps%3A%2F%2Fexch.quantserve.com%2Fpixel%2Fp-90reCb6kWvAzQ.gif%3Fmedia%3Dad%26r%3D131064%26rand%3D1372157432%26labels%3D_qc.vast%2C_qc.vast.qcv%2C_qc.event.complete%26rtbip%3D192.184.73.59%26rtbdata2%3DEBc6EWh0dHBzOi8vZmJyZWYuY29tWihFLVVDcGtDNURLOEk2ZzZxUUxrWHJSWHBEX3dJN0FMOFEtOEowd3BMgAGIlNrxCroBFTQ1MTE3NzA1ODE2MDczNjEwNzBhMMABmNQLyAH-0fKBxTPaARU4MzAxNzcwODcyNjc4NjQ4NzcxZTGwAgjIAgDQAs7hhvv4n_fMqQHoAinyAg4Il7AREMOsoIG9tI3xUPICDAgAEJzQjeKx8ovADfICDgj07C4Q2dmA_r_e9dJe8gINCCkQ_dixhYHfoImVAfICDwj1kSsQgaukrLXg8prGAfgCAYoDBDEzNjmSAwNlbXiYAwGoAwCyAwRJ_nPkugMSCZFF_ljS3Gn_EZVekRzysN-bwgMSCXlNLNRFlqePET_ScKTdjFW8yAPTioAQ2AP466WOBeIDD3AtOTByZUNiNmtXdkF6UeoDBgiABRCGA_IDBTk4MTA3-AMAgATM2QaKBAI3N5oEEgkNT4FkkPM7GRGqfZm23EnNlKIEEgmRRf5Y0txp_xGVXpEc8rDfm6oEEgmRRf5Y0txp_xGVXpEc8rDfm7gE0AXQBAjyBAJVU4AFAYoFKjIwNTEwYTQwYjA2NjUzZTI2MThkNTA2MTE4OTkyYmFjODliYzY4Y2YzM5AFAZoFFSBRCkCwZlPiYY1QYRiZK6yJvGjPM6IFJHhQNTA2dERyYU9XV3FXaVB6YVJOeE1uMFZvdVUwQVFjREZVPbAFArgFAMAFiJTa8QrIBcmiqgTSBQYIAhACGBvoBQbwBQP4BQOABgCaBhQKEgnJTOVIxZI_xxFH_lI_AEZJi6AGALUG0ccvOLoGWwoCVVMSAldBGLMGIgdzZWF0dGxlKgU5ODEwNzonY29tY2FzdCUyMGNhYmxlJTIwY29tbXVuaWNhdGlvbnMlMjBpbmMuWhVjb21jYXN0JTIwY29ycG9yYXRpb27JBhzQIv5AV4AQ0AYe2AYe4gYJX2ZwLmV2ZW506gYUaHR0cHM6Ly9zZnRyYXZlbC5jb23xBgHYIv5AV4AQgAcAigcSCXlNLNRFlqePET_ScKTdjFW8qAcAsAevmLMEuAfi9JcF2AcE%26%5D%5D%3E%3C%2FTracking%3E%3CTracking%20event%3D%22close%22%3E%3C%21%5BCDATA%5Bhttps%3A%2F%2Fexch.quantserve.com%2Fpixel%2Fp-90reCb6kWvAzQ.gif%3Fmedia%3Dad%26r%3D131064%26rand%3D1372157432%26labels%3D_qc.vast%2C_qc.vast.qcv%2C_qc.event.close%26rtbip%3D192.184.73.59%26rtbdata2%3DEBc6EWh0dHBzOi8vZmJyZWYuY29tWihFLVVDcGtDNURLOEk2ZzZxUUxrWHJSWHBEX3dJN0FMOFEtOEowd3BMgAGIlNrxCroBFTQ1MTE3NzA1ODE2MDczNjEwNzBhMMABmNQLyAH-0fKBxTPaARU4MzAxNzcwODcyNjc4NjQ4NzcxZTGwAgjIAgDQAs7hhvv4n_fMqQHoAinyAg4Il7AREMOsoIG9tI3xUPICDAgAEJzQjeKx8ovADfICDgj07C4Q2dmA_r_e9dJe8gINCCkQ_dixhYHfoImVAfICDwj1kSsQgaukrLXg8prGAfgCAYoDBDEzNjmSAwNlbXiYAwGoAwCyAwRJ_nPkugMSCZFF_ljS3Gn_EZVekRzysN-bwgMSCXlNLNRFlqePET_ScKTdjFW8yAPTioAQ2AP466WOBeIDD3AtOTByZUNiNmtXdkF6UeoDBgiABRCGA_IDBTk4MTA3-AMAgATM2QaKBAI3N5oEEgkNT4FkkPM7GRGqfZm23EnNlKIEEgmRRf5Y0txp_xGVXpEc8rDfm6oEEgmRRf5Y0txp_xGVXpEc8rDfm7gE0AXQBAjyBAJVU4AFAYoFKjIwNTEwYTQwYjA2NjUzZTI2MThkNTA2MTE4OTkyYmFjODliYzY4Y2YzM5AFAZoFFSBRCkCwZlPiYY1QYRiZK6yJvGjPM6IFJHhQNTA2dERyYU9XV3FXaVB6YVJOeE1uMFZvdVUwQVFjREZVPbAFArgFAMAFiJTa8QrIBcmiqgTSBQYIAhACGBvoBQbwBQP4BQOABgCaBhQKEgnJTOVIxZI_xxFH_lI_AEZJi6AGALUG0ccvOLoGWwoCVVMSAldBGLMGIgdzZWF0dGxlKgU5ODEwNzonY29tY2FzdCUyMGNhYmxlJTIwY29tbXVuaWNhdGlvbnMlMjBpbmMuWhVjb21jYXN0JTIwY29ycG9yYXRpb27JBhzQIv5AV4AQ0AYe2AYe4gYJX2ZwLmV2ZW506gYUaHR0cHM6Ly9zZnRyYXZlbC5jb23xBgHYIv5AV4AQgAcAigcSCXlNLNRFlqePET_ScKTdjFW8qAcAsAevmLMEuAfi9JcF2AcE%26%5D%5D%3E%3C%2FTracking%3E%3CTracking%20event%3D%22skip%22%3E%3C%21%5BCDATA%5Bhttps%3A%2F%2Fexch.quantserve.com%2Fpixel%2Fp-90reCb6kWvAzQ.gif%3Fmedia%3Dad%26r%3D131064%26rand%3D1372157432%26labels%3D_qc.vast%2C_qc.vast.qcv%2C_qc.event.skip%26rtbip%3D192.184.73.59%26rtbdata2%3DEBc6EWh0dHBzOi8vZmJyZWYuY29tWihFLVVDcGtDNURLOEk2ZzZxUUxrWHJSWHBEX3dJN0FMOFEtOEowd3BMgAGIlNrxCroBFTQ1MTE3NzA1ODE2MDczNjEwNzBhMMABmNQLyAH-0fKBxTPaARU4MzAxNzcwODcyNjc4NjQ4NzcxZTGwAgjIAgDQAs7hhvv4n_fMqQHoAinyAg4Il7AREMOsoIG9tI3xUPICDAgAEJzQjeKx8ovADfICDgj07C4Q2dmA_r_e9dJe8gINCCkQ_dixhYHfoImVAfICDwj1kSsQgaukrLXg8prGAfgCAYoDBDEzNjmSAwNlbXiYAwGoAwCyAwRJ_nPkugMSCZFF_ljS3Gn_EZVekRzysN-bwgMSCXlNLNRFlqePET_ScKTdjFW8yAPTioAQ2AP466WOBeIDD3AtOTByZUNiNmtXdkF6UeoDBgiABRCGA_IDBTk4MTA3-AMAgATM2QaKBAI3N5oEEgkNT4FkkPM7GRGqfZm23EnNlKIEEgmRRf5Y0txp_xGVXpEc8rDfm6oEEgmRRf5Y0txp_xGVXpEc8rDfm7gE0AXQBAjyBAJVU4AFAYoFKjIwNTEwYTQwYjA2NjUzZTI2MThkNTA2MTE4OTkyYmFjODliYzY4Y2YzM5AFAZoFFSBRCkCwZlPiYY1QYRiZK6yJvGjPM6IFJHhQNTA2dERyYU9XV3FXaVB6YVJOeE1uMFZvdVUwQVFjREZVPbAFArgFAMAFiJTa8QrIBcmiqgTSBQYIAhACGBvoBQbwBQP4BQOABgCaBhQKEgnJTOVIxZI_xxFH_lI_AEZJi6AGALUG0ccvOLoGWwoCVVMSAldBGLMGIgdzZWF0dGxlKgU5ODEwNzonY29tY2FzdCUyMGNhYmxlJTIwY29tbXVuaWNhdGlvbnMlMjBpbmMuWhVjb21jYXN0JTIwY29ycG9yYXRpb27JBhzQIv5AV4AQ0AYe2AYe4gYJX2ZwLmV2ZW506gYUaHR0cHM6Ly9zZnRyYXZlbC5jb23xBgHYIv5AV4AQgAcAigcSCXlNLNRFlqePET_ScKTdjFW8qAcAsAevmLMEuAfi9JcF2AcE%26%5D%5D%3E%3C%2FTracking%3E%3C%2FTrackingEvents%3E%3CVideoClicks%3E%3CClickTracking%3E%3C%21%5BCDATA%5Bhttps%3A%2F%2Fexch.quantserve.com%2Fpixel%2Fp-90reCb6kWvAzQ.gif%3Fmedia%3Dad%26r%3D131064%26rand%3D1372157432%26labels%3D_qc.clk%2C_click.adserver.rtb%2C_qc.vast%2C_qc.vast.qcv%26rtbip%3D192.184.73.59%26rtbdata2%3DEBc6EWh0dHBzOi8vZmJyZWYuY29tWihFLVVDcGtDNURLOEk2ZzZxUUxrWHJSWHBEX3dJN0FMOFEtOEowd3BMgAGIlNrxCroBFTQ1MTE3NzA1ODE2MDczNjEwNzBhMMABmNQLyAH-0fKBxTPaARU4MzAxNzcwODcyNjc4NjQ4NzcxZTGwAgjIAgDQAs7hhvv4n_fMqQHoAinyAg4Il7AREMOsoIG9tI3xUPICDAgAEJzQjeKx8ovADfICDgj07C4Q2dmA_r_e9dJe8gINCCkQ_dixhYHfoImVAfICDwj1kSsQgaukrLXg8prGAfgCAYoDBDEzNjmSAwNlbXiYAwGoAwCyAwRJ_nPkugMSCZFF_ljS3Gn_EZVekRzysN-bwgMSCXlNLNRFlqePET_ScKTdjFW8yAPTioAQ2AP466WOBeIDD3AtOTByZUNiNmtXdkF6UeoDBgiABRCGA_IDBTk4MTA3-AMAgATM2QaKBAI3N5oEEgkNT4FkkPM7GRGqfZm23EnNlKIEEgmRRf5Y0txp_xGVXpEc8rDfm6oEEgmRRf5Y0txp_xGVXpEc8rDfm7gE0AXQBAjyBAJVU4AFAYoFKjIwNTEwYTQwYjA2NjUzZTI2MThkNTA2MTE4OTkyYmFjODliYzY4Y2YzM5AFAZoFFSBRCkCwZlPiYY1QYRiZK6yJvGjPM6IFJHhQNTA2dERyYU9XV3FXaVB6YVJOeE1uMFZvdVUwQVFjREZVPbAFArgFAMAFiJTa8QrIBcmiqgTSBQYIAhACGBvoBQbwBQP4BQOABgCaBhQKEgnJTOVIxZI_xxFH_lI_AEZJi6AGALUG0ccvOLoGWwoCVVMSAldBGLMGIgdzZWF0dGxlKgU5ODEwNzonY29tY2FzdCUyMGNhYmxlJTIwY29tbXVuaWNhdGlvbnMlMjBpbmMuWhVjb21jYXN0JTIwY29ycG9yYXRpb27JBhzQIv5AV4AQ0AYe2AYe4gYJX2ZwLmV2ZW506gYUaHR0cHM6Ly9zZnRyYXZlbC5jb23xBgHYIv5AV4AQgAcAigcSCXlNLNRFlqePET_ScKTdjFW8qAcAsAevmLMEuAfi9JcF2AcE%26%5D%5D%3E%3C%2FClickTracking%3E%3C%2FVideoClicks%3E%3C%2FLinear%3E%3C%2FCreative%3E%3C%2FCreatives%3E%3CExtensions%3E%3CExtension%20type%3D%22AdVerifications%22%3E%3CAdVerifications%3E%3CVerification%20vendor%3D%22doubleverify.com-omid%22%3E%3CJavaScriptResource%20apiFramework%3D%22omid%22%20browserOptional%3D%22true%22%3E%3C%21%5BCDATA%5B%20https%3A%2F%2Fcdn.dv.tech%2Fdvbm.js%23vendor_key%3Ddoubleverify.com-omid%20%5D%5D%3E%3C%2FJavaScriptResource%3E%3CTrackingEvents%3E%3CTracking%20event%3D%22verificationNotExecuted%22%3E%3C%21%5BCDATA%5Bhttps%3A%2F%2Ftpsc-video-ue.doubleverify.com%2Fvisit.jpg%3Fverr%3D%5BREASON%5D%26tagtype%3Dvideo%26dvp_ctx%3D23690628%26dvp_cmp%3DDV639826%26adsrv%3D0%26dvp_ppid%3D306%26dup%3D5ca9feb8-99cf-407f-80be-7910c5332b54%26sid%3DVastAdVerification%26plc%3DverificationNotExecuted%26DVP_DV_CT%3D2%26aufilter1%3Dssp%26aufilter2%3DIQMFV%26auadid%3D178013%26auxch%3D8301770872678648771e1%26pltfrm%3D1369%26audvc%3DGoogle%26ausite%3D21055%26c1%3DSSP%26aubndl%3Dfbref.com%26auip%3D73.254.115.228%26DVPX_PP_AUCTION_UA%3DMozilla%252F5.0%2520%2528Macintosh%253B%2520Intel%2520Mac%2520OS%2520X%252010_15_7%2529%2520AppleWebKit%252F537.36%2520%2528KHTML%252C%2520like%2520Gecko%2529%2520Chrome%252F144.0.0.0%2520Safari%252F537.36%26turl%3Dfbref.com%26DVP_TS%3D%5Btimestamp%5D%26ctx%3D818052%26cmp%3DDV064005%5D%5D%3E%3C%2FTracking%3E%3C%2FTrackingEvents%3E%3CVerificationParameters%3E%3C%21%5BCDATA%5Btagtype%3Dvideo%26blk%3D0%26mon%3D1%26msrapi%3DjsOmid%26vidreg%3Due%26ctx%3D23690628%26cmp%3DDV639826%26adsrv%3D0%26ppid%3D306%26dup%3D5ca9feb8-99cf-407f-80be-7910c5332b54%26sid%3Dcadent%26plc%3Dcadent-video-iqmfv%26DVP_DV_CT%3D2%26aufilter1%3Dssp%26aufilter2%3DIQMFV%26auadid%3D178013%26auxch%3D8301770872678648771e1%26pltfrm%3D1369%26audvc%3DGoogle%26ausite%3D21055%26c1%3DSSP%26aubndl%3Dfbref.com%26auip%3D73.254.115.228%26DVPX_PP_AUCTION_UA%3DMozilla%252F5.0%2520%2528Macintosh%253B%2520Intel%2520Mac%2520OS%2520X%252010_15_7%2529%2520AppleWebKit%252F537.36%2520%2528KHTML%252C%2520like%2520Gecko%2529%2520Chrome%252F144.0.0.0%2520Safari%252F537.36%26turl%3Dfbref.com%26DVP_TS%3D%5Btimestamp%5D%5D%5D%3E%3C%2FVerificationParameters%3E%3C%2FVerification%3E%3C%2FAdVerifications%3E%3C%2FExtension%3E%3C%2FExtensions%3E%3CImpression%3E%3C%21%5BCDATA%5Bhttps%3A%2F%2Fclient-imp-east-2.ssp.cadent.com%2Fimp%2F%3Fcp%3D0.19100%26ts%3D1770872679%26seat%3D77%26w%3D5%26h%3D5%26pb%3D0.16235%26sid%3D21055%26tid%3D178013%26pid%3D1369%26uid%3D8301770872678648771e1%26wid%3D20%26dom%3Dfbref.com%26tp%3D%24%7BEMX_MACRO%7D%26mt%3D2%26dt%3D2%26st%3D1%26os%3Dmac%26ip%3D73.254.115.228%26sz%3D%26country%3DUS%26region%3DWA%26city%3DSeattle%26zip%3D98117%26dma%3D819%26agency_id%3D%26cluster%3Deast-a9%26browser%3Dchrome%26rf%3D%24%7BRF_MACRO%7D%26data_fee_type%3D%26data_fee%3D0%26clstr_nm%3Dbiddrcloud-east-8%26ua%3DMozilla%252F5.0%2520%2528Macintosh%253B%2520Intel%2520Mac%2520OS%2520X%252010_15_7%2529%2520AppleWebKit%252F537.36%2520%2528KHTML%252C%2520like%2520Gecko%2529%2520Chrome%252F144.0.0.0%2520Safari%252F537.36%26make%3DGoogle%26ifa%3D%26adom%3Dsftravel.com%26crid%3D8fa79645-d42c-4d79-bc55-8cdda470d23f%26cat%3D20-8%26nurl%3Dhttps%253A%252F%252Fvideo.quantcount.com%252F8fa79645-d42c-4d79-bc55-8cdda470d23f-wrapper.xml%253FCAMPAIGN_ID%253D9081161%2526AD_SET_ID%253D9227311%2526BID_STRATEGY_UUID%253Dff69dcd2-58fe-4591-9bdf-b0f21c915e95%2526IMPRESSION_ID%253D1189046238279030785%2526ACCOUNT_ID%253D%2524%257BACCOUNT_ID%257D%2526LOCAL_IP%253D192.184.73.59%2526CREATIVE_ID%253D10877538%2526QC_CACHEBUSTER%253D131064%2526QC_ACCOUNT%253Dp-90reCb6kWvAzQ%2526CREATIVE_UUID%253D8fa79645-d42c-4d79-bc55-8cdda470d23f%2526VAST_VERSION%253D3.0%2526QC_PRICE%253D%2524%257BEMX_NURL%257D%2526QC_PIXEL_DATA%253DEBc6EWh0dHBzOi8vZmJyZWYuY29tWihFLVVDcGtDNURLOEk2ZzZxUUxrWHJSWHBEX3dJN0FMOFEtOEowd3BMgAGIlNrxCroBFTQ1MTE3NzA1ODE2MDczNjEwNzBhMMABmNQLyAH-0fKBxTPaARU4MzAxNzcwODcyNjc4NjQ4NzcxZTGwAgjIAgDQAs7hhvv4n_fMqQHoAinyAg4Il7AREMOsoIG9tI3xUPICDAgAEJzQjeKx8ovADfICDgj07C4Q2dmA_r_e9dJe8gINCCkQ_dixhYHfoImVAfICDwj1kSsQgaukrLXg8prGAfgCAYoDBDEzNjmSAwNlbXiYAwGoAwCyAwRJ_nPkugMSCZFF_ljS3Gn_EZVekRzysN-bwgMSCXlNLNRFlqePET_ScKTdjFW8yAPTioAQ2AP466WOBeIDD3AtOTByZUNiNmtXdkF6UeoDBgiABRCGA_IDBTk4MTA3-AMAgATM2QaKBAI3N5oEEgkNT4FkkPM7GRGqfZm23EnNlKIEEgmRRf5Y0txp_xGVXpEc8rDfm6oEEgmRRf5Y0txp_xGVXpEc8rDfm7gE0AXQBAjyBAJVU4AFAYoFKjIwNTEwYTQwYjA2NjUzZTI2MThkNTA2MTE4OTkyYmFjODliYzY4Y2YzM5AFAZoFFSBRCkCwZlPiYY1QYRiZK6yJvGjPM6IFJHhQNTA2dERyYU9XV3FXaVB6YVJOeE1uMFZvdVUwQVFjREZVPbAFArgFAMAFiJTa8QrIBcmiqgTSBQYIAhACGBvoBQbwBQP4BQOABgCaBhQKEgnJTOVIxZI_xxFH_lI_AEZJi6AGALUG0ccvOLoGWwoCVVMSAldBGLMGIgdzZWF0dGxlKgU5ODEwNzonY29tY2FzdCUyMGNhYmxlJTIwY29tbXVuaWNhdGlvbnMlMjBpbmMuWhVjb21jYXN0JTIwY29ycG9yYXRpb27JBhzQIv5AV4AQ0AYe2AYe4gYJX2ZwLmV2ZW506gYUaHR0cHM6Ly9zZnRyYXZlbC5jb23xBgHYIv5AV4AQgAcAigcSCXlNLNRFlqePET_ScKTdjFW8qAcAsAevmLMEuAfi9JcF2AcE%2526QC_RAND%253D1372157432%2526BUNDLE_ID%253D%2526QC_HOST%253Dquantserve.com%2526QC_CONSENT_STRING_AMPERSAND%253D%26burlv2%3DaHR0cHMlM0ElMkYlMkZ1cy1lYXN0LW5vdGlmeS1ydGIucXVhbnRzZXJ2ZS5jb20lM0E4NDQzJTJGZW14X25vdGlmeSUzRmF1Y3Rpb25JZCUzRDgzMDE3NzA4NzI2Nzg2NDg3NzFlMSUyNndpblByaWNlJTNEJTI0JTdCRU1YX0JVUkwlN0QlMjZydGJkYXRhMiUzREVCZUtBd1F4TXpZNWtnTURaVzE0bUFNQnVnTVNDWkZGX2xqUzNHbl9FWlZla1J6eXNOLWJ3Z01TQ1hsTkxOUkZscWVQRVRfU2NLVGRqRlc4eUFYSm9xb0UwZ1VHQ0FJUUFoZ2J5UVljMENMLVFGZUFFUEVHQWRnaV9rQlhnQkElMjZub3RpZmljYXRpb25UeXBlJTNEYmlsbGluZyUyNmxhYmVscyUzRF9xYy5ub3RpZmljYXRpb24%3D%5D%5D%3E%3C%2FImpression%3E%3CImpression%3E%3C%21%5BCDATA%5Bhttps%3A%2F%2Ftpsc-video-ue.doubleverify.com%2Fvisit.jpg%3Fvstevt%3D2%26tagtype%3Dvideo%26ctx%3D23690628%26cmp%3DDV639826%26adsrv%3D0%26ppid%3D306%26dup%3D5ca9feb8-99cf-407f-80be-7910c5332b54%26sid%3Dcadent%26plc%3Dcadent-video-iqmfv%26DVP_DV_CT%3D2%26aufilter1%3Dssp%26aufilter2%3DIQMFV%26auadid%3D178013%26auxch%3D8301770872678648771e1%26pltfrm%3D1369%26audvc%3DGoogle%26ausite%3D21055%26c1%3DSSP%26aubndl%3Dfbref.com%26auip%3D73.254.115.228%26DVPX_PP_AUCTION_UA%3DMozilla%252F5.0%2520%2528Macintosh%253B%2520Intel%2520Mac%2520OS%2520X%252010_15_7%2529%2520AppleWebKit%252F537.36%2520%2528KHTML%252C%2520like%2520Gecko%2529%2520Chrome%252F144.0.0.0%2520Safari%252F537.36%26turl%3Dfbref.com%26DVP_TS%3D%5Btimestamp%5D%5D%5D%3E%3C%2FImpression%3E%3CError%3E%3C%21%5BCDATA%5Bhttps%3A%2F%2Fclient-imp-east-2.ssp.cadent.com%2Ferr%2F%3Fcp%3D0.19100%26ts%3D1770872679%26seat%3D77%26w%3D5%26h%3D5%26pb%3D0.16235%26sid%3D21055%26tid%3D178013%26pid%3D1369%26uid%3D8301770872678648771e1%26wid%3D20%26dom%3Dfbref.com%26tp%3DDUMMY%26mt%3D2%26dt%3D2%26st%3D1%26os%3Dmac%26ip%3D73.254.115.228%26sz%3D%26country%3DUS%26region%3DWA%26city%3DSeattle%26zip%3D98117%26dma%3D819%26agency_id%3D%26cluster%3Deast-a9%26browser%3Dchrome%26rf%3DDUMMY%26data_fee_type%3D%26data_fee%3D0%26clstr_nm%3Dbiddrcloud-east-8%26ua%3DMozilla%252F5.0%2520%2528Macintosh%253B%2520Intel%2520Mac%2520OS%2520X%252010_15_7%2529%2520AppleWebKit%252F537.36%2520%2528KHTML%252C%2520like%2520Gecko%2529%2520Chrome%252F144.0.0.0%2520Safari%252F537.36%26make%3DGoogle%26ifa%3D%26adom%3Dsftravel.com%26crid%3D8fa79645-d42c-4d79-bc55-8cdda470d23f%26cat%3D20-8%26error_code%3D%5BERRORCODE%5D%5D%5D%3E%3C%2FError%3E%3C%2FWrapper%3E%3C%2FAd%3E%3C%2FVAST%3E @ https://js.ssp.cadent.com/ovvbundle_moat.js:0
[LOG] endpoint replaced %3C%3Fxml%20version%3D%221.0%22%20encoding%3D%22UTF-8%22%3F%3E%3CVAST%20xmlns%3Axsi%3D%22http%3A%2F%2Fwww.w3.org%2F2001%2FXMLSchema-instance%22%20version%3D%223.0%22%20xsi%3AnoNamespaceSchemaLocation%3D%22vast.xsd%22%3E%3CAd%20id%3D%228fa79645-d42c-4d79-bc55-8cdda470d23f%22%3E%3CWrapper%3E%3CAdSystem%3EQuantcast%20Video%3C%2FAdSystem%3E%3CVASTAdTagURI%3E%3C%21%5BCDATA%5Bhttps%3A%2F%2Funified.adsafeprotected.com%2Fv2%2F2184109%2F81709905%3FomidPartner%3D%5BOMIDPARTNER%5D%26apiframeworks%3D%5BAPIFRAMEWORKS%5D%26bundleId%3D%5BBUNDLEID%5D%26ias_advId%3D%24%7BACCOUNT_ID%7D%26ias_creativeId%3D10877538%26ias_campId%3D9081161%26ias_placementId%3D9227311%26ias_xappb%3D%26adsafe_par%26ias_impId%3D1189046238279030785%26custom%3D8fa79645-d42c-4d79-bc55-8cdda470d23f%26custom2%3Dff69dcd2-58fe-4591-9bdf-b0f21c915e95%26custom3%3Dp-90reCb6kWvAzQ%26originalVast%3Dhttps%3A%2F%2Fvideo.quantcount.com%2F8fa79645-d42c-4d79-bc55-8cdda470d23f.xml%3FVAST_VERSION%3D3.0%5D%5D%3E%3C%2FVASTAdTagURI%3E%3CError%3E%3C%21%5BCDATA%5Bhttps%3A%2F%2Fexch.quantserve.com%2Fpixel%2Fp-90reCb6kWvAzQ.gif%3Fmedia%3Dad%26r%3D131064%26rand%3D1372157432%26labels%3D_qc.vast.error%2C_qc.vast.qcv%26rtbip%3D192.184.73.59%26rtbdata2%3DEBc6EWh0dHBzOi8vZmJyZWYuY29tWihFLVVDcGtDNURLOEk2ZzZxUUxrWHJSWHBEX3dJN0FMOFEtOEowd3BMgAGIlNrxCroBFTQ1MTE3NzA1ODE2MDczNjEwNzBhMMABmNQLyAH-0fKBxTPaARU4MzAxNzcwODcyNjc4NjQ4NzcxZTGwAgjIAgDQAs7hhvv4n_fMqQHoAinyAg4Il7AREMOsoIG9tI3xUPICDAgAEJzQjeKx8ovADfICDgj07C4Q2dmA_r_e9dJe8gINCCkQ_dixhYHfoImVAfICDwj1kSsQgaukrLXg8prGAfgCAYoDBDEzNjmSAwNlbXiYAwGoAwCyAwRJ_nPkugMSCZFF_ljS3Gn_EZVekRzysN-bwgMSCXlNLNRFlqePET_ScKTdjFW8yAPTioAQ2AP466WOBeIDD3AtOTByZUNiNmtXdkF6UeoDBgiABRCGA_IDBTk4MTA3-AMAgATM2QaKBAI3N5oEEgkNT4FkkPM7GRGqfZm23EnNlKIEEgmRRf5Y0txp_xGVXpEc8rDfm6oEEgmRRf5Y0txp_xGVXpEc8rDfm7gE0AXQBAjyBAJVU4AFAYoFKjIwNTEwYTQwYjA2NjUzZTI2MThkNTA2MTE4OTkyYmFjODliYzY4Y2YzM5AFAZoFFSBRCkCwZlPiYY1QYRiZK6yJvGjPM6IFJHhQNTA2dERyYU9XV3FXaVB6YVJOeE1uMFZvdVUwQVFjREZVPbAFArgFAMAFiJTa8QrIBcmiqgTSBQYIAhACGBvoBQbwBQP4BQOABgCaBhQKEgnJTOVIxZI_xxFH_lI_AEZJi6AGALUG0ccvOLoGWwoCVVMSAldBGLMGIgdzZWF0dGxlKgU5ODEwNzonY29tY2FzdCUyMGNhYmxlJTIwY29tbXVuaWNhdGlvbnMlMjBpbmMuWhVjb21jYXN0JTIwY29ycG9yYXRpb27JBhzQIv5AV4AQ0AYe2AYe4gYJX2ZwLmV2ZW506gYUaHR0cHM6Ly9zZnRyYXZlbC5jb23xBgHYIv5AV4AQgAcAigcSCXlNLNRFlqePET_ScKTdjFW8qAcAsAevmLMEuAfi9JcF2AcE%26%26error_code%3D%5BERRORCODE%5D%5D%5D%3E%3C%2FError%3E%3CImpression%20id%3D%22qc_impression%22%3E%3C%21%5BCDATA%5Bhttps%3A%2F%2Fexch.quantserve.com%2Fpixel%2Fp-90reCb6kWvAzQ.gif%3Fmedia%3Dad%26p%3D%24%7BEMX_MACRO%7D%26r%3D131064%26rand%3D1372157432%26labels%3D_qc.imp%2C_imp.adserver.rtb%2C_qc.vast%2C_qc.vast.qcv%26rtbip%3D192.184.73.59%26rtbdata2%3DEBc6EWh0dHBzOi8vZmJyZWYuY29tWihFLVVDcGtDNURLOEk2ZzZxUUxrWHJSWHBEX3dJN0FMOFEtOEowd3BMgAGIlNrxCroBFTQ1MTE3NzA1ODE2MDczNjEwNzBhMMABmNQLyAH-0fKBxTPaARU4MzAxNzcwODcyNjc4NjQ4NzcxZTGwAgjIAgDQAs7hhvv4n_fMqQHoAinyAg4Il7AREMOsoIG9tI3xUPICDAgAEJzQjeKx8ovADfICDgj07C4Q2dmA_r_e9dJe8gINCCkQ_dixhYHfoImVAfICDwj1kSsQgaukrLXg8prGAfgCAYoDBDEzNjmSAwNlbXiYAwGoAwCyAwRJ_nPkugMSCZFF_ljS3Gn_EZVekRzysN-bwgMSCXlNLNRFlqePET_ScKTdjFW8yAPTioAQ2AP466WOBeIDD3AtOTByZUNiNmtXdkF6UeoDBgiABRCGA_IDBTk4MTA3-AMAgATM2QaKBAI3N5oEEgkNT4FkkPM7GRGqfZm23EnNlKIEEgmRRf5Y0txp_xGVXpEc8rDfm6oEEgmRRf5Y0txp_xGVXpEc8rDfm7gE0AXQBAjyBAJVU4AFAYoFKjIwNTEwYTQwYjA2NjUzZTI2MThkNTA2MTE4OTkyYmFjODliYzY4Y2YzM5AFAZoFFSBRCkCwZlPiYY1QYRiZK6yJvGjPM6IFJHhQNTA2dERyYU9XV3FXaVB6YVJOeE1uMFZvdVUwQVFjREZVPbAFArgFAMAFiJTa8QrIBcmiqgTSBQYIAhACGBvoBQbwBQP4BQOABgCaBhQKEgnJTOVIxZI_xxFH_lI_AEZJi6AGALUG0ccvOLoGWwoCVVMSAldBGLMGIgdzZWF0dGxlKgU5ODEwNzonY29tY2FzdCUyMGNhYmxlJTIwY29tbXVuaWNhdGlvbnMlMjBpbmMuWhVjb21jYXN0JTIwY29ycG9yYXRpb27JBhzQIv5AV4AQ0AYe2AYe4gYJX2ZwLmV2ZW506gYUaHR0cHM6Ly9zZnRyYXZlbC5jb23xBgHYIv5AV4AQgAcAigcSCXlNLNRFlqePET_ScKTdjFW8qAcAsAevmLMEuAfi9JcF2AcE%26%5D%5D%3E%3C%2FImpression%3E%3CCreatives%3E%3CCreative%20id%3D%228fa79645-d42c-4d79-bc55-8cdda470d23f%22%3E%3CLinear%3E%3CTrackingEvents%3E%3CTracking%20event%3D%22start%22%3E%3C%21%5BCDATA%5Bhttps%3A%2F%2Ftpsc-video-ue.doubleverify.com%2Fevent.png%3Fvstevt%3D0%26dup%3D5ca9feb8-99cf-407f-80be-7910c5332b54%26sid%3Dcadent%26plc%3Dcadent-video-iqmfv%26DVP_DV_CT%3D2%26aufilter1%3Dssp%26aufilter2%3DIQMFV%26auadid%3D178013%26auxch%3D8301770872678648771e1%26pltfrm%3D1369%26audvc%3DGoogle%26ausite%3D21055%26c1%3DSSP%26aubndl%3Dfbref.com%26auip%3D73.254.115.228%26DVPX_PP_AUCTION_UA%3DMozilla%252F5.0%2520%2528Macintosh%253B%2520Intel%2520Mac%2520OS%2520X%252010_15_7%2529%2520AppleWebKit%252F537.36%2520%2528KHTML%252C%2520like%2520Gecko%2529%2520Chrome%252F144.0.0.0%2520Safari%252F537.36%26turl%3Dfbref.com%26DVP_TS%3D%5Btimestamp%5D%5D%5D%3E%3C%2FTracking%3E%3CTracking%20event%3D%22firstQuartile%22%3E%3C%21%5BCDATA%5Bhttps%3A%2F%2Ftpsc-video-ue.doubleverify.com%2Fevent.png%3Fvstevt%3D4%26dup%3D5ca9feb8-99cf-407f-80be-7910c5332b54%26sid%3Dcadent%26plc%3Dcadent-video-iqmfv%26DVP_DV_CT%3D2%26aufilter1%3Dssp%26aufilter2%3DIQMFV%26auadid%3D178013%26auxch%3D8301770872678648771e1%26pltfrm%3D1369%26audvc%3DGoogle%26ausite%3D21055%26c1%3DSSP%26aubndl%3Dfbref.com%26auip%3D73.254.115.228%26DVPX_PP_AUCTION_UA%3DMozilla%252F5.0%2520%2528Macintosh%253B%2520Intel%2520Mac%2520OS%2520X%252010_15_7%2529%2520AppleWebKit%252F537.36%2520%2528KHTML%252C%2520like%2520Gecko%2529%2520Chrome%252F144.0.0.0%2520Safari%252F537.36%26turl%3Dfbref.com%26DVP_TS%3D%5Btimestamp%5D%5D%5D%3E%3C%2FTracking%3E%3CTracking%20event%3D%22midpoint%22%3E%3C%21%5BCDATA%5Bhttps%3A%2F%2Ftpsc-video-ue.doubleverify.com%2Fevent.png%3Fvstevt%3D6%26dup%3D5ca9feb8-99cf-407f-80be-7910c5332b54%26sid%3Dcadent%26plc%3Dcadent-video-iqmfv%26DVP_DV_CT%3D2%26aufilter1%3Dssp%26aufilter2%3DIQMFV%26auadid%3D178013%26auxch%3D8301770872678648771e1%26pltfrm%3D1369%26audvc%3DGoogle%26ausite%3D21055%26c1%3DSSP%26aubndl%3Dfbref.com%26auip%3D73.254.115.228%26DVPX_PP_AUCTION_UA%3DMozilla%252F5.0%2520%2528Macintosh%253B%2520Intel%2520Mac%2520OS%2520X%252010_15_7%2529%2520AppleWebKit%252F537.36%2520%2528KHTML%252C%2520like%2520Gecko%2529%2520Chrome%252F144.0.0.0%2520Safari%252F537.36%26turl%3Dfbref.com%26DVP_TS%3D%5Btimestamp%5D%5D%5D%3E%3C%2FTracking%3E%3CTracking%20event%3D%22thirdQuartile%22%3E%3C%21%5BCDATA%5Bhttps%3A%2F%2Ftpsc-video-ue.doubleverify.com%2Fevent.png%3Fvstevt%3D8%26dup%3D5ca9feb8-99cf-407f-80be-7910c5332b54%26sid%3Dcadent%26plc%3Dcadent-video-iqmfv%26DVP_DV_CT%3D2%26aufilter1%3Dssp%26aufilter2%3DIQMFV%26auadid%3D178013%26auxch%3D8301770872678648771e1%26pltfrm%3D1369%26audvc%3DGoogle%26ausite%3D21055%26c1%3DSSP%26aubndl%3Dfbref.com%26auip%3D73.254.115.228%26DVPX_PP_AUCTION_UA%3DMozilla%252F5.0%2520%2528Macintosh%253B%2520Intel%2520Mac%2520OS%2520X%252010_15_7%2529%2520AppleWebKit%252F537.36%2520%2528KHTML%252C%2520like%2520Gecko%2529%2520Chrome%252F144.0.0.0%2520Safari%252F537.36%26turl%3Dfbref.com%26DVP_TS%3D%5Btimestamp%5D%5D%5D%3E%3C%2FTracking%3E%3CTracking%20event%3D%22complete%22%3E%3C%21%5BCDATA%5Bhttps%3A%2F%2Ftpsc-video-ue.doubleverify.com%2Fevent.png%3Fvstevt%3D10%26dup%3D5ca9feb8-99cf-407f-80be-7910c5332b54%26sid%3Dcadent%26plc%3Dcadent-video-iqmfv%26DVP_DV_CT%3D2%26aufilter1%3Dssp%26aufilter2%3DIQMFV%26auadid%3D178013%26auxch%3D8301770872678648771e1%26pltfrm%3D1369%26audvc%3DGoogle%26ausite%3D21055%26c1%3DSSP%26aubndl%3Dfbref.com%26auip%3D73.254.115.228%26DVPX_PP_AUCTION_UA%3DMozilla%252F5.0%2520%2528Macintosh%253B%2520Intel%2520Mac%2520OS%2520X%252010_15_7%2529%2520AppleWebKit%252F537.36%2520%2528KHTML%252C%2520like%2520Gecko%2529%2520Chrome%252F144.0.0.0%2520Safari%252F537.36%26turl%3Dfbref.com%26DVP_TS%3D%5Btimestamp%5D%5D%5D%3E%3C%2FTracking%3E%3CTracking%20event%3D%22start%22%3E%3C%21%5BCDATA%5Bhttps%3A%2F%2Fexch.quantserve.com%2Fpixel%2Fp-90reCb6kWvAzQ.gif%3Fmedia%3Dad%26r%3D131064%26rand%3D1372157432%26labels%3D_qc.vast%2C_qc.vast.qcv%2C_qc.event.start%26rtbip%3D192.184.73.59%26rtbdata2%3DEBc6EWh0dHBzOi8vZmJyZWYuY29tWihFLVVDcGtDNURLOEk2ZzZxUUxrWHJSWHBEX3dJN0FMOFEtOEowd3BMgAGIlNrxCroBFTQ1MTE3NzA1ODE2MDczNjEwNzBhMMABmNQLyAH-0fKBxTPaARU4MzAxNzcwODcyNjc4NjQ4NzcxZTGwAgjIAgDQAs7hhvv4n_fMqQHoAinyAg4Il7AREMOsoIG9tI3xUPICDAgAEJzQjeKx8ovADfICDgj07C4Q2dmA_r_e9dJe8gINCCkQ_dixhYHfoImVAfICDwj1kSsQgaukrLXg8prGAfgCAYoDBDEzNjmSAwNlbXiYAwGoAwCyAwRJ_nPkugMSCZFF_ljS3Gn_EZVekRzysN-bwgMSCXlNLNRFlqePET_ScKTdjFW8yAPTioAQ2AP466WOBeIDD3AtOTByZUNiNmtXdkF6UeoDBgiABRCGA_IDBTk4MTA3-AMAgATM2QaKBAI3N5oEEgkNT4FkkPM7GRGqfZm23EnNlKIEEgmRRf5Y0txp_xGVXpEc8rDfm6oEEgmRRf5Y0txp_xGVXpEc8rDfm7gE0AXQBAjyBAJVU4AFAYoFKjIwNTEwYTQwYjA2NjUzZTI2MThkNTA2MTE4OTkyYmFjODliYzY4Y2YzM5AFAZoFFSBRCkCwZlPiYY1QYRiZK6yJvGjPM6IFJHhQNTA2dERyYU9XV3FXaVB6YVJOeE1uMFZvdVUwQVFjREZVPbAFArgFAMAFiJTa8QrIBcmiqgTSBQYIAhACGBvoBQbwBQP4BQOABgCaBhQKEgnJTOVIxZI_xxFH_lI_AEZJi6AGALUG0ccvOLoGWwoCVVMSAldBGLMGIgdzZWF0dGxlKgU5ODEwNzonY29tY2FzdCUyMGNhYmxlJTIwY29tbXVuaWNhdGlvbnMlMjBpbmMuWhVjb21jYXN0JTIwY29ycG9yYXRpb27JBhzQIv5AV4AQ0AYe2AYe4gYJX2ZwLmV2ZW506gYUaHR0cHM6Ly9zZnRyYXZlbC5jb23xBgHYIv5AV4AQgAcAigcSCXlNLNRFlqePET_ScKTdjFW8qAcAsAevmLMEuAfi9JcF2AcE%26%5D%5D%3E%3C%2FTracking%3E%3CTracking%20event%3D%22firstQuartile%22%3E%3C%21%5BCDATA%5Bhttps%3A%2F%2Fexch.quantserve.com%2Fpixel%2Fp-90reCb6kWvAzQ.gif%3Fmedia%3Dad%26r%3D131064%26rand%3D1372157432%26labels%3D_qc.vast%2C_qc.vast.qcv%2C_qc.event.firstQuartile%26rtbip%3D192.184.73.59%26rtbdata2%3DEBc6EWh0dHBzOi8vZmJyZWYuY29tWihFLVVDcGtDNURLOEk2ZzZxUUxrWHJSWHBEX3dJN0FMOFEtOEowd3BMgAGIlNrxCroBFTQ1MTE3NzA1ODE2MDczNjEwNzBhMMABmNQLyAH-0fKBxTPaARU4MzAxNzcwODcyNjc4NjQ4NzcxZTGwAgjIAgDQAs7hhvv4n_fMqQHoAinyAg4Il7AREMOsoIG9tI3xUPICDAgAEJzQjeKx8ovADfICDgj07C4Q2dmA_r_e9dJe8gINCCkQ_dixhYHfoImVAfICDwj1kSsQgaukrLXg8prGAfgCAYoDBDEzNjmSAwNlbXiYAwGoAwCyAwRJ_nPkugMSCZFF_ljS3Gn_EZVekRzysN-bwgMSCXlNLNRFlqePET_ScKTdjFW8yAPTioAQ2AP466WOBeIDD3AtOTByZUNiNmtXdkF6UeoDBgiABRCGA_IDBTk4MTA3-AMAgATM2QaKBAI3N5oEEgkNT4FkkPM7GRGqfZm23EnNlKIEEgmRRf5Y0txp_xGVXpEc8rDfm6oEEgmRRf5Y0txp_xGVXpEc8rDfm7gE0AXQBAjyBAJVU4AFAYoFKjIwNTEwYTQwYjA2NjUzZTI2MThkNTA2MTE4OTkyYmFjODliYzY4Y2YzM5AFAZoFFSBRCkCwZlPiYY1QYRiZK6yJvGjPM6IFJHhQNTA2dERyYU9XV3FXaVB6YVJOeE1uMFZvdVUwQVFjREZVPbAFArgFAMAFiJTa8QrIBcmiqgTSBQYIAhACGBvoBQbwBQP4BQOABgCaBhQKEgnJTOVIxZI_xxFH_lI_AEZJi6AGALUG0ccvOLoGWwoCVVMSAldBGLMGIgdzZWF0dGxlKgU5ODEwNzonY29tY2FzdCUyMGNhYmxlJTIwY29tbXVuaWNhdGlvbnMlMjBpbmMuWhVjb21jYXN0JTIwY29ycG9yYXRpb27JBhzQIv5AV4AQ0AYe2AYe4gYJX2ZwLmV2ZW506gYUaHR0cHM6Ly9zZnRyYXZlbC5jb23xBgHYIv5AV4AQgAcAigcSCXlNLNRFlqePET_ScKTdjFW8qAcAsAevmLMEuAfi9JcF2AcE%26%5D%5D%3E%3C%2FTracking%3E%3CTracking%20event%3D%22midpoint%22%3E%3C%21%5BCDATA%5Bhttps%3A%2F%2Fexch.quantserve.com%2Fpixel%2Fp-90reCb6kWvAzQ.gif%3Fmedia%3Dad%26r%3D131064%26rand%3D1372157432%26labels%3D_qc.vast%2C_qc.vast.qcv%2C_qc.event.midpoint%26rtbip%3D192.184.73.59%26rtbdata2%3DEBc6EWh0dHBzOi8vZmJyZWYuY29tWihFLVVDcGtDNURLOEk2ZzZxUUxrWHJSWHBEX3dJN0FMOFEtOEowd3BMgAGIlNrxCroBFTQ1MTE3NzA1ODE2MDczNjEwNzBhMMABmNQLyAH-0fKBxTPaARU4MzAxNzcwODcyNjc4NjQ4NzcxZTGwAgjIAgDQAs7hhvv4n_fMqQHoAinyAg4Il7AREMOsoIG9tI3xUPICDAgAEJzQjeKx8ovADfICDgj07C4Q2dmA_r_e9dJe8gINCCkQ_dixhYHfoImVAfICDwj1kSsQgaukrLXg8prGAfgCAYoDBDEzNjmSAwNlbXiYAwGoAwCyAwRJ_nPkugMSCZFF_ljS3Gn_EZVekRzysN-bwgMSCXlNLNRFlqePET_ScKTdjFW8yAPTioAQ2AP466WOBeIDD3AtOTByZUNiNmtXdkF6UeoDBgiABRCGA_IDBTk4MTA3-AMAgATM2QaKBAI3N5oEEgkNT4FkkPM7GRGqfZm23EnNlKIEEgmRRf5Y0txp_xGVXpEc8rDfm6oEEgmRRf5Y0txp_xGVXpEc8rDfm7gE0AXQBAjyBAJVU4AFAYoFKjIwNTEwYTQwYjA2NjUzZTI2MThkNTA2MTE4OTkyYmFjODliYzY4Y2YzM5AFAZoFFSBRCkCwZlPiYY1QYRiZK6yJvGjPM6IFJHhQNTA2dERyYU9XV3FXaVB6YVJOeE1uMFZvdVUwQVFjREZVPbAFArgFAMAFiJTa8QrIBcmiqgTSBQYIAhACGBvoBQbwBQP4BQOABgCaBhQKEgnJTOVIxZI_xxFH_lI_AEZJi6AGALUG0ccvOLoGWwoCVVMSAldBGLMGIgdzZWF0dGxlKgU5ODEwNzonY29tY2FzdCUyMGNhYmxlJTIwY29tbXVuaWNhdGlvbnMlMjBpbmMuWhVjb21jYXN0JTIwY29ycG9yYXRpb27JBhzQIv5AV4AQ0AYe2AYe4gYJX2ZwLmV2ZW506gYUaHR0cHM6Ly9zZnRyYXZlbC5jb23xBgHYIv5AV4AQgAcAigcSCXlNLNRFlqePET_ScKTdjFW8qAcAsAevmLMEuAfi9JcF2AcE%26%5D%5D%3E%3C%2FTracking%3E%3CTracking%20event%3D%22thirdQuartile%22%3E%3C%21%5BCDATA%5Bhttps%3A%2F%2Fexch.quantserve.com%2Fpixel%2Fp-90reCb6kWvAzQ.gif%3Fmedia%3Dad%26r%3D131064%26rand%3D1372157432%26labels%3D_qc.vast%2C_qc.vast.qcv%2C_qc.event.thirdQuartile%26rtbip%3D192.184.73.59%26rtbdata2%3DEBc6EWh0dHBzOi8vZmJyZWYuY29tWihFLVVDcGtDNURLOEk2ZzZxUUxrWHJSWHBEX3dJN0FMOFEtOEowd3BMgAGIlNrxCroBFTQ1MTE3NzA1ODE2MDczNjEwNzBhMMABmNQLyAH-0fKBxTPaARU4MzAxNzcwODcyNjc4NjQ4NzcxZTGwAgjIAgDQAs7hhvv4n_fMqQHoAinyAg4Il7AREMOsoIG9tI3xUPICDAgAEJzQjeKx8ovADfICDgj07C4Q2dmA_r_e9dJe8gINCCkQ_dixhYHfoImVAfICDwj1kSsQgaukrLXg8prGAfgCAYoDBDEzNjmSAwNlbXiYAwGoAwCyAwRJ_nPkugMSCZFF_ljS3Gn_EZVekRzysN-bwgMSCXlNLNRFlqePET_ScKTdjFW8yAPTioAQ2AP466WOBeIDD3AtOTByZUNiNmtXdkF6UeoDBgiABRCGA_IDBTk4MTA3-AMAgATM2QaKBAI3N5oEEgkNT4FkkPM7GRGqfZm23EnNlKIEEgmRRf5Y0txp_xGVXpEc8rDfm6oEEgmRRf5Y0txp_xGVXpEc8rDfm7gE0AXQBAjyBAJVU4AFAYoFKjIwNTEwYTQwYjA2NjUzZTI2MThkNTA2MTE4OTkyYmFjODliYzY4Y2YzM5AFAZoFFSBRCkCwZlPiYY1QYRiZK6yJvGjPM6IFJHhQNTA2dERyYU9XV3FXaVB6YVJOeE1uMFZvdVUwQVFjREZVPbAFArgFAMAFiJTa8QrIBcmiqgTSBQYIAhACGBvoBQbwBQP4BQOABgCaBhQKEgnJTOVIxZI_xxFH_lI_AEZJi6AGALUG0ccvOLoGWwoCVVMSAldBGLMGIgdzZWF0dGxlKgU5ODEwNzonY29tY2FzdCUyMGNhYmxlJTIwY29tbXVuaWNhdGlvbnMlMjBpbmMuWhVjb21jYXN0JTIwY29ycG9yYXRpb27JBhzQIv5AV4AQ0AYe2AYe4gYJX2ZwLmV2ZW506gYUaHR0cHM6Ly9zZnRyYXZlbC5jb23xBgHYIv5AV4AQgAcAigcSCXlNLNRFlqePET_ScKTdjFW8qAcAsAevmLMEuAfi9JcF2AcE%26%5D%5D%3E%3C%2FTracking%3E%3CTracking%20event%3D%22complete%22%3E%3C%21%5BCDATA%5Bhttps%3A%2F%2Fexch.quantserve.com%2Fpixel%2Fp-90reCb6kWvAzQ.gif%3Fmedia%3Dad%26r%3D131064%26rand%3D1372157432%26labels%3D_qc.vast%2C_qc.vast.qcv%2C_qc.event.complete%26rtbip%3D192.184.73.59%26rtbdata2%3DEBc6EWh0dHBzOi8vZmJyZWYuY29tWihFLVVDcGtDNURLOEk2ZzZxUUxrWHJSWHBEX3dJN0FMOFEtOEowd3BMgAGIlNrxCroBFTQ1MTE3NzA1ODE2MDczNjEwNzBhMMABmNQLyAH-0fKBxTPaARU4MzAxNzcwODcyNjc4NjQ4NzcxZTGwAgjIAgDQAs7hhvv4n_fMqQHoAinyAg4Il7AREMOsoIG9tI3xUPICDAgAEJzQjeKx8ovADfICDgj07C4Q2dmA_r_e9dJe8gINCCkQ_dixhYHfoImVAfICDwj1kSsQgaukrLXg8prGAfgCAYoDBDEzNjmSAwNlbXiYAwGoAwCyAwRJ_nPkugMSCZFF_ljS3Gn_EZVekRzysN-bwgMSCXlNLNRFlqePET_ScKTdjFW8yAPTioAQ2AP466WOBeIDD3AtOTByZUNiNmtXdkF6UeoDBgiABRCGA_IDBTk4MTA3-AMAgATM2QaKBAI3N5oEEgkNT4FkkPM7GRGqfZm23EnNlKIEEgmRRf5Y0txp_xGVXpEc8rDfm6oEEgmRRf5Y0txp_xGVXpEc8rDfm7gE0AXQBAjyBAJVU4AFAYoFKjIwNTEwYTQwYjA2NjUzZTI2MThkNTA2MTE4OTkyYmFjODliYzY4Y2YzM5AFAZoFFSBRCkCwZlPiYY1QYRiZK6yJvGjPM6IFJHhQNTA2dERyYU9XV3FXaVB6YVJOeE1uMFZvdVUwQVFjREZVPbAFArgFAMAFiJTa8QrIBcmiqgTSBQYIAhACGBvoBQbwBQP4BQOABgCaBhQKEgnJTOVIxZI_xxFH_lI_AEZJi6AGALUG0ccvOLoGWwoCVVMSAldBGLMGIgdzZWF0dGxlKgU5ODEwNzonY29tY2FzdCUyMGNhYmxlJTIwY29tbXVuaWNhdGlvbnMlMjBpbmMuWhVjb21jYXN0JTIwY29ycG9yYXRpb27JBhzQIv5AV4AQ0AYe2AYe4gYJX2ZwLmV2ZW506gYUaHR0cHM6Ly9zZnRyYXZlbC5jb23xBgHYIv5AV4AQgAcAigcSCXlNLNRFlqePET_ScKTdjFW8qAcAsAevmLMEuAfi9JcF2AcE%26%5D%5D%3E%3C%2FTracking%3E%3CTracking%20event%3D%22close%22%3E%3C%21%5BCDATA%5Bhttps%3A%2F%2Fexch.quantserve.com%2Fpixel%2Fp-90reCb6kWvAzQ.gif%3Fmedia%3Dad%26r%3D131064%26rand%3D1372157432%26labels%3D_qc.vast%2C_qc.vast.qcv%2C_qc.event.close%26rtbip%3D192.184.73.59%26rtbdata2%3DEBc6EWh0dHBzOi8vZmJyZWYuY29tWihFLVVDcGtDNURLOEk2ZzZxUUxrWHJSWHBEX3dJN0FMOFEtOEowd3BMgAGIlNrxCroBFTQ1MTE3NzA1ODE2MDczNjEwNzBhMMABmNQLyAH-0fKBxTPaARU4MzAxNzcwODcyNjc4NjQ4NzcxZTGwAgjIAgDQAs7hhvv4n_fMqQHoAinyAg4Il7AREMOsoIG9tI3xUPICDAgAEJzQjeKx8ovADfICDgj07C4Q2dmA_r_e9dJe8gINCCkQ_dixhYHfoImVAfICDwj1kSsQgaukrLXg8prGAfgCAYoDBDEzNjmSAwNlbXiYAwGoAwCyAwRJ_nPkugMSCZFF_ljS3Gn_EZVekRzysN-bwgMSCXlNLNRFlqePET_ScKTdjFW8yAPTioAQ2AP466WOBeIDD3AtOTByZUNiNmtXdkF6UeoDBgiABRCGA_IDBTk4MTA3-AMAgATM2QaKBAI3N5oEEgkNT4FkkPM7GRGqfZm23EnNlKIEEgmRRf5Y0txp_xGVXpEc8rDfm6oEEgmRRf5Y0txp_xGVXpEc8rDfm7gE0AXQBAjyBAJVU4AFAYoFKjIwNTEwYTQwYjA2NjUzZTI2MThkNTA2MTE4OTkyYmFjODliYzY4Y2YzM5AFAZoFFSBRCkCwZlPiYY1QYRiZK6yJvGjPM6IFJHhQNTA2dERyYU9XV3FXaVB6YVJOeE1uMFZvdVUwQVFjREZVPbAFArgFAMAFiJTa8QrIBcmiqgTSBQYIAhACGBvoBQbwBQP4BQOABgCaBhQKEgnJTOVIxZI_xxFH_lI_AEZJi6AGALUG0ccvOLoGWwoCVVMSAldBGLMGIgdzZWF0dGxlKgU5ODEwNzonY29tY2FzdCUyMGNhYmxlJTIwY29tbXVuaWNhdGlvbnMlMjBpbmMuWhVjb21jYXN0JTIwY29ycG9yYXRpb27JBhzQIv5AV4AQ0AYe2AYe4gYJX2ZwLmV2ZW506gYUaHR0cHM6Ly9zZnRyYXZlbC5jb23xBgHYIv5AV4AQgAcAigcSCXlNLNRFlqePET_ScKTdjFW8qAcAsAevmLMEuAfi9JcF2AcE%26%5D%5D%3E%3C%2FTracking%3E%3CTracking%20event%3D%22skip%22%3E%3C%21%5BCDATA%5Bhttps%3A%2F%2Fexch.quantserve.com%2Fpixel%2Fp-90reCb6kWvAzQ.gif%3Fmedia%3Dad%26r%3D131064%26rand%3D1372157432%26labels%3D_qc.vast%2C_qc.vast.qcv%2C_qc.event.skip%26rtbip%3D192.184.73.59%26rtbdata2%3DEBc6EWh0dHBzOi8vZmJyZWYuY29tWihFLVVDcGtDNURLOEk2ZzZxUUxrWHJSWHBEX3dJN0FMOFEtOEowd3BMgAGIlNrxCroBFTQ1MTE3NzA1ODE2MDczNjEwNzBhMMABmNQLyAH-0fKBxTPaARU4MzAxNzcwODcyNjc4NjQ4NzcxZTGwAgjIAgDQAs7hhvv4n_fMqQHoAinyAg4Il7AREMOsoIG9tI3xUPICDAgAEJzQjeKx8ovADfICDgj07C4Q2dmA_r_e9dJe8gINCCkQ_dixhYHfoImVAfICDwj1kSsQgaukrLXg8prGAfgCAYoDBDEzNjmSAwNlbXiYAwGoAwCyAwRJ_nPkugMSCZFF_ljS3Gn_EZVekRzysN-bwgMSCXlNLNRFlqePET_ScKTdjFW8yAPTioAQ2AP466WOBeIDD3AtOTByZUNiNmtXdkF6UeoDBgiABRCGA_IDBTk4MTA3-AMAgATM2QaKBAI3N5oEEgkNT4FkkPM7GRGqfZm23EnNlKIEEgmRRf5Y0txp_xGVXpEc8rDfm6oEEgmRRf5Y0txp_xGVXpEc8rDfm7gE0AXQBAjyBAJVU4AFAYoFKjIwNTEwYTQwYjA2NjUzZTI2MThkNTA2MTE4OTkyYmFjODliYzY4Y2YzM5AFAZoFFSBRCkCwZlPiYY1QYRiZK6yJvGjPM6IFJHhQNTA2dERyYU9XV3FXaVB6YVJOeE1uMFZvdVUwQVFjREZVPbAFArgFAMAFiJTa8QrIBcmiqgTSBQYIAhACGBvoBQbwBQP4BQOABgCaBhQKEgnJTOVIxZI_xxFH_lI_AEZJi6AGALUG0ccvOLoGWwoCVVMSAldBGLMGIgdzZWF0dGxlKgU5ODEwNzonY29tY2FzdCUyMGNhYmxlJTIwY29tbXVuaWNhdGlvbnMlMjBpbmMuWhVjb21jYXN0JTIwY29ycG9yYXRpb27JBhzQIv5AV4AQ0AYe2AYe4gYJX2ZwLmV2ZW506gYUaHR0cHM6Ly9zZnRyYXZlbC5jb23xBgHYIv5AV4AQgAcAigcSCXlNLNRFlqePET_ScKTdjFW8qAcAsAevmLMEuAfi9JcF2AcE%26%5D%5D%3E%3C%2FTracking%3E%3C%2FTrackingEvents%3E%3CVideoClicks%3E%3CClickTracking%3E%3C%21%5BCDATA%5Bhttps%3A%2F%2Fexch.quantserve.com%2Fpixel%2Fp-90reCb6kWvAzQ.gif%3Fmedia%3Dad%26r%3D131064%26rand%3D1372157432%26labels%3D_qc.clk%2C_click.adserver.rtb%2C_qc.vast%2C_qc.vast.qcv%26rtbip%3D192.184.73.59%26rtbdata2%3DEBc6EWh0dHBzOi8vZmJyZWYuY29tWihFLVVDcGtDNURLOEk2ZzZxUUxrWHJSWHBEX3dJN0FMOFEtOEowd3BMgAGIlNrxCroBFTQ1MTE3NzA1ODE2MDczNjEwNzBhMMABmNQLyAH-0fKBxTPaARU4MzAxNzcwODcyNjc4NjQ4NzcxZTGwAgjIAgDQAs7hhvv4n_fMqQHoAinyAg4Il7AREMOsoIG9tI3xUPICDAgAEJzQjeKx8ovADfICDgj07C4Q2dmA_r_e9dJe8gINCCkQ_dixhYHfoImVAfICDwj1kSsQgaukrLXg8prGAfgCAYoDBDEzNjmSAwNlbXiYAwGoAwCyAwRJ_nPkugMSCZFF_ljS3Gn_EZVekRzysN-bwgMSCXlNLNRFlqePET_ScKTdjFW8yAPTioAQ2AP466WOBeIDD3AtOTByZUNiNmtXdkF6UeoDBgiABRCGA_IDBTk4MTA3-AMAgATM2QaKBAI3N5oEEgkNT4FkkPM7GRGqfZm23EnNlKIEEgmRRf5Y0txp_xGVXpEc8rDfm6oEEgmRRf5Y0txp_xGVXpEc8rDfm7gE0AXQBAjyBAJVU4AFAYoFKjIwNTEwYTQwYjA2NjUzZTI2MThkNTA2MTE4OTkyYmFjODliYzY4Y2YzM5AFAZoFFSBRCkCwZlPiYY1QYRiZK6yJvGjPM6IFJHhQNTA2dERyYU9XV3FXaVB6YVJOeE1uMFZvdVUwQVFjREZVPbAFArgFAMAFiJTa8QrIBcmiqgTSBQYIAhACGBvoBQbwBQP4BQOABgCaBhQKEgnJTOVIxZI_xxFH_lI_AEZJi6AGALUG0ccvOLoGWwoCVVMSAldBGLMGIgdzZWF0dGxlKgU5ODEwNzonY29tY2FzdCUyMGNhYmxlJTIwY29tbXVuaWNhdGlvbnMlMjBpbmMuWhVjb21jYXN0JTIwY29ycG9yYXRpb27JBhzQIv5AV4AQ0AYe2AYe4gYJX2ZwLmV2ZW506gYUaHR0cHM6Ly9zZnRyYXZlbC5jb23xBgHYIv5AV4AQgAcAigcSCXlNLNRFlqePET_ScKTdjFW8qAcAsAevmLMEuAfi9JcF2AcE%26%5D%5D%3E%3C%2FClickTracking%3E%3C%2FVideoClicks%3E%3C%2FLinear%3E%3C%2FCreative%3E%3C%2FCreatives%3E%3CExtensions%3E%3CExtension%20type%3D%22AdVerifications%22%3E%3CAdVerifications%3E%3CVerification%20vendor%3D%22doubleverify.com-omid%22%3E%3CJavaScriptResource%20apiFramework%3D%22omid%22%20browserOptional%3D%22true%22%3E%3C%21%5BCDATA%5B%20https%3A%2F%2Fcdn.dv.tech%2Fdvbm.js%23vendor_key%3Ddoubleverify.com-omid%20%5D%5D%3E%3C%2FJavaScriptResource%3E%3CTrackingEvents%3E%3CTracking%20event%3D%22verificationNotExecuted%22%3E%3C%21%5BCDATA%5Bhttps%3A%2F%2Ftpsc-video-ue.doubleverify.com%2Fvisit.jpg%3Fverr%3D%5BREASON%5D%26tagtype%3Dvideo%26dvp_ctx%3D23690628%26dvp_cmp%3DDV639826%26adsrv%3D0%26dvp_ppid%3D306%26dup%3D5ca9feb8-99cf-407f-80be-7910c5332b54%26sid%3DVastAdVerification%26plc%3DverificationNotExecuted%26DVP_DV_CT%3D2%26aufilter1%3Dssp%26aufilter2%3DIQMFV%26auadid%3D178013%26auxch%3D8301770872678648771e1%26pltfrm%3D1369%26audvc%3DGoogle%26ausite%3D21055%26c1%3DSSP%26aubndl%3Dfbref.com%26auip%3D73.254.115.228%26DVPX_PP_AUCTION_UA%3DMozilla%252F5.0%2520%2528Macintosh%253B%2520Intel%2520Mac%2520OS%2520X%252010_15_7%2529%2520AppleWebKit%252F537.36%2520%2528KHTML%252C%2520like%2520Gecko%2529%2520Chrome%252F144.0.0.0%2520Safari%252F537.36%26turl%3Dfbref.com%26DVP_TS%3D%5Btimestamp%5D%26ctx%3D818052%26cmp%3DDV064005%5D%5D%3E%3C%2FTracking%3E%3C%2FTrackingEvents%3E%3CVerificationParameters%3E%3C%21%5BCDATA%5Btagtype%3Dvideo%26blk%3D0%26mon%3D1%26msrapi%3DjsOmid%26vidreg%3Due%26ctx%3D23690628%26cmp%3DDV639826%26adsrv%3D0%26ppid%3D306%26dup%3D5ca9feb8-99cf-407f-80be-7910c5332b54%26sid%3Dcadent%26plc%3Dcadent-video-iqmfv%26DVP_DV_CT%3D2%26aufilter1%3Dssp%26aufilter2%3DIQMFV%26auadid%3D178013%26auxch%3D8301770872678648771e1%26pltfrm%3D1369%26audvc%3DGoogle%26ausite%3D21055%26c1%3DSSP%26aubndl%3Dfbref.com%26auip%3D73.254.115.228%26DVPX_PP_AUCTION_UA%3DMozilla%252F5.0%2520%2528Macintosh%253B%2520Intel%2520Mac%2520OS%2520X%252010_15_7%2529%2520AppleWebKit%252F537.36%2520%2528KHTML%252C%2520like%2520Gecko%2529%2520Chrome%252F144.0.0.0%2520Safari%252F537.36%26turl%3Dfbref.com%26DVP_TS%3D%5Btimestamp%5D%5D%5D%3E%3C%2FVerificationParameters%3E%3C%2FVerification%3E%3C%2FAdVerifications%3E%3C%2FExtension%3E%3C%2FExtensions%3E%3CImpression%3E%3C%21%5BCDATA%5Bhttps%3A%2F%2Fclient-imp-east-2.ssp.cadent.com%2Fimp%2F%3Fcp%3D0.19100%26ts%3D1770872679%26seat%3D77%26w%3D5%26h%3D5%26pb%3D0.16235%26sid%3D21055%26tid%3D178013%26pid%3D1369%26uid%3D8301770872678648771e1%26wid%3D20%26dom%3Dfbref.com%26tp%3D%24%7BEMX_MACRO%7D%26mt%3D2%26dt%3D2%26st%3D1%26os%3Dmac%26ip%3D73.254.115.228%26sz%3D%26country%3DUS%26region%3DWA%26city%3DSeattle%26zip%3D98117%26dma%3D819%26agency_id%3D%26cluster%3Deast-a9%26browser%3Dchrome%26rf%3D%24%7BRF_MACRO%7D%26data_fee_type%3D%26data_fee%3D0%26clstr_nm%3Dbiddrcloud-east-8%26ua%3DMozilla%252F5.0%2520%2528Macintosh%253B%2520Intel%2520Mac%2520OS%2520X%252010_15_7%2529%2520AppleWebKit%252F537.36%2520%2528KHTML%252C%2520like%2520Gecko%2529%2520Chrome%252F144.0.0.0%2520Safari%252F537.36%26make%3DGoogle%26ifa%3D%26adom%3Dsftravel.com%26crid%3D8fa79645-d42c-4d79-bc55-8cdda470d23f%26cat%3D20-8%26nurl%3Dhttps%253A%252F%252Fvideo.quantcount.com%252F8fa79645-d42c-4d79-bc55-8cdda470d23f-wrapper.xml%253FCAMPAIGN_ID%253D9081161%2526AD_SET_ID%253D9227311%2526BID_STRATEGY_UUID%253Dff69dcd2-58fe-4591-9bdf-b0f21c915e95%2526IMPRESSION_ID%253D1189046238279030785%2526ACCOUNT_ID%253D%2524%257BACCOUNT_ID%257D%2526LOCAL_IP%253D192.184.73.59%2526CREATIVE_ID%253D10877538%2526QC_CACHEBUSTER%253D131064%2526QC_ACCOUNT%253Dp-90reCb6kWvAzQ%2526CREATIVE_UUID%253D8fa79645-d42c-4d79-bc55-8cdda470d23f%2526VAST_VERSION%253D3.0%2526QC_PRICE%253D%2524%257BEMX_NURL%257D%2526QC_PIXEL_DATA%253DEBc6EWh0dHBzOi8vZmJyZWYuY29tWihFLVVDcGtDNURLOEk2ZzZxUUxrWHJSWHBEX3dJN0FMOFEtOEowd3BMgAGIlNrxCroBFTQ1MTE3NzA1ODE2MDczNjEwNzBhMMABmNQLyAH-0fKBxTPaARU4MzAxNzcwODcyNjc4NjQ4NzcxZTGwAgjIAgDQAs7hhvv4n_fMqQHoAinyAg4Il7AREMOsoIG9tI3xUPICDAgAEJzQjeKx8ovADfICDgj07C4Q2dmA_r_e9dJe8gINCCkQ_dixhYHfoImVAfICDwj1kSsQgaukrLXg8prGAfgCAYoDBDEzNjmSAwNlbXiYAwGoAwCyAwRJ_nPkugMSCZFF_ljS3Gn_EZVekRzysN-bwgMSCXlNLNRFlqePET_ScKTdjFW8yAPTioAQ2AP466WOBeIDD3AtOTByZUNiNmtXdkF6UeoDBgiABRCGA_IDBTk4MTA3-AMAgATM2QaKBAI3N5oEEgkNT4FkkPM7GRGqfZm23EnNlKIEEgmRRf5Y0txp_xGVXpEc8rDfm6oEEgmRRf5Y0txp_xGVXpEc8rDfm7gE0AXQBAjyBAJVU4AFAYoFKjIwNTEwYTQwYjA2NjUzZTI2MThkNTA2MTE4OTkyYmFjODliYzY4Y2YzM5AFAZoFFSBRCkCwZlPiYY1QYRiZK6yJvGjPM6IFJHhQNTA2dERyYU9XV3FXaVB6YVJOeE1uMFZvdVUwQVFjREZVPbAFArgFAMAFiJTa8QrIBcmiqgTSBQYIAhACGBvoBQbwBQP4BQOABgCaBhQKEgnJTOVIxZI_xxFH_lI_AEZJi6AGALUG0ccvOLoGWwoCVVMSAldBGLMGIgdzZWF0dGxlKgU5ODEwNzonY29tY2FzdCUyMGNhYmxlJTIwY29tbXVuaWNhdGlvbnMlMjBpbmMuWhVjb21jYXN0JTIwY29ycG9yYXRpb27JBhzQIv5AV4AQ0AYe2AYe4gYJX2ZwLmV2ZW506gYUaHR0cHM6Ly9zZnRyYXZlbC5jb23xBgHYIv5AV4AQgAcAigcSCXlNLNRFlqePET_ScKTdjFW8qAcAsAevmLMEuAfi9JcF2AcE%2526QC_RAND%253D1372157432%2526BUNDLE_ID%253D%2526QC_HOST%253Dquantserve.com%2526QC_CONSENT_STRING_AMPERSAND%253D%26burlv2%3DaHR0cHMlM0ElMkYlMkZ1cy1lYXN0LW5vdGlmeS1ydGIucXVhbnRzZXJ2ZS5jb20lM0E4NDQzJTJGZW14X25vdGlmeSUzRmF1Y3Rpb25JZCUzRDgzMDE3NzA4NzI2Nzg2NDg3NzFlMSUyNndpblByaWNlJTNEJTI0JTdCRU1YX0JVUkwlN0QlMjZydGJkYXRhMiUzREVCZUtBd1F4TXpZNWtnTURaVzE0bUFNQnVnTVNDWkZGX2xqUzNHbl9FWlZla1J6eXNOLWJ3Z01TQ1hsTkxOUkZscWVQRVRfU2NLVGRqRlc4eUFYSm9xb0UwZ1VHQ0FJUUFoZ2J5UVljMENMLVFGZUFFUEVHQWRnaV9rQlhnQkElMjZub3RpZmljYXRpb25UeXBlJTNEYmlsbGluZyUyNmxhYmVscyUzRF9xYy5ub3RpZmljYXRpb24%3D%5D%5D%3E%3C%2FImpression%3E%3CImpression%3E%3C%21%5BCDATA%5Bhttps%3A%2F%2Ftpsc-video-ue.doubleverify.com%2Fvisit.jpg%3Fvstevt%3D2%26tagtype%3Dvideo%26ctx%3D23690628%26cmp%3DDV639826%26adsrv%3D0%26ppid%3D306%26dup%3D5ca9feb8-99cf-407f-80be-7910c5332b54%26sid%3Dcadent%26plc%3Dcadent-video-iqmfv%26DVP_DV_CT%3D2%26aufilter1%3Dssp%26aufilter2%3DIQMFV%26auadid%3D178013%26auxch%3D8301770872678648771e1%26pltfrm%3D1369%26audvc%3DGoogle%26ausite%3D21055%26c1%3DSSP%26aubndl%3Dfbref.com%26auip%3D73.254.115.228%26DVPX_PP_AUCTION_UA%3DMozilla%252F5.0%2520%2528Macintosh%253B%2520Intel%2520Mac%2520OS%2520X%252010_15_7%2529%2520AppleWebKit%252F537.36%2520%2528KHTML%252C%2520like%2520Gecko%2529%2520Chrome%252F144.0.0.0%2520Safari%252F537.36%26turl%3Dfbref.com%26DVP_TS%3D%5Btimestamp%5D%5D%5D%3E%3C%2FImpression%3E%3CError%3E%3C%21%5BCDATA%5Bhttps%3A%2F%2Fclient-imp-east-2.ssp.cadent.com%2Ferr%2F%3Fcp%3D0.19100%26ts%3D1770872679%26seat%3D77%26w%3D5%26h%3D5%26pb%3D0.16235%26sid%3D21055%26tid%3D178013%26pid%3D1369%26uid%3D8301770872678648771e1%26wid%3D20%26dom%3Dfbref.com%26tp%3DDUMMY%26mt%3D2%26dt%3D2%26st%3D1%26os%3Dmac%26ip%3D73.254.115.228%26sz%3D%26country%3DUS%26region%3DWA%26city%3DSeattle%26zip%3D98117%26dma%3D819%26agency_id%3D%26cluster%3Deast-a9%26browser%3Dchrome%26rf%3DDUMMY%26data_fee_type%3D%26data_fee%3D0%26clstr_nm%3Dbiddrcloud-east-8%26ua%3DMozilla%252F5.0%2520%2528Macintosh%253B%2520Intel%2520Mac%2520OS%2520X%252010_15_7%2529%2520AppleWebKit%252F537.36%2520%2528KHTML%252C%2520like%2520Gecko%2529%2520Chrome%252F144.0.0.0%2520Safari%252F537.36%26make%3DGoogle%26ifa%3D%26adom%3Dsftravel.com%26crid%3D8fa79645-d42c-4d79-bc55-8cdda470d23f%26cat%3D20-8%26error_code%3D%5BERRORCODE%5D%5D%5D%3E%3C%2FError%3E%3C%2FWrapper%3E%3C%2FAd%3E%3C%2FVAST%3E @ https://js.ssp.cadent.com/ovvbundle_moat.js:0
[LOG] XML endpoint is not url. Attempt to parse out as a URL encoded XML string. @ https://js.ssp.cadent.com/ovvbundle_moat.js:0
[LOG] endpoint before https://unified.adsafeprotected.com/v2/2184109/81709905?omidPartner=[OMIDPARTNER]&apiframeworks=[APIFRAMEWORKS]&bundleId=[BUNDLEID]&ias_advId=${ACCOUNT_ID}&ias_creativeId=10877538&ias_campId=9081161&ias_placementId=9227311&ias_xappb=&adsafe_par&ias_impId=1189046238279030785&custom=8fa79645-d42c-4d79-bc55-8cdda470d23f&custom2=ff69dcd2-58fe-4591-9bdf-b0f21c915e95&custom3=p-90reCb6kWvAzQ&originalVast=https://video.quantcount.com/8fa79645-d42c-4d79-bc55-8cdda470d23f.xml?VAST_VERSION=3.0 @ https://js.ssp.cadent.com/ovvbundle_moat.js:0
[LOG] endpoint replaced https://unified.adsafeprotected.com/v2/2184109/81709905?omidPartner=[OMIDPARTNER]&apiframeworks=[APIFRAMEWORKS]&bundleId=[BUNDLEID]&ias_advId=${ACCOUNT_ID}&ias_creativeId=10877538&ias_campId=9081161&ias_placementId=9227311&ias_xappb=&adsafe_par&ias_impId=1189046238279030785&custom=8fa79645-d42c-4d79-bc55-8cdda470d23f&custom2=ff69dcd2-58fe-4591-9bdf-b0f21c915e95&custom3=p-90reCb6kWvAzQ&originalVast=https://video.quantcount.com/8fa79645-d42c-4d79-bc55-8cdda470d23f.xml?VAST_VERSION=3.0 @ https://js.ssp.cadent.com/ovvbundle_moat.js:0
[LOG] Unmeasureable @ https://js.ssp.cadent.com/ovvbundle_moat.js:0
[WARNING] A preload for 'https://cdn.ssref.net/req/202602051/css/fb/sr-min.css' is found, but is not used because the request credentials mode does not match. Consider taking a look at crossorigin attribute. @ https://fbref.com/en/squads/c7a9f859/2025-2026/matchlogs/all_comps/schedule/Leverkusen-Scores-and-Fixtures-All-Competitions:50
[WARNING] [GPT] Unrecognized property encountered when calling setConfig: googletag.setConfig.contentPause
https://goo.gle/gpt-message#158 @ https://securepubads.g.doubleclick.net/pagead/managed/js/gpt/m202602090101/pubads_impl.js?cb=31096699:18
Uncaught Error: Invalid command: getGPPData
    at <anonymous> (https://cmp.osano.com/16CGnCU8UtNhM14sg/12669873-8cf8-41e2-be1f-1cb803cbffe0/osano.js:1:225454)
    at <anonymous> (https://cmp.osano.com/16CGnCU8UtNhM14sg/12669873-8cf8-41e2-be1f-1cb803cbffe0/osano.js:1:223655)
Uncaught Error: Invalid command: getGPPData
    at <anonymous> (https://cmp.osano.com/16CGnCU8UtNhM14sg/12669873-8cf8-41e2-be1f-1cb803cbffe0/osano.js:1:225454)
    at <anonymous> (https://cmp.osano.com/16CGnCU8UtNhM14sg/12669873-8cf8-41e2-be1f-1cb803cbffe0/osano.js:1:223655)
[WARNING] [Audigent] script has already been initialised. Skip further execution @ https://a.ad.gt/api/v1/u/matches/454?_it=0:0
[LOG] Called iframe: ads.pubmatic.com [] 
Number of topics:  0 @ https://ads.pubmatic.com/AdServer/js/topics/topics_frame.html?bidder=pubmatic:19
[LOG] Called iframe: pa.openx.net [] 
Number of topics:  0 @ https://pa.openx.net/topics_frame.html?bidder=openx:15
Uncaught Error: Invalid command: getGPPData
    at <anonymous> (https://cmp.osano.com/16CGnCU8UtNhM14sg/12669873-8cf8-41e2-be1f-1cb803cbffe0/osano.js:1:225454)
    at <anonymous> (https://cmp.osano.com/16CGnCU8UtNhM14sg/12669873-8cf8-41e2-be1f-1cb803cbffe0/osano.js:1:223655)
Uncaught Error: Invalid command: getGPPData
    at <anonymous> (https://cmp.osano.com/16CGnCU8UtNhM14sg/12669873-8cf8-41e2-be1f-1cb803cbffe0/osano.js:1:225454)
    at <anonymous> (https://cmp.osano.com/16CGnCU8UtNhM14sg/12669873-8cf8-41e2-be1f-1cb803cbffe0/osano.js:1:223655)
[WARNING] [Audigent] script has already been initialised. Skip further execution @ https://a.ad.gt/api/v1/u/matches/454?_it=amazon:0
Uncaught Error: Invalid command: getGPPData
    at <anonymous> (https://cmp.osano.com/16CGnCU8UtNhM14sg/12669873-8cf8-41e2-be1f-1cb803cbffe0/osano.js:1:225454)
    at <anonymous> (https://cmp.osano.com/16CGnCU8UtNhM14sg/12669873-8cf8-41e2-be1f-1cb803cbffe0/osano.js:1:223655)
Uncaught Error: Invalid command: getGPPData
    at <anonymous> (https://cmp.osano.com/16CGnCU8UtNhM14sg/12669873-8cf8-41e2-be1f-1cb803cbffe0/osano.js:1:225454)
    at <anonymous> (https://cmp.osano.com/16CGnCU8UtNhM14sg/12669873-8cf8-41e2-be1f-1cb803cbffe0/osano.js:1:223655)
[WARNING] A preload for 'https://cdn.ssref.net/req/202602051/css/fb/sr-min.css' is found, but is not used because the request credentials mode does not match. Consider taking a look at crossorigin attribute. @ https://fbref.com/en/squads/fd6114db/2025-2026/matchlogs/all_comps/schedule/Monaco-Scores-and-Fixtures-All-Competitions:50
[WARNING] [GPT] Unrecognized property encountered when calling setConfig: googletag.setConfig.contentPause
https://goo.gle/gpt-message#158 @ https://securepubads.g.doubleclick.net/pagead/managed/js/gpt/m202602090101/pubads_impl.js?cb=31096699:18
Uncaught Error: Invalid command: getGPPData
    at <anonymous> (https://cmp.osano.com/16CGnCU8UtNhM14sg/12669873-8cf8-41e2-be1f-1cb803cbffe0/osano.js:1:225454)
    at <anonymous> (https://cmp.osano.com/16CGnCU8UtNhM14sg/12669873-8cf8-41e2-be1f-1cb803cbffe0/osano.js:1:223655)
Uncaught Error: Invalid command: getGPPData
    at <anonymous> (https://cmp.osano.com/16CGnCU8UtNhM14sg/12669873-8cf8-41e2-be1f-1cb803cbffe0/osano.js:1:225454)
    at <anonymous> (https://cmp.osano.com/16CGnCU8UtNhM14sg/12669873-8cf8-41e2-be1f-1cb803cbffe0/osano.js:1:223655)
[LOG] Called iframe: pa.openx.net [] 
Number of topics:  0 @ https://pa.openx.net/topics_frame.html?bidder=openx:15
[LOG] Called iframe: ads.pubmatic.com [] 
Number of topics:  0 @ https://ads.pubmatic.com/AdServer/js/topics/topics_frame.html?bidder=pubmatic:19
[WARNING] [Audigent] script has already been initialised. Skip further execution @ https://a.ad.gt/api/v1/u/matches/454?_it=0:0
Uncaught Error: Invalid command: getGPPData
    at <anonymous> (https://cmp.osano.com/16CGnCU8UtNhM14sg/12669873-8cf8-41e2-be1f-1cb803cbffe0/osano.js:1:225454)
    at <anonymous> (https://cmp.osano.com/16CGnCU8UtNhM14sg/12669873-8cf8-41e2-be1f-1cb803cbffe0/osano.js:1:223655)
Uncaught Error: Invalid command: getGPPData
    at <anonymous> (https://cmp.osano.com/16CGnCU8UtNhM14sg/12669873-8cf8-41e2-be1f-1cb803cbffe0/osano.js:1:225454)
    at <anonymous> (https://cmp.osano.com/16CGnCU8UtNhM14sg/12669873-8cf8-41e2-be1f-1cb803cbffe0/osano.js:1:223655)
[WARNING] [Audigent] script has already been initialised. Skip further execution @ https://a.ad.gt/api/v1/u/matches/454?_it=amazon:0
Uncaught Error: Invalid command: getGPPData
    at <anonymous> (https://cmp.osano.com/16CGnCU8UtNhM14sg/12669873-8cf8-41e2-be1f-1cb803cbffe0/osano.js:1:225454)
    at <anonymous> (https://cmp.osano.com/16CGnCU8UtNhM14sg/12669873-8cf8-41e2-be1f-1cb803cbffe0/osano.js:1:223655)
Uncaught Error: Invalid command: getGPPData
    at <anonymous> (https://cmp.osano.com/16CGnCU8UtNhM14sg/12669873-8cf8-41e2-be1f-1cb803cbffe0/osano.js:1:225454)
    at <anonymous> (https://cmp.osano.com/16CGnCU8UtNhM14sg/12669873-8cf8-41e2-be1f-1cb803cbffe0/osano.js:1:223655)
[ERROR] Attestation check for Shared Storage on https://securepubads.g.doubleclick.net failed. @ https://imasdk.googleapis.com/js/core/bridge3.741.1_en.html#deid=%22%22&eventfe_experiment_ids=%5B%5D&fid=%22goog_1888987637%22&genotype_experiment_data=%7B%22experimentStateProto%22%3A%22%5B%5B%5B45713128%2Cnull%2Cnull%2C%5B%5D%5D%2C%5Bnull%2C745150931%2Cnull%2C%5Bnull%2C1%5D%5D%2C%5Bnull%2C749060184%2Cnull%2C%5Bnull%2C128%5D%5D%2C%5B841585769%2Cnull%2Cnull%2C%5B1%5D%5D%2C%5B45722344%2Cnull%2Cnull%2C%5B%5D%5D%2C%5B45706017%2Cnull%2Cnull%2C%5B1%5D%5D%2C%5B45740207%2Cnull%2Cnull%2C%5B%5D%5D%2C%5B45668885%2Cnull%2Cnull%2C%5B%5D%5D%2C%5B45685340%2Cnull%2Cnull%2C%5B%5D%5D%2C%5B45734716%2Cnull%2Cnull%2C%5B%5D%5D%2C%5B45735891%2Cnull%2Cnull%2C%5B%5D%5D%2C%5B45663239%2Cnull%2Cnull%2C%5B%5D%5D%2C%5B45715032%2Cnull%2Cnull%2C%5B1%5D%5D%2C%5B45661356%2Cnull%2Cnull%2C%5B%5D%5D%2C%5B839547366%2Cnull%2Cnull%2C%5B1%5D%5D%2C%5B45676441%2Cnull%2Cnull%2C%5B%5D%5D%2C%5B45675307%2Cnull%2Cnull%2C%5B1%5D%5D%2C%5B45675308%2Cnull%2Cnull%2C%5B1%5D%5D%2C%5Bnull%2C45645574%2Cnull%2C%5B%5D%5D%2C%5B45688859%2Cnull%2Cnull%2C%5B%5D%5D%2C%5B45656766%2Cnull%2Cnull%2C%5B%5D%5D%2C%5B45710689%2Cnull%2Cnull%2C%5B%5D%5D%2C%5B45710688%2Cnull%2Cnull%2C%5B1%5D%5D%2C%5B45685601%2Cnull%2Cnull%2C%5B%5D%5D%2C%5Bnull%2C45685602%2Cnull%2C%5Bnull%2C500%5D%5D%2C%5B45756824%2Cnull%2Cnull%2C%5B%5D%5D%2C%5B45747172%2Cnull%2Cnull%2C%5B%5D%5D%2C%5B775241416%2Cnull%2Cnull%2C%5B%5D%5D%2C%5B781107959%2Cnull%2Cnull%2C%5B%5D%5D%2C%5B781107958%2Cnull%2Cnull%2C%5B%5D%5D%2C%5B792614055%2Cnull%2Cnull%2C%5B%5D%5D%2C%5B781107957%2Cnull%2Cnull%2C%5B%5D%5D%2C%5B45729602%2Cnull%2Cnull%2C%5B%5D%5D%2C%5B45753603%2Cnull%2Cnull%2C%5B%5D%5D%2C%5B45753604%2Cnull%2Cnull%2C%5B%5D%5D%2C%5B45658982%2Cnull%2Cnull%2C%5B%5D%5D%2C%5B45725657%2Cnull%2Cnull%2C%5B%5D%5D%5D%2C%5B%5B16%2C%5B%5B1%2C%5B%5B31089630%5D%2C%5B31089631%2C%5B%5B45668885%2Cnull%2Cnull%2C%5B1%5D%5D%5D%5D%5D%5D%2C%5B1000%2C%5B%5B95332046%5D%5D%5D%2C%5Bnull%2C%5B%5B95332047%5D%5D%5D%2C%5B10%2C%5B%5B95338769%2C%5B%5Bnull%2C45645574%2Cnull%2C%5Bnull%2C1%5D%5D%5D%5D%2C%5B95338770%2C%5B%5Bnull%2C45645574%2Cnull%2C%5Bnull%2C2%5D%5D%5D%5D%5D%5D%2C%5B50%2C%5B%5B95345206%5D%2C%5B95345207%2C%5B%5B45661356%2Cnull%2Cnull%2C%5B1%5D%5D%5D%5D%5D%5D%2C%5B1%2C%5B%5B95351425%5D%2C%5B95351426%2C%5B%5B45676441%2Cnull%2Cnull%2C%5B1%5D%5D%5D%5D%5D%5D%2C%5B20%2C%5B%5B95356068%5D%2C%5B95356069%2C%5B%5B45685601%2Cnull%2Cnull%2C%5B%5D%5D%2C%5Bnull%2C45685602%2Cnull%2C%5B%5D%5D%5D%5D%2C%5B95356070%2C%5B%5B45685601%2Cnull%2Cnull%2C%5B1%5D%5D%2C%5Bnull%2C45685602%2Cnull%2C%5B%5D%5D%5D%5D%2C%5B95356071%2C%5B%5B45685601%2Cnull%2Cnull%2C%5B1%5D%5D%2C%5Bnull%2C45685602%2Cnull%2C%5Bnull%2C100%5D%5D%5D%5D%5D%5D%2C%5B1%2C%5B%5B95373378%2C%5B%5B792614055%2Cnull%2Cnull%2C%5B1%5D%5D%5D%5D%2C%5B95373379%2C%5B%5B45747172%2Cnull%2Cnull%2C%5B1%5D%5D%2C%5B781107959%2Cnull%2Cnull%2C%5B1%5D%5D%2C%5B792614055%2Cnull%2Cnull%2C%5B1%5D%5D%2C%5B781107957%2Cnull%2Cnull%2C%5B1%5D%5D%5D%5D%5D%5D%2C%5Bnull%2C%5B%5B95375930%5D%2C%5B95375931%2C%5B%5B45734716%2Cnull%2Cnull%2C%5B1%5D%5D%5D%5D%2C%5B95376520%2C%5B%5B45734716%2Cnull%2Cnull%2C%5B1%5D%5D%2C%5B45735891%2Cnull%2Cnull%2C%5B1%5D%5D%5D%5D%5D%5D%2C%5Bnull%2C%5B%5B95378095%5D%2C%5B95378096%2C%5B%5B45740207%2Cnull%2Cnull%2C%5B1%5D%5D%5D%5D%5D%5D%2C%5B10%2C%5B%5B95378629%5D%2C%5B95378630%2C%5B%5B45729602%2Cnull%2Cnull%2C%5B1%5D%5D%5D%5D%2C%5B95381582%2C%5B%5B45729602%2Cnull%2Cnull%2C%5B1%5D%5D%2C%5B45753603%2Cnull%2Cnull%2C%5B1%5D%5D%5D%5D%2C%5B95381583%2C%5B%5B45729602%2Cnull%2Cnull%2C%5B1%5D%5D%2C%5B45753604%2Cnull%2Cnull%2C%5B1%5D%5D%5D%5D%5D%5D%2C%5Bnull%2C%5B%5B95382403%5D%2C%5B95382404%2C%5B%5B45756824%2Cnull%2Cnull%2C%5B1%5D%5D%5D%5D%5D%5D%5D%5D%5D%2Cnull%2Cnull%2C%5Bnull%2C1000%2C1%2C1000%5D%5D%22%7D&imalib_experiments=%5B95322027%2C95331589%2C95332046%5D&is_eap_loader=false&managed_js_experiment_id=0&page_correlator=3051597881488707&pvsid=8466455214733271&top_accessible_page_url=%22https%3A%2F%2Ffbref.com%2Fen%2Fsquads%2Ffd6114db%2F2025-2026%2Fmatchlogs%2Fall_comps%2Fschedule%2FMonaco-Scores-and-Fixtures-All-Competitions%22:0
[WARNING] A preload for 'https://cdn.ssref.net/req/202602051/css/fb/sr-min.css' is found, but is not used because the request credentials mode does not match. Consider taking a look at crossorigin attribute. @ https://fbref.com/en/squads/b2b47a98/2025-2026/matchlogs/all_comps/schedule/Newcastle-United-Scores-and-Fixtures-All-Competitions:50
[WARNING] [GPT] Unrecognized property encountered when calling setConfig: googletag.setConfig.contentPause
https://goo.gle/gpt-message#158 @ https://securepubads.g.doubleclick.net/pagead/managed/js/gpt/m202602090101/pubads_impl.js?cb=31096699:18
Uncaught Error: Invalid command: getGPPData
    at <anonymous> (https://cmp.osano.com/16CGnCU8UtNhM14sg/12669873-8cf8-41e2-be1f-1cb803cbffe0/osano.js:1:225454)
    at <anonymous> (https://cmp.osano.com/16CGnCU8UtNhM14sg/12669873-8cf8-41e2-be1f-1cb803cbffe0/osano.js:1:223655)
Uncaught Error: Invalid command: getGPPData
    at <anonymous> (https://cmp.osano.com/16CGnCU8UtNhM14sg/12669873-8cf8-41e2-be1f-1cb803cbffe0/osano.js:1:225454)
    at <anonymous> (https://cmp.osano.com/16CGnCU8UtNhM14sg/12669873-8cf8-41e2-be1f-1cb803cbffe0/osano.js:1:223655)
[LOG] Called iframe: pa.openx.net [] 
Number of topics:  0 @ https://pa.openx.net/topics_frame.html?bidder=openx:15
[LOG] Called iframe: ads.pubmatic.com [] 
Number of topics:  0 @ https://ads.pubmatic.com/AdServer/js/topics/topics_frame.html?bidder=pubmatic:19
[WARNING] [Audigent] script has already been initialised. Skip further execution @ https://a.ad.gt/api/v1/u/matches/454?_it=0:0
Uncaught Error: Invalid command: getGPPData
    at <anonymous> (https://cmp.osano.com/16CGnCU8UtNhM14sg/12669873-8cf8-41e2-be1f-1cb803cbffe0/osano.js:1:225454)
    at <anonymous> (https://cmp.osano.com/16CGnCU8UtNhM14sg/12669873-8cf8-41e2-be1f-1cb803cbffe0/osano.js:1:223655)
Uncaught Error: Invalid command: getGPPData
    at <anonymous> (https://cmp.osano.com/16CGnCU8UtNhM14sg/12669873-8cf8-41e2-be1f-1cb803cbffe0/osano.js:1:225454)
    at <anonymous> (https://cmp.osano.com/16CGnCU8UtNhM14sg/12669873-8cf8-41e2-be1f-1cb803cbffe0/osano.js:1:223655)
[WARNING] [Audigent] script has already been initialised. Skip further execution @ https://a.ad.gt/api/v1/u/matches/454?_it=amazon:0
Uncaught Error: Invalid command: getGPPData
    at <anonymous> (https://cmp.osano.com/16CGnCU8UtNhM14sg/12669873-8cf8-41e2-be1f-1cb803cbffe0/osano.js:1:225454)
    at <anonymous> (https://cmp.osano.com/16CGnCU8UtNhM14sg/12669873-8cf8-41e2-be1f-1cb803cbffe0/osano.js:1:223655)
Uncaught Error: Invalid command: getGPPData
    at <anonymous> (https://cmp.osano.com/16CGnCU8UtNhM14sg/12669873-8cf8-41e2-be1f-1cb803cbffe0/osano.js:1:225454)
    at <anonymous> (https://cmp.osano.com/16CGnCU8UtNhM14sg/12669873-8cf8-41e2-be1f-1cb803cbffe0/osano.js:1:223655)
[ERROR] Attestation check for Shared Storage on https://securepubads.g.doubleclick.net failed. @ https://imasdk.googleapis.com/js/core/bridge3.741.1_en.html#deid=%22%22&eventfe_experiment_ids=%5B%5D&fid=%22goog_2804617%22&genotype_experiment_data=%7B%22experimentStateProto%22%3A%22%5B%5B%5B45713128%2Cnull%2Cnull%2C%5B%5D%5D%2C%5Bnull%2C745150931%2Cnull%2C%5Bnull%2C1%5D%5D%2C%5Bnull%2C749060184%2Cnull%2C%5Bnull%2C128%5D%5D%2C%5B841585769%2Cnull%2Cnull%2C%5B1%5D%5D%2C%5B45722344%2Cnull%2Cnull%2C%5B%5D%5D%2C%5B45706017%2Cnull%2Cnull%2C%5B1%5D%5D%2C%5B45740207%2Cnull%2Cnull%2C%5B%5D%5D%2C%5B45668885%2Cnull%2Cnull%2C%5B%5D%5D%2C%5B45685340%2Cnull%2Cnull%2C%5B%5D%5D%2C%5B45734716%2Cnull%2Cnull%2C%5B%5D%5D%2C%5B45735891%2Cnull%2Cnull%2C%5B%5D%5D%2C%5B45663239%2Cnull%2Cnull%2C%5B%5D%5D%2C%5B45715032%2Cnull%2Cnull%2C%5B1%5D%5D%2C%5B45661356%2Cnull%2Cnull%2C%5B%5D%5D%2C%5B839547366%2Cnull%2Cnull%2C%5B1%5D%5D%2C%5B45676441%2Cnull%2Cnull%2C%5B%5D%5D%2C%5B45675307%2Cnull%2Cnull%2C%5B1%5D%5D%2C%5B45675308%2Cnull%2Cnull%2C%5B1%5D%5D%2C%5Bnull%2C45645574%2Cnull%2C%5B%5D%5D%2C%5B45688859%2Cnull%2Cnull%2C%5B%5D%5D%2C%5B45656766%2Cnull%2Cnull%2C%5B%5D%5D%2C%5B45710689%2Cnull%2Cnull%2C%5B%5D%5D%2C%5B45710688%2Cnull%2Cnull%2C%5B1%5D%5D%2C%5B45685601%2Cnull%2Cnull%2C%5B%5D%5D%2C%5Bnull%2C45685602%2Cnull%2C%5Bnull%2C500%5D%5D%2C%5B45756824%2Cnull%2Cnull%2C%5B%5D%5D%2C%5B45747172%2Cnull%2Cnull%2C%5B%5D%5D%2C%5B775241416%2Cnull%2Cnull%2C%5B%5D%5D%2C%5B781107959%2Cnull%2Cnull%2C%5B%5D%5D%2C%5B781107958%2Cnull%2Cnull%2C%5B%5D%5D%2C%5B792614055%2Cnull%2Cnull%2C%5B%5D%5D%2C%5B781107957%2Cnull%2Cnull%2C%5B%5D%5D%2C%5B45729602%2Cnull%2Cnull%2C%5B%5D%5D%2C%5B45753603%2Cnull%2Cnull%2C%5B%5D%5D%2C%5B45753604%2Cnull%2Cnull%2C%5B%5D%5D%2C%5B45658982%2Cnull%2Cnull%2C%5B%5D%5D%2C%5B45725657%2Cnull%2Cnull%2C%5B%5D%5D%5D%2C%5B%5B16%2C%5B%5B1%2C%5B%5B31089630%5D%2C%5B31089631%2C%5B%5B45668885%2Cnull%2Cnull%2C%5B1%5D%5D%5D%5D%5D%5D%2C%5B1000%2C%5B%5B95332046%5D%5D%5D%2C%5Bnull%2C%5B%5B95332047%5D%5D%5D%2C%5B10%2C%5B%5B95338769%2C%5B%5Bnull%2C45645574%2Cnull%2C%5Bnull%2C1%5D%5D%5D%5D%2C%5B95338770%2C%5B%5Bnull%2C45645574%2Cnull%2C%5Bnull%2C2%5D%5D%5D%5D%5D%5D%2C%5B50%2C%5B%5B95345206%5D%2C%5B95345207%2C%5B%5B45661356%2Cnull%2Cnull%2C%5B1%5D%5D%5D%5D%5D%5D%2C%5B1%2C%5B%5B95351425%5D%2C%5B95351426%2C%5B%5B45676441%2Cnull%2Cnull%2C%5B1%5D%5D%5D%5D%5D%5D%2C%5B20%2C%5B%5B95356068%5D%2C%5B95356069%2C%5B%5B45685601%2Cnull%2Cnull%2C%5B%5D%5D%2C%5Bnull%2C45685602%2Cnull%2C%5B%5D%5D%5D%5D%2C%5B95356070%2C%5B%5B45685601%2Cnull%2Cnull%2C%5B1%5D%5D%2C%5Bnull%2C45685602%2Cnull%2C%5B%5D%5D%5D%5D%2C%5B95356071%2C%5B%5B45685601%2Cnull%2Cnull%2C%5B1%5D%5D%2C%5Bnull%2C45685602%2Cnull%2C%5Bnull%2C100%5D%5D%5D%5D%5D%5D%2C%5B1%2C%5B%5B95373378%2C%5B%5B792614055%2Cnull%2Cnull%2C%5B1%5D%5D%5D%5D%2C%5B95373379%2C%5B%5B45747172%2Cnull%2Cnull%2C%5B1%5D%5D%2C%5B781107959%2Cnull%2Cnull%2C%5B1%5D%5D%2C%5B792614055%2Cnull%2Cnull%2C%5B1%5D%5D%2C%5B781107957%2Cnull%2Cnull%2C%5B1%5D%5D%5D%5D%5D%5D%2C%5Bnull%2C%5B%5B95375930%5D%2C%5B95375931%2C%5B%5B45734716%2Cnull%2Cnull%2C%5B1%5D%5D%5D%5D%2C%5B95376520%2C%5B%5B45734716%2Cnull%2Cnull%2C%5B1%5D%5D%2C%5B45735891%2Cnull%2Cnull%2C%5B1%5D%5D%5D%5D%5D%5D%2C%5Bnull%2C%5B%5B95378095%5D%2C%5B95378096%2C%5B%5B45740207%2Cnull%2Cnull%2C%5B1%5D%5D%5D%5D%5D%5D%2C%5B10%2C%5B%5B95378629%5D%2C%5B95378630%2C%5B%5B45729602%2Cnull%2Cnull%2C%5B1%5D%5D%5D%5D%2C%5B95381582%2C%5B%5B45729602%2Cnull%2Cnull%2C%5B1%5D%5D%2C%5B45753603%2Cnull%2Cnull%2C%5B1%5D%5D%5D%5D%2C%5B95381583%2C%5B%5B45729602%2Cnull%2Cnull%2C%5B1%5D%5D%2C%5B45753604%2Cnull%2Cnull%2C%5B1%5D%5D%5D%5D%5D%5D%2C%5Bnull%2C%5B%5B95382403%5D%2C%5B95382404%2C%5B%5B45756824%2Cnull%2Cnull%2C%5B1%5D%5D%5D%5D%5D%5D%5D%5D%5D%2Cnull%2Cnull%2C%5Bnull%2C1000%2C1%2C1000%5D%5D%22%7D&imalib_experiments=%5B95322027%2C95331589%2C95332046%5D&is_eap_loader=false&managed_js_experiment_id=0&page_correlator=343358278591325&pvsid=2074785355152074&top_accessible_page_url=%22https%3A%2F%2Ffbref.com%2Fen%2Fsquads%2Fb2b47a98%2F2025-2026%2Fmatchlogs%2Fall_comps%2Fschedule%2FNewcastle-United-Scores-and-Fixtures-All-Competitions%22:0
[WARNING] A preload for 'https://cdn.ssref.net/req/202602051/css/fb/sr-min.css' is found, but is not used because the request credentials mode does not match. Consider taking a look at crossorigin attribute. @ https://fbref.com/en/squads/2fdb4aef/2025-2026/matchlogs/all_comps/schedule/Olympiacos-Scores-and-Fixtures-All-Competitions:50
[WARNING] [GPT] Unrecognized property encountered when calling setConfig: googletag.setConfig.contentPause
https://goo.gle/gpt-message#158 @ https://securepubads.g.doubleclick.net/pagead/managed/js/gpt/m202602090101/pubads_impl.js?cb=31096699:18
Uncaught Error: Invalid command: getGPPData
    at <anonymous> (https://cmp.osano.com/16CGnCU8UtNhM14sg/12669873-8cf8-41e2-be1f-1cb803cbffe0/osano.js:1:225454)
    at <anonymous> (https://cmp.osano.com/16CGnCU8UtNhM14sg/12669873-8cf8-41e2-be1f-1cb803cbffe0/osano.js:1:223655)
Uncaught Error: Invalid command: getGPPData
    at <anonymous> (https://cmp.osano.com/16CGnCU8UtNhM14sg/12669873-8cf8-41e2-be1f-1cb803cbffe0/osano.js:1:225454)
    at <anonymous> (https://cmp.osano.com/16CGnCU8UtNhM14sg/12669873-8cf8-41e2-be1f-1cb803cbffe0/osano.js:1:223655)
[LOG] Called iframe: pa.openx.net [] 
Number of topics:  0 @ https://pa.openx.net/topics_frame.html?bidder=openx:15
[LOG] Called iframe: ads.pubmatic.com [] 
Number of topics:  0 @ https://ads.pubmatic.com/AdServer/js/topics/topics_frame.html?bidder=pubmatic:19
Uncaught Error: Invalid command: getGPPData
    at <anonymous> (https://cmp.osano.com/16CGnCU8UtNhM14sg/12669873-8cf8-41e2-be1f-1cb803cbffe0/osano.js:1:225454)
    at <anonymous> (https://cmp.osano.com/16CGnCU8UtNhM14sg/12669873-8cf8-41e2-be1f-1cb803cbffe0/osano.js:1:223655)
Uncaught Error: Invalid command: getGPPData
    at <anonymous> (https://cmp.osano.com/16CGnCU8UtNhM14sg/12669873-8cf8-41e2-be1f-1cb803cbffe0/osano.js:1:225454)
    at <anonymous> (https://cmp.osano.com/16CGnCU8UtNhM14sg/12669873-8cf8-41e2-be1f-1cb803cbffe0/osano.js:1:223655)
[WARNING] [Audigent] script has already been initialised. Skip further execution @ https://a.ad.gt/api/v1/u/matches/454?_it=amazon:0
Uncaught Error: Invalid command: getGPPData
    at <anonymous> (https://cmp.osano.com/16CGnCU8UtNhM14sg/12669873-8cf8-41e2-be1f-1cb803cbffe0/osano.js:1:225454)
    at <anonymous> (https://cmp.osano.com/16CGnCU8UtNhM14sg/12669873-8cf8-41e2-be1f-1cb803cbffe0/osano.js:1:223655)
Uncaught Error: Invalid command: getGPPData
    at <anonymous> (https://cmp.osano.com/16CGnCU8UtNhM14sg/12669873-8cf8-41e2-be1f-1cb803cbffe0/osano.js:1:225454)
    at <anonymous> (https://cmp.osano.com/16CGnCU8UtNhM14sg/12669873-8cf8-41e2-be1f-1cb803cbffe0/osano.js:1:223655)
[ERROR] Attestation check for Shared Storage on https://securepubads.g.doubleclick.net failed. @ https://imasdk.googleapis.com/js/core/bridge3.741.1_en.html#deid=%22%22&eventfe_experiment_ids=%5B%5D&fid=%22goog_1367717483%22&genotype_experiment_data=%7B%22experimentStateProto%22%3A%22%5B%5B%5B45713128%2Cnull%2Cnull%2C%5B%5D%5D%2C%5Bnull%2C745150931%2Cnull%2C%5Bnull%2C1%5D%5D%2C%5Bnull%2C749060184%2Cnull%2C%5Bnull%2C128%5D%5D%2C%5B841585769%2Cnull%2Cnull%2C%5B1%5D%5D%2C%5B45722344%2Cnull%2Cnull%2C%5B%5D%5D%2C%5B45706017%2Cnull%2Cnull%2C%5B1%5D%5D%2C%5B45740207%2Cnull%2Cnull%2C%5B%5D%5D%2C%5B45668885%2Cnull%2Cnull%2C%5B%5D%5D%2C%5B45685340%2Cnull%2Cnull%2C%5B%5D%5D%2C%5B45734716%2Cnull%2Cnull%2C%5B%5D%5D%2C%5B45735891%2Cnull%2Cnull%2C%5B%5D%5D%2C%5B45663239%2Cnull%2Cnull%2C%5B%5D%5D%2C%5B45715032%2Cnull%2Cnull%2C%5B1%5D%5D%2C%5B45661356%2Cnull%2Cnull%2C%5B%5D%5D%2C%5B839547366%2Cnull%2Cnull%2C%5B1%5D%5D%2C%5B45676441%2Cnull%2Cnull%2C%5B%5D%5D%2C%5B45675307%2Cnull%2Cnull%2C%5B1%5D%5D%2C%5B45675308%2Cnull%2Cnull%2C%5B1%5D%5D%2C%5Bnull%2C45645574%2Cnull%2C%5B%5D%5D%2C%5B45688859%2Cnull%2Cnull%2C%5B%5D%5D%2C%5B45656766%2Cnull%2Cnull%2C%5B%5D%5D%2C%5B45710689%2Cnull%2Cnull%2C%5B%5D%5D%2C%5B45710688%2Cnull%2Cnull%2C%5B1%5D%5D%2C%5B45685601%2Cnull%2Cnull%2C%5B%5D%5D%2C%5Bnull%2C45685602%2Cnull%2C%5Bnull%2C500%5D%5D%2C%5B45756824%2Cnull%2Cnull%2C%5B%5D%5D%2C%5B45747172%2Cnull%2Cnull%2C%5B%5D%5D%2C%5B775241416%2Cnull%2Cnull%2C%5B%5D%5D%2C%5B781107959%2Cnull%2Cnull%2C%5B%5D%5D%2C%5B781107958%2Cnull%2Cnull%2C%5B%5D%5D%2C%5B792614055%2Cnull%2Cnull%2C%5B%5D%5D%2C%5B781107957%2Cnull%2Cnull%2C%5B%5D%5D%2C%5B45729602%2Cnull%2Cnull%2C%5B%5D%5D%2C%5B45753603%2Cnull%2Cnull%2C%5B%5D%5D%2C%5B45753604%2Cnull%2Cnull%2C%5B%5D%5D%2C%5B45658982%2Cnull%2Cnull%2C%5B%5D%5D%2C%5B45725657%2Cnull%2Cnull%2C%5B%5D%5D%5D%2C%5B%5B16%2C%5B%5B1%2C%5B%5B31089630%5D%2C%5B31089631%2C%5B%5B45668885%2Cnull%2Cnull%2C%5B1%5D%5D%5D%5D%5D%5D%2C%5B1000%2C%5B%5B95332046%5D%5D%5D%2C%5Bnull%2C%5B%5B95332047%5D%5D%5D%2C%5B10%2C%5B%5B95338769%2C%5B%5Bnull%2C45645574%2Cnull%2C%5Bnull%2C1%5D%5D%5D%5D%2C%5B95338770%2C%5B%5Bnull%2C45645574%2Cnull%2C%5Bnull%2C2%5D%5D%5D%5D%5D%5D%2C%5B50%2C%5B%5B95345206%5D%2C%5B95345207%2C%5B%5B45661356%2Cnull%2Cnull%2C%5B1%5D%5D%5D%5D%5D%5D%2C%5B1%2C%5B%5B95351425%5D%2C%5B95351426%2C%5B%5B45676441%2Cnull%2Cnull%2C%5B1%5D%5D%5D%5D%5D%5D%2C%5B20%2C%5B%5B95356068%5D%2C%5B95356069%2C%5B%5B45685601%2Cnull%2Cnull%2C%5B%5D%5D%2C%5Bnull%2C45685602%2Cnull%2C%5B%5D%5D%5D%5D%2C%5B95356070%2C%5B%5B45685601%2Cnull%2Cnull%2C%5B1%5D%5D%2C%5Bnull%2C45685602%2Cnull%2C%5B%5D%5D%5D%5D%2C%5B95356071%2C%5B%5B45685601%2Cnull%2Cnull%2C%5B1%5D%5D%2C%5Bnull%2C45685602%2Cnull%2C%5Bnull%2C100%5D%5D%5D%5D%5D%5D%2C%5B1%2C%5B%5B95373378%2C%5B%5B792614055%2Cnull%2Cnull%2C%5B1%5D%5D%5D%5D%2C%5B95373379%2C%5B%5B45747172%2Cnull%2Cnull%2C%5B1%5D%5D%2C%5B781107959%2Cnull%2Cnull%2C%5B1%5D%5D%2C%5B792614055%2Cnull%2Cnull%2C%5B1%5D%5D%2C%5B781107957%2Cnull%2Cnull%2C%5B1%5D%5D%5D%5D%5D%5D%2C%5Bnull%2C%5B%5B95375930%5D%2C%5B95375931%2C%5B%5B45734716%2Cnull%2Cnull%2C%5B1%5D%5D%5D%5D%2C%5B95376520%2C%5B%5B45734716%2Cnull%2Cnull%2C%5B1%5D%5D%2C%5B45735891%2Cnull%2Cnull%2C%5B1%5D%5D%5D%5D%5D%5D%2C%5Bnull%2C%5B%5B95378095%5D%2C%5B95378096%2C%5B%5B45740207%2Cnull%2Cnull%2C%5B1%5D%5D%5D%5D%5D%5D%2C%5B10%2C%5B%5B95378629%5D%2C%5B95378630%2C%5B%5B45729602%2Cnull%2Cnull%2C%5B1%5D%5D%5D%5D%2C%5B95381582%2C%5B%5B45729602%2Cnull%2Cnull%2C%5B1%5D%5D%2C%5B45753603%2Cnull%2Cnull%2C%5B1%5D%5D%5D%5D%2C%5B95381583%2C%5B%5B45729602%2Cnull%2Cnull%2C%5B1%5D%5D%2C%5B45753604%2Cnull%2Cnull%2C%5B1%5D%5D%5D%5D%5D%5D%2C%5Bnull%2C%5B%5B95382403%5D%2C%5B95382404%2C%5B%5B45756824%2Cnull%2Cnull%2C%5B1%5D%5D%5D%5D%5D%5D%5D%5D%5D%2Cnull%2Cnull%2C%5Bnull%2C1000%2C1%2C1000%5D%5D%22%7D&imalib_experiments=%5B44726389%2C95322027%2C95331589%2C95332046%2C95338769%5D&is_eap_loader=false&managed_js_experiment_id=0&page_correlator=2427490458512895&pvsid=676720286306007&top_accessible_page_url=%22https%3A%2F%2Ffbref.com%2Fen%2Fsquads%2F2fdb4aef%2F2025-2026%2Fmatchlogs%2Fall_comps%2Fschedule%2FOlympiacos-Scores-and-Fixtures-All-Competitions%22:0
[WARNING] A preload for 'https://cdn.ssref.net/req/202602051/css/fb/sr-min.css' is found, but is not used because the request credentials mode does not match. Consider taking a look at crossorigin attribute. @ https://fbref.com/en/squads/e2d8892c/2025-2026/matchlogs/all_comps/schedule/Paris-Saint-Germain-Scores-and-Fixtures-All-Competitions:50
[WARNING] [GPT] Unrecognized property encountered when calling setConfig: googletag.setConfig.contentPause
https://goo.gle/gpt-message#158 @ https://securepubads.g.doubleclick.net/pagead/managed/js/gpt/m202602090101/pubads_impl.js?cb=31096699:18
Uncaught Error: Invalid command: getGPPData
    at <anonymous> (https://cmp.osano.com/16CGnCU8UtNhM14sg/12669873-8cf8-41e2-be1f-1cb803cbffe0/osano.js:1:225454)
    at <anonymous> (https://cmp.osano.com/16CGnCU8UtNhM14sg/12669873-8cf8-41e2-be1f-1cb803cbffe0/osano.js:1:223655)
Uncaught Error: Invalid command: getGPPData
    at <anonymous> (https://cmp.osano.com/16CGnCU8UtNhM14sg/12669873-8cf8-41e2-be1f-1cb803cbffe0/osano.js:1:225454)
    at <anonymous> (https://cmp.osano.com/16CGnCU8UtNhM14sg/12669873-8cf8-41e2-be1f-1cb803cbffe0/osano.js:1:223655)
[LOG] Called iframe: ads.pubmatic.com [] 
Number of topics:  0 @ https://ads.pubmatic.com/AdServer/js/topics/topics_frame.html?bidder=pubmatic:19
[LOG] Called iframe: pa.openx.net [] 
Number of topics:  0 @ https://pa.openx.net/topics_frame.html?bidder=openx:15
[WARNING] [Audigent] script has already been initialised. Skip further execution @ https://a.ad.gt/api/v1/u/matches/454?_it=0:0
Uncaught Error: Invalid command: getGPPData
    at <anonymous> (https://cmp.osano.com/16CGnCU8UtNhM14sg/12669873-8cf8-41e2-be1f-1cb803cbffe0/osano.js:1:225454)
    at <anonymous> (https://cmp.osano.com/16CGnCU8UtNhM14sg/12669873-8cf8-41e2-be1f-1cb803cbffe0/osano.js:1:223655)
Uncaught Error: Invalid command: getGPPData
    at <anonymous> (https://cmp.osano.com/16CGnCU8UtNhM14sg/12669873-8cf8-41e2-be1f-1cb803cbffe0/osano.js:1:225454)
    at <anonymous> (https://cmp.osano.com/16CGnCU8UtNhM14sg/12669873-8cf8-41e2-be1f-1cb803cbffe0/osano.js:1:223655)
[WARNING] [Audigent] script has already been initialised. Skip further execution @ https://a.ad.gt/api/v1/u/matches/454?_it=amazon:0
Uncaught Error: Invalid command: getGPPData
    at <anonymous> (https://cmp.osano.com/16CGnCU8UtNhM14sg/12669873-8cf8-41e2-be1f-1cb803cbffe0/osano.js:1:225454)
    at <anonymous> (https://cmp.osano.com/16CGnCU8UtNhM14sg/12669873-8cf8-41e2-be1f-1cb803cbffe0/osano.js:1:223655)
Uncaught Error: Invalid command: getGPPData
    at <anonymous> (https://cmp.osano.com/16CGnCU8UtNhM14sg/12669873-8cf8-41e2-be1f-1cb803cbffe0/osano.js:1:225454)
    at <anonymous> (https://cmp.osano.com/16CGnCU8UtNhM14sg/12669873-8cf8-41e2-be1f-1cb803cbffe0/osano.js:1:223655)
[ERROR] Attestation check for Shared Storage on https://securepubads.g.doubleclick.net failed. @ https://imasdk.googleapis.com/js/core/bridge3.741.1_en.html#deid=%22%22&eventfe_experiment_ids=%5B%5D&fid=%22goog_973285988%22&genotype_experiment_data=%7B%22experimentStateProto%22%3A%22%5B%5B%5B45713128%2Cnull%2Cnull%2C%5B%5D%5D%2C%5Bnull%2C745150931%2Cnull%2C%5Bnull%2C1%5D%5D%2C%5Bnull%2C749060184%2Cnull%2C%5Bnull%2C128%5D%5D%2C%5B841585769%2Cnull%2Cnull%2C%5B1%5D%5D%2C%5B45722344%2Cnull%2Cnull%2C%5B%5D%5D%2C%5B45706017%2Cnull%2Cnull%2C%5B1%5D%5D%2C%5B45740207%2Cnull%2Cnull%2C%5B%5D%5D%2C%5B45668885%2Cnull%2Cnull%2C%5B%5D%5D%2C%5B45685340%2Cnull%2Cnull%2C%5B%5D%5D%2C%5B45734716%2Cnull%2Cnull%2C%5B%5D%5D%2C%5B45735891%2Cnull%2Cnull%2C%5B%5D%5D%2C%5B45663239%2Cnull%2Cnull%2C%5B%5D%5D%2C%5B45715032%2Cnull%2Cnull%2C%5B1%5D%5D%2C%5B45661356%2Cnull%2Cnull%2C%5B%5D%5D%2C%5B839547366%2Cnull%2Cnull%2C%5B1%5D%5D%2C%5B45676441%2Cnull%2Cnull%2C%5B%5D%5D%2C%5B45675307%2Cnull%2Cnull%2C%5B1%5D%5D%2C%5B45675308%2Cnull%2Cnull%2C%5B1%5D%5D%2C%5Bnull%2C45645574%2Cnull%2C%5B%5D%5D%2C%5B45688859%2Cnull%2Cnull%2C%5B%5D%5D%2C%5B45656766%2Cnull%2Cnull%2C%5B%5D%5D%2C%5B45710689%2Cnull%2Cnull%2C%5B%5D%5D%2C%5B45710688%2Cnull%2Cnull%2C%5B1%5D%5D%2C%5B45685601%2Cnull%2Cnull%2C%5B%5D%5D%2C%5Bnull%2C45685602%2Cnull%2C%5Bnull%2C500%5D%5D%2C%5B45756824%2Cnull%2Cnull%2C%5B%5D%5D%2C%5B45747172%2Cnull%2Cnull%2C%5B%5D%5D%2C%5B775241416%2Cnull%2Cnull%2C%5B%5D%5D%2C%5B781107959%2Cnull%2Cnull%2C%5B%5D%5D%2C%5B781107958%2Cnull%2Cnull%2C%5B%5D%5D%2C%5B792614055%2Cnull%2Cnull%2C%5B%5D%5D%2C%5B781107957%2Cnull%2Cnull%2C%5B%5D%5D%2C%5B45729602%2Cnull%2Cnull%2C%5B%5D%5D%2C%5B45753603%2Cnull%2Cnull%2C%5B%5D%5D%2C%5B45753604%2Cnull%2Cnull%2C%5B%5D%5D%2C%5B45658982%2Cnull%2Cnull%2C%5B%5D%5D%2C%5B45725657%2Cnull%2Cnull%2C%5B%5D%5D%5D%2C%5B%5B16%2C%5B%5B1%2C%5B%5B31089630%5D%2C%5B31089631%2C%5B%5B45668885%2Cnull%2Cnull%2C%5B1%5D%5D%5D%5D%5D%5D%2C%5B1000%2C%5B%5B95332046%5D%5D%5D%2C%5Bnull%2C%5B%5B95332047%5D%5D%5D%2C%5B10%2C%5B%5B95338769%2C%5B%5Bnull%2C45645574%2Cnull%2C%5Bnull%2C1%5D%5D%5D%5D%2C%5B95338770%2C%5B%5Bnull%2C45645574%2Cnull%2C%5Bnull%2C2%5D%5D%5D%5D%5D%5D%2C%5B50%2C%5B%5B95345206%5D%2C%5B95345207%2C%5B%5B45661356%2Cnull%2Cnull%2C%5B1%5D%5D%5D%5D%5D%5D%2C%5B1%2C%5B%5B95351425%5D%2C%5B95351426%2C%5B%5B45676441%2Cnull%2Cnull%2C%5B1%5D%5D%5D%5D%5D%5D%2C%5B20%2C%5B%5B95356068%5D%2C%5B95356069%2C%5B%5B45685601%2Cnull%2Cnull%2C%5B%5D%5D%2C%5Bnull%2C45685602%2Cnull%2C%5B%5D%5D%5D%5D%2C%5B95356070%2C%5B%5B45685601%2Cnull%2Cnull%2C%5B1%5D%5D%2C%5Bnull%2C45685602%2Cnull%2C%5B%5D%5D%5D%5D%2C%5B95356071%2C%5B%5B45685601%2Cnull%2Cnull%2C%5B1%5D%5D%2C%5Bnull%2C45685602%2Cnull%2C%5Bnull%2C100%5D%5D%5D%5D%5D%5D%2C%5B1%2C%5B%5B95373378%2C%5B%5B792614055%2Cnull%2Cnull%2C%5B1%5D%5D%5D%5D%2C%5B95373379%2C%5B%5B45747172%2Cnull%2Cnull%2C%5B1%5D%5D%2C%5B781107959%2Cnull%2Cnull%2C%5B1%5D%5D%2C%5B792614055%2Cnull%2Cnull%2C%5B1%5D%5D%2C%5B781107957%2Cnull%2Cnull%2C%5B1%5D%5D%5D%5D%5D%5D%2C%5Bnull%2C%5B%5B95375930%5D%2C%5B95375931%2C%5B%5B45734716%2Cnull%2Cnull%2C%5B1%5D%5D%5D%5D%2C%5B95376520%2C%5B%5B45734716%2Cnull%2Cnull%2C%5B1%5D%5D%2C%5B45735891%2Cnull%2Cnull%2C%5B1%5D%5D%5D%5D%5D%5D%2C%5Bnull%2C%5B%5B95378095%5D%2C%5B95378096%2C%5B%5B45740207%2Cnull%2Cnull%2C%5B1%5D%5D%5D%5D%5D%5D%2C%5B10%2C%5B%5B95378629%5D%2C%5B95378630%2C%5B%5B45729602%2Cnull%2Cnull%2C%5B1%5D%5D%5D%5D%2C%5B95381582%2C%5B%5B45729602%2Cnull%2Cnull%2C%5B1%5D%5D%2C%5B45753603%2Cnull%2Cnull%2C%5B1%5D%5D%5D%5D%2C%5B95381583%2C%5B%5B45729602%2Cnull%2Cnull%2C%5B1%5D%5D%2C%5B45753604%2Cnull%2Cnull%2C%5B1%5D%5D%5D%5D%5D%5D%2C%5Bnull%2C%5B%5B95382403%5D%2C%5B95382404%2C%5B%5B45756824%2Cnull%2Cnull%2C%5B1%5D%5D%5D%5D%5D%5D%5D%5D%5D%2Cnull%2Cnull%2C%5Bnull%2C1000%2C1%2C1000%5D%5D%22%7D&imalib_experiments=%5B95322027%2C95331589%2C95379050%2C95332046%5D&is_eap_loader=false&managed_js_experiment_id=0&page_correlator=3412626656795360&pvsid=1669398489773033&top_accessible_page_url=%22https%3A%2F%2Ffbref.com%2Fen%2Fsquads%2Fe2d8892c%2F2025-2026%2Fmatchlogs%2Fall_comps%2Fschedule%2FParis-Saint-Germain-Scores-and-Fixtures-All-Competitions%22:0
[WARNING] A preload for 'https://cdn.ssref.net/req/202602051/css/fb/sr-min.css' is found, but is not used because the request credentials mode does not match. Consider taking a look at crossorigin attribute. @ https://fbref.com/en/squads/44b65410/2025-2026/matchlogs/all_comps/schedule/Qarabag-Scores-and-Fixtures-All-Competitions:50
[WARNING] [GPT] Unrecognized property encountered when calling setConfig: googletag.setConfig.contentPause
https://goo.gle/gpt-message#158 @ https://securepubads.g.doubleclick.net/pagead/managed/js/gpt/m202602090101/pubads_impl.js?cb=31096699:18
Uncaught Error: Invalid command: getGPPData
    at <anonymous> (https://cmp.osano.com/16CGnCU8UtNhM14sg/12669873-8cf8-41e2-be1f-1cb803cbffe0/osano.js:1:225454)
    at <anonymous> (https://cmp.osano.com/16CGnCU8UtNhM14sg/12669873-8cf8-41e2-be1f-1cb803cbffe0/osano.js:1:223655)
Uncaught Error: Invalid command: getGPPData
    at <anonymous> (https://cmp.osano.com/16CGnCU8UtNhM14sg/12669873-8cf8-41e2-be1f-1cb803cbffe0/osano.js:1:225454)
    at <anonymous> (https://cmp.osano.com/16CGnCU8UtNhM14sg/12669873-8cf8-41e2-be1f-1cb803cbffe0/osano.js:1:223655)
[LOG] Called iframe: ads.pubmatic.com [] 
Number of topics:  0 @ https://ads.pubmatic.com/AdServer/js/topics/topics_frame.html?bidder=pubmatic:19
[LOG] Called iframe: pa.openx.net [] 
Number of topics:  0 @ https://pa.openx.net/topics_frame.html?bidder=openx:15
[WARNING] [Audigent] script has already been initialised. Skip further execution @ https://a.ad.gt/api/v1/u/matches/454?_it=0:0
Uncaught Error: Invalid command: getGPPData
    at <anonymous> (https://cmp.osano.com/16CGnCU8UtNhM14sg/12669873-8cf8-41e2-be1f-1cb803cbffe0/osano.js:1:225454)
    at <anonymous> (https://cmp.osano.com/16CGnCU8UtNhM14sg/12669873-8cf8-41e2-be1f-1cb803cbffe0/osano.js:1:223655)
Uncaught Error: Invalid command: getGPPData
    at <anonymous> (https://cmp.osano.com/16CGnCU8UtNhM14sg/12669873-8cf8-41e2-be1f-1cb803cbffe0/osano.js:1:225454)
    at <anonymous> (https://cmp.osano.com/16CGnCU8UtNhM14sg/12669873-8cf8-41e2-be1f-1cb803cbffe0/osano.js:1:223655)
[WARNING] [Audigent] script has already been initialised. Skip further execution @ https://a.ad.gt/api/v1/u/matches/454?_it=amazon:0
Uncaught Error: Invalid command: getGPPData
    at <anonymous> (https://cmp.osano.com/16CGnCU8UtNhM14sg/12669873-8cf8-41e2-be1f-1cb803cbffe0/osano.js:1:225454)
    at <anonymous> (https://cmp.osano.com/16CGnCU8UtNhM14sg/12669873-8cf8-41e2-be1f-1cb803cbffe0/osano.js:1:223655)
Uncaught Error: Invalid command: getGPPData
    at <anonymous> (https://cmp.osano.com/16CGnCU8UtNhM14sg/12669873-8cf8-41e2-be1f-1cb803cbffe0/osano.js:1:225454)
    at <anonymous> (https://cmp.osano.com/16CGnCU8UtNhM14sg/12669873-8cf8-41e2-be1f-1cb803cbffe0/osano.js:1:223655)
[ERROR] Attestation check for Shared Storage on https://securepubads.g.doubleclick.net failed. @ https://imasdk.googleapis.com/js/core/bridge3.741.1_en.html#deid=%22%22&eventfe_experiment_ids=%5B%5D&fid=%22goog_810624449%22&genotype_experiment_data=%7B%22experimentStateProto%22%3A%22%5B%5B%5B45713128%2Cnull%2Cnull%2C%5B%5D%5D%2C%5Bnull%2C745150931%2Cnull%2C%5Bnull%2C1%5D%5D%2C%5Bnull%2C749060184%2Cnull%2C%5Bnull%2C128%5D%5D%2C%5B841585769%2Cnull%2Cnull%2C%5B1%5D%5D%2C%5B45722344%2Cnull%2Cnull%2C%5B%5D%5D%2C%5B45706017%2Cnull%2Cnull%2C%5B1%5D%5D%2C%5B45740207%2Cnull%2Cnull%2C%5B%5D%5D%2C%5B45668885%2Cnull%2Cnull%2C%5B%5D%5D%2C%5B45685340%2Cnull%2Cnull%2C%5B%5D%5D%2C%5B45734716%2Cnull%2Cnull%2C%5B%5D%5D%2C%5B45735891%2Cnull%2Cnull%2C%5B%5D%5D%2C%5B45663239%2Cnull%2Cnull%2C%5B%5D%5D%2C%5B45715032%2Cnull%2Cnull%2C%5B1%5D%5D%2C%5B45661356%2Cnull%2Cnull%2C%5B%5D%5D%2C%5B839547366%2Cnull%2Cnull%2C%5B1%5D%5D%2C%5B45676441%2Cnull%2Cnull%2C%5B%5D%5D%2C%5B45675307%2Cnull%2Cnull%2C%5B1%5D%5D%2C%5B45675308%2Cnull%2Cnull%2C%5B1%5D%5D%2C%5Bnull%2C45645574%2Cnull%2C%5B%5D%5D%2C%5B45688859%2Cnull%2Cnull%2C%5B%5D%5D%2C%5B45656766%2Cnull%2Cnull%2C%5B%5D%5D%2C%5B45710689%2Cnull%2Cnull%2C%5B%5D%5D%2C%5B45710688%2Cnull%2Cnull%2C%5B1%5D%5D%2C%5B45685601%2Cnull%2Cnull%2C%5B%5D%5D%2C%5Bnull%2C45685602%2Cnull%2C%5Bnull%2C500%5D%5D%2C%5B45756824%2Cnull%2Cnull%2C%5B%5D%5D%2C%5B45747172%2Cnull%2Cnull%2C%5B%5D%5D%2C%5B775241416%2Cnull%2Cnull%2C%5B%5D%5D%2C%5B781107959%2Cnull%2Cnull%2C%5B%5D%5D%2C%5B781107958%2Cnull%2Cnull%2C%5B%5D%5D%2C%5B792614055%2Cnull%2Cnull%2C%5B%5D%5D%2C%5B781107957%2Cnull%2Cnull%2C%5B%5D%5D%2C%5B45729602%2Cnull%2Cnull%2C%5B%5D%5D%2C%5B45753603%2Cnull%2Cnull%2C%5B%5D%5D%2C%5B45753604%2Cnull%2Cnull%2C%5B%5D%5D%2C%5B45658982%2Cnull%2Cnull%2C%5B%5D%5D%2C%5B45725657%2Cnull%2Cnull%2C%5B%5D%5D%5D%2C%5B%5B16%2C%5B%5B1%2C%5B%5B31089630%5D%2C%5B31089631%2C%5B%5B45668885%2Cnull%2Cnull%2C%5B1%5D%5D%5D%5D%5D%5D%2C%5B1000%2C%5B%5B95332046%5D%5D%5D%2C%5Bnull%2C%5B%5B95332047%5D%5D%5D%2C%5B10%2C%5B%5B95338769%2C%5B%5Bnull%2C45645574%2Cnull%2C%5Bnull%2C1%5D%5D%5D%5D%2C%5B95338770%2C%5B%5Bnull%2C45645574%2Cnull%2C%5Bnull%2C2%5D%5D%5D%5D%5D%5D%2C%5B50%2C%5B%5B95345206%5D%2C%5B95345207%2C%5B%5B45661356%2Cnull%2Cnull%2C%5B1%5D%5D%5D%5D%5D%5D%2C%5B1%2C%5B%5B95351425%5D%2C%5B95351426%2C%5B%5B45676441%2Cnull%2Cnull%2C%5B1%5D%5D%5D%5D%5D%5D%2C%5B20%2C%5B%5B95356068%5D%2C%5B95356069%2C%5B%5B45685601%2Cnull%2Cnull%2C%5B%5D%5D%2C%5Bnull%2C45685602%2Cnull%2C%5B%5D%5D%5D%5D%2C%5B95356070%2C%5B%5B45685601%2Cnull%2Cnull%2C%5B1%5D%5D%2C%5Bnull%2C45685602%2Cnull%2C%5B%5D%5D%5D%5D%2C%5B95356071%2C%5B%5B45685601%2Cnull%2Cnull%2C%5B1%5D%5D%2C%5Bnull%2C45685602%2Cnull%2C%5Bnull%2C100%5D%5D%5D%5D%5D%5D%2C%5B1%2C%5B%5B95373378%2C%5B%5B792614055%2Cnull%2Cnull%2C%5B1%5D%5D%5D%5D%2C%5B95373379%2C%5B%5B45747172%2Cnull%2Cnull%2C%5B1%5D%5D%2C%5B781107959%2Cnull%2Cnull%2C%5B1%5D%5D%2C%5B792614055%2Cnull%2Cnull%2C%5B1%5D%5D%2C%5B781107957%2Cnull%2Cnull%2C%5B1%5D%5D%5D%5D%5D%5D%2C%5Bnull%2C%5B%5B95375930%5D%2C%5B95375931%2C%5B%5B45734716%2Cnull%2Cnull%2C%5B1%5D%5D%5D%5D%2C%5B95376520%2C%5B%5B45734716%2Cnull%2Cnull%2C%5B1%5D%5D%2C%5B45735891%2Cnull%2Cnull%2C%5B1%5D%5D%5D%5D%5D%5D%2C%5Bnull%2C%5B%5B95378095%5D%2C%5B95378096%2C%5B%5B45740207%2Cnull%2Cnull%2C%5B1%5D%5D%5D%5D%5D%5D%2C%5B10%2C%5B%5B95378629%5D%2C%5B95378630%2C%5B%5B45729602%2Cnull%2Cnull%2C%5B1%5D%5D%5D%5D%2C%5B95381582%2C%5B%5B45729602%2Cnull%2Cnull%2C%5B1%5D%5D%2C%5B45753603%2Cnull%2Cnull%2C%5B1%5D%5D%5D%5D%2C%5B95381583%2C%5B%5B45729602%2Cnull%2Cnull%2C%5B1%5D%5D%2C%5B45753604%2Cnull%2Cnull%2C%5B1%5D%5D%5D%5D%5D%5D%2C%5Bnull%2C%5B%5B95382403%5D%2C%5B95382404%2C%5B%5B45756824%2Cnull%2Cnull%2C%5B1%5D%5D%5D%5D%5D%5D%5D%5D%5D%2Cnull%2Cnull%2C%5Bnull%2C1000%2C1%2C1000%5D%5D%22%7D&imalib_experiments=%5B44752996%2C95322027%2C95331589%2C95332046%5D&is_eap_loader=false&managed_js_experiment_id=0&page_correlator=3637220329310291&pvsid=1368568047039701&top_accessible_page_url=%22https%3A%2F%2Ffbref.com%2Fen%2Fsquads%2F44b65410%2F2025-2026%2Fmatchlogs%2Fall_comps%2Fschedule%2FQarabag-Scores-and-Fixtures-All-Competitions%22:0
[LOG] getVPAIDAd @ https://js.ssp.cadent.com/ovvbundle_moat.js:0
[LOG] VPAIDLinear constructor @ https://js.ssp.cadent.com/ovvbundle_moat.js:0
[LOG] VPAID constructor @ https://js.ssp.cadent.com/ovvbundle_moat.js:0
[LOG] subscribe to eventType :  AdClickThru .aCallback: function () { [native code] } .aContext: undefined @ https://js.ssp.cadent.com/ovvbundle_moat.js:0
[LOG] subscribe to eventType :  AdDurationChange .aCallback: function () { [native code] } .aContext: undefined @ https://js.ssp.cadent.com/ovvbundle_moat.js:0
[LOG] subscribe to eventType :  AdError .aCallback: function () { [native code] } .aContext: undefined @ https://js.ssp.cadent.com/ovvbundle_moat.js:0
[LOG] subscribe to eventType :  AdExpandedChange .aCallback: function () { [native code] } .aContext: undefined @ https://js.ssp.cadent.com/ovvbundle_moat.js:0
[LOG] subscribe to eventType :  AdImpression .aCallback: function () { [native code] } .aContext: undefined @ https://js.ssp.cadent.com/ovvbundle_moat.js:0
[LOG] subscribe to eventType :  AdInteraction .aCallback: function () { [native code] } .aContext: undefined @ https://js.ssp.cadent.com/ovvbundle_moat.js:0
[LOG] subscribe to eventType :  AdLinearChange .aCallback: function () { [native code] } .aContext: undefined @ https://js.ssp.cadent.com/ovvbundle_moat.js:0
[LOG] subscribe to eventType :  AdLoaded .aCallback: function () { [native code] } .aContext: undefined @ https://js.ssp.cadent.com/ovvbundle_moat.js:0
[LOG] subscribe to eventType :  AdLog .aCallback: function () { [native code] } .aContext: undefined @ https://js.ssp.cadent.com/ovvbundle_moat.js:0
[LOG] subscribe to eventType :  AdPaused .aCallback: function () { [native code] } .aContext: undefined @ https://js.ssp.cadent.com/ovvbundle_moat.js:0
[LOG] subscribe to eventType :  AdPlaying .aCallback: function () { [native code] } .aContext: undefined @ https://js.ssp.cadent.com/ovvbundle_moat.js:0
[LOG] subscribe to eventType :  AdRemainingTimeChange .aCallback: function () { [native code] } .aContext: undefined @ https://js.ssp.cadent.com/ovvbundle_moat.js:0
[LOG] subscribe to eventType :  AdSizeChange .aCallback: function () { [native code] } .aContext: undefined @ https://js.ssp.cadent.com/ovvbundle_moat.js:0
[LOG] subscribe to eventType :  AdSkipped .aCallback: function () { [native code] } .aContext: undefined @ https://js.ssp.cadent.com/ovvbundle_moat.js:0
[LOG] subscribe to eventType :  AdStarted .aCallback: function () { [native code] } .aContext: undefined @ https://js.ssp.cadent.com/ovvbundle_moat.js:0
[LOG] subscribe to eventType :  AdStopped .aCallback: function () { [native code] } .aContext: undefined @ https://js.ssp.cadent.com/ovvbundle_moat.js:0
[LOG] subscribe to eventType :  AdSkippableStateChange .aCallback: function () { [native code] } .aContext: undefined @ https://js.ssp.cadent.com/ovvbundle_moat.js:0
[LOG] subscribe to eventType :  AdUserAcceptInvitation .aCallback: function () { [native code] } .aContext: undefined @ https://js.ssp.cadent.com/ovvbundle_moat.js:0
[LOG] subscribe to eventType :  AdUserClose .aCallback: function () { [native code] } .aContext: undefined @ https://js.ssp.cadent.com/ovvbundle_moat.js:0
[LOG] subscribe to eventType :  AdUserMinimize .aCallback: function () { [native code] } .aContext: undefined @ https://js.ssp.cadent.com/ovvbundle_moat.js:0
[LOG] subscribe to eventType :  AdVideoComplete .aCallback: function () { [native code] } .aContext: undefined @ https://js.ssp.cadent.com/ovvbundle_moat.js:0
[LOG] subscribe to eventType :  AdVideoFirstQuartile .aCallback: function () { [native code] } .aContext: undefined @ https://js.ssp.cadent.com/ovvbundle_moat.js:0
[LOG] subscribe to eventType :  AdVideoMidpoint .aCallback: function () { [native code] } .aContext: undefined @ https://js.ssp.cadent.com/ovvbundle_moat.js:0
[LOG] subscribe to eventType :  AdVideoStart .aCallback: function () { [native code] } .aContext: undefined @ https://js.ssp.cadent.com/ovvbundle_moat.js:0
[LOG] subscribe to eventType :  AdVideoThirdQuartile .aCallback: function () { [native code] } .aContext: undefined @ https://js.ssp.cadent.com/ovvbundle_moat.js:0
[LOG] subscribe to eventType :  AdVolumeChange .aCallback: function () { [native code] } .aContext: undefined @ https://js.ssp.cadent.com/ovvbundle_moat.js:0
[LOG] subscribe to eventType :  Ping .aCallback: function () { [native code] } .aContext: undefined @ https://js.ssp.cadent.com/ovvbundle_moat.js:0
[LOG] width 728 410 normal -1 {AdParameters: {"adType":"VIDEO","ad":{"avg":"1.03000","viewTrk":…2C%22bidId%22%3A%22bWaPWJ5rv90L9x-WOpB9Mw%22%7D"}} {slot: div#slot, videoSlot: S, videoSlotCanAutoPlay: true} @ https://js.ssp.cadent.com/ovvbundle_moat.js:0
[LOG] start initAd width= 728 , height= 410, viewMode= normal , desiredBitrate= -1 environmentVars= {slot: div#slot, videoSlot: S, videoSlotCanAutoPlay: true} @ https://js.ssp.cadent.com/ovvbundle_moat.js:0
[LOG] subscribe to eventType :  AdStarted .aCallback: function(){var n,i=-1;if(e&&e.getAdVolume&&(n=e.getAdVolume()),"number"==typeof n&&!isNaN(n)&&0<=n&&(i=n),a.addEvent({type:t,adVolume:i}),-1!==h.indexOf(t)&&e&&e.unsubscribe&&!p)for(var r in p=!0,d)if(d.hasOwnProperty&&d.hasOwnProperty(r))try{e.unsubscribe(d[r],r)}catch(e){}} .aContext: undefined @ https://js.ssp.cadent.com/ovvbundle_moat.js:0
[LOG] subscribe to eventType :  AdStopped .aCallback: function(){var n,i=-1;if(e&&e.getAdVolume&&(n=e.getAdVolume()),"number"==typeof n&&!isNaN(n)&&0<=n&&(i=n),a.addEvent({type:t,adVolume:i}),-1!==h.indexOf(t)&&e&&e.unsubscribe&&!p)for(var r in p=!0,d)if(d.hasOwnProperty&&d.hasOwnProperty(r))try{e.unsubscribe(d[r],r)}catch(e){}} .aContext: undefined @ https://js.ssp.cadent.com/ovvbundle_moat.js:0
[LOG] subscribe to eventType :  AdSkipped .aCallback: function(){var n,i=-1;if(e&&e.getAdVolume&&(n=e.getAdVolume()),"number"==typeof n&&!isNaN(n)&&0<=n&&(i=n),a.addEvent({type:t,adVolume:i}),-1!==h.indexOf(t)&&e&&e.unsubscribe&&!p)for(var r in p=!0,d)if(d.hasOwnProperty&&d.hasOwnProperty(r))try{e.unsubscribe(d[r],r)}catch(e){}} .aContext: undefined @ https://js.ssp.cadent.com/ovvbundle_moat.js:0
[LOG] subscribe to eventType :  AdLoaded .aCallback: function(){var n,i=-1;if(e&&e.getAdVolume&&(n=e.getAdVolume()),"number"==typeof n&&!isNaN(n)&&0<=n&&(i=n),a.addEvent({type:t,adVolume:i}),-1!==h.indexOf(t)&&e&&e.unsubscribe&&!p)for(var r in p=!0,d)if(d.hasOwnProperty&&d.hasOwnProperty(r))try{e.unsubscribe(d[r],r)}catch(e){}} .aContext: undefined @ https://js.ssp.cadent.com/ovvbundle_moat.js:0
[LOG] subscribe to eventType :  AdLinearChange .aCallback: function(){var n,i=-1;if(e&&e.getAdVolume&&(n=e.getAdVolume()),"number"==typeof n&&!isNaN(n)&&0<=n&&(i=n),a.addEvent({type:t,adVolume:i}),-1!==h.indexOf(t)&&e&&e.unsubscribe&&!p)for(var r in p=!0,d)if(d.hasOwnProperty&&d.hasOwnProperty(r))try{e.unsubscribe(d[r],r)}catch(e){}} .aContext: undefined @ https://js.ssp.cadent.com/ovvbundle_moat.js:0
[LOG] subscribe to eventType :  AdSizeChange .aCallback: function(){var n,i=-1;if(e&&e.getAdVolume&&(n=e.getAdVolume()),"number"==typeof n&&!isNaN(n)&&0<=n&&(i=n),a.addEvent({type:t,adVolume:i}),-1!==h.indexOf(t)&&e&&e.unsubscribe&&!p)for(var r in p=!0,d)if(d.hasOwnProperty&&d.hasOwnProperty(r))try{e.unsubscribe(d[r],r)}catch(e){}} .aContext: undefined @ https://js.ssp.cadent.com/ovvbundle_moat.js:0
[LOG] subscribe to eventType :  AdExpandedChange .aCallback: function(){var n,i=-1;if(e&&e.getAdVolume&&(n=e.getAdVolume()),"number"==typeof n&&!isNaN(n)&&0<=n&&(i=n),a.addEvent({type:t,adVolume:i}),-1!==h.indexOf(t)&&e&&e.unsubscribe&&!p)for(var r in p=!0,d)if(d.hasOwnProperty&&d.hasOwnProperty(r))try{e.unsubscribe(d[r],r)}catch(e){}} .aContext: undefined @ https://js.ssp.cadent.com/ovvbundle_moat.js:0
[LOG] subscribe to eventType :  AdSkippableStateChange .aCallback: function(){var n,i=-1;if(e&&e.getAdVolume&&(n=e.getAdVolume()),"number"==typeof n&&!isNaN(n)&&0<=n&&(i=n),a.addEvent({type:t,adVolume:i}),-1!==h.indexOf(t)&&e&&e.unsubscribe&&!p)for(var r in p=!0,d)if(d.hasOwnProperty&&d.hasOwnProperty(r))try{e.unsubscribe(d[r],r)}catch(e){}} .aContext: undefined @ https://js.ssp.cadent.com/ovvbundle_moat.js:0
[LOG] subscribe to eventType :  AdDurationChange .aCallback: function(){var n,i=-1;if(e&&e.getAdVolume&&(n=e.getAdVolume()),"number"==typeof n&&!isNaN(n)&&0<=n&&(i=n),a.addEvent({type:t,adVolume:i}),-1!==h.indexOf(t)&&e&&e.unsubscribe&&!p)for(var r in p=!0,d)if(d.hasOwnProperty&&d.hasOwnProperty(r))try{e.unsubscribe(d[r],r)}catch(e){}} .aContext: undefined @ https://js.ssp.cadent.com/ovvbundle_moat.js:0
[LOG] subscribe to eventType :  AdRemainingTimeChange .aCallback: function(){var n,i=-1;if(e&&e.getAdVolume&&(n=e.getAdVolume()),"number"==typeof n&&!isNaN(n)&&0<=n&&(i=n),a.addEvent({type:t,adVolume:i}),-1!==h.indexOf(t)&&e&&e.unsubscribe&&!p)for(var r in p=!0,d)if(d.hasOwnProperty&&d.hasOwnProperty(r))try{e.unsubscribe(d[r],r)}catch(e){}} .aContext: undefined @ https://js.ssp.cadent.com/ovvbundle_moat.js:0
[LOG] subscribe to eventType :  AdVolumeChange .aCallback: function(){var n,i=-1;if(e&&e.getAdVolume&&(n=e.getAdVolume()),"number"==typeof n&&!isNaN(n)&&0<=n&&(i=n),a.addEvent({type:t,adVolume:i}),-1!==h.indexOf(t)&&e&&e.unsubscribe&&!p)for(var r in p=!0,d)if(d.hasOwnProperty&&d.hasOwnProperty(r))try{e.unsubscribe(d[r],r)}catch(e){}} .aContext: undefined @ https://js.ssp.cadent.com/ovvbundle_moat.js:0
[LOG] subscribe to eventType :  AdImpression .aCallback: function(){var n,i=-1;if(e&&e.getAdVolume&&(n=e.getAdVolume()),"number"==typeof n&&!isNaN(n)&&0<=n&&(i=n),a.addEvent({type:t,adVolume:i}),-1!==h.indexOf(t)&&e&&e.unsubscribe&&!p)for(var r in p=!0,d)if(d.hasOwnProperty&&d.hasOwnProperty(r))try{e.unsubscribe(d[r],r)}catch(e){}} .aContext: undefined @ https://js.ssp.cadent.com/ovvbundle_moat.js:0
[LOG] subscribe to eventType :  AdClickThru .aCallback: function(){var n,i=-1;if(e&&e.getAdVolume&&(n=e.getAdVolume()),"number"==typeof n&&!isNaN(n)&&0<=n&&(i=n),a.addEvent({type:t,adVolume:i}),-1!==h.indexOf(t)&&e&&e.unsubscribe&&!p)for(var r in p=!0,d)if(d.hasOwnProperty&&d.hasOwnProperty(r))try{e.unsubscribe(d[r],r)}catch(e){}} .aContext: undefined @ https://js.ssp.cadent.com/ovvbundle_moat.js:0
[LOG] subscribe to eventType :  AdInteraction .aCallback: function(){var n,i=-1;if(e&&e.getAdVolume&&(n=e.getAdVolume()),"number"==typeof n&&!isNaN(n)&&0<=n&&(i=n),a.addEvent({type:t,adVolume:i}),-1!==h.indexOf(t)&&e&&e.unsubscribe&&!p)for(var r in p=!0,d)if(d.hasOwnProperty&&d.hasOwnProperty(r))try{e.unsubscribe(d[r],r)}catch(e){}} .aContext: undefined @ https://js.ssp.cadent.com/ovvbundle_moat.js:0
[LOG] subscribe to eventType :  AdVideoStart .aCallback: function(){var n,i=-1;if(e&&e.getAdVolume&&(n=e.getAdVolume()),"number"==typeof n&&!isNaN(n)&&0<=n&&(i=n),a.addEvent({type:t,adVolume:i}),-1!==h.indexOf(t)&&e&&e.unsubscribe&&!p)for(var r in p=!0,d)if(d.hasOwnProperty&&d.hasOwnProperty(r))try{e.unsubscribe(d[r],r)}catch(e){}} .aContext: undefined @ https://js.ssp.cadent.com/ovvbundle_moat.js:0
[LOG] subscribe to eventType :  AdVideoFirstQuartile .aCallback: function(){var n,i=-1;if(e&&e.getAdVolume&&(n=e.getAdVolume()),"number"==typeof n&&!isNaN(n)&&0<=n&&(i=n),a.addEvent({type:t,adVolume:i}),-1!==h.indexOf(t)&&e&&e.unsubscribe&&!p)for(var r in p=!0,d)if(d.hasOwnProperty&&d.hasOwnProperty(r))try{e.unsubscribe(d[r],r)}catch(e){}} .aContext: undefined @ https://js.ssp.cadent.com/ovvbundle_moat.js:0
[LOG] subscribe to eventType :  AdVideoMidpoint .aCallback: function(){var n,i=-1;if(e&&e.getAdVolume&&(n=e.getAdVolume()),"number"==typeof n&&!isNaN(n)&&0<=n&&(i=n),a.addEvent({type:t,adVolume:i}),-1!==h.indexOf(t)&&e&&e.unsubscribe&&!p)for(var r in p=!0,d)if(d.hasOwnProperty&&d.hasOwnProperty(r))try{e.unsubscribe(d[r],r)}catch(e){}} .aContext: undefined @ https://js.ssp.cadent.com/ovvbundle_moat.js:0
[LOG] subscribe to eventType :  AdVideoThirdQuartile .aCallback: function(){var n,i=-1;if(e&&e.getAdVolume&&(n=e.getAdVolume()),"number"==typeof n&&!isNaN(n)&&0<=n&&(i=n),a.addEvent({type:t,adVolume:i}),-1!==h.indexOf(t)&&e&&e.unsubscribe&&!p)for(var r in p=!0,d)if(d.hasOwnProperty&&d.hasOwnProperty(r))try{e.unsubscribe(d[r],r)}catch(e){}} .aContext: undefined @ https://js.ssp.cadent.com/ovvbundle_moat.js:0
[LOG] subscribe to eventType :  AdVideoComplete .aCallback: function(){var n,i=-1;if(e&&e.getAdVolume&&(n=e.getAdVolume()),"number"==typeof n&&!isNaN(n)&&0<=n&&(i=n),a.addEvent({type:t,adVolume:i}),-1!==h.indexOf(t)&&e&&e.unsubscribe&&!p)for(var r in p=!0,d)if(d.hasOwnProperty&&d.hasOwnProperty(r))try{e.unsubscribe(d[r],r)}catch(e){}} .aContext: undefined @ https://js.ssp.cadent.com/ovvbundle_moat.js:0
[LOG] subscribe to eventType :  AdUserAcceptInvitation .aCallback: function(){var n,i=-1;if(e&&e.getAdVolume&&(n=e.getAdVolume()),"number"==typeof n&&!isNaN(n)&&0<=n&&(i=n),a.addEvent({type:t,adVolume:i}),-1!==h.indexOf(t)&&e&&e.unsubscribe&&!p)for(var r in p=!0,d)if(d.hasOwnProperty&&d.hasOwnProperty(r))try{e.unsubscribe(d[r],r)}catch(e){}} .aContext: undefined @ https://js.ssp.cadent.com/ovvbundle_moat.js:0
[LOG] subscribe to eventType :  AdUserMinimize .aCallback: function(){var n,i=-1;if(e&&e.getAdVolume&&(n=e.getAdVolume()),"number"==typeof n&&!isNaN(n)&&0<=n&&(i=n),a.addEvent({type:t,adVolume:i}),-1!==h.indexOf(t)&&e&&e.unsubscribe&&!p)for(var r in p=!0,d)if(d.hasOwnProperty&&d.hasOwnProperty(r))try{e.unsubscribe(d[r],r)}catch(e){}} .aContext: undefined @ https://js.ssp.cadent.com/ovvbundle_moat.js:0
[LOG] subscribe to eventType :  AdUserClose .aCallback: function(){var n,i=-1;if(e&&e.getAdVolume&&(n=e.getAdVolume()),"number"==typeof n&&!isNaN(n)&&0<=n&&(i=n),a.addEvent({type:t,adVolume:i}),-1!==h.indexOf(t)&&e&&e.unsubscribe&&!p)for(var r in p=!0,d)if(d.hasOwnProperty&&d.hasOwnProperty(r))try{e.unsubscribe(d[r],r)}catch(e){}} .aContext: undefined @ https://js.ssp.cadent.com/ovvbundle_moat.js:0
[LOG] subscribe to eventType :  AdPaused .aCallback: function(){var n,i=-1;if(e&&e.getAdVolume&&(n=e.getAdVolume()),"number"==typeof n&&!isNaN(n)&&0<=n&&(i=n),a.addEvent({type:t,adVolume:i}),-1!==h.indexOf(t)&&e&&e.unsubscribe&&!p)for(var r in p=!0,d)if(d.hasOwnProperty&&d.hasOwnProperty(r))try{e.unsubscribe(d[r],r)}catch(e){}} .aContext: undefined @ https://js.ssp.cadent.com/ovvbundle_moat.js:0
[LOG] subscribe to eventType :  AdPlaying .aCallback: function(){var n,i=-1;if(e&&e.getAdVolume&&(n=e.getAdVolume()),"number"==typeof n&&!isNaN(n)&&0<=n&&(i=n),a.addEvent({type:t,adVolume:i}),-1!==h.indexOf(t)&&e&&e.unsubscribe&&!p)for(var r in p=!0,d)if(d.hasOwnProperty&&d.hasOwnProperty(r))try{e.unsubscribe(d[r],r)}catch(e){}} .aContext: undefined @ https://js.ssp.cadent.com/ovvbundle_moat.js:0
[LOG] subscribe to eventType :  AdError .aCallback: function(){var n,i=-1;if(e&&e.getAdVolume&&(n=e.getAdVolume()),"number"==typeof n&&!isNaN(n)&&0<=n&&(i=n),a.addEvent({type:t,adVolume:i}),-1!==h.indexOf(t)&&e&&e.unsubscribe&&!p)for(var r in p=!0,d)if(d.hasOwnProperty&&d.hasOwnProperty(r))try{e.unsubscribe(d[r],r)}catch(e){}} .aContext: undefined @ https://js.ssp.cadent.com/ovvbundle_moat.js:0
[LOG] Unmeasureable @ https://js.ssp.cadent.com/ovvbundle_moat.js:0
[LOG] loadingExternalVAST | vastURL: %3CVAST%20version%3D%223.0%22%3E%3CAd%20id%3D%2212440692%22%3E%3CWrapper%3E%3CAdSystem%3EStackAdapt%3C%2FAdSystem%3E%3CVASTAdTagURI%3E%3C%21%5BCDATA%5Bhttps%3A%2F%2Fvast.doubleverify.com%2Fv3%2Fvast%3F_media%3D3%26aufilter2%3DIQMBFV%26ctx%3D34962712%26cmp%3DDV1436327%26sid%3Dstackadapt%26plc%3Dstackadapt-dvot%26advid%3D3891363%26autt%3D3%26adsrv%3D166%26_vast%3Dhttps%253A%252F%252Fevm2.stackadapt.com%252Fvast%253Faid%253D1-8039-177087268558674500605720-1%2526sid%253DbWaPWJ5rv90L9x-WOpB9Mw%2526rid%253D6801770872685564503e1%2526network%253D316%2526t%253D1770872685%2526said%253D1-8039-177087268558674500605720-1%2526sanid%253D316%2526crtype%253Dvideo%26ppid%3D347%26auevent%3D1-8039-177087268558674500605720-1_bWaPWJ5rv90L9x-WOpB9Mw%26auadv%3D37225%26aucmp%3D2860463%26aucrtv%3D12440692%26auplc%3Dstn_accompanying_content_control%26auxch%3D316%26pltfrm%3D1369%26aubndl%3D%26turl%3Dhttps%253A%252F%252Ffbref.com%252Fen%252Fsquads%252Ffd6114db%252F2025-2026%252Fmatchlogs%252Fall_comps%252Fschedule%252FMonaco-Scores-and-Fixtures-All-Competitions%26c1%3D640%26c2%3D360%26_api%3D%5BAPIFRAMEWORKS%5D%26_ssm%3D%5BSERVERSIDE%5D%26_tsm%3D%5BTIMESTAMP%5D%26gdpr%3D0%26gdpr_consent%3D%26_abm%3D%5BAPPBUNDLE%5D%26_pum%3D%5BPAGEURL%5D%5D%5D%3E%3C%2FVASTAdTagURI%3E%3CError%3E%3C%2FError%3E%3CImpression%3E%3C%21%5BCDATA%5Bhttps%3A%2F%2Fus-east-win.srv.stackadapt.com%2Fwin%3Faid%3D1-8039-177087268558674500605720-1%26sid%3DbWaPWJ5rv90L9x-WOpB9Mw%26wp%3D%24%7BEMX_MACRO%7D%26rid%3D6801770872685564503e1%26network%3D316%26t%3D1770872685%26said%3D1-8039-177087268558674500605720-1%26sanid%3D316%5D%5D%3E%3C%2FImpression%3E%3CCreatives%3E%3CCreative%20adID%3D%20%22EMX%22%3E%3CLinear%3E%3CTrackingEvents%3E%3CTracking%20event%3D%22start%22%3E%3C%21%5BCDATA%5Bhttps%3A%2F%2Ftpsc-video-ue.doubleverify.com%2Fevent.png%3Fvstevt%3D0%26dup%3D2c181046-0051-4015-8028-3d0567415a9d%26sid%3Dcadent%26plc%3Dcadent-video-iqmfv%26DVP_DV_CT%3D2%26aufilter1%3Dssp%26aufilter2%3DIQMFV%26auadid%3D178014%26auxch%3D6801770872685564503e1%26pltfrm%3D1369%26audvc%3DGoogle%26ausite%3D21055%26c1%3DSSP%26aubndl%3Dfbref.com%26auip%3D73.254.115.228%26DVPX_PP_AUCTION_UA%3DMozilla%252F5.0%2520%2528Macintosh%253B%2520Intel%2520Mac%2520OS%2520X%252010_15_7%2529%2520AppleWebKit%252F537.36%2520%2528KHTML%252C%2520like%2520Gecko%2529%2520Chrome%252F144.0.0.0%2520Safari%252F537.36%26turl%3Dfbref.com%26DVP_TS%3D%5Btimestamp%5D%5D%5D%3E%3C%2FTracking%3E%3CTracking%20event%3D%22firstQuartile%22%3E%3C%21%5BCDATA%5Bhttps%3A%2F%2Ftpsc-video-ue.doubleverify.com%2Fevent.png%3Fvstevt%3D4%26dup%3D2c181046-0051-4015-8028-3d0567415a9d%26sid%3Dcadent%26plc%3Dcadent-video-iqmfv%26DVP_DV_CT%3D2%26aufilter1%3Dssp%26aufilter2%3DIQMFV%26auadid%3D178014%26auxch%3D6801770872685564503e1%26pltfrm%3D1369%26audvc%3DGoogle%26ausite%3D21055%26c1%3DSSP%26aubndl%3Dfbref.com%26auip%3D73.254.115.228%26DVPX_PP_AUCTION_UA%3DMozilla%252F5.0%2520%2528Macintosh%253B%2520Intel%2520Mac%2520OS%2520X%252010_15_7%2529%2520AppleWebKit%252F537.36%2520%2528KHTML%252C%2520like%2520Gecko%2529%2520Chrome%252F144.0.0.0%2520Safari%252F537.36%26turl%3Dfbref.com%26DVP_TS%3D%5Btimestamp%5D%5D%5D%3E%3C%2FTracking%3E%3CTracking%20event%3D%22midpoint%22%3E%3C%21%5BCDATA%5Bhttps%3A%2F%2Ftpsc-video-ue.doubleverify.com%2Fevent.png%3Fvstevt%3D6%26dup%3D2c181046-0051-4015-8028-3d0567415a9d%26sid%3Dcadent%26plc%3Dcadent-video-iqmfv%26DVP_DV_CT%3D2%26aufilter1%3Dssp%26aufilter2%3DIQMFV%26auadid%3D178014%26auxch%3D6801770872685564503e1%26pltfrm%3D1369%26audvc%3DGoogle%26ausite%3D21055%26c1%3DSSP%26aubndl%3Dfbref.com%26auip%3D73.254.115.228%26DVPX_PP_AUCTION_UA%3DMozilla%252F5.0%2520%2528Macintosh%253B%2520Intel%2520Mac%2520OS%2520X%252010_15_7%2529%2520AppleWebKit%252F537.36%2520%2528KHTML%252C%2520like%2520Gecko%2529%2520Chrome%252F144.0.0.0%2520Safari%252F537.36%26turl%3Dfbref.com%26DVP_TS%3D%5Btimestamp%5D%5D%5D%3E%3C%2FTracking%3E%3CTracking%20event%3D%22thirdQuartile%22%3E%3C%21%5BCDATA%5Bhttps%3A%2F%2Ftpsc-video-ue.doubleverify.com%2Fevent.png%3Fvstevt%3D8%26dup%3D2c181046-0051-4015-8028-3d0567415a9d%26sid%3Dcadent%26plc%3Dcadent-video-iqmfv%26DVP_DV_CT%3D2%26aufilter1%3Dssp%26aufilter2%3DIQMFV%26auadid%3D178014%26auxch%3D6801770872685564503e1%26pltfrm%3D1369%26audvc%3DGoogle%26ausite%3D21055%26c1%3DSSP%26aubndl%3Dfbref.com%26auip%3D73.254.115.228%26DVPX_PP_AUCTION_UA%3DMozilla%252F5.0%2520%2528Macintosh%253B%2520Intel%2520Mac%2520OS%2520X%252010_15_7%2529%2520AppleWebKit%252F537.36%2520%2528KHTML%252C%2520like%2520Gecko%2529%2520Chrome%252F144.0.0.0%2520Safari%252F537.36%26turl%3Dfbref.com%26DVP_TS%3D%5Btimestamp%5D%5D%5D%3E%3C%2FTracking%3E%3CTracking%20event%3D%22complete%22%3E%3C%21%5BCDATA%5Bhttps%3A%2F%2Ftpsc-video-ue.doubleverify.com%2Fevent.png%3Fvstevt%3D10%26dup%3D2c181046-0051-4015-8028-3d0567415a9d%26sid%3Dcadent%26plc%3Dcadent-video-iqmfv%26DVP_DV_CT%3D2%26aufilter1%3Dssp%26aufilter2%3DIQMFV%26auadid%3D178014%26auxch%3D6801770872685564503e1%26pltfrm%3D1369%26audvc%3DGoogle%26ausite%3D21055%26c1%3DSSP%26aubndl%3Dfbref.com%26auip%3D73.254.115.228%26DVPX_PP_AUCTION_UA%3DMozilla%252F5.0%2520%2528Macintosh%253B%2520Intel%2520Mac%2520OS%2520X%252010_15_7%2529%2520AppleWebKit%252F537.36%2520%2528KHTML%252C%2520like%2520Gecko%2529%2520Chrome%252F144.0.0.0%2520Safari%252F537.36%26turl%3Dfbref.com%26DVP_TS%3D%5Btimestamp%5D%5D%5D%3E%3C%2FTracking%3E%3C%2FTrackingEvents%3E%3C%2FLinear%3E%3C%2FCreative%3E%3C%2FCreatives%3E%3CExtensions%3E%3CExtension%20type%3D%22AdVerifications%22%3E%3CAdVerifications%3E%3CVerification%20vendor%3D%22doubleverify.com-omid%22%3E%3CJavaScriptResource%20apiFramework%3D%22omid%22%20browserOptional%3D%22true%22%3E%3C%21%5BCDATA%5B%20https%3A%2F%2Fcdn.dv.tech%2Fdvbm.js%23vendor_key%3Ddoubleverify.com-omid%20%5D%5D%3E%3C%2FJavaScriptResource%3E%3CTrackingEvents%3E%3CTracking%20event%3D%22verificationNotExecuted%22%3E%3C%21%5BCDATA%5Bhttps%3A%2F%2Ftpsc-video-ue.doubleverify.com%2Fvisit.jpg%3Fverr%3D%5BREASON%5D%26tagtype%3Dvideo%26dvp_ctx%3D23690628%26dvp_cmp%3DDV639826%26adsrv%3D0%26dvp_ppid%3D306%26dup%3D2c181046-0051-4015-8028-3d0567415a9d%26sid%3DVastAdVerification%26plc%3DverificationNotExecuted%26DVP_DV_CT%3D2%26aufilter1%3Dssp%26aufilter2%3DIQMFV%26auadid%3D178014%26auxch%3D6801770872685564503e1%26pltfrm%3D1369%26audvc%3DGoogle%26ausite%3D21055%26c1%3DSSP%26aubndl%3Dfbref.com%26auip%3D73.254.115.228%26DVPX_PP_AUCTION_UA%3DMozilla%252F5.0%2520%2528Macintosh%253B%2520Intel%2520Mac%2520OS%2520X%252010_15_7%2529%2520AppleWebKit%252F537.36%2520%2528KHTML%252C%2520like%2520Gecko%2529%2520Chrome%252F144.0.0.0%2520Safari%252F537.36%26turl%3Dfbref.com%26DVP_TS%3D%5Btimestamp%5D%26ctx%3D818052%26cmp%3DDV064005%5D%5D%3E%3C%2FTracking%3E%3C%2FTrackingEvents%3E%3CVerificationParameters%3E%3C%21%5BCDATA%5Btagtype%3Dvideo%26blk%3D0%26mon%3D1%26msrapi%3DjsOmid%26vidreg%3Due%26ctx%3D23690628%26cmp%3DDV639826%26adsrv%3D0%26ppid%3D306%26dup%3D2c181046-0051-4015-8028-3d0567415a9d%26sid%3Dcadent%26plc%3Dcadent-video-iqmfv%26DVP_DV_CT%3D2%26aufilter1%3Dssp%26aufilter2%3DIQMFV%26auadid%3D178014%26auxch%3D6801770872685564503e1%26pltfrm%3D1369%26audvc%3DGoogle%26ausite%3D21055%26c1%3DSSP%26aubndl%3Dfbref.com%26auip%3D73.254.115.228%26DVPX_PP_AUCTION_UA%3DMozilla%252F5.0%2520%2528Macintosh%253B%2520Intel%2520Mac%2520OS%2520X%252010_15_7%2529%2520AppleWebKit%252F537.36%2520%2528KHTML%252C%2520like%2520Gecko%2529%2520Chrome%252F144.0.0.0%2520Safari%252F537.36%26turl%3Dfbref.com%26DVP_TS%3D%5Btimestamp%5D%5D%5D%3E%3C%2FVerificationParameters%3E%3C%2FVerification%3E%3C%2FAdVerifications%3E%3C%2FExtension%3E%3C%2FExtensions%3E%3CImpression%3E%3C%21%5BCDATA%5Bhttps%3A%2F%2Fclient-imp-east-2.ssp.cadent.com%2Fimp%2F%3Fcp%3D1.03000%26ts%3D1770872686%26seat%3DMX91%26w%3D5%26h%3D5%26pb%3D0.8652%26sid%3D21055%26tid%3D178014%26pid%3D1369%26uid%3D6801770872685564503e1%26wid%3D91%26dom%3Dfbref.com%26tp%3D%24%7BEMX_MACRO%7D%26mt%3D2%26dt%3D2%26st%3D1%26os%3Dmac%26ip%3D73.254.115.228%26sz%3D%26country%3DUS%26region%3DWA%26city%3DSeattle%26zip%3D98117%26dma%3D819%26agency_id%3D%26cluster%3Deast-a9%26browser%3Dchrome%26rf%3D%24%7BRF_MACRO%7D%26data_fee_type%3D%26data_fee%3D0%26clstr_nm%3Dbiddrcloud-east-8%26ua%3DMozilla%252F5.0%2520%2528Macintosh%253B%2520Intel%2520Mac%2520OS%2520X%252010_15_7%2529%2520AppleWebKit%252F537.36%2520%2528KHTML%252C%2520like%2520Gecko%2529%2520Chrome%252F144.0.0.0%2520Safari%252F537.36%26make%3DGoogle%26ifa%3D%26adom%3Daardvarktherapeutics.com%26crid%3D12440692%26cat%3D7%5D%5D%3E%3C%2FImpression%3E%3CImpression%3E%3C%21%5BCDATA%5Bhttps%3A%2F%2Ftpsc-video-ue.doubleverify.com%2Fvisit.jpg%3Fvstevt%3D2%26tagtype%3Dvideo%26ctx%3D23690628%26cmp%3DDV639826%26adsrv%3D0%26ppid%3D306%26dup%3D2c181046-0051-4015-8028-3d0567415a9d%26sid%3Dcadent%26plc%3Dcadent-video-iqmfv%26DVP_DV_CT%3D2%26aufilter1%3Dssp%26aufilter2%3DIQMFV%26auadid%3D178014%26auxch%3D6801770872685564503e1%26pltfrm%3D1369%26audvc%3DGoogle%26ausite%3D21055%26c1%3DSSP%26aubndl%3Dfbref.com%26auip%3D73.254.115.228%26DVPX_PP_AUCTION_UA%3DMozilla%252F5.0%2520%2528Macintosh%253B%2520Intel%2520Mac%2520OS%2520X%252010_15_7%2529%2520AppleWebKit%252F537.36%2520%2528KHTML%252C%2520like%2520Gecko%2529%2520Chrome%252F144.0.0.0%2520Safari%252F537.36%26turl%3Dfbref.com%26DVP_TS%3D%5Btimestamp%5D%5D%5D%3E%3C%2FImpression%3E%3CError%3E%3C%21%5BCDATA%5Bhttps%3A%2F%2Fclient-imp-east-2.ssp.cadent.com%2Ferr%2F%3Fcp%3D1.03000%26ts%3D1770872686%26seat%3DMX91%26w%3D5%26h%3D5%26pb%3D0.8652%26sid%3D21055%26tid%3D178014%26pid%3D1369%26uid%3D6801770872685564503e1%26wid%3D91%26dom%3Dfbref.com%26tp%3DDUMMY%26mt%3D2%26dt%3D2%26st%3D1%26os%3Dmac%26ip%3D73.254.115.228%26sz%3D%26country%3DUS%26region%3DWA%26city%3DSeattle%26zip%3D98117%26dma%3D819%26agency_id%3D%26cluster%3Deast-a9%26browser%3Dchrome%26rf%3DDUMMY%26data_fee_type%3D%26data_fee%3D0%26clstr_nm%3Dbiddrcloud-east-8%26ua%3DMozilla%252F5.0%2520%2528Macintosh%253B%2520Intel%2520Mac%2520OS%2520X%252010_15_7%2529%2520AppleWebKit%252F537.36%2520%2528KHTML%252C%2520like%2520Gecko%2529%2520Chrome%252F144.0.0.0%2520Safari%252F537.36%26make%3DGoogle%26ifa%3D%26adom%3Daardvarktherapeutics.com%26crid%3D12440692%26cat%3D7%26error_code%3D%5BERRORCODE%5D%5D%5D%3E%3C%2FError%3E%3C%2FWrapper%3E%3C%2FAd%3E%3C%2FVAST%3E targetMedia {width: 728, height: 410, bitrate: -1} @ https://js.ssp.cadent.com/ovvbundle_moat.js:0
[LOG] endpoint before %3CVAST%20version%3D%223.0%22%3E%3CAd%20id%3D%2212440692%22%3E%3CWrapper%3E%3CAdSystem%3EStackAdapt%3C%2FAdSystem%3E%3CVASTAdTagURI%3E%3C%21%5BCDATA%5Bhttps%3A%2F%2Fvast.doubleverify.com%2Fv3%2Fvast%3F_media%3D3%26aufilter2%3DIQMBFV%26ctx%3D34962712%26cmp%3DDV1436327%26sid%3Dstackadapt%26plc%3Dstackadapt-dvot%26advid%3D3891363%26autt%3D3%26adsrv%3D166%26_vast%3Dhttps%253A%252F%252Fevm2.stackadapt.com%252Fvast%253Faid%253D1-8039-177087268558674500605720-1%2526sid%253DbWaPWJ5rv90L9x-WOpB9Mw%2526rid%253D6801770872685564503e1%2526network%253D316%2526t%253D1770872685%2526said%253D1-8039-177087268558674500605720-1%2526sanid%253D316%2526crtype%253Dvideo%26ppid%3D347%26auevent%3D1-8039-177087268558674500605720-1_bWaPWJ5rv90L9x-WOpB9Mw%26auadv%3D37225%26aucmp%3D2860463%26aucrtv%3D12440692%26auplc%3Dstn_accompanying_content_control%26auxch%3D316%26pltfrm%3D1369%26aubndl%3D%26turl%3Dhttps%253A%252F%252Ffbref.com%252Fen%252Fsquads%252Ffd6114db%252F2025-2026%252Fmatchlogs%252Fall_comps%252Fschedule%252FMonaco-Scores-and-Fixtures-All-Competitions%26c1%3D640%26c2%3D360%26_api%3D%5BAPIFRAMEWORKS%5D%26_ssm%3D%5BSERVERSIDE%5D%26_tsm%3D%5BTIMESTAMP%5D%26gdpr%3D0%26gdpr_consent%3D%26_abm%3D%5BAPPBUNDLE%5D%26_pum%3D%5BPAGEURL%5D%5D%5D%3E%3C%2FVASTAdTagURI%3E%3CError%3E%3C%2FError%3E%3CImpression%3E%3C%21%5BCDATA%5Bhttps%3A%2F%2Fus-east-win.srv.stackadapt.com%2Fwin%3Faid%3D1-8039-177087268558674500605720-1%26sid%3DbWaPWJ5rv90L9x-WOpB9Mw%26wp%3D%24%7BEMX_MACRO%7D%26rid%3D6801770872685564503e1%26network%3D316%26t%3D1770872685%26said%3D1-8039-177087268558674500605720-1%26sanid%3D316%5D%5D%3E%3C%2FImpression%3E%3CCreatives%3E%3CCreative%20adID%3D%20%22EMX%22%3E%3CLinear%3E%3CTrackingEvents%3E%3CTracking%20event%3D%22start%22%3E%3C%21%5BCDATA%5Bhttps%3A%2F%2Ftpsc-video-ue.doubleverify.com%2Fevent.png%3Fvstevt%3D0%26dup%3D2c181046-0051-4015-8028-3d0567415a9d%26sid%3Dcadent%26plc%3Dcadent-video-iqmfv%26DVP_DV_CT%3D2%26aufilter1%3Dssp%26aufilter2%3DIQMFV%26auadid%3D178014%26auxch%3D6801770872685564503e1%26pltfrm%3D1369%26audvc%3DGoogle%26ausite%3D21055%26c1%3DSSP%26aubndl%3Dfbref.com%26auip%3D73.254.115.228%26DVPX_PP_AUCTION_UA%3DMozilla%252F5.0%2520%2528Macintosh%253B%2520Intel%2520Mac%2520OS%2520X%252010_15_7%2529%2520AppleWebKit%252F537.36%2520%2528KHTML%252C%2520like%2520Gecko%2529%2520Chrome%252F144.0.0.0%2520Safari%252F537.36%26turl%3Dfbref.com%26DVP_TS%3D%5Btimestamp%5D%5D%5D%3E%3C%2FTracking%3E%3CTracking%20event%3D%22firstQuartile%22%3E%3C%21%5BCDATA%5Bhttps%3A%2F%2Ftpsc-video-ue.doubleverify.com%2Fevent.png%3Fvstevt%3D4%26dup%3D2c181046-0051-4015-8028-3d0567415a9d%26sid%3Dcadent%26plc%3Dcadent-video-iqmfv%26DVP_DV_CT%3D2%26aufilter1%3Dssp%26aufilter2%3DIQMFV%26auadid%3D178014%26auxch%3D6801770872685564503e1%26pltfrm%3D1369%26audvc%3DGoogle%26ausite%3D21055%26c1%3DSSP%26aubndl%3Dfbref.com%26auip%3D73.254.115.228%26DVPX_PP_AUCTION_UA%3DMozilla%252F5.0%2520%2528Macintosh%253B%2520Intel%2520Mac%2520OS%2520X%252010_15_7%2529%2520AppleWebKit%252F537.36%2520%2528KHTML%252C%2520like%2520Gecko%2529%2520Chrome%252F144.0.0.0%2520Safari%252F537.36%26turl%3Dfbref.com%26DVP_TS%3D%5Btimestamp%5D%5D%5D%3E%3C%2FTracking%3E%3CTracking%20event%3D%22midpoint%22%3E%3C%21%5BCDATA%5Bhttps%3A%2F%2Ftpsc-video-ue.doubleverify.com%2Fevent.png%3Fvstevt%3D6%26dup%3D2c181046-0051-4015-8028-3d0567415a9d%26sid%3Dcadent%26plc%3Dcadent-video-iqmfv%26DVP_DV_CT%3D2%26aufilter1%3Dssp%26aufilter2%3DIQMFV%26auadid%3D178014%26auxch%3D6801770872685564503e1%26pltfrm%3D1369%26audvc%3DGoogle%26ausite%3D21055%26c1%3DSSP%26aubndl%3Dfbref.com%26auip%3D73.254.115.228%26DVPX_PP_AUCTION_UA%3DMozilla%252F5.0%2520%2528Macintosh%253B%2520Intel%2520Mac%2520OS%2520X%252010_15_7%2529%2520AppleWebKit%252F537.36%2520%2528KHTML%252C%2520like%2520Gecko%2529%2520Chrome%252F144.0.0.0%2520Safari%252F537.36%26turl%3Dfbref.com%26DVP_TS%3D%5Btimestamp%5D%5D%5D%3E%3C%2FTracking%3E%3CTracking%20event%3D%22thirdQuartile%22%3E%3C%21%5BCDATA%5Bhttps%3A%2F%2Ftpsc-video-ue.doubleverify.com%2Fevent.png%3Fvstevt%3D8%26dup%3D2c181046-0051-4015-8028-3d0567415a9d%26sid%3Dcadent%26plc%3Dcadent-video-iqmfv%26DVP_DV_CT%3D2%26aufilter1%3Dssp%26aufilter2%3DIQMFV%26auadid%3D178014%26auxch%3D6801770872685564503e1%26pltfrm%3D1369%26audvc%3DGoogle%26ausite%3D21055%26c1%3DSSP%26aubndl%3Dfbref.com%26auip%3D73.254.115.228%26DVPX_PP_AUCTION_UA%3DMozilla%252F5.0%2520%2528Macintosh%253B%2520Intel%2520Mac%2520OS%2520X%252010_15_7%2529%2520AppleWebKit%252F537.36%2520%2528KHTML%252C%2520like%2520Gecko%2529%2520Chrome%252F144.0.0.0%2520Safari%252F537.36%26turl%3Dfbref.com%26DVP_TS%3D%5Btimestamp%5D%5D%5D%3E%3C%2FTracking%3E%3CTracking%20event%3D%22complete%22%3E%3C%21%5BCDATA%5Bhttps%3A%2F%2Ftpsc-video-ue.doubleverify.com%2Fevent.png%3Fvstevt%3D10%26dup%3D2c181046-0051-4015-8028-3d0567415a9d%26sid%3Dcadent%26plc%3Dcadent-video-iqmfv%26DVP_DV_CT%3D2%26aufilter1%3Dssp%26aufilter2%3DIQMFV%26auadid%3D178014%26auxch%3D6801770872685564503e1%26pltfrm%3D1369%26audvc%3DGoogle%26ausite%3D21055%26c1%3DSSP%26aubndl%3Dfbref.com%26auip%3D73.254.115.228%26DVPX_PP_AUCTION_UA%3DMozilla%252F5.0%2520%2528Macintosh%253B%2520Intel%2520Mac%2520OS%2520X%252010_15_7%2529%2520AppleWebKit%252F537.36%2520%2528KHTML%252C%2520like%2520Gecko%2529%2520Chrome%252F144.0.0.0%2520Safari%252F537.36%26turl%3Dfbref.com%26DVP_TS%3D%5Btimestamp%5D%5D%5D%3E%3C%2FTracking%3E%3C%2FTrackingEvents%3E%3C%2FLinear%3E%3C%2FCreative%3E%3C%2FCreatives%3E%3CExtensions%3E%3CExtension%20type%3D%22AdVerifications%22%3E%3CAdVerifications%3E%3CVerification%20vendor%3D%22doubleverify.com-omid%22%3E%3CJavaScriptResource%20apiFramework%3D%22omid%22%20browserOptional%3D%22true%22%3E%3C%21%5BCDATA%5B%20https%3A%2F%2Fcdn.dv.tech%2Fdvbm.js%23vendor_key%3Ddoubleverify.com-omid%20%5D%5D%3E%3C%2FJavaScriptResource%3E%3CTrackingEvents%3E%3CTracking%20event%3D%22verificationNotExecuted%22%3E%3C%21%5BCDATA%5Bhttps%3A%2F%2Ftpsc-video-ue.doubleverify.com%2Fvisit.jpg%3Fverr%3D%5BREASON%5D%26tagtype%3Dvideo%26dvp_ctx%3D23690628%26dvp_cmp%3DDV639826%26adsrv%3D0%26dvp_ppid%3D306%26dup%3D2c181046-0051-4015-8028-3d0567415a9d%26sid%3DVastAdVerification%26plc%3DverificationNotExecuted%26DVP_DV_CT%3D2%26aufilter1%3Dssp%26aufilter2%3DIQMFV%26auadid%3D178014%26auxch%3D6801770872685564503e1%26pltfrm%3D1369%26audvc%3DGoogle%26ausite%3D21055%26c1%3DSSP%26aubndl%3Dfbref.com%26auip%3D73.254.115.228%26DVPX_PP_AUCTION_UA%3DMozilla%252F5.0%2520%2528Macintosh%253B%2520Intel%2520Mac%2520OS%2520X%252010_15_7%2529%2520AppleWebKit%252F537.36%2520%2528KHTML%252C%2520like%2520Gecko%2529%2520Chrome%252F144.0.0.0%2520Safari%252F537.36%26turl%3Dfbref.com%26DVP_TS%3D%5Btimestamp%5D%26ctx%3D818052%26cmp%3DDV064005%5D%5D%3E%3C%2FTracking%3E%3C%2FTrackingEvents%3E%3CVerificationParameters%3E%3C%21%5BCDATA%5Btagtype%3Dvideo%26blk%3D0%26mon%3D1%26msrapi%3DjsOmid%26vidreg%3Due%26ctx%3D23690628%26cmp%3DDV639826%26adsrv%3D0%26ppid%3D306%26dup%3D2c181046-0051-4015-8028-3d0567415a9d%26sid%3Dcadent%26plc%3Dcadent-video-iqmfv%26DVP_DV_CT%3D2%26aufilter1%3Dssp%26aufilter2%3DIQMFV%26auadid%3D178014%26auxch%3D6801770872685564503e1%26pltfrm%3D1369%26audvc%3DGoogle%26ausite%3D21055%26c1%3DSSP%26aubndl%3Dfbref.com%26auip%3D73.254.115.228%26DVPX_PP_AUCTION_UA%3DMozilla%252F5.0%2520%2528Macintosh%253B%2520Intel%2520Mac%2520OS%2520X%252010_15_7%2529%2520AppleWebKit%252F537.36%2520%2528KHTML%252C%2520like%2520Gecko%2529%2520Chrome%252F144.0.0.0%2520Safari%252F537.36%26turl%3Dfbref.com%26DVP_TS%3D%5Btimestamp%5D%5D%5D%3E%3C%2FVerificationParameters%3E%3C%2FVerification%3E%3C%2FAdVerifications%3E%3C%2FExtension%3E%3C%2FExtensions%3E%3CImpression%3E%3C%21%5BCDATA%5Bhttps%3A%2F%2Fclient-imp-east-2.ssp.cadent.com%2Fimp%2F%3Fcp%3D1.03000%26ts%3D1770872686%26seat%3DMX91%26w%3D5%26h%3D5%26pb%3D0.8652%26sid%3D21055%26tid%3D178014%26pid%3D1369%26uid%3D6801770872685564503e1%26wid%3D91%26dom%3Dfbref.com%26tp%3D%24%7BEMX_MACRO%7D%26mt%3D2%26dt%3D2%26st%3D1%26os%3Dmac%26ip%3D73.254.115.228%26sz%3D%26country%3DUS%26region%3DWA%26city%3DSeattle%26zip%3D98117%26dma%3D819%26agency_id%3D%26cluster%3Deast-a9%26browser%3Dchrome%26rf%3D%24%7BRF_MACRO%7D%26data_fee_type%3D%26data_fee%3D0%26clstr_nm%3Dbiddrcloud-east-8%26ua%3DMozilla%252F5.0%2520%2528Macintosh%253B%2520Intel%2520Mac%2520OS%2520X%252010_15_7%2529%2520AppleWebKit%252F537.36%2520%2528KHTML%252C%2520like%2520Gecko%2529%2520Chrome%252F144.0.0.0%2520Safari%252F537.36%26make%3DGoogle%26ifa%3D%26adom%3Daardvarktherapeutics.com%26crid%3D12440692%26cat%3D7%5D%5D%3E%3C%2FImpression%3E%3CImpression%3E%3C%21%5BCDATA%5Bhttps%3A%2F%2Ftpsc-video-ue.doubleverify.com%2Fvisit.jpg%3Fvstevt%3D2%26tagtype%3Dvideo%26ctx%3D23690628%26cmp%3DDV639826%26adsrv%3D0%26ppid%3D306%26dup%3D2c181046-0051-4015-8028-3d0567415a9d%26sid%3Dcadent%26plc%3Dcadent-video-iqmfv%26DVP_DV_CT%3D2%26aufilter1%3Dssp%26aufilter2%3DIQMFV%26auadid%3D178014%26auxch%3D6801770872685564503e1%26pltfrm%3D1369%26audvc%3DGoogle%26ausite%3D21055%26c1%3DSSP%26aubndl%3Dfbref.com%26auip%3D73.254.115.228%26DVPX_PP_AUCTION_UA%3DMozilla%252F5.0%2520%2528Macintosh%253B%2520Intel%2520Mac%2520OS%2520X%252010_15_7%2529%2520AppleWebKit%252F537.36%2520%2528KHTML%252C%2520like%2520Gecko%2529%2520Chrome%252F144.0.0.0%2520Safari%252F537.36%26turl%3Dfbref.com%26DVP_TS%3D%5Btimestamp%5D%5D%5D%3E%3C%2FImpression%3E%3CError%3E%3C%21%5BCDATA%5Bhttps%3A%2F%2Fclient-imp-east-2.ssp.cadent.com%2Ferr%2F%3Fcp%3D1.03000%26ts%3D1770872686%26seat%3DMX91%26w%3D5%26h%3D5%26pb%3D0.8652%26sid%3D21055%26tid%3D178014%26pid%3D1369%26uid%3D6801770872685564503e1%26wid%3D91%26dom%3Dfbref.com%26tp%3DDUMMY%26mt%3D2%26dt%3D2%26st%3D1%26os%3Dmac%26ip%3D73.254.115.228%26sz%3D%26country%3DUS%26region%3DWA%26city%3DSeattle%26zip%3D98117%26dma%3D819%26agency_id%3D%26cluster%3Deast-a9%26browser%3Dchrome%26rf%3DDUMMY%26data_fee_type%3D%26data_fee%3D0%26clstr_nm%3Dbiddrcloud-east-8%26ua%3DMozilla%252F5.0%2520%2528Macintosh%253B%2520Intel%2520Mac%2520OS%2520X%252010_15_7%2529%2520AppleWebKit%252F537.36%2520%2528KHTML%252C%2520like%2520Gecko%2529%2520Chrome%252F144.0.0.0%2520Safari%252F537.36%26make%3DGoogle%26ifa%3D%26adom%3Daardvarktherapeutics.com%26crid%3D12440692%26cat%3D7%26error_code%3D%5BERRORCODE%5D%5D%5D%3E%3C%2FError%3E%3C%2FWrapper%3E%3C%2FAd%3E%3C%2FVAST%3E @ https://js.ssp.cadent.com/ovvbundle_moat.js:0
[LOG] endpoint replaced %3CVAST%20version%3D%223.0%22%3E%3CAd%20id%3D%2212440692%22%3E%3CWrapper%3E%3CAdSystem%3EStackAdapt%3C%2FAdSystem%3E%3CVASTAdTagURI%3E%3C%21%5BCDATA%5Bhttps%3A%2F%2Fvast.doubleverify.com%2Fv3%2Fvast%3F_media%3D3%26aufilter2%3DIQMBFV%26ctx%3D34962712%26cmp%3DDV1436327%26sid%3Dstackadapt%26plc%3Dstackadapt-dvot%26advid%3D3891363%26autt%3D3%26adsrv%3D166%26_vast%3Dhttps%253A%252F%252Fevm2.stackadapt.com%252Fvast%253Faid%253D1-8039-177087268558674500605720-1%2526sid%253DbWaPWJ5rv90L9x-WOpB9Mw%2526rid%253D6801770872685564503e1%2526network%253D316%2526t%253D1770872685%2526said%253D1-8039-177087268558674500605720-1%2526sanid%253D316%2526crtype%253Dvideo%26ppid%3D347%26auevent%3D1-8039-177087268558674500605720-1_bWaPWJ5rv90L9x-WOpB9Mw%26auadv%3D37225%26aucmp%3D2860463%26aucrtv%3D12440692%26auplc%3Dstn_accompanying_content_control%26auxch%3D316%26pltfrm%3D1369%26aubndl%3D%26turl%3Dhttps%253A%252F%252Ffbref.com%252Fen%252Fsquads%252Ffd6114db%252F2025-2026%252Fmatchlogs%252Fall_comps%252Fschedule%252FMonaco-Scores-and-Fixtures-All-Competitions%26c1%3D640%26c2%3D360%26_api%3D%5BAPIFRAMEWORKS%5D%26_ssm%3D%5BSERVERSIDE%5D%26_tsm%3D%5BTIMESTAMP%5D%26gdpr%3D0%26gdpr_consent%3D%26_abm%3D%5BAPPBUNDLE%5D%26_pum%3D%5BPAGEURL%5D%5D%5D%3E%3C%2FVASTAdTagURI%3E%3CError%3E%3C%2FError%3E%3CImpression%3E%3C%21%5BCDATA%5Bhttps%3A%2F%2Fus-east-win.srv.stackadapt.com%2Fwin%3Faid%3D1-8039-177087268558674500605720-1%26sid%3DbWaPWJ5rv90L9x-WOpB9Mw%26wp%3D%24%7BEMX_MACRO%7D%26rid%3D6801770872685564503e1%26network%3D316%26t%3D1770872685%26said%3D1-8039-177087268558674500605720-1%26sanid%3D316%5D%5D%3E%3C%2FImpression%3E%3CCreatives%3E%3CCreative%20adID%3D%20%22EMX%22%3E%3CLinear%3E%3CTrackingEvents%3E%3CTracking%20event%3D%22start%22%3E%3C%21%5BCDATA%5Bhttps%3A%2F%2Ftpsc-video-ue.doubleverify.com%2Fevent.png%3Fvstevt%3D0%26dup%3D2c181046-0051-4015-8028-3d0567415a9d%26sid%3Dcadent%26plc%3Dcadent-video-iqmfv%26DVP_DV_CT%3D2%26aufilter1%3Dssp%26aufilter2%3DIQMFV%26auadid%3D178014%26auxch%3D6801770872685564503e1%26pltfrm%3D1369%26audvc%3DGoogle%26ausite%3D21055%26c1%3DSSP%26aubndl%3Dfbref.com%26auip%3D73.254.115.228%26DVPX_PP_AUCTION_UA%3DMozilla%252F5.0%2520%2528Macintosh%253B%2520Intel%2520Mac%2520OS%2520X%252010_15_7%2529%2520AppleWebKit%252F537.36%2520%2528KHTML%252C%2520like%2520Gecko%2529%2520Chrome%252F144.0.0.0%2520Safari%252F537.36%26turl%3Dfbref.com%26DVP_TS%3D%5Btimestamp%5D%5D%5D%3E%3C%2FTracking%3E%3CTracking%20event%3D%22firstQuartile%22%3E%3C%21%5BCDATA%5Bhttps%3A%2F%2Ftpsc-video-ue.doubleverify.com%2Fevent.png%3Fvstevt%3D4%26dup%3D2c181046-0051-4015-8028-3d0567415a9d%26sid%3Dcadent%26plc%3Dcadent-video-iqmfv%26DVP_DV_CT%3D2%26aufilter1%3Dssp%26aufilter2%3DIQMFV%26auadid%3D178014%26auxch%3D6801770872685564503e1%26pltfrm%3D1369%26audvc%3DGoogle%26ausite%3D21055%26c1%3DSSP%26aubndl%3Dfbref.com%26auip%3D73.254.115.228%26DVPX_PP_AUCTION_UA%3DMozilla%252F5.0%2520%2528Macintosh%253B%2520Intel%2520Mac%2520OS%2520X%252010_15_7%2529%2520AppleWebKit%252F537.36%2520%2528KHTML%252C%2520like%2520Gecko%2529%2520Chrome%252F144.0.0.0%2520Safari%252F537.36%26turl%3Dfbref.com%26DVP_TS%3D%5Btimestamp%5D%5D%5D%3E%3C%2FTracking%3E%3CTracking%20event%3D%22midpoint%22%3E%3C%21%5BCDATA%5Bhttps%3A%2F%2Ftpsc-video-ue.doubleverify.com%2Fevent.png%3Fvstevt%3D6%26dup%3D2c181046-0051-4015-8028-3d0567415a9d%26sid%3Dcadent%26plc%3Dcadent-video-iqmfv%26DVP_DV_CT%3D2%26aufilter1%3Dssp%26aufilter2%3DIQMFV%26auadid%3D178014%26auxch%3D6801770872685564503e1%26pltfrm%3D1369%26audvc%3DGoogle%26ausite%3D21055%26c1%3DSSP%26aubndl%3Dfbref.com%26auip%3D73.254.115.228%26DVPX_PP_AUCTION_UA%3DMozilla%252F5.0%2520%2528Macintosh%253B%2520Intel%2520Mac%2520OS%2520X%252010_15_7%2529%2520AppleWebKit%252F537.36%2520%2528KHTML%252C%2520like%2520Gecko%2529%2520Chrome%252F144.0.0.0%2520Safari%252F537.36%26turl%3Dfbref.com%26DVP_TS%3D%5Btimestamp%5D%5D%5D%3E%3C%2FTracking%3E%3CTracking%20event%3D%22thirdQuartile%22%3E%3C%21%5BCDATA%5Bhttps%3A%2F%2Ftpsc-video-ue.doubleverify.com%2Fevent.png%3Fvstevt%3D8%26dup%3D2c181046-0051-4015-8028-3d0567415a9d%26sid%3Dcadent%26plc%3Dcadent-video-iqmfv%26DVP_DV_CT%3D2%26aufilter1%3Dssp%26aufilter2%3DIQMFV%26auadid%3D178014%26auxch%3D6801770872685564503e1%26pltfrm%3D1369%26audvc%3DGoogle%26ausite%3D21055%26c1%3DSSP%26aubndl%3Dfbref.com%26auip%3D73.254.115.228%26DVPX_PP_AUCTION_UA%3DMozilla%252F5.0%2520%2528Macintosh%253B%2520Intel%2520Mac%2520OS%2520X%252010_15_7%2529%2520AppleWebKit%252F537.36%2520%2528KHTML%252C%2520like%2520Gecko%2529%2520Chrome%252F144.0.0.0%2520Safari%252F537.36%26turl%3Dfbref.com%26DVP_TS%3D%5Btimestamp%5D%5D%5D%3E%3C%2FTracking%3E%3CTracking%20event%3D%22complete%22%3E%3C%21%5BCDATA%5Bhttps%3A%2F%2Ftpsc-video-ue.doubleverify.com%2Fevent.png%3Fvstevt%3D10%26dup%3D2c181046-0051-4015-8028-3d0567415a9d%26sid%3Dcadent%26plc%3Dcadent-video-iqmfv%26DVP_DV_CT%3D2%26aufilter1%3Dssp%26aufilter2%3DIQMFV%26auadid%3D178014%26auxch%3D6801770872685564503e1%26pltfrm%3D1369%26audvc%3DGoogle%26ausite%3D21055%26c1%3DSSP%26aubndl%3Dfbref.com%26auip%3D73.254.115.228%26DVPX_PP_AUCTION_UA%3DMozilla%252F5.0%2520%2528Macintosh%253B%2520Intel%2520Mac%2520OS%2520X%252010_15_7%2529%2520AppleWebKit%252F537.36%2520%2528KHTML%252C%2520like%2520Gecko%2529%2520Chrome%252F144.0.0.0%2520Safari%252F537.36%26turl%3Dfbref.com%26DVP_TS%3D%5Btimestamp%5D%5D%5D%3E%3C%2FTracking%3E%3C%2FTrackingEvents%3E%3C%2FLinear%3E%3C%2FCreative%3E%3C%2FCreatives%3E%3CExtensions%3E%3CExtension%20type%3D%22AdVerifications%22%3E%3CAdVerifications%3E%3CVerification%20vendor%3D%22doubleverify.com-omid%22%3E%3CJavaScriptResource%20apiFramework%3D%22omid%22%20browserOptional%3D%22true%22%3E%3C%21%5BCDATA%5B%20https%3A%2F%2Fcdn.dv.tech%2Fdvbm.js%23vendor_key%3Ddoubleverify.com-omid%20%5D%5D%3E%3C%2FJavaScriptResource%3E%3CTrackingEvents%3E%3CTracking%20event%3D%22verificationNotExecuted%22%3E%3C%21%5BCDATA%5Bhttps%3A%2F%2Ftpsc-video-ue.doubleverify.com%2Fvisit.jpg%3Fverr%3D%5BREASON%5D%26tagtype%3Dvideo%26dvp_ctx%3D23690628%26dvp_cmp%3DDV639826%26adsrv%3D0%26dvp_ppid%3D306%26dup%3D2c181046-0051-4015-8028-3d0567415a9d%26sid%3DVastAdVerification%26plc%3DverificationNotExecuted%26DVP_DV_CT%3D2%26aufilter1%3Dssp%26aufilter2%3DIQMFV%26auadid%3D178014%26auxch%3D6801770872685564503e1%26pltfrm%3D1369%26audvc%3DGoogle%26ausite%3D21055%26c1%3DSSP%26aubndl%3Dfbref.com%26auip%3D73.254.115.228%26DVPX_PP_AUCTION_UA%3DMozilla%252F5.0%2520%2528Macintosh%253B%2520Intel%2520Mac%2520OS%2520X%252010_15_7%2529%2520AppleWebKit%252F537.36%2520%2528KHTML%252C%2520like%2520Gecko%2529%2520Chrome%252F144.0.0.0%2520Safari%252F537.36%26turl%3Dfbref.com%26DVP_TS%3D%5Btimestamp%5D%26ctx%3D818052%26cmp%3DDV064005%5D%5D%3E%3C%2FTracking%3E%3C%2FTrackingEvents%3E%3CVerificationParameters%3E%3C%21%5BCDATA%5Btagtype%3Dvideo%26blk%3D0%26mon%3D1%26msrapi%3DjsOmid%26vidreg%3Due%26ctx%3D23690628%26cmp%3DDV639826%26adsrv%3D0%26ppid%3D306%26dup%3D2c181046-0051-4015-8028-3d0567415a9d%26sid%3Dcadent%26plc%3Dcadent-video-iqmfv%26DVP_DV_CT%3D2%26aufilter1%3Dssp%26aufilter2%3DIQMFV%26auadid%3D178014%26auxch%3D6801770872685564503e1%26pltfrm%3D1369%26audvc%3DGoogle%26ausite%3D21055%26c1%3DSSP%26aubndl%3Dfbref.com%26auip%3D73.254.115.228%26DVPX_PP_AUCTION_UA%3DMozilla%252F5.0%2520%2528Macintosh%253B%2520Intel%2520Mac%2520OS%2520X%252010_15_7%2529%2520AppleWebKit%252F537.36%2520%2528KHTML%252C%2520like%2520Gecko%2529%2520Chrome%252F144.0.0.0%2520Safari%252F537.36%26turl%3Dfbref.com%26DVP_TS%3D%5Btimestamp%5D%5D%5D%3E%3C%2FVerificationParameters%3E%3C%2FVerification%3E%3C%2FAdVerifications%3E%3C%2FExtension%3E%3C%2FExtensions%3E%3CImpression%3E%3C%21%5BCDATA%5Bhttps%3A%2F%2Fclient-imp-east-2.ssp.cadent.com%2Fimp%2F%3Fcp%3D1.03000%26ts%3D1770872686%26seat%3DMX91%26w%3D5%26h%3D5%26pb%3D0.8652%26sid%3D21055%26tid%3D178014%26pid%3D1369%26uid%3D6801770872685564503e1%26wid%3D91%26dom%3Dfbref.com%26tp%3D%24%7BEMX_MACRO%7D%26mt%3D2%26dt%3D2%26st%3D1%26os%3Dmac%26ip%3D73.254.115.228%26sz%3D%26country%3DUS%26region%3DWA%26city%3DSeattle%26zip%3D98117%26dma%3D819%26agency_id%3D%26cluster%3Deast-a9%26browser%3Dchrome%26rf%3D%24%7BRF_MACRO%7D%26data_fee_type%3D%26data_fee%3D0%26clstr_nm%3Dbiddrcloud-east-8%26ua%3DMozilla%252F5.0%2520%2528Macintosh%253B%2520Intel%2520Mac%2520OS%2520X%252010_15_7%2529%2520AppleWebKit%252F537.36%2520%2528KHTML%252C%2520like%2520Gecko%2529%2520Chrome%252F144.0.0.0%2520Safari%252F537.36%26make%3DGoogle%26ifa%3D%26adom%3Daardvarktherapeutics.com%26crid%3D12440692%26cat%3D7%5D%5D%3E%3C%2FImpression%3E%3CImpression%3E%3C%21%5BCDATA%5Bhttps%3A%2F%2Ftpsc-video-ue.doubleverify.com%2Fvisit.jpg%3Fvstevt%3D2%26tagtype%3Dvideo%26ctx%3D23690628%26cmp%3DDV639826%26adsrv%3D0%26ppid%3D306%26dup%3D2c181046-0051-4015-8028-3d0567415a9d%26sid%3Dcadent%26plc%3Dcadent-video-iqmfv%26DVP_DV_CT%3D2%26aufilter1%3Dssp%26aufilter2%3DIQMFV%26auadid%3D178014%26auxch%3D6801770872685564503e1%26pltfrm%3D1369%26audvc%3DGoogle%26ausite%3D21055%26c1%3DSSP%26aubndl%3Dfbref.com%26auip%3D73.254.115.228%26DVPX_PP_AUCTION_UA%3DMozilla%252F5.0%2520%2528Macintosh%253B%2520Intel%2520Mac%2520OS%2520X%252010_15_7%2529%2520AppleWebKit%252F537.36%2520%2528KHTML%252C%2520like%2520Gecko%2529%2520Chrome%252F144.0.0.0%2520Safari%252F537.36%26turl%3Dfbref.com%26DVP_TS%3D%5Btimestamp%5D%5D%5D%3E%3C%2FImpression%3E%3CError%3E%3C%21%5BCDATA%5Bhttps%3A%2F%2Fclient-imp-east-2.ssp.cadent.com%2Ferr%2F%3Fcp%3D1.03000%26ts%3D1770872686%26seat%3DMX91%26w%3D5%26h%3D5%26pb%3D0.8652%26sid%3D21055%26tid%3D178014%26pid%3D1369%26uid%3D6801770872685564503e1%26wid%3D91%26dom%3Dfbref.com%26tp%3DDUMMY%26mt%3D2%26dt%3D2%26st%3D1%26os%3Dmac%26ip%3D73.254.115.228%26sz%3D%26country%3DUS%26region%3DWA%26city%3DSeattle%26zip%3D98117%26dma%3D819%26agency_id%3D%26cluster%3Deast-a9%26browser%3Dchrome%26rf%3DDUMMY%26data_fee_type%3D%26data_fee%3D0%26clstr_nm%3Dbiddrcloud-east-8%26ua%3DMozilla%252F5.0%2520%2528Macintosh%253B%2520Intel%2520Mac%2520OS%2520X%252010_15_7%2529%2520AppleWebKit%252F537.36%2520%2528KHTML%252C%2520like%2520Gecko%2529%2520Chrome%252F144.0.0.0%2520Safari%252F537.36%26make%3DGoogle%26ifa%3D%26adom%3Daardvarktherapeutics.com%26crid%3D12440692%26cat%3D7%26error_code%3D%5BERRORCODE%5D%5D%5D%3E%3C%2FError%3E%3C%2FWrapper%3E%3C%2FAd%3E%3C%2FVAST%3E @ https://js.ssp.cadent.com/ovvbundle_moat.js:0
[LOG] XML endpoint is not url. Attempt to parse out as a URL encoded XML string. @ https://js.ssp.cadent.com/ovvbundle_moat.js:0
[LOG] endpoint before https://vast.doubleverify.com/v3/vast?_media=3&aufilter2=IQMBFV&ctx=34962712&cmp=DV1436327&sid=stackadapt&plc=stackadapt-dvot&advid=3891363&autt=3&adsrv=166&_vast=https%3A%2F%2Fevm2.stackadapt.com%2Fvast%3Faid%3D1-8039-177087268558674500605720-1%26sid%3DbWaPWJ5rv90L9x-WOpB9Mw%26rid%3D6801770872685564503e1%26network%3D316%26t%3D1770872685%26said%3D1-8039-177087268558674500605720-1%26sanid%3D316%26crtype%3Dvideo&ppid=347&auevent=1-8039-177087268558674500605720-1_bWaPWJ5rv90L9x-WOpB9Mw&auadv=37225&aucmp=2860463&aucrtv=12440692&auplc=stn_accompanying_content_control&auxch=316&pltfrm=1369&aubndl=&turl=https%3A%2F%2Ffbref.com%2Fen%2Fsquads%2Ffd6114db%2F2025-2026%2Fmatchlogs%2Fall_comps%2Fschedule%2FMonaco-Scores-and-Fixtures-All-Competitions&c1=640&c2=360&_api=[APIFRAMEWORKS]&_ssm=[SERVERSIDE]&_tsm=[TIMESTAMP]&gdpr=0&gdpr_consent=&_abm=[APPBUNDLE]&_pum=[PAGEURL] @ https://js.ssp.cadent.com/ovvbundle_moat.js:0
[LOG] endpoint replaced https://vast.doubleverify.com/v3/vast?_media=3&aufilter2=IQMBFV&ctx=34962712&cmp=DV1436327&sid=stackadapt&plc=stackadapt-dvot&advid=3891363&autt=3&adsrv=166&_vast=https%3A%2F%2Fevm2.stackadapt.com%2Fvast%3Faid%3D1-8039-177087268558674500605720-1%26sid%3DbWaPWJ5rv90L9x-WOpB9Mw%26rid%3D6801770872685564503e1%26network%3D316%26t%3D1770872685%26said%3D1-8039-177087268558674500605720-1%26sanid%3D316%26crtype%3Dvideo&ppid=347&auevent=1-8039-177087268558674500605720-1_bWaPWJ5rv90L9x-WOpB9Mw&auadv=37225&aucmp=2860463&aucrtv=12440692&auplc=stn_accompanying_content_control&auxch=316&pltfrm=1369&aubndl=&turl=https%3A%2F%2Ffbref.com%2Fen%2Fsquads%2Ffd6114db%2F2025-2026%2Fmatchlogs%2Fall_comps%2Fschedule%2FMonaco-Scores-and-Fixtures-All-Competitions&c1=640&c2=360&_api=[APIFRAMEWORKS]&_ssm=[SERVERSIDE]&_tsm=[TIMESTAMP]&gdpr=0&gdpr_consent=&_abm=[APPBUNDLE]&_pum=[PAGEURL] @ https://js.ssp.cadent.com/ovvbundle_moat.js:0
[LOG] Unmeasureable @ https://js.ssp.cadent.com/ovvbundle_moat.js:0
[ERROR] Failed to load resource: net::ERR_NAME_NOT_RESOLVED @ https://z.moatads.com/emxsspvideo326487385820/moatvideo.js#_moatApi37620535:0
[WARNING] A preload for 'https://cdn.ssref.net/req/202602051/css/fb/sr-min.css' is found, but is not used because the request credentials mode does not match. Consider taking a look at crossorigin attribute. @ https://fbref.com/en/squads/53a2f082/2025-2026/matchlogs/all_comps/schedule/Real-Madrid-Scores-and-Fixtures-All-Competitions:50
[WARNING] [GPT] Unrecognized property encountered when calling setConfig: googletag.setConfig.contentPause
https://goo.gle/gpt-message#158 @ https://securepubads.g.doubleclick.net/pagead/managed/js/gpt/m202602090101/pubads_impl.js?cb=31096699:18
Uncaught Error: Invalid command: getGPPData
    at <anonymous> (https://cmp.osano.com/16CGnCU8UtNhM14sg/12669873-8cf8-41e2-be1f-1cb803cbffe0/osano.js:1:225454)
    at <anonymous> (https://cmp.osano.com/16CGnCU8UtNhM14sg/12669873-8cf8-41e2-be1f-1cb803cbffe0/osano.js:1:223655)
Uncaught Error: Invalid command: getGPPData
    at <anonymous> (https://cmp.osano.com/16CGnCU8UtNhM14sg/12669873-8cf8-41e2-be1f-1cb803cbffe0/osano.js:1:225454)
    at <anonymous> (https://cmp.osano.com/16CGnCU8UtNhM14sg/12669873-8cf8-41e2-be1f-1cb803cbffe0/osano.js:1:223655)
[LOG] Called iframe: ads.pubmatic.com [] 
Number of topics:  0 @ https://ads.pubmatic.com/AdServer/js/topics/topics_frame.html?bidder=pubmatic:19
[LOG] Called iframe: pa.openx.net [] 
Number of topics:  0 @ https://pa.openx.net/topics_frame.html?bidder=openx:15
[WARNING] [Audigent] script has already been initialised. Skip further execution @ https://a.ad.gt/api/v1/u/matches/454?_it=0:0
Uncaught Error: Invalid command: getGPPData
    at <anonymous> (https://cmp.osano.com/16CGnCU8UtNhM14sg/12669873-8cf8-41e2-be1f-1cb803cbffe0/osano.js:1:225454)
    at <anonymous> (https://cmp.osano.com/16CGnCU8UtNhM14sg/12669873-8cf8-41e2-be1f-1cb803cbffe0/osano.js:1:223655)
Uncaught Error: Invalid command: getGPPData
    at <anonymous> (https://cmp.osano.com/16CGnCU8UtNhM14sg/12669873-8cf8-41e2-be1f-1cb803cbffe0/osano.js:1:225454)
    at <anonymous> (https://cmp.osano.com/16CGnCU8UtNhM14sg/12669873-8cf8-41e2-be1f-1cb803cbffe0/osano.js:1:223655)
[WARNING] [Audigent] script has already been initialised. Skip further execution @ https://a.ad.gt/api/v1/u/matches/454?_it=amazon:0
Uncaught Error: Invalid command: getGPPData
    at <anonymous> (https://cmp.osano.com/16CGnCU8UtNhM14sg/12669873-8cf8-41e2-be1f-1cb803cbffe0/osano.js:1:225454)
    at <anonymous> (https://cmp.osano.com/16CGnCU8UtNhM14sg/12669873-8cf8-41e2-be1f-1cb803cbffe0/osano.js:1:223655)
Uncaught Error: Invalid command: getGPPData
    at <anonymous> (https://cmp.osano.com/16CGnCU8UtNhM14sg/12669873-8cf8-41e2-be1f-1cb803cbffe0/osano.js:1:225454)
    at <anonymous> (https://cmp.osano.com/16CGnCU8UtNhM14sg/12669873-8cf8-41e2-be1f-1cb803cbffe0/osano.js:1:223655)
[ERROR] Attestation check for Shared Storage on https://securepubads.g.doubleclick.net failed. @ https://imasdk.googleapis.com/js/core/bridge3.741.1_en.html#deid=%22%22&eventfe_experiment_ids=%5B%5D&fid=%22goog_1640450247%22&genotype_experiment_data=%7B%22experimentStateProto%22%3A%22%5B%5B%5B45713128%2Cnull%2Cnull%2C%5B%5D%5D%2C%5Bnull%2C745150931%2Cnull%2C%5Bnull%2C1%5D%5D%2C%5Bnull%2C749060184%2Cnull%2C%5Bnull%2C128%5D%5D%2C%5B841585769%2Cnull%2Cnull%2C%5B1%5D%5D%2C%5B45722344%2Cnull%2Cnull%2C%5B%5D%5D%2C%5B45706017%2Cnull%2Cnull%2C%5B1%5D%5D%2C%5B45740207%2Cnull%2Cnull%2C%5B%5D%5D%2C%5B45668885%2Cnull%2Cnull%2C%5B%5D%5D%2C%5B45685340%2Cnull%2Cnull%2C%5B%5D%5D%2C%5B45734716%2Cnull%2Cnull%2C%5B%5D%5D%2C%5B45735891%2Cnull%2Cnull%2C%5B%5D%5D%2C%5B45663239%2Cnull%2Cnull%2C%5B%5D%5D%2C%5B45715032%2Cnull%2Cnull%2C%5B1%5D%5D%2C%5B45661356%2Cnull%2Cnull%2C%5B%5D%5D%2C%5B839547366%2Cnull%2Cnull%2C%5B1%5D%5D%2C%5B45676441%2Cnull%2Cnull%2C%5B%5D%5D%2C%5B45675307%2Cnull%2Cnull%2C%5B1%5D%5D%2C%5B45675308%2Cnull%2Cnull%2C%5B1%5D%5D%2C%5Bnull%2C45645574%2Cnull%2C%5B%5D%5D%2C%5B45688859%2Cnull%2Cnull%2C%5B%5D%5D%2C%5B45656766%2Cnull%2Cnull%2C%5B%5D%5D%2C%5B45710689%2Cnull%2Cnull%2C%5B%5D%5D%2C%5B45710688%2Cnull%2Cnull%2C%5B1%5D%5D%2C%5B45685601%2Cnull%2Cnull%2C%5B%5D%5D%2C%5Bnull%2C45685602%2Cnull%2C%5Bnull%2C500%5D%5D%2C%5B45756824%2Cnull%2Cnull%2C%5B%5D%5D%2C%5B45747172%2Cnull%2Cnull%2C%5B%5D%5D%2C%5B775241416%2Cnull%2Cnull%2C%5B%5D%5D%2C%5B781107959%2Cnull%2Cnull%2C%5B%5D%5D%2C%5B781107958%2Cnull%2Cnull%2C%5B%5D%5D%2C%5B792614055%2Cnull%2Cnull%2C%5B%5D%5D%2C%5B781107957%2Cnull%2Cnull%2C%5B%5D%5D%2C%5B45729602%2Cnull%2Cnull%2C%5B%5D%5D%2C%5B45753603%2Cnull%2Cnull%2C%5B%5D%5D%2C%5B45753604%2Cnull%2Cnull%2C%5B%5D%5D%2C%5B45658982%2Cnull%2Cnull%2C%5B%5D%5D%2C%5B45725657%2Cnull%2Cnull%2C%5B%5D%5D%5D%2C%5B%5B16%2C%5B%5B1%2C%5B%5B31089630%5D%2C%5B31089631%2C%5B%5B45668885%2Cnull%2Cnull%2C%5B1%5D%5D%5D%5D%5D%5D%2C%5B1000%2C%5B%5B95332046%5D%5D%5D%2C%5Bnull%2C%5B%5B95332047%5D%5D%5D%2C%5B10%2C%5B%5B95338769%2C%5B%5Bnull%2C45645574%2Cnull%2C%5Bnull%2C1%5D%5D%5D%5D%2C%5B95338770%2C%5B%5Bnull%2C45645574%2Cnull%2C%5Bnull%2C2%5D%5D%5D%5D%5D%5D%2C%5B50%2C%5B%5B95345206%5D%2C%5B95345207%2C%5B%5B45661356%2Cnull%2Cnull%2C%5B1%5D%5D%5D%5D%5D%5D%2C%5B1%2C%5B%5B95351425%5D%2C%5B95351426%2C%5B%5B45676441%2Cnull%2Cnull%2C%5B1%5D%5D%5D%5D%5D%5D%2C%5B20%2C%5B%5B95356068%5D%2C%5B95356069%2C%5B%5B45685601%2Cnull%2Cnull%2C%5B%5D%5D%2C%5Bnull%2C45685602%2Cnull%2C%5B%5D%5D%5D%5D%2C%5B95356070%2C%5B%5B45685601%2Cnull%2Cnull%2C%5B1%5D%5D%2C%5Bnull%2C45685602%2Cnull%2C%5B%5D%5D%5D%5D%2C%5B95356071%2C%5B%5B45685601%2Cnull%2Cnull%2C%5B1%5D%5D%2C%5Bnull%2C45685602%2Cnull%2C%5Bnull%2C100%5D%5D%5D%5D%5D%5D%2C%5B1%2C%5B%5B95373378%2C%5B%5B792614055%2Cnull%2Cnull%2C%5B1%5D%5D%5D%5D%2C%5B95373379%2C%5B%5B45747172%2Cnull%2Cnull%2C%5B1%5D%5D%2C%5B781107959%2Cnull%2Cnull%2C%5B1%5D%5D%2C%5B792614055%2Cnull%2Cnull%2C%5B1%5D%5D%2C%5B781107957%2Cnull%2Cnull%2C%5B1%5D%5D%5D%5D%5D%5D%2C%5Bnull%2C%5B%5B95375930%5D%2C%5B95375931%2C%5B%5B45734716%2Cnull%2Cnull%2C%5B1%5D%5D%5D%5D%2C%5B95376520%2C%5B%5B45734716%2Cnull%2Cnull%2C%5B1%5D%5D%2C%5B45735891%2Cnull%2Cnull%2C%5B1%5D%5D%5D%5D%5D%5D%2C%5Bnull%2C%5B%5B95378095%5D%2C%5B95378096%2C%5B%5B45740207%2Cnull%2Cnull%2C%5B1%5D%5D%5D%5D%5D%5D%2C%5B10%2C%5B%5B95378629%5D%2C%5B95378630%2C%5B%5B45729602%2Cnull%2Cnull%2C%5B1%5D%5D%5D%5D%2C%5B95381582%2C%5B%5B45729602%2Cnull%2Cnull%2C%5B1%5D%5D%2C%5B45753603%2Cnull%2Cnull%2C%5B1%5D%5D%5D%5D%2C%5B95381583%2C%5B%5B45729602%2Cnull%2Cnull%2C%5B1%5D%5D%2C%5B45753604%2Cnull%2Cnull%2C%5B1%5D%5D%5D%5D%5D%5D%2C%5Bnull%2C%5B%5B95382403%5D%2C%5B95382404%2C%5B%5B45756824%2Cnull%2Cnull%2C%5B1%5D%5D%5D%5D%5D%5D%5D%5D%5D%2Cnull%2Cnull%2C%5Bnull%2C1000%2C1%2C1000%5D%5D%22%7D&imalib_experiments=%5B44801479%2C44809193%2C95322027%2C95331589%2C95332046%5D&is_eap_loader=false&managed_js_experiment_id=0&page_correlator=3427013675581367&pvsid=5552001173866931&top_accessible_page_url=%22https%3A%2F%2Ffbref.com%2Fen%2Fsquads%2F53a2f082%2F2025-2026%2Fmatchlogs%2Fall_comps%2Fschedule%2FReal-Madrid-Scores-and-Fixtures-All-Competitions%22:0
[TIMEEND] a: 0 ms @ https://static.adsafeprotected.com/sca.17.6.4.js:31
[TIMEEND] a: 0 ms @ https://static.adsafeprotected.com/sca.17.6.4.js:31
[ERROR] Failed to load resource: the server responded with a status of 404 () @ https://openrtb-us-east-1.axonix.com/syn?supply=6b5e0640-0286-4e78-b490-a820e3a18a08&gdpr=0&gdpr_consent=&uid=na&redirect=https%3A%2F%2Fid5-sync.com%2Fc%2F369%2F1201%2F8%2F2.gif%3Fpuid%3DxxEMODO_IDxx%26gdpr%3D0%26gdpr_consent%3D:0
[ERROR] Attestation check for Attribution Reporting on https://ara.paa-reporting-advertising.amazon failed. @ https://fbref.com/en/squads/53a2f082/2025-2026/matchlogs/all_comps/schedule/Real-Madrid-Scores-and-Fixtures-All-Competitions:0
[ERROR] Attestation check for Shared Storage on https://ara.paa-reporting-advertising.amazon failed. @ https://aax-events-cell02-cf.us-west.3px.axp.amazon-adsystem.com/e/is/bb8e6d0b6c85b2b1fc673047a9802fc9/creative?b=JCE_1GPUMEQ_ouqknSGYMIEAAAGcUD0FswYAAAakAUIzcHhfdHhuX2JpZDEgICAzcHhfdHhuX2ltcDEgICCJGD6V&ct=https%3A%2F%2Fbeacon-nf.rubiconproject.com%2Fbeacon%2Fv3%2Frs%2Fsjc2%2F0%2F32adf80b-b8a0-4690-9d86-ef7012c78e60%2F0%2FDvLUBapzoTcgOIQZ8Y1ImPqhT_I%2F&bi=cfv1_CFikBRQMl7mT_DKHH-Zz2hncYUJ0TbUMzFtihVXCDAHpIZr1VpZW97x4lWdPmzTu6LU935JahHmYN0yDK88QdToTHC6wB-_jP2AnZ2pfREv8J6xCgwNSpPdFtwCJUYycCO3mADyG3u0eFjBKvlj6VGwGWWELG8V4CBEJc6AnXBSF_ALj6ykbZRuCAM7QLpYFRnJCaOfQqaJQXXxTWCc8FZREPgbEyftBwok842rGd-l_zkriPnd4i9LR5zMtXu2lmeRowpyGdJfZMdbo5ToX9X3DUkKKwSrCNvq667i0dbkFMlun1qSc1xKUZTPKAou729lppbkwFZedzMqCVafvVJwqir0vD2Vr9_RGi04Ac8A90FVfMmSP0imc9_xfJRmsFUA0jl_532EU4WysTenTHzsKH8-pz5N7f6gHNFxw-lYcAeBVpBhGEydr5YtwZlIgIsreaN7xouSnXiIMFmuLi9kcVU-N2R72ezNuccpiuJm3Hm5DisnNhxffWnFMFJS-j7Rw2D59XI402ySuuBOi8BeYbz5DfstsRD-KVjboOqpBHKKblT3FH_fItl6xyPar:0
Uncaught Error: Invalid command: getGPPData
    at <anonymous> (https://cmp.osano.com/16CGnCU8UtNhM14sg/12669873-8cf8-41e2-be1f-1cb803cbffe0/osano.js:1:225454)
    at <anonymous> (https://cmp.osano.com/16CGnCU8UtNhM14sg/12669873-8cf8-41e2-be1f-1cb803cbffe0/osano.js:1:223655)
Uncaught Error: Invalid command: getGPPData
    at <anonymous> (https://cmp.osano.com/16CGnCU8UtNhM14sg/12669873-8cf8-41e2-be1f-1cb803cbffe0/osano.js:1:225454)
    at <anonymous> (https://cmp.osano.com/16CGnCU8UtNhM14sg/12669873-8cf8-41e2-be1f-1cb803cbffe0/osano.js:1:223655)
Uncaught Error: Invalid command: getGPPData
    at <anonymous> (https://cmp.osano.com/16CGnCU8UtNhM14sg/12669873-8cf8-41e2-be1f-1cb803cbffe0/osano.js:1:225454)
    at <anonymous> (https://cmp.osano.com/16CGnCU8UtNhM14sg/12669873-8cf8-41e2-be1f-1cb803cbffe0/osano.js:1:223655)
Uncaught Error: Invalid command: getGPPData
    at <anonymous> (https://cmp.osano.com/16CGnCU8UtNhM14sg/12669873-8cf8-41e2-be1f-1cb803cbffe0/osano.js:1:225454)
    at <anonymous> (https://cmp.osano.com/16CGnCU8UtNhM14sg/12669873-8cf8-41e2-be1f-1cb803cbffe0/osano.js:1:223655)
[WARNING] The resource https://fbref.com/short/inc/main_nav_menu.json was preloaded using link preload but not used within a few seconds from the window's load event. Please make sure it has an appropriate `as` value and it is preloaded intentionally. @ https://fbref.com/en/squads/53a2f082/2025-2026/matchlogs/all_comps/schedule/Real-Madrid-Scores-and-Fixtures-All-Competitions:0
[WARNING] The resource https://cdn.ssref.net/req/201604190/images/chosen-sprite.png was preloaded using link preload but not used within a few seconds from the window's load event. Please make sure it has an appropriate `as` value and it is preloaded intentionally. @ https://fbref.com/en/squads/53a2f082/2025-2026/matchlogs/all_comps/schedule/Real-Madrid-Scores-and-Fixtures-All-Competitions:0
[WARNING] The resource https://cdn.ssref.net/req/202602051/css/fb/sr-min.css was preloaded using link preload but not used within a few seconds from the window's load event. Please make sure it has an appropriate `as` value and it is preloaded intentionally. @ https://fbref.com/en/squads/53a2f082/2025-2026/matchlogs/all_comps/schedule/Real-Madrid-Scores-and-Fixtures-All-Competitions:0
[WARNING] The resource https://d.pub.network/v2/sites/fbref-com/configs?env=PROD was preloaded using link preload but not used within a few seconds from the window's load event. Please make sure it has an appropriate `as` value and it is preloaded intentionally. @ https://fbref.com/en/squads/53a2f082/2025-2026/matchlogs/all_comps/schedule/Real-Madrid-Scores-and-Fixtures-All-Competitions:0
Uncaught Error: Invalid command: getGPPData
    at <anonymous> (https://cmp.osano.com/16CGnCU8UtNhM14sg/12669873-8cf8-41e2-be1f-1cb803cbffe0/osano.js:1:225454)
    at <anonymous> (https://cmp.osano.com/16CGnCU8UtNhM14sg/12669873-8cf8-41e2-be1f-1cb803cbffe0/osano.js:1:223655)
Uncaught Error: Invalid command: getGPPData
    at <anonymous> (https://cmp.osano.com/16CGnCU8UtNhM14sg/12669873-8cf8-41e2-be1f-1cb803cbffe0/osano.js:1:225454)
    at <anonymous> (https://cmp.osano.com/16CGnCU8UtNhM14sg/12669873-8cf8-41e2-be1f-1cb803cbffe0/osano.js:1:223655)
[ERROR] Failed to load resource: the server responded with a status of 404 () @ https://secure.adnxs.com/gdpr=0&https://pixel.rubiconproject.com/tap.php?v=4894&nid=1986&put=7991133061705435246&expires=30:0
[ERROR] Failed to load resource: the server responded with a status of 400 () @ https://s2s.t13.io/openrtb2/auction:0
[ERROR] Failed to load resource: the server responded with a status of 400 () @ https://s2s.t13.io/openrtb2/auction:0
Uncaught Error: Invalid command: getGPPData
    at <anonymous> (https://cmp.osano.com/16CGnCU8UtNhM14sg/12669873-8cf8-41e2-be1f-1cb803cbffe0/osano.js:1:225454)
    at <anonymous> (https://cmp.osano.com/16CGnCU8UtNhM14sg/12669873-8cf8-41e2-be1f-1cb803cbffe0/osano.js:1:223655)
[WARNING] A preload for 'https://cdn.ssref.net/req/202602051/css/fb/sr-min.css' is found, but is not used because the request credentials mode does not match. Consider taking a look at crossorigin attribute. @ https://fbref.com/en/squads/922493f3/2025-2026/matchlogs/all_comps/schedule/Atalanta-Scores-and-Fixtures-All-Competitions:50
[WARNING] [GPT] Unrecognized property encountered when calling setConfig: googletag.setConfig.contentPause
https://goo.gle/gpt-message#158 @ https://securepubads.g.doubleclick.net/pagead/managed/js/gpt/m202602090101/pubads_impl.js?cb=31096699:18
Uncaught Error: Invalid command: getGPPData
    at <anonymous> (https://cmp.osano.com/16CGnCU8UtNhM14sg/12669873-8cf8-41e2-be1f-1cb803cbffe0/osano.js:1:225454)
    at <anonymous> (https://cmp.osano.com/16CGnCU8UtNhM14sg/12669873-8cf8-41e2-be1f-1cb803cbffe0/osano.js:1:223655)
Uncaught Error: Invalid command: getGPPData
    at <anonymous> (https://cmp.osano.com/16CGnCU8UtNhM14sg/12669873-8cf8-41e2-be1f-1cb803cbffe0/osano.js:1:225454)
    at <anonymous> (https://cmp.osano.com/16CGnCU8UtNhM14sg/12669873-8cf8-41e2-be1f-1cb803cbffe0/osano.js:1:223655)
[LOG] Called iframe: ads.pubmatic.com [] 
Number of topics:  0 @ https://ads.pubmatic.com/AdServer/js/topics/topics_frame.html?bidder=pubmatic:19
[LOG] Called iframe: pa.openx.net [] 
Number of topics:  0 @ https://pa.openx.net/topics_frame.html?bidder=openx:15
Uncaught Error: Invalid command: getGPPData
    at <anonymous> (https://cmp.osano.com/16CGnCU8UtNhM14sg/12669873-8cf8-41e2-be1f-1cb803cbffe0/osano.js:1:225454)
    at <anonymous> (https://cmp.osano.com/16CGnCU8UtNhM14sg/12669873-8cf8-41e2-be1f-1cb803cbffe0/osano.js:1:223655)
Uncaught Error: Invalid command: getGPPData
    at <anonymous> (https://cmp.osano.com/16CGnCU8UtNhM14sg/12669873-8cf8-41e2-be1f-1cb803cbffe0/osano.js:1:225454)
    at <anonymous> (https://cmp.osano.com/16CGnCU8UtNhM14sg/12669873-8cf8-41e2-be1f-1cb803cbffe0/osano.js:1:223655)
[WARNING] A preload for 'https://cdn.ssref.net/req/202602051/css/fb/sr-min.css' is found, but is not used because the request credentials mode does not match. Consider taking a look at crossorigin attribute. @ https://fbref.com/en/squads/db3b9613/2025-2026/matchlogs/all_comps/schedule/Atletico-Madrid-Scores-and-Fixtures-All-Competitions:50
[WARNING] [GPT] Unrecognized property encountered when calling setConfig: googletag.setConfig.contentPause
https://goo.gle/gpt-message#158 @ https://securepubads.g.doubleclick.net/pagead/managed/js/gpt/m202602090101/pubads_impl.js?cb=31096699:18
Uncaught Error: Invalid command: getGPPData
    at <anonymous> (https://cmp.osano.com/16CGnCU8UtNhM14sg/12669873-8cf8-41e2-be1f-1cb803cbffe0/osano.js:1:225454)
    at <anonymous> (https://cmp.osano.com/16CGnCU8UtNhM14sg/12669873-8cf8-41e2-be1f-1cb803cbffe0/osano.js:1:223655)
Uncaught Error: Invalid command: getGPPData
    at <anonymous> (https://cmp.osano.com/16CGnCU8UtNhM14sg/12669873-8cf8-41e2-be1f-1cb803cbffe0/osano.js:1:225454)
    at <anonymous> (https://cmp.osano.com/16CGnCU8UtNhM14sg/12669873-8cf8-41e2-be1f-1cb803cbffe0/osano.js:1:223655)
[LOG] Called iframe: pa.openx.net [] 
Number of topics:  0 @ https://pa.openx.net/topics_frame.html?bidder=openx:15
[LOG] Called iframe: ads.pubmatic.com [] 
Number of topics:  0 @ https://ads.pubmatic.com/AdServer/js/topics/topics_frame.html?bidder=pubmatic:19
Uncaught Error: Invalid command: getGPPData
    at <anonymous> (https://cmp.osano.com/16CGnCU8UtNhM14sg/12669873-8cf8-41e2-be1f-1cb803cbffe0/osano.js:1:225454)
    at <anonymous> (https://cmp.osano.com/16CGnCU8UtNhM14sg/12669873-8cf8-41e2-be1f-1cb803cbffe0/osano.js:1:223655)
Uncaught Error: Invalid command: getGPPData
    at <anonymous> (https://cmp.osano.com/16CGnCU8UtNhM14sg/12669873-8cf8-41e2-be1f-1cb803cbffe0/osano.js:1:225454)
    at <anonymous> (https://cmp.osano.com/16CGnCU8UtNhM14sg/12669873-8cf8-41e2-be1f-1cb803cbffe0/osano.js:1:223655)
[WARNING] [Audigent] script has already been initialised. Skip further execution @ https://a.ad.gt/api/v1/u/matches/454?_it=amazon:0
[WARNING] A preload for 'https://cdn.ssref.net/req/202602051/css/fb/sr-min.css' is found, but is not used because the request credentials mode does not match. Consider taking a look at crossorigin attribute. @ https://fbref.com/en/squads/a77c513e/2025-2026/matchlogs/all_comps/schedule/Benfica-Scores-and-Fixtures-All-Competitions:50
[WARNING] [GPT] Unrecognized property encountered when calling setConfig: googletag.setConfig.contentPause
https://goo.gle/gpt-message#158 @ https://securepubads.g.doubleclick.net/pagead/managed/js/gpt/m202602090101/pubads_impl.js?cb=31096699:18
Uncaught Error: Invalid command: getGPPData
    at <anonymous> (https://cmp.osano.com/16CGnCU8UtNhM14sg/12669873-8cf8-41e2-be1f-1cb803cbffe0/osano.js:1:225454)
    at <anonymous> (https://cmp.osano.com/16CGnCU8UtNhM14sg/12669873-8cf8-41e2-be1f-1cb803cbffe0/osano.js:1:223655)
Uncaught Error: Invalid command: getGPPData
    at <anonymous> (https://cmp.osano.com/16CGnCU8UtNhM14sg/12669873-8cf8-41e2-be1f-1cb803cbffe0/osano.js:1:225454)
    at <anonymous> (https://cmp.osano.com/16CGnCU8UtNhM14sg/12669873-8cf8-41e2-be1f-1cb803cbffe0/osano.js:1:223655)
[LOG] Called iframe: ads.pubmatic.com [] 
Number of topics:  0 @ https://ads.pubmatic.com/AdServer/js/topics/topics_frame.html?bidder=pubmatic:19
[LOG] Called iframe: pa.openx.net [] 
Number of topics:  0 @ https://pa.openx.net/topics_frame.html?bidder=openx:15
Uncaught Error: Invalid command: getGPPData
    at <anonymous> (https://cmp.osano.com/16CGnCU8UtNhM14sg/12669873-8cf8-41e2-be1f-1cb803cbffe0/osano.js:1:225454)
    at <anonymous> (https://cmp.osano.com/16CGnCU8UtNhM14sg/12669873-8cf8-41e2-be1f-1cb803cbffe0/osano.js:1:223655)
Uncaught Error: Invalid command: getGPPData
    at <anonymous> (https://cmp.osano.com/16CGnCU8UtNhM14sg/12669873-8cf8-41e2-be1f-1cb803cbffe0/osano.js:1:225454)
    at <anonymous> (https://cmp.osano.com/16CGnCU8UtNhM14sg/12669873-8cf8-41e2-be1f-1cb803cbffe0/osano.js:1:223655)
[WARNING] [Audigent] script has already been initialised. Skip further execution @ https://a.ad.gt/api/v1/u/matches/454?_it=amazon:0
[WARNING] A preload for 'https://cdn.ssref.net/req/202602051/css/fb/sr-min.css' is found, but is not used because the request credentials mode does not match. Consider taking a look at crossorigin attribute. @ https://fbref.com/en/squads/d86248bd/2025-2026/matchlogs/all_comps/schedule/BodoGlimt-Scores-and-Fixtures-All-Competitions:50
[WARNING] [GPT] Unrecognized property encountered when calling setConfig: googletag.setConfig.contentPause
https://goo.gle/gpt-message#158 @ https://securepubads.g.doubleclick.net/pagead/managed/js/gpt/m202602090101/pubads_impl.js?cb=31096699:18
Uncaught Error: Invalid command: getGPPData
    at <anonymous> (https://cmp.osano.com/16CGnCU8UtNhM14sg/12669873-8cf8-41e2-be1f-1cb803cbffe0/osano.js:1:225454)
    at <anonymous> (https://cmp.osano.com/16CGnCU8UtNhM14sg/12669873-8cf8-41e2-be1f-1cb803cbffe0/osano.js:1:223655)
Uncaught Error: Invalid command: getGPPData
    at <anonymous> (https://cmp.osano.com/16CGnCU8UtNhM14sg/12669873-8cf8-41e2-be1f-1cb803cbffe0/osano.js:1:225454)
    at <anonymous> (https://cmp.osano.com/16CGnCU8UtNhM14sg/12669873-8cf8-41e2-be1f-1cb803cbffe0/osano.js:1:223655)
[LOG] Called iframe: ads.pubmatic.com [] 
Number of topics:  0 @ https://ads.pubmatic.com/AdServer/js/topics/topics_frame.html?bidder=pubmatic:19
[LOG] Called iframe: pa.openx.net [] 
Number of topics:  0 @ https://pa.openx.net/topics_frame.html?bidder=openx:15
[WARNING] [Audigent] script has already been initialised. Skip further execution @ https://a.ad.gt/api/v1/u/matches/454?_it=0:0
Uncaught Error: Invalid command: getGPPData
    at <anonymous> (https://cmp.osano.com/16CGnCU8UtNhM14sg/12669873-8cf8-41e2-be1f-1cb803cbffe0/osano.js:1:225454)
    at <anonymous> (https://cmp.osano.com/16CGnCU8UtNhM14sg/12669873-8cf8-41e2-be1f-1cb803cbffe0/osano.js:1:223655)
Uncaught Error: Invalid command: getGPPData
    at <anonymous> (https://cmp.osano.com/16CGnCU8UtNhM14sg/12669873-8cf8-41e2-be1f-1cb803cbffe0/osano.js:1:225454)
    at <anonymous> (https://cmp.osano.com/16CGnCU8UtNhM14sg/12669873-8cf8-41e2-be1f-1cb803cbffe0/osano.js:1:223655)
[WARNING] A preload for 'https://cdn.ssref.net/req/202602051/css/fb/sr-min.css' is found, but is not used because the request credentials mode does not match. Consider taking a look at crossorigin attribute. @ https://fbref.com/en/squads/f1e6c5f1/2025-2026/matchlogs/all_comps/schedule/Club-Brugge-Scores-and-Fixtures-All-Competitions:50
[WARNING] [GPT] Unrecognized property encountered when calling setConfig: googletag.setConfig.contentPause
https://goo.gle/gpt-message#158 @ https://securepubads.g.doubleclick.net/pagead/managed/js/gpt/m202602090101/pubads_impl.js?cb=31096699:18
Uncaught Error: Invalid command: getGPPData
    at <anonymous> (https://cmp.osano.com/16CGnCU8UtNhM14sg/12669873-8cf8-41e2-be1f-1cb803cbffe0/osano.js:1:225454)
    at <anonymous> (https://cmp.osano.com/16CGnCU8UtNhM14sg/12669873-8cf8-41e2-be1f-1cb803cbffe0/osano.js:1:223655)
Uncaught Error: Invalid command: getGPPData
    at <anonymous> (https://cmp.osano.com/16CGnCU8UtNhM14sg/12669873-8cf8-41e2-be1f-1cb803cbffe0/osano.js:1:225454)
    at <anonymous> (https://cmp.osano.com/16CGnCU8UtNhM14sg/12669873-8cf8-41e2-be1f-1cb803cbffe0/osano.js:1:223655)
[LOG] Called iframe: pa.openx.net [] 
Number of topics:  0 @ https://pa.openx.net/topics_frame.html?bidder=openx:15
[LOG] Called iframe: ads.pubmatic.com [] 
Number of topics:  0 @ https://ads.pubmatic.com/AdServer/js/topics/topics_frame.html?bidder=pubmatic:19
[WARNING] [Audigent] script has already been initialised. Skip further execution @ https://a.ad.gt/api/v1/u/matches/454?_it=0:0
Uncaught Error: Invalid command: getGPPData
    at <anonymous> (https://cmp.osano.com/16CGnCU8UtNhM14sg/12669873-8cf8-41e2-be1f-1cb803cbffe0/osano.js:1:225454)
    at <anonymous> (https://cmp.osano.com/16CGnCU8UtNhM14sg/12669873-8cf8-41e2-be1f-1cb803cbffe0/osano.js:1:223655)
Uncaught Error: Invalid command: getGPPData
    at <anonymous> (https://cmp.osano.com/16CGnCU8UtNhM14sg/12669873-8cf8-41e2-be1f-1cb803cbffe0/osano.js:1:225454)
    at <anonymous> (https://cmp.osano.com/16CGnCU8UtNhM14sg/12669873-8cf8-41e2-be1f-1cb803cbffe0/osano.js:1:223655)
[WARNING] [Audigent] script has already been initialised. Skip further execution @ https://a.ad.gt/api/v1/u/matches/454?_it=amazon:0
[WARNING] A preload for 'https://cdn.ssref.net/req/202602051/css/fb/sr-min.css' is found, but is not used because the request credentials mode does not match. Consider taking a look at crossorigin attribute. @ https://fbref.com/en/squads/add600ae/2025-2026/matchlogs/all_comps/schedule/Dortmund-Scores-and-Fixtures-All-Competitions:50
[WARNING] [GPT] Unrecognized property encountered when calling setConfig: googletag.setConfig.contentPause
https://goo.gle/gpt-message#158 @ https://securepubads.g.doubleclick.net/pagead/managed/js/gpt/m202602090101/pubads_impl.js?cb=31096699:18
Uncaught Error: Invalid command: getGPPData
    at <anonymous> (https://cmp.osano.com/16CGnCU8UtNhM14sg/12669873-8cf8-41e2-be1f-1cb803cbffe0/osano.js:1:225454)
    at <anonymous> (https://cmp.osano.com/16CGnCU8UtNhM14sg/12669873-8cf8-41e2-be1f-1cb803cbffe0/osano.js:1:223655)
Uncaught Error: Invalid command: getGPPData
    at <anonymous> (https://cmp.osano.com/16CGnCU8UtNhM14sg/12669873-8cf8-41e2-be1f-1cb803cbffe0/osano.js:1:225454)
    at <anonymous> (https://cmp.osano.com/16CGnCU8UtNhM14sg/12669873-8cf8-41e2-be1f-1cb803cbffe0/osano.js:1:223655)
[LOG] Called iframe: ads.pubmatic.com [] 
Number of topics:  0 @ https://ads.pubmatic.com/AdServer/js/topics/topics_frame.html?bidder=pubmatic:19
[LOG] Called iframe: pa.openx.net [] 
Number of topics:  0 @ https://pa.openx.net/topics_frame.html?bidder=openx:15
Uncaught Error: Invalid command: getGPPData
    at <anonymous> (https://cmp.osano.com/16CGnCU8UtNhM14sg/12669873-8cf8-41e2-be1f-1cb803cbffe0/osano.js:1:225454)
    at <anonymous> (https://cmp.osano.com/16CGnCU8UtNhM14sg/12669873-8cf8-41e2-be1f-1cb803cbffe0/osano.js:1:223655)
Uncaught Error: Invalid command: getGPPData
    at <anonymous> (https://cmp.osano.com/16CGnCU8UtNhM14sg/12669873-8cf8-41e2-be1f-1cb803cbffe0/osano.js:1:225454)
    at <anonymous> (https://cmp.osano.com/16CGnCU8UtNhM14sg/12669873-8cf8-41e2-be1f-1cb803cbffe0/osano.js:1:223655)
[WARNING] [Audigent] script has already been initialised. Skip further execution @ https://a.ad.gt/api/v1/u/matches/454?_it=amazon:0
[WARNING] A preload for 'https://cdn.ssref.net/req/202602051/css/fb/sr-min.css' is found, but is not used because the request credentials mode does not match. Consider taking a look at crossorigin attribute. @ https://fbref.com/en/squads/ecd11ca2/2025-2026/matchlogs/all_comps/schedule/Galatasaray-Scores-and-Fixtures-All-Competitions:50
[WARNING] [GPT] Unrecognized property encountered when calling setConfig: googletag.setConfig.contentPause
https://goo.gle/gpt-message#158 @ https://securepubads.g.doubleclick.net/pagead/managed/js/gpt/m202602090101/pubads_impl.js?cb=31096699:18
Uncaught Error: Invalid command: getGPPData
    at <anonymous> (https://cmp.osano.com/16CGnCU8UtNhM14sg/12669873-8cf8-41e2-be1f-1cb803cbffe0/osano.js:1:225454)
    at <anonymous> (https://cmp.osano.com/16CGnCU8UtNhM14sg/12669873-8cf8-41e2-be1f-1cb803cbffe0/osano.js:1:223655)
Uncaught Error: Invalid command: getGPPData
    at <anonymous> (https://cmp.osano.com/16CGnCU8UtNhM14sg/12669873-8cf8-41e2-be1f-1cb803cbffe0/osano.js:1:225454)
    at <anonymous> (https://cmp.osano.com/16CGnCU8UtNhM14sg/12669873-8cf8-41e2-be1f-1cb803cbffe0/osano.js:1:223655)
[WARNING] [Audigent] script has already been initialised. Skip further execution @ https://a.ad.gt/api/v1/u/matches/454?_it=0:0
[LOG] Called iframe: ads.pubmatic.com [] 
Number of topics:  0 @ https://ads.pubmatic.com/AdServer/js/topics/topics_frame.html?bidder=pubmatic:19
[LOG] Called iframe: pa.openx.net [] 
Number of topics:  0 @ https://pa.openx.net/topics_frame.html?bidder=openx:15
Uncaught Error: Invalid command: getGPPData
    at <anonymous> (https://cmp.osano.com/16CGnCU8UtNhM14sg/12669873-8cf8-41e2-be1f-1cb803cbffe0/osano.js:1:225454)
    at <anonymous> (https://cmp.osano.com/16CGnCU8UtNhM14sg/12669873-8cf8-41e2-be1f-1cb803cbffe0/osano.js:1:223655)
Uncaught Error: Invalid command: getGPPData
    at <anonymous> (https://cmp.osano.com/16CGnCU8UtNhM14sg/12669873-8cf8-41e2-be1f-1cb803cbffe0/osano.js:1:225454)
    at <anonymous> (https://cmp.osano.com/16CGnCU8UtNhM14sg/12669873-8cf8-41e2-be1f-1cb803cbffe0/osano.js:1:223655)
[WARNING] [Audigent] script has already been initialised. Skip further execution @ https://a.ad.gt/api/v1/u/matches/454?_it=amazon:0
[WARNING] A preload for 'https://cdn.ssref.net/req/202602051/css/fb/sr-min.css' is found, but is not used because the request credentials mode does not match. Consider taking a look at crossorigin attribute. @ https://fbref.com/en/squads/d609edc0/2025-2026/matchlogs/all_comps/schedule/Internazionale-Scores-and-Fixtures-All-Competitions:50
[WARNING] [GPT] Unrecognized property encountered when calling setConfig: googletag.setConfig.contentPause
https://goo.gle/gpt-message#158 @ https://securepubads.g.doubleclick.net/pagead/managed/js/gpt/m202602090101/pubads_impl.js?cb=31096699:18
Uncaught Error: Invalid command: getGPPData
    at <anonymous> (https://cmp.osano.com/16CGnCU8UtNhM14sg/12669873-8cf8-41e2-be1f-1cb803cbffe0/osano.js:1:225454)
    at <anonymous> (https://cmp.osano.com/16CGnCU8UtNhM14sg/12669873-8cf8-41e2-be1f-1cb803cbffe0/osano.js:1:223655)
Uncaught Error: Invalid command: getGPPData
    at <anonymous> (https://cmp.osano.com/16CGnCU8UtNhM14sg/12669873-8cf8-41e2-be1f-1cb803cbffe0/osano.js:1:225454)
    at <anonymous> (https://cmp.osano.com/16CGnCU8UtNhM14sg/12669873-8cf8-41e2-be1f-1cb803cbffe0/osano.js:1:223655)
[WARNING] [Audigent] script has already been initialised. Skip further execution @ https://a.ad.gt/api/v1/u/matches/454?_it=0:0
[LOG] Called iframe: pa.openx.net [] 
Number of topics:  0 @ https://pa.openx.net/topics_frame.html?bidder=openx:15
[LOG] Called iframe: ads.pubmatic.com [] 
Number of topics:  0 @ https://ads.pubmatic.com/AdServer/js/topics/topics_frame.html?bidder=pubmatic:19
Uncaught Error: Invalid command: getGPPData
    at <anonymous> (https://cmp.osano.com/16CGnCU8UtNhM14sg/12669873-8cf8-41e2-be1f-1cb803cbffe0/osano.js:1:225454)
    at <anonymous> (https://cmp.osano.com/16CGnCU8UtNhM14sg/12669873-8cf8-41e2-be1f-1cb803cbffe0/osano.js:1:223655)
Uncaught Error: Invalid command: getGPPData
    at <anonymous> (https://cmp.osano.com/16CGnCU8UtNhM14sg/12669873-8cf8-41e2-be1f-1cb803cbffe0/osano.js:1:225454)
    at <anonymous> (https://cmp.osano.com/16CGnCU8UtNhM14sg/12669873-8cf8-41e2-be1f-1cb803cbffe0/osano.js:1:223655)
[WARNING] [Audigent] script has already been initialised. Skip further execution @ https://a.ad.gt/api/v1/u/matches/454?_it=amazon:0
[WARNING] A preload for 'https://cdn.ssref.net/req/202602051/css/fb/sr-min.css' is found, but is not used because the request credentials mode does not match. Consider taking a look at crossorigin attribute. @ https://fbref.com/en/squads/e0652b02/2025-2026/matchlogs/all_comps/schedule/Juventus-Scores-and-Fixtures-All-Competitions:50
[WARNING] [GPT] Unrecognized property encountered when calling setConfig: googletag.setConfig.contentPause
https://goo.gle/gpt-message#158 @ https://securepubads.g.doubleclick.net/pagead/managed/js/gpt/m202602090101/pubads_impl.js?cb=31096699:18
Uncaught Error: Invalid command: getGPPData
    at <anonymous> (https://cmp.osano.com/16CGnCU8UtNhM14sg/12669873-8cf8-41e2-be1f-1cb803cbffe0/osano.js:1:225454)
    at <anonymous> (https://cmp.osano.com/16CGnCU8UtNhM14sg/12669873-8cf8-41e2-be1f-1cb803cbffe0/osano.js:1:223655)
Uncaught Error: Invalid command: getGPPData
    at <anonymous> (https://cmp.osano.com/16CGnCU8UtNhM14sg/12669873-8cf8-41e2-be1f-1cb803cbffe0/osano.js:1:225454)
    at <anonymous> (https://cmp.osano.com/16CGnCU8UtNhM14sg/12669873-8cf8-41e2-be1f-1cb803cbffe0/osano.js:1:223655)
[LOG] Called iframe: ads.pubmatic.com [] 
Number of topics:  0 @ https://ads.pubmatic.com/AdServer/js/topics/topics_frame.html?bidder=pubmatic:19
[LOG] Called iframe: pa.openx.net [] 
Number of topics:  0 @ https://pa.openx.net/topics_frame.html?bidder=openx:15
Uncaught Error: Invalid command: getGPPData
    at <anonymous> (https://cmp.osano.com/16CGnCU8UtNhM14sg/12669873-8cf8-41e2-be1f-1cb803cbffe0/osano.js:1:225454)
    at <anonymous> (https://cmp.osano.com/16CGnCU8UtNhM14sg/12669873-8cf8-41e2-be1f-1cb803cbffe0/osano.js:1:223655)
Uncaught Error: Invalid command: getGPPData
    at <anonymous> (https://cmp.osano.com/16CGnCU8UtNhM14sg/12669873-8cf8-41e2-be1f-1cb803cbffe0/osano.js:1:225454)
    at <anonymous> (https://cmp.osano.com/16CGnCU8UtNhM14sg/12669873-8cf8-41e2-be1f-1cb803cbffe0/osano.js:1:223655)
[WARNING] [Audigent] script has already been initialised. Skip further execution @ https://a.ad.gt/api/v1/u/matches/454?_it=amazon:0
[WARNING] A preload for 'https://cdn.ssref.net/req/202602051/css/fb/sr-min.css' is found, but is not used because the request credentials mode does not match. Consider taking a look at crossorigin attribute. @ https://fbref.com/en/squads/c7a9f859/2025-2026/matchlogs/all_comps/schedule/Leverkusen-Scores-and-Fixtures-All-Competitions:50
[WARNING] [GPT] Unrecognized property encountered when calling setConfig: googletag.setConfig.contentPause
https://goo.gle/gpt-message#158 @ https://securepubads.g.doubleclick.net/pagead/managed/js/gpt/m202602090101/pubads_impl.js?cb=31096699:18
Uncaught Error: Invalid command: getGPPData
    at <anonymous> (https://cmp.osano.com/16CGnCU8UtNhM14sg/12669873-8cf8-41e2-be1f-1cb803cbffe0/osano.js:1:225454)
    at <anonymous> (https://cmp.osano.com/16CGnCU8UtNhM14sg/12669873-8cf8-41e2-be1f-1cb803cbffe0/osano.js:1:223655)
Uncaught Error: Invalid command: getGPPData
    at <anonymous> (https://cmp.osano.com/16CGnCU8UtNhM14sg/12669873-8cf8-41e2-be1f-1cb803cbffe0/osano.js:1:225454)
    at <anonymous> (https://cmp.osano.com/16CGnCU8UtNhM14sg/12669873-8cf8-41e2-be1f-1cb803cbffe0/osano.js:1:223655)
[LOG] Called iframe: pa.openx.net [] 
Number of topics:  0 @ https://pa.openx.net/topics_frame.html?bidder=openx:15
[LOG] Called iframe: ads.pubmatic.com [] 
Number of topics:  0 @ https://ads.pubmatic.com/AdServer/js/topics/topics_frame.html?bidder=pubmatic:19
Uncaught Error: Invalid command: getGPPData
    at <anonymous> (https://cmp.osano.com/16CGnCU8UtNhM14sg/12669873-8cf8-41e2-be1f-1cb803cbffe0/osano.js:1:225454)
    at <anonymous> (https://cmp.osano.com/16CGnCU8UtNhM14sg/12669873-8cf8-41e2-be1f-1cb803cbffe0/osano.js:1:223655)
Uncaught Error: Invalid command: getGPPData
    at <anonymous> (https://cmp.osano.com/16CGnCU8UtNhM14sg/12669873-8cf8-41e2-be1f-1cb803cbffe0/osano.js:1:225454)
    at <anonymous> (https://cmp.osano.com/16CGnCU8UtNhM14sg/12669873-8cf8-41e2-be1f-1cb803cbffe0/osano.js:1:223655)
[WARNING] [Audigent] script has already been initialised. Skip further execution @ https://a.ad.gt/api/v1/u/matches/454?_it=amazon:0
[WARNING] A preload for 'https://cdn.ssref.net/req/202602051/css/fb/sr-min.css' is found, but is not used because the request credentials mode does not match. Consider taking a look at crossorigin attribute. @ https://fbref.com/en/squads/fd6114db/2025-2026/matchlogs/all_comps/schedule/Monaco-Scores-and-Fixtures-All-Competitions:50
[WARNING] [GPT] Unrecognized property encountered when calling setConfig: googletag.setConfig.contentPause
https://goo.gle/gpt-message#158 @ https://securepubads.g.doubleclick.net/pagead/managed/js/gpt/m202602090101/pubads_impl.js?cb=31096699:18
Uncaught Error: Invalid command: getGPPData
    at <anonymous> (https://cmp.osano.com/16CGnCU8UtNhM14sg/12669873-8cf8-41e2-be1f-1cb803cbffe0/osano.js:1:225454)
    at <anonymous> (https://cmp.osano.com/16CGnCU8UtNhM14sg/12669873-8cf8-41e2-be1f-1cb803cbffe0/osano.js:1:223655)
Uncaught Error: Invalid command: getGPPData
    at <anonymous> (https://cmp.osano.com/16CGnCU8UtNhM14sg/12669873-8cf8-41e2-be1f-1cb803cbffe0/osano.js:1:225454)
    at <anonymous> (https://cmp.osano.com/16CGnCU8UtNhM14sg/12669873-8cf8-41e2-be1f-1cb803cbffe0/osano.js:1:223655)
[WARNING] [Audigent] script has already been initialised. Skip further execution @ https://a.ad.gt/api/v1/u/matches/454?_it=0:0
[LOG] Called iframe: pa.openx.net [] 
Number of topics:  0 @ https://pa.openx.net/topics_frame.html?bidder=openx:15
[LOG] Called iframe: ads.pubmatic.com [] 
Number of topics:  0 @ https://ads.pubmatic.com/AdServer/js/topics/topics_frame.html?bidder=pubmatic:19
Uncaught Error: Invalid command: getGPPData
    at <anonymous> (https://cmp.osano.com/16CGnCU8UtNhM14sg/12669873-8cf8-41e2-be1f-1cb803cbffe0/osano.js:1:225454)
    at <anonymous> (https://cmp.osano.com/16CGnCU8UtNhM14sg/12669873-8cf8-41e2-be1f-1cb803cbffe0/osano.js:1:223655)
Uncaught Error: Invalid command: getGPPData
    at <anonymous> (https://cmp.osano.com/16CGnCU8UtNhM14sg/12669873-8cf8-41e2-be1f-1cb803cbffe0/osano.js:1:225454)
    at <anonymous> (https://cmp.osano.com/16CGnCU8UtNhM14sg/12669873-8cf8-41e2-be1f-1cb803cbffe0/osano.js:1:223655)
[WARNING] [Audigent] script has already been initialised. Skip further execution @ https://a.ad.gt/api/v1/u/matches/454?_it=amazon:0
[WARNING] A preload for 'https://cdn.ssref.net/req/202602051/css/fb/sr-min.css' is found, but is not used because the request credentials mode does not match. Consider taking a look at crossorigin attribute. @ https://fbref.com/en/squads/b2b47a98/2025-2026/matchlogs/all_comps/schedule/Newcastle-United-Scores-and-Fixtures-All-Competitions:50
[WARNING] [GPT] Unrecognized property encountered when calling setConfig: googletag.setConfig.contentPause
https://goo.gle/gpt-message#158 @ https://securepubads.g.doubleclick.net/pagead/managed/js/gpt/m202602090101/pubads_impl.js?cb=31096699:18
Uncaught Error: Invalid command: getGPPData
    at <anonymous> (https://cmp.osano.com/16CGnCU8UtNhM14sg/12669873-8cf8-41e2-be1f-1cb803cbffe0/osano.js:1:225454)
    at <anonymous> (https://cmp.osano.com/16CGnCU8UtNhM14sg/12669873-8cf8-41e2-be1f-1cb803cbffe0/osano.js:1:223655)
Uncaught Error: Invalid command: getGPPData
    at <anonymous> (https://cmp.osano.com/16CGnCU8UtNhM14sg/12669873-8cf8-41e2-be1f-1cb803cbffe0/osano.js:1:225454)
    at <anonymous> (https://cmp.osano.com/16CGnCU8UtNhM14sg/12669873-8cf8-41e2-be1f-1cb803cbffe0/osano.js:1:223655)
[LOG] Called iframe: ads.pubmatic.com [] 
Number of topics:  0 @ https://ads.pubmatic.com/AdServer/js/topics/topics_frame.html?bidder=pubmatic:19
[LOG] Called iframe: pa.openx.net [] 
Number of topics:  0 @ https://pa.openx.net/topics_frame.html?bidder=openx:15
[WARNING] [Audigent] script has already been initialised. Skip further execution @ https://a.ad.gt/api/v1/u/matches/454?_it=0:0
Uncaught Error: Invalid command: getGPPData
    at <anonymous> (https://cmp.osano.com/16CGnCU8UtNhM14sg/12669873-8cf8-41e2-be1f-1cb803cbffe0/osano.js:1:225454)
    at <anonymous> (https://cmp.osano.com/16CGnCU8UtNhM14sg/12669873-8cf8-41e2-be1f-1cb803cbffe0/osano.js:1:223655)
Uncaught Error: Invalid command: getGPPData
    at <anonymous> (https://cmp.osano.com/16CGnCU8UtNhM14sg/12669873-8cf8-41e2-be1f-1cb803cbffe0/osano.js:1:225454)
    at <anonymous> (https://cmp.osano.com/16CGnCU8UtNhM14sg/12669873-8cf8-41e2-be1f-1cb803cbffe0/osano.js:1:223655)
[WARNING] [Audigent] script has already been initialised. Skip further execution @ https://a.ad.gt/api/v1/u/matches/454?_it=amazon:0
[WARNING] A preload for 'https://cdn.ssref.net/req/202602051/css/fb/sr-min.css' is found, but is not used because the request credentials mode does not match. Consider taking a look at crossorigin attribute. @ https://fbref.com/en/squads/2fdb4aef/2025-2026/matchlogs/all_comps/schedule/Olympiacos-Scores-and-Fixtures-All-Competitions:50
[WARNING] [GPT] Unrecognized property encountered when calling setConfig: googletag.setConfig.contentPause
https://goo.gle/gpt-message#158 @ https://securepubads.g.doubleclick.net/pagead/managed/js/gpt/m202602090101/pubads_impl.js?cb=31096699:18
Uncaught Error: Invalid command: getGPPData
    at <anonymous> (https://cmp.osano.com/16CGnCU8UtNhM14sg/12669873-8cf8-41e2-be1f-1cb803cbffe0/osano.js:1:225454)
    at <anonymous> (https://cmp.osano.com/16CGnCU8UtNhM14sg/12669873-8cf8-41e2-be1f-1cb803cbffe0/osano.js:1:223655)
Uncaught Error: Invalid command: getGPPData
    at <anonymous> (https://cmp.osano.com/16CGnCU8UtNhM14sg/12669873-8cf8-41e2-be1f-1cb803cbffe0/osano.js:1:225454)
    at <anonymous> (https://cmp.osano.com/16CGnCU8UtNhM14sg/12669873-8cf8-41e2-be1f-1cb803cbffe0/osano.js:1:223655)
[LOG] Called iframe: pa.openx.net [] 
Number of topics:  0 @ https://pa.openx.net/topics_frame.html?bidder=openx:15
[LOG] Called iframe: ads.pubmatic.com [] 
Number of topics:  0 @ https://ads.pubmatic.com/AdServer/js/topics/topics_frame.html?bidder=pubmatic:19
Uncaught Error: Invalid command: getGPPData
    at <anonymous> (https://cmp.osano.com/16CGnCU8UtNhM14sg/12669873-8cf8-41e2-be1f-1cb803cbffe0/osano.js:1:225454)
    at <anonymous> (https://cmp.osano.com/16CGnCU8UtNhM14sg/12669873-8cf8-41e2-be1f-1cb803cbffe0/osano.js:1:223655)
Uncaught Error: Invalid command: getGPPData
    at <anonymous> (https://cmp.osano.com/16CGnCU8UtNhM14sg/12669873-8cf8-41e2-be1f-1cb803cbffe0/osano.js:1:225454)
    at <anonymous> (https://cmp.osano.com/16CGnCU8UtNhM14sg/12669873-8cf8-41e2-be1f-1cb803cbffe0/osano.js:1:223655)
[WARNING] [Audigent] script has already been initialised. Skip further execution @ https://a.ad.gt/api/v1/u/matches/454?_it=amazon:0
[WARNING] A preload for 'https://cdn.ssref.net/req/202602051/css/fb/sr-min.css' is found, but is not used because the request credentials mode does not match. Consider taking a look at crossorigin attribute. @ https://fbref.com/en/squads/e2d8892c/2025-2026/matchlogs/all_comps/schedule/Paris-Saint-Germain-Scores-and-Fixtures-All-Competitions:50
[WARNING] [GPT] Unrecognized property encountered when calling setConfig: googletag.setConfig.contentPause
https://goo.gle/gpt-message#158 @ https://securepubads.g.doubleclick.net/pagead/managed/js/gpt/m202602090101/pubads_impl.js?cb=31096699:18
Uncaught Error: Invalid command: getGPPData
    at <anonymous> (https://cmp.osano.com/16CGnCU8UtNhM14sg/12669873-8cf8-41e2-be1f-1cb803cbffe0/osano.js:1:225454)
    at <anonymous> (https://cmp.osano.com/16CGnCU8UtNhM14sg/12669873-8cf8-41e2-be1f-1cb803cbffe0/osano.js:1:223655)
Uncaught Error: Invalid command: getGPPData
    at <anonymous> (https://cmp.osano.com/16CGnCU8UtNhM14sg/12669873-8cf8-41e2-be1f-1cb803cbffe0/osano.js:1:225454)
    at <anonymous> (https://cmp.osano.com/16CGnCU8UtNhM14sg/12669873-8cf8-41e2-be1f-1cb803cbffe0/osano.js:1:223655)
[WARNING] [Audigent] script has already been initialised. Skip further execution @ https://a.ad.gt/api/v1/u/matches/454?_it=0:0
[LOG] Called iframe: pa.openx.net [] 
Number of topics:  0 @ https://pa.openx.net/topics_frame.html?bidder=openx:15
[LOG] Called iframe: ads.pubmatic.com [] 
Number of topics:  0 @ https://ads.pubmatic.com/AdServer/js/topics/topics_frame.html?bidder=pubmatic:19
Uncaught Error: Invalid command: getGPPData
    at <anonymous> (https://cmp.osano.com/16CGnCU8UtNhM14sg/12669873-8cf8-41e2-be1f-1cb803cbffe0/osano.js:1:225454)
    at <anonymous> (https://cmp.osano.com/16CGnCU8UtNhM14sg/12669873-8cf8-41e2-be1f-1cb803cbffe0/osano.js:1:223655)
Uncaught Error: Invalid command: getGPPData
    at <anonymous> (https://cmp.osano.com/16CGnCU8UtNhM14sg/12669873-8cf8-41e2-be1f-1cb803cbffe0/osano.js:1:225454)
    at <anonymous> (https://cmp.osano.com/16CGnCU8UtNhM14sg/12669873-8cf8-41e2-be1f-1cb803cbffe0/osano.js:1:223655)
[WARNING] [Audigent] script has already been initialised. Skip further execution @ https://a.ad.gt/api/v1/u/matches/454?_it=amazon:0
[WARNING] A preload for 'https://cdn.ssref.net/req/202602051/css/fb/sr-min.css' is found, but is not used because the request credentials mode does not match. Consider taking a look at crossorigin attribute. @ https://fbref.com/en/squads/44b65410/2025-2026/matchlogs/all_comps/schedule/Qarabag-Scores-and-Fixtures-All-Competitions:50
[WARNING] [GPT] Unrecognized property encountered when calling setConfig: googletag.setConfig.contentPause
https://goo.gle/gpt-message#158 @ https://securepubads.g.doubleclick.net/pagead/managed/js/gpt/m202602090101/pubads_impl.js?cb=31096699:18
Uncaught Error: Invalid command: getGPPData
    at <anonymous> (https://cmp.osano.com/16CGnCU8UtNhM14sg/12669873-8cf8-41e2-be1f-1cb803cbffe0/osano.js:1:225454)
    at <anonymous> (https://cmp.osano.com/16CGnCU8UtNhM14sg/12669873-8cf8-41e2-be1f-1cb803cbffe0/osano.js:1:223655)
Uncaught Error: Invalid command: getGPPData
    at <anonymous> (https://cmp.osano.com/16CGnCU8UtNhM14sg/12669873-8cf8-41e2-be1f-1cb803cbffe0/osano.js:1:225454)
    at <anonymous> (https://cmp.osano.com/16CGnCU8UtNhM14sg/12669873-8cf8-41e2-be1f-1cb803cbffe0/osano.js:1:223655)
[LOG] Called iframe: ads.pubmatic.com [] 
Number of topics:  0 @ https://ads.pubmatic.com/AdServer/js/topics/topics_frame.html?bidder=pubmatic:19
[LOG] Called iframe: pa.openx.net [] 
Number of topics:  0 @ https://pa.openx.net/topics_frame.html?bidder=openx:15
Uncaught Error: Invalid command: getGPPData
    at <anonymous> (https://cmp.osano.com/16CGnCU8UtNhM14sg/12669873-8cf8-41e2-be1f-1cb803cbffe0/osano.js:1:225454)
    at <anonymous> (https://cmp.osano.com/16CGnCU8UtNhM14sg/12669873-8cf8-41e2-be1f-1cb803cbffe0/osano.js:1:223655)
Uncaught Error: Invalid command: getGPPData
    at <anonymous> (https://cmp.osano.com/16CGnCU8UtNhM14sg/12669873-8cf8-41e2-be1f-1cb803cbffe0/osano.js:1:225454)
    at <anonymous> (https://cmp.osano.com/16CGnCU8UtNhM14sg/12669873-8cf8-41e2-be1f-1cb803cbffe0/osano.js:1:223655)
[WARNING] [Audigent] script has already been initialised. Skip further execution @ https://a.ad.gt/api/v1/u/matches/454?_it=amazon:0
[WARNING] A preload for 'https://cdn.ssref.net/req/202602051/css/fb/sr-min.css' is found, but is not used because the request credentials mode does not match. Consider taking a look at crossorigin attribute. @ https://fbref.com/en/squads/53a2f082/2025-2026/matchlogs/all_comps/schedule/Real-Madrid-Scores-and-Fixtures-All-Competitions:50
[WARNING] [GPT] Unrecognized property encountered when calling setConfig: googletag.setConfig.contentPause
https://goo.gle/gpt-message#158 @ https://securepubads.g.doubleclick.net/pagead/managed/js/gpt/m202602090101/pubads_impl.js?cb=31096699:18
Uncaught Error: Invalid command: getGPPData
    at <anonymous> (https://cmp.osano.com/16CGnCU8UtNhM14sg/12669873-8cf8-41e2-be1f-1cb803cbffe0/osano.js:1:225454)
    at <anonymous> (https://cmp.osano.com/16CGnCU8UtNhM14sg/12669873-8cf8-41e2-be1f-1cb803cbffe0/osano.js:1:223655)
Uncaught Error: Invalid command: getGPPData
    at <anonymous> (https://cmp.osano.com/16CGnCU8UtNhM14sg/12669873-8cf8-41e2-be1f-1cb803cbffe0/osano.js:1:225454)
    at <anonymous> (https://cmp.osano.com/16CGnCU8UtNhM14sg/12669873-8cf8-41e2-be1f-1cb803cbffe0/osano.js:1:223655)
[LOG] Called iframe: ads.pubmatic.com [] 
Number of topics:  0 @ https://ads.pubmatic.com/AdServer/js/topics/topics_frame.html?bidder=pubmatic:19
[WARNING] [Audigent] script has already been initialised. Skip further execution @ https://a.ad.gt/api/v1/u/matches/454?_it=0:0
[LOG] Called iframe: pa.openx.net [] 
Number of topics:  0 @ https://pa.openx.net/topics_frame.html?bidder=openx:15
Uncaught Error: Invalid command: getGPPData
    at <anonymous> (https://cmp.osano.com/16CGnCU8UtNhM14sg/12669873-8cf8-41e2-be1f-1cb803cbffe0/osano.js:1:225454)
    at <anonymous> (https://cmp.osano.com/16CGnCU8UtNhM14sg/12669873-8cf8-41e2-be1f-1cb803cbffe0/osano.js:1:223655)
Uncaught Error: Invalid command: getGPPData
    at <anonymous> (https://cmp.osano.com/16CGnCU8UtNhM14sg/12669873-8cf8-41e2-be1f-1cb803cbffe0/osano.js:1:225454)
    at <anonymous> (https://cmp.osano.com/16CGnCU8UtNhM14sg/12669873-8cf8-41e2-be1f-1cb803cbffe0/osano.js:1:223655)
[WARNING] [Audigent] script has already been initialised. Skip further execution @ https://a.ad.gt/api/v1/u/matches/454?_it=amazon:0
Uncaught Error: Invalid command: getGPPData
    at <anonymous> (https://cmp.osano.com/16CGnCU8UtNhM14sg/12669873-8cf8-41e2-be1f-1cb803cbffe0/osano.js:1:225454)
    at <anonymous> (https://cmp.osano.com/16CGnCU8UtNhM14sg/12669873-8cf8-41e2-be1f-1cb803cbffe0/osano.js:1:223655)
Uncaught Error: Invalid command: getGPPData
    at <anonymous> (https://cmp.osano.com/16CGnCU8UtNhM14sg/12669873-8cf8-41e2-be1f-1cb803cbffe0/osano.js:1:225454)
    at <anonymous> (https://cmp.osano.com/16CGnCU8UtNhM14sg/12669873-8cf8-41e2-be1f-1cb803cbffe0/osano.js:1:223655)
[ERROR] Attestation check for Shared Storage on https://securepubads.g.doubleclick.net failed. @ https://imasdk.googleapis.com/js/core/bridge3.741.1_en.html#deid=%22%22&eventfe_experiment_ids=%5B%5D&fid=%22goog_71209184%22&genotype_experiment_data=%7B%22experimentStateProto%22%3A%22%5B%5B%5B45713128%2Cnull%2Cnull%2C%5B%5D%5D%2C%5Bnull%2C745150931%2Cnull%2C%5Bnull%2C1%5D%5D%2C%5Bnull%2C749060184%2Cnull%2C%5Bnull%2C128%5D%5D%2C%5B841585769%2Cnull%2Cnull%2C%5B1%5D%5D%2C%5B45722344%2Cnull%2Cnull%2C%5B%5D%5D%2C%5B45706017%2Cnull%2Cnull%2C%5B1%5D%5D%2C%5B45740207%2Cnull%2Cnull%2C%5B%5D%5D%2C%5B45668885%2Cnull%2Cnull%2C%5B%5D%5D%2C%5B45685340%2Cnull%2Cnull%2C%5B%5D%5D%2C%5B45734716%2Cnull%2Cnull%2C%5B%5D%5D%2C%5B45735891%2Cnull%2Cnull%2C%5B%5D%5D%2C%5B45663239%2Cnull%2Cnull%2C%5B%5D%5D%2C%5B45715032%2Cnull%2Cnull%2C%5B1%5D%5D%2C%5B45661356%2Cnull%2Cnull%2C%5B%5D%5D%2C%5B839547366%2Cnull%2Cnull%2C%5B1%5D%5D%2C%5B45676441%2Cnull%2Cnull%2C%5B%5D%5D%2C%5B45675307%2Cnull%2Cnull%2C%5B1%5D%5D%2C%5B45675308%2Cnull%2Cnull%2C%5B1%5D%5D%2C%5Bnull%2C45645574%2Cnull%2C%5B%5D%5D%2C%5B45688859%2Cnull%2Cnull%2C%5B%5D%5D%2C%5B45656766%2Cnull%2Cnull%2C%5B%5D%5D%2C%5B45710689%2Cnull%2Cnull%2C%5B%5D%5D%2C%5B45710688%2Cnull%2Cnull%2C%5B1%5D%5D%2C%5B45685601%2Cnull%2Cnull%2C%5B%5D%5D%2C%5Bnull%2C45685602%2Cnull%2C%5Bnull%2C500%5D%5D%2C%5B45756824%2Cnull%2Cnull%2C%5B%5D%5D%2C%5B45747172%2Cnull%2Cnull%2C%5B%5D%5D%2C%5B775241416%2Cnull%2Cnull%2C%5B%5D%5D%2C%5B781107959%2Cnull%2Cnull%2C%5B%5D%5D%2C%5B781107958%2Cnull%2Cnull%2C%5B%5D%5D%2C%5B792614055%2Cnull%2Cnull%2C%5B%5D%5D%2C%5B781107957%2Cnull%2Cnull%2C%5B%5D%5D%2C%5B45729602%2Cnull%2Cnull%2C%5B%5D%5D%2C%5B45753603%2Cnull%2Cnull%2C%5B%5D%5D%2C%5B45753604%2Cnull%2Cnull%2C%5B%5D%5D%2C%5B45658982%2Cnull%2Cnull%2C%5B%5D%5D%2C%5B45725657%2Cnull%2Cnull%2C%5B%5D%5D%5D%2C%5B%5B16%2C%5B%5B1%2C%5B%5B31089630%5D%2C%5B31089631%2C%5B%5B45668885%2Cnull%2Cnull%2C%5B1%5D%5D%5D%5D%5D%5D%2C%5B1000%2C%5B%5B95332046%5D%5D%5D%2C%5Bnull%2C%5B%5B95332047%5D%5D%5D%2C%5B10%2C%5B%5B95338769%2C%5B%5Bnull%2C45645574%2Cnull%2C%5Bnull%2C1%5D%5D%5D%5D%2C%5B95338770%2C%5B%5Bnull%2C45645574%2Cnull%2C%5Bnull%2C2%5D%5D%5D%5D%5D%5D%2C%5B50%2C%5B%5B95345206%5D%2C%5B95345207%2C%5B%5B45661356%2Cnull%2Cnull%2C%5B1%5D%5D%5D%5D%5D%5D%2C%5B1%2C%5B%5B95351425%5D%2C%5B95351426%2C%5B%5B45676441%2Cnull%2Cnull%2C%5B1%5D%5D%5D%5D%5D%5D%2C%5B20%2C%5B%5B95356068%5D%2C%5B95356069%2C%5B%5B45685601%2Cnull%2Cnull%2C%5B%5D%5D%2C%5Bnull%2C45685602%2Cnull%2C%5B%5D%5D%5D%5D%2C%5B95356070%2C%5B%5B45685601%2Cnull%2Cnull%2C%5B1%5D%5D%2C%5Bnull%2C45685602%2Cnull%2C%5B%5D%5D%5D%5D%2C%5B95356071%2C%5B%5B45685601%2Cnull%2Cnull%2C%5B1%5D%5D%2C%5Bnull%2C45685602%2Cnull%2C%5Bnull%2C100%5D%5D%5D%5D%5D%5D%2C%5B1%2C%5B%5B95373378%2C%5B%5B792614055%2Cnull%2Cnull%2C%5B1%5D%5D%5D%5D%2C%5B95373379%2C%5B%5B45747172%2Cnull%2Cnull%2C%5B1%5D%5D%2C%5B781107959%2Cnull%2Cnull%2C%5B1%5D%5D%2C%5B792614055%2Cnull%2Cnull%2C%5B1%5D%5D%2C%5B781107957%2Cnull%2Cnull%2C%5B1%5D%5D%5D%5D%5D%5D%2C%5Bnull%2C%5B%5B95375930%5D%2C%5B95375931%2C%5B%5B45734716%2Cnull%2Cnull%2C%5B1%5D%5D%5D%5D%2C%5B95376520%2C%5B%5B45734716%2Cnull%2Cnull%2C%5B1%5D%5D%2C%5B45735891%2Cnull%2Cnull%2C%5B1%5D%5D%5D%5D%5D%5D%2C%5Bnull%2C%5B%5B95378095%5D%2C%5B95378096%2C%5B%5B45740207%2Cnull%2Cnull%2C%5B1%5D%5D%5D%5D%5D%5D%2C%5B10%2C%5B%5B95378629%5D%2C%5B95378630%2C%5B%5B45729602%2Cnull%2Cnull%2C%5B1%5D%5D%5D%5D%2C%5B95381582%2C%5B%5B45729602%2Cnull%2Cnull%2C%5B1%5D%5D%2C%5B45753603%2Cnull%2Cnull%2C%5B1%5D%5D%5D%5D%2C%5B95381583%2C%5B%5B45729602%2Cnull%2Cnull%2C%5B1%5D%5D%2C%5B45753604%2Cnull%2Cnull%2C%5B1%5D%5D%5D%5D%5D%5D%2C%5Bnull%2C%5B%5B95382403%5D%2C%5B95382404%2C%5B%5B45756824%2Cnull%2Cnull%2C%5B1%5D%5D%5D%5D%5D%5D%5D%5D%5D%2Cnull%2Cnull%2C%5Bnull%2C1000%2C1%2C1000%5D%5D%22%7D&imalib_experiments=%5B44752052%2C95322027%2C95331589%2C95332046%5D&is_eap_loader=false&managed_js_experiment_id=0&page_correlator=1629293085925972&pvsid=8845720423121153&top_accessible_page_url=%22https%3A%2F%2Ffbref.com%2Fen%2Fsquads%2F53a2f082%2F2025-2026%2Fmatchlogs%2Fall_comps%2Fschedule%2FReal-Madrid-Scores-and-Fixtures-All-Competitions%22:0
[ERROR] Failed to load resource: the server responded with a status of 404 () @ https://openrtb-us-east-1.axonix.com/syn?supply=6b5e0640-0286-4e78-b490-a820e3a18a08&gdpr=0&gdpr_consent=&uid=na&redirect=https%3A%2F%2Fid5-sync.com%2Fc%2F369%2F1201%2F8%2F2.gif%3Fpuid%3DxxEMODO_IDxx%26gdpr%3D0%26gdpr_consent%3D:0
[ERROR] Attestation check for Attribution Reporting on https://ara.paa-reporting-advertising.amazon failed. @ https://fbref.com/en/squads/53a2f082/2025-2026/matchlogs/all_comps/schedule/Real-Madrid-Scores-and-Fixtures-All-Competitions:0
[ERROR] Attestation check for Shared Storage on https://ara.paa-reporting-advertising.amazon failed. @ https://aax-events-cell02-cf.us-west.3px.axp.amazon-adsystem.com/e/is/bb8e6d0b6c85b2b1fc673047a9802fc9/creative?b=JC5ZOAEArQJuc9diIhRY_5AAAAGcUD34JgYAAAakAUIzcHhfdHhuX2JpZDEgICAzcHhfdHhuX2ltcDEgICBmFLtk&ct=https%3A%2F%2Fbeacon-nf.rubiconproject.com%2Fbeacon%2Fv3%2Frs%2Fsjc2%2F0%2Fdfa4faed-160b-4226-bad7-82c243f128ef%2F0%2F-q3JlF3C6cSnU9AeaVRa_G72T0A%2F&bi=cfv1_CFihPVFtj9GB_yGuB_V0mQPRbl55FLkczFtihVXCH2TqIZr1VpZW97x4lWdPmzTu6LU935JahHmYN0yDK88QdToTHC6wB-_jP2AnZ2pfREv8J6xCgwNSpPdFtwCJUYycCO3mADyG3u0eFjBKvlj6VGwGWWELG8V4CBEJc6AnXBSF_ALj6ykeXV7jGKbCLYUsXmFFK_3dpr5dBHBDWCc8FZREDznFyftB78Z660ejEul_zlTGADMQztrX5zMkfJnSnLV235yGdJfZMdbo5ToX9X3DUkKKwSrCNvq667i0dbkFMlun1qSc1xKUZTPKAou729lppbkwFZedycaFV6HvUJ4sjrwvB2Rq8_BAhE4Ac8A90FVfMmSP0imc9_xfJRmsFUA0jl_532EU4WysTenTHzwKH8yizZN7f6gHNFxw-lYcAeBVpBhGEydr5YtwZlIgIsreaN7xouSnXiIMFmuLi9kcVU-N2R72ezNuccpiuJm3Hm5DisnNhxffWnFMFJS-j7Rw2D59XI402ySuuBOi8BeYbz5DfstsRD-KVjboOqoE8d5ObqaU8eatfjhejRMQ:0
[ERROR] Attestation check for Attribution Reporting on https://ara.paa-reporting-advertising.amazon failed. @ https://fbref.com/en/squads/53a2f082/2025-2026/matchlogs/all_comps/schedule/Real-Madrid-Scores-and-Fixtures-All-Competitions:0
[ERROR] Attestation check for Shared Storage on https://ara.paa-reporting-advertising.amazon failed. @ https://aax-events-cell02-cf.us-west.3px.axp.amazon-adsystem.com/e/is/bb8e6d0b6c85b2b1fc673047a9802fc9/creative?b=JB-V40zljNvWgejt7SGn4y4AAAGcUD34CgYAAAakAUMzcHhfdHhuX2JpZDEgICAzcHhfdHhuX2ltcDEgICAjClPj&ct=https%3A%2F%2Fbeacon-nf.rubiconproject.com%2Fbeacon%2Fv3%2Frs%2Fsjc2%2F0%2Fade584fd-52e5-4492-80d4-1cffc01f0b1a%2F0%2FjvVpdlEctTlZgAWbXlZuZ5rG3UA%2F&bi=cfv1_CFilZGIzms-VxlL6U81z5HnMYXl1UJ46zFtihVXCYGXqIZr1VpZW97x4lWdPmzTu6LU935JahHmYN0yDK88QdToTHC6wB-_jP2AnZ2pfREv8J6xCgwNSpPdFtwCJUYycCO3mADyG3u0eFjBKvlj6VGwGWWELG8V4CBEJc6AnXBSF_ALj6ykaBG29DbjWFPZ4CllCVofAqZlRQFdlWCc8FZREJ1jIyftB8P9k1X_eeuJ_znzSPGI5suPP5zNoQuqS3r49y5yGFYb6MImFgyUX9X3DUkKKwSrCNvq667i0dbkFMlun1qSc1xKUZTPKAou729lppbkwFZedysaGVanrUZ4pirwrD2Vo8_BDi04Ac8A90FVfMmSP0imc9_1bJxGsHkVulTzBnHhJ_W2xUurPBjseAM2n0Mh9IfIVIlsp5UpRDeJIoRlXWGBs_5pnel0tVPOcaMf6tPOjTTVTCCiD3pcaXE_R2wGreS5lOJJk5sOlCGkaldnx2BfGUUdbEIep0tV_zjoBJohKpjCyz26k5nrnTSNI6DhqJz6JUSLxIpOuBBbWDfxgcf26ST7aU_I:0
[WARNING] The resource https://fbref.com/short/inc/main_nav_menu.json was preloaded using link preload but not used within a few seconds from the window's load event. Please make sure it has an appropriate `as` value and it is preloaded intentionally. @ https://fbref.com/en/squads/53a2f082/2025-2026/matchlogs/all_comps/schedule/Real-Madrid-Scores-and-Fixtures-All-Competitions:0
[WARNING] The resource https://cdn.ssref.net/req/201604190/images/chosen-sprite.png was preloaded using link preload but not used within a few seconds from the window's load event. Please make sure it has an appropriate `as` value and it is preloaded intentionally. @ https://fbref.com/en/squads/53a2f082/2025-2026/matchlogs/all_comps/schedule/Real-Madrid-Scores-and-Fixtures-All-Competitions:0
[WARNING] The resource https://cdn.ssref.net/req/202602051/css/fb/sr-min.css was preloaded using link preload but not used within a few seconds from the window's load event. Please make sure it has an appropriate `as` value and it is preloaded intentionally. @ https://fbref.com/en/squads/53a2f082/2025-2026/matchlogs/all_comps/schedule/Real-Madrid-Scores-and-Fixtures-All-Competitions:0
[WARNING] The resource https://d.pub.network/v2/sites/fbref-com/configs?env=PROD was preloaded using link preload but not used within a few seconds from the window's load event. Please make sure it has an appropriate `as` value and it is preloaded intentionally. @ https://fbref.com/en/squads/53a2f082/2025-2026/matchlogs/all_comps/schedule/Real-Madrid-Scores-and-Fixtures-All-Competitions:0
Uncaught Error: Invalid command: getGPPData
    at <anonymous> (https://cmp.osano.com/16CGnCU8UtNhM14sg/12669873-8cf8-41e2-be1f-1cb803cbffe0/osano.js:1:225454)
    at <anonymous> (https://cmp.osano.com/16CGnCU8UtNhM14sg/12669873-8cf8-41e2-be1f-1cb803cbffe0/osano.js:1:223655)
Uncaught Error: Invalid command: getGPPData
    at <anonymous> (https://cmp.osano.com/16CGnCU8UtNhM14sg/12669873-8cf8-41e2-be1f-1cb803cbffe0/osano.js:1:225454)
    at <anonymous> (https://cmp.osano.com/16CGnCU8UtNhM14sg/12669873-8cf8-41e2-be1f-1cb803cbffe0/osano.js:1:223655)
Uncaught Error: Invalid command: getGPPData
    at <anonymous> (https://cmp.osano.com/16CGnCU8UtNhM14sg/12669873-8cf8-41e2-be1f-1cb803cbffe0/osano.js:1:225454)
    at <anonymous> (https://cmp.osano.com/16CGnCU8UtNhM14sg/12669873-8cf8-41e2-be1f-1cb803cbffe0/osano.js:1:223655)
Uncaught Error: Invalid command: getGPPData
    at <anonymous> (https://cmp.osano.com/16CGnCU8UtNhM14sg/12669873-8cf8-41e2-be1f-1cb803cbffe0/osano.js:1:225454)
    at <anonymous> (https://cmp.osano.com/16CGnCU8UtNhM14sg/12669873-8cf8-41e2-be1f-1cb803cbffe0/osano.js:1:223655)
Uncaught Error: Invalid command: getGPPData
    at <anonymous> (https://cmp.osano.com/16CGnCU8UtNhM14sg/12669873-8cf8-41e2-be1f-1cb803cbffe0/osano.js:1:225454)
    at <anonymous> (https://cmp.osano.com/16CGnCU8UtNhM14sg/12669873-8cf8-41e2-be1f-1cb803cbffe0/osano.js:1:223655)
Uncaught Error: Invalid command: getGPPData
    at <anonymous> (https://cmp.osano.com/16CGnCU8UtNhM14sg/12669873-8cf8-41e2-be1f-1cb803cbffe0/osano.js:1:225454)
    at <anonymous> (https://cmp.osano.com/16CGnCU8UtNhM14sg/12669873-8cf8-41e2-be1f-1cb803cbffe0/osano.js:1:223655)
Uncaught Error: Invalid command: getGPPData
    at <anonymous> (https://cmp.osano.com/16CGnCU8UtNhM14sg/12669873-8cf8-41e2-be1f-1cb803cbffe0/osano.js:1:225454)
    at <anonymous> (https://cmp.osano.com/16CGnCU8UtNhM14sg/12669873-8cf8-41e2-be1f-1cb803cbffe0/osano.js:1:223655)
Uncaught Error: Invalid command: getGPPData
    at <anonymous> (https://cmp.osano.com/16CGnCU8UtNhM14sg/12669873-8cf8-41e2-be1f-1cb803cbffe0/osano.js:1:225454)
    at <anonymous> (https://cmp.osano.com/16CGnCU8UtNhM14sg/12669873-8cf8-41e2-be1f-1cb803cbffe0/osano.js:1:223655)
[ERROR] Failed to load resource: the server responded with a status of 404 () @ https://secure.adnxs.com/gdpr=0&us_privacy=1YN-&https://pixel.rubiconproject.com/tap.php?v=4894&nid=1986&put=7991133061705435246&expires=30:0
Uncaught Error: Invalid command: getGPPData
    at <anonymous> (https://cmp.osano.com/16CGnCU8UtNhM14sg/12669873-8cf8-41e2-be1f-1cb803cbffe0/osano.js:1:225454)
    at <anonymous> (https://cmp.osano.com/16CGnCU8UtNhM14sg/12669873-8cf8-41e2-be1f-1cb803cbffe0/osano.js:1:223655)
Uncaught Error: Invalid command: getGPPData
    at <anonymous> (https://cmp.osano.com/16CGnCU8UtNhM14sg/12669873-8cf8-41e2-be1f-1cb803cbffe0/osano.js:1:225454)
    at <anonymous> (https://cmp.osano.com/16CGnCU8UtNhM14sg/12669873-8cf8-41e2-be1f-1cb803cbffe0/osano.js:1:223655)
Uncaught Error: Invalid command: getGPPData
    at <anonymous> (https://cmp.osano.com/16CGnCU8UtNhM14sg/12669873-8cf8-41e2-be1f-1cb803cbffe0/osano.js:1:225454)
    at <anonymous> (https://cmp.osano.com/16CGnCU8UtNhM14sg/12669873-8cf8-41e2-be1f-1cb803cbffe0/osano.js:1:223655)
Uncaught Error: Invalid command: getGPPData
    at <anonymous> (https://cmp.osano.com/16CGnCU8UtNhM14sg/12669873-8cf8-41e2-be1f-1cb803cbffe0/osano.js:1:225454)
    at <anonymous> (https://cmp.osano.com/16CGnCU8UtNhM14sg/12669873-8cf8-41e2-be1f-1cb803cbffe0/osano.js:1:223655)
[DIR] SyntaxError @ https://js.ad-score.com/score.min.js?pid=1000925&tt=g:1
Failed to read a named property 'document' from 'Window': Blocked a frame with origin "https://e930680aa9d52b55a8dbd1340b61755e.safeframe.googlesyndication.com" from accessing a frame with origin "https://fbref.com". Protocols, domains, and ports must match.
[ERROR] Attestation check for Shared Storage on https://ara.paa-reporting-advertising.amazon failed. @ https://aax-events-cell02-cf.us-west.3px.axp.amazon-adsystem.com/e/is/bb8e6d0b6c85b2b1fc673047a9802fc9/creative?b=JC5ZOAEArQJuc9diIhRY_5AAAAGcUD34JgYAAAakAUIzcHhfdHhuX2JpZDEgICAzcHhfdHhuX2ltcDEgICBmFLtk&ct=https%3A%2F%2Fbeacon-nf.rubiconproject.com%2Fbeacon%2Fv3%2Frs%2Fsjc2%2F0%2Fdfa4faed-160b-4226-bad7-82c243f128ef%2F0%2F-q3JlF3C6cSnU9AeaVRa_G72T0A%2F&bi=cfv1_CFihPVFtj9GB_yGuB_V0mQPRbl55FLkczFtihVXCH2TqIZr1VpZW97x4lWdPmzTu6LU935JahHmYN0yDK88QdToTHC6wB-_jP2AnZ2pfREv8J6xCgwNSpPdFtwCJUYycCO3mADyG3u0eFjBKvlj6VGwGWWELG8V4CBEJc6AnXBSF_ALj6ykeXV7jGKbCLYUsXmFFK_3dpr5dBHBDWCc8FZREDznFyftB78Z660ejEul_zlTGADMQztrX5zMkfJnSnLV235yGdJfZMdbo5ToX9X3DUkKKwSrCNvq667i0dbkFMlun1qSc1xKUZTPKAou729lppbkwFZedycaFV6HvUJ4sjrwvB2Rq8_BAhE4Ac8A90FVfMmSP0imc9_xfJRmsFUA0jl_532EU4WysTenTHzwKH8yizZN7f6gHNFxw-lYcAeBVpBhGEydr5YtwZlIgIsreaN7xouSnXiIMFmuLi9kcVU-N2R72ezNuccpiuJm3Hm5DisnNhxffWnFMFJS-j7Rw2D59XI402ySuuBOi8BeYbz5DfstsRD-KVjboOqoE8d5ObqaU8eatfjhejRMQ:0
[ERROR] Attestation check for Shared Storage on https://ara.paa-reporting-advertising.amazon failed. @ https://aax-events-cell02-cf.us-west.3px.axp.amazon-adsystem.com/e/is/bb8e6d0b6c85b2b1fc673047a9802fc9/creative?b=JB-V40zljNvWgejt7SGn4y4AAAGcUD34CgYAAAakAUMzcHhfdHhuX2JpZDEgICAzcHhfdHhuX2ltcDEgICAjClPj&ct=https%3A%2F%2Fbeacon-nf.rubiconproject.com%2Fbeacon%2Fv3%2Frs%2Fsjc2%2F0%2Fade584fd-52e5-4492-80d4-1cffc01f0b1a%2F0%2FjvVpdlEctTlZgAWbXlZuZ5rG3UA%2F&bi=cfv1_CFilZGIzms-VxlL6U81z5HnMYXl1UJ46zFtihVXCYGXqIZr1VpZW97x4lWdPmzTu6LU935JahHmYN0yDK88QdToTHC6wB-_jP2AnZ2pfREv8J6xCgwNSpPdFtwCJUYycCO3mADyG3u0eFjBKvlj6VGwGWWELG8V4CBEJc6AnXBSF_ALj6ykaBG29DbjWFPZ4CllCVofAqZlRQFdlWCc8FZREJ1jIyftB8P9k1X_eeuJ_znzSPGI5suPP5zNoQuqS3r49y5yGFYb6MImFgyUX9X3DUkKKwSrCNvq667i0dbkFMlun1qSc1xKUZTPKAou729lppbkwFZedysaGVanrUZ4pirwrD2Vo8_BDi04Ac8A90FVfMmSP0imc9_1bJxGsHkVulTzBnHhJ_W2xUurPBjseAM2n0Mh9IfIVIlsp5UpRDeJIoRlXWGBs_5pnel0tVPOcaMf6tPOjTTVTCCiD3pcaXE_R2wGreS5lOJJk5sOlCGkaldnx2BfGUUdbEIep0tV_zjoBJohKpjCyz26k5nrnTSNI6DhqJz6JUSLxIpOuBBbWDfxgcf26ST7aU_I:0
[DIR] SyntaxError @ https://js.ad-score.com/score.min.js?pid=1000925&tt=g:1
[ERROR] Attestation check for Attribution Reporting on https://ara.paa-reporting-advertising.amazon failed. @ https://fbref.com/en/squads/53a2f082/2025-2026/matchlogs/all_comps/schedule/Real-Madrid-Scores-and-Fixtures-All-Competitions:0
[ERROR] Attestation check for Shared Storage on https://ara.paa-reporting-advertising.amazon failed. @ https://aax-events-cell02-cf.us-west.3px.axp.amazon-adsystem.com/e/is/bb8e6d0b6c85b2b1fc673047a9802fc9/creative?b=JJ5kUTt5M_iSDY48S_KeuuAAAAGcUD7GCAYAAAakAUMzcHhfdHhuX2JpZDEgICAzcHhfdHhuX2ltcDEgICAbiGJm&ct=https%3A%2F%2Fbeacon-nf.rubiconproject.com%2Fbeacon%2Fv3%2Frs%2Fsjc2%2F0%2F6b1fc473-a1b3-4b77-b74f-2b80b1f4bdb3%2F0%2FjgvW4pq-yAFPIk2qb_h44Lm16NM%2F&bi=cfv1_CFiDPGgLgbOp8U2Je8EvwTL0EGglDOYczFtihVXCaAHmIZr1VpZW97x4lWdPmzTu6LU935JahHmYN0yDK88QdToTHC6wB-_jP2AnZ2pfREv8J6xCgwNSpPdFtwCJUYycCO3mADyG3u0eFjBKvlj6VGwGWWELG8V4CBEJc6AnXBSF_ALj6yk8XGeFFsTqI-kLIlUec8z42IgBHC9DWCc8FZREexTDyftB37UwsDHjHvR_ziKMDV88l9LW5zN6bI6gyaJWwJyGdJfZMdbo5ToX9X3DUkKKwSrCNvq667i0dbkFMlun1qSc1xKUZTPKAou729lppbkwFZedzcaFV6HpU5kohbsoBGJj9vJEhk4Ac8A90FVfMmSP0imc9_xfJRmsFUA0jl753GEU4WysTenTHzoAH8en0Mh9IfIVIlsp5UpRDeJIoRlXWGBs_5pnel0tVPOcaMf6tPOjTTVTCCiD3pcaXE_R2wGreS5lOJJk5sOlCGkaldnx2BfGUUdbEIep0tV_zjoBJohKpjCyz26k5nrnTSNI6DhqJz6JUSLxIlHWpLNHtbLdRTtoruruK0g:0
Failed to read a named property 'document' from 'Window': Blocked a frame with origin "https://e930680aa9d52b55a8dbd1340b61755e.safeframe.googlesyndication.com" from accessing a frame with origin "https://fbref.com". Protocols, domains, and ports must match.
Uncaught Error: Invalid command: getGPPData
    at <anonymous> (https://cmp.osano.com/16CGnCU8UtNhM14sg/12669873-8cf8-41e2-be1f-1cb803cbffe0/osano.js:1:225454)
    at <anonymous> (https://cmp.osano.com/16CGnCU8UtNhM14sg/12669873-8cf8-41e2-be1f-1cb803cbffe0/osano.js:1:223655)
Uncaught Error: Invalid command: getGPPData
    at <anonymous> (https://cmp.osano.com/16CGnCU8UtNhM14sg/12669873-8cf8-41e2-be1f-1cb803cbffe0/osano.js:1:225454)
    at <anonymous> (https://cmp.osano.com/16CGnCU8UtNhM14sg/12669873-8cf8-41e2-be1f-1cb803cbffe0/osano.js:1:223655)
Uncaught Error: Invalid command: getGPPData
    at <anonymous> (https://cmp.osano.com/16CGnCU8UtNhM14sg/12669873-8cf8-41e2-be1f-1cb803cbffe0/osano.js:1:225454)
    at <anonymous> (https://cmp.osano.com/16CGnCU8UtNhM14sg/12669873-8cf8-41e2-be1f-1cb803cbffe0/osano.js:1:223655)
Uncaught Error: Invalid command: getGPPData
    at <anonymous> (https://cmp.osano.com/16CGnCU8UtNhM14sg/12669873-8cf8-41e2-be1f-1cb803cbffe0/osano.js:1:225454)
    at <anonymous> (https://cmp.osano.com/16CGnCU8UtNhM14sg/12669873-8cf8-41e2-be1f-1cb803cbffe0/osano.js:1:223655)
[WARNING] A preload for 'https://cdn.ssref.net/req/202602051/css/fb/sr-min.css' is found, but is not used because the request credentials mode does not match. Consider taking a look at crossorigin attribute. @ https://fbref.com/en/squads/922493f3/2025-2026/matchlogs/all_comps/schedule/Atalanta-Scores-and-Fixtures-All-Competitions:50
[WARNING] [GPT] Unrecognized property encountered when calling setConfig: googletag.setConfig.contentPause
https://goo.gle/gpt-message#158 @ https://securepubads.g.doubleclick.net/pagead/managed/js/gpt/m202602090101/pubads_impl.js?cb=31096699:18
[WARNING] A preload for 'https://cdn.ssref.net/req/202602051/css/fb/sr-min.css' is found, but is not used because the request credentials mode does not match. Consider taking a look at crossorigin attribute. @ https://fbref.com/en/squads/db3b9613/2025-2026/matchlogs/all_comps/schedule/Atletico-Madrid-Scores-and-Fixtures-All-Competitions:50
[WARNING] [GPT] Unrecognized property encountered when calling setConfig: googletag.setConfig.contentPause
https://goo.gle/gpt-message#158 @ https://securepubads.g.doubleclick.net/pagead/managed/js/gpt/m202602090101/pubads_impl.js?cb=31096699:18
Uncaught Error: Invalid command: getGPPData
    at <anonymous> (https://cmp.osano.com/16CGnCU8UtNhM14sg/12669873-8cf8-41e2-be1f-1cb803cbffe0/osano.js:1:225454)
    at <anonymous> (https://cmp.osano.com/16CGnCU8UtNhM14sg/12669873-8cf8-41e2-be1f-1cb803cbffe0/osano.js:1:223655)
Uncaught Error: Invalid command: getGPPData
    at <anonymous> (https://cmp.osano.com/16CGnCU8UtNhM14sg/12669873-8cf8-41e2-be1f-1cb803cbffe0/osano.js:1:225454)
    at <anonymous> (https://cmp.osano.com/16CGnCU8UtNhM14sg/12669873-8cf8-41e2-be1f-1cb803cbffe0/osano.js:1:223655)
[WARNING] [Audigent] script has already been initialised. Skip further execution @ https://a.ad.gt/api/v1/u/matches/454?_it=0:0
[LOG] Called iframe: pa.openx.net [] 
Number of topics:  0 @ https://pa.openx.net/topics_frame.html?bidder=openx:15
[LOG] Called iframe: ads.pubmatic.com [] 
Number of topics:  0 @ https://ads.pubmatic.com/AdServer/js/topics/topics_frame.html?bidder=pubmatic:19
Uncaught Error: Invalid command: getGPPData
    at <anonymous> (https://cmp.osano.com/16CGnCU8UtNhM14sg/12669873-8cf8-41e2-be1f-1cb803cbffe0/osano.js:1:225454)
    at <anonymous> (https://cmp.osano.com/16CGnCU8UtNhM14sg/12669873-8cf8-41e2-be1f-1cb803cbffe0/osano.js:1:223655)
Uncaught Error: Invalid command: getGPPData
    at <anonymous> (https://cmp.osano.com/16CGnCU8UtNhM14sg/12669873-8cf8-41e2-be1f-1cb803cbffe0/osano.js:1:225454)
    at <anonymous> (https://cmp.osano.com/16CGnCU8UtNhM14sg/12669873-8cf8-41e2-be1f-1cb803cbffe0/osano.js:1:223655)
[WARNING] [Audigent] script has already been initialised. Skip further execution @ https://a.ad.gt/api/v1/u/matches/454?_it=amazon:0
Uncaught Error: Invalid command: getGPPData
    at <anonymous> (https://cmp.osano.com/16CGnCU8UtNhM14sg/12669873-8cf8-41e2-be1f-1cb803cbffe0/osano.js:1:225454)
    at <anonymous> (https://cmp.osano.com/16CGnCU8UtNhM14sg/12669873-8cf8-41e2-be1f-1cb803cbffe0/osano.js:1:223655)
Uncaught Error: Invalid command: getGPPData
    at <anonymous> (https://cmp.osano.com/16CGnCU8UtNhM14sg/12669873-8cf8-41e2-be1f-1cb803cbffe0/osano.js:1:225454)
    at <anonymous> (https://cmp.osano.com/16CGnCU8UtNhM14sg/12669873-8cf8-41e2-be1f-1cb803cbffe0/osano.js:1:223655)
[ERROR] Attestation check for Shared Storage on https://securepubads.g.doubleclick.net failed. @ https://imasdk.googleapis.com/js/core/bridge3.741.1_en.html#deid=%22%22&eventfe_experiment_ids=%5B%5D&fid=%22goog_2095685471%22&genotype_experiment_data=%7B%22experimentStateProto%22%3A%22%5B%5B%5B45713128%2Cnull%2Cnull%2C%5B%5D%5D%2C%5Bnull%2C745150931%2Cnull%2C%5Bnull%2C1%5D%5D%2C%5Bnull%2C749060184%2Cnull%2C%5Bnull%2C128%5D%5D%2C%5B841585769%2Cnull%2Cnull%2C%5B1%5D%5D%2C%5B45722344%2Cnull%2Cnull%2C%5B%5D%5D%2C%5B45706017%2Cnull%2Cnull%2C%5B1%5D%5D%2C%5B45740207%2Cnull%2Cnull%2C%5B%5D%5D%2C%5B45668885%2Cnull%2Cnull%2C%5B%5D%5D%2C%5B45685340%2Cnull%2Cnull%2C%5B%5D%5D%2C%5B45734716%2Cnull%2Cnull%2C%5B%5D%5D%2C%5B45735891%2Cnull%2Cnull%2C%5B%5D%5D%2C%5B45663239%2Cnull%2Cnull%2C%5B%5D%5D%2C%5B45715032%2Cnull%2Cnull%2C%5B1%5D%5D%2C%5B45661356%2Cnull%2Cnull%2C%5B%5D%5D%2C%5B839547366%2Cnull%2Cnull%2C%5B1%5D%5D%2C%5B45676441%2Cnull%2Cnull%2C%5B%5D%5D%2C%5B45675307%2Cnull%2Cnull%2C%5B1%5D%5D%2C%5B45675308%2Cnull%2Cnull%2C%5B1%5D%5D%2C%5Bnull%2C45645574%2Cnull%2C%5B%5D%5D%2C%5B45688859%2Cnull%2Cnull%2C%5B%5D%5D%2C%5B45656766%2Cnull%2Cnull%2C%5B%5D%5D%2C%5B45710689%2Cnull%2Cnull%2C%5B%5D%5D%2C%5B45710688%2Cnull%2Cnull%2C%5B1%5D%5D%2C%5B45685601%2Cnull%2Cnull%2C%5B%5D%5D%2C%5Bnull%2C45685602%2Cnull%2C%5Bnull%2C500%5D%5D%2C%5B45756824%2Cnull%2Cnull%2C%5B%5D%5D%2C%5B45747172%2Cnull%2Cnull%2C%5B%5D%5D%2C%5B775241416%2Cnull%2Cnull%2C%5B%5D%5D%2C%5B781107959%2Cnull%2Cnull%2C%5B%5D%5D%2C%5B781107958%2Cnull%2Cnull%2C%5B%5D%5D%2C%5B792614055%2Cnull%2Cnull%2C%5B%5D%5D%2C%5B781107957%2Cnull%2Cnull%2C%5B%5D%5D%2C%5B45729602%2Cnull%2Cnull%2C%5B%5D%5D%2C%5B45753603%2Cnull%2Cnull%2C%5B%5D%5D%2C%5B45753604%2Cnull%2Cnull%2C%5B%5D%5D%2C%5B45658982%2Cnull%2Cnull%2C%5B%5D%5D%2C%5B45725657%2Cnull%2Cnull%2C%5B%5D%5D%5D%2C%5B%5B16%2C%5B%5B1%2C%5B%5B31089630%5D%2C%5B31089631%2C%5B%5B45668885%2Cnull%2Cnull%2C%5B1%5D%5D%5D%5D%5D%5D%2C%5B1000%2C%5B%5B95332046%5D%5D%5D%2C%5Bnull%2C%5B%5B95332047%5D%5D%5D%2C%5B10%2C%5B%5B95338769%2C%5B%5Bnull%2C45645574%2Cnull%2C%5Bnull%2C1%5D%5D%5D%5D%2C%5B95338770%2C%5B%5Bnull%2C45645574%2Cnull%2C%5Bnull%2C2%5D%5D%5D%5D%5D%5D%2C%5B50%2C%5B%5B95345206%5D%2C%5B95345207%2C%5B%5B45661356%2Cnull%2Cnull%2C%5B1%5D%5D%5D%5D%5D%5D%2C%5B1%2C%5B%5B95351425%5D%2C%5B95351426%2C%5B%5B45676441%2Cnull%2Cnull%2C%5B1%5D%5D%5D%5D%5D%5D%2C%5B20%2C%5B%5B95356068%5D%2C%5B95356069%2C%5B%5B45685601%2Cnull%2Cnull%2C%5B%5D%5D%2C%5Bnull%2C45685602%2Cnull%2C%5B%5D%5D%5D%5D%2C%5B95356070%2C%5B%5B45685601%2Cnull%2Cnull%2C%5B1%5D%5D%2C%5Bnull%2C45685602%2Cnull%2C%5B%5D%5D%5D%5D%2C%5B95356071%2C%5B%5B45685601%2Cnull%2Cnull%2C%5B1%5D%5D%2C%5Bnull%2C45685602%2Cnull%2C%5Bnull%2C100%5D%5D%5D%5D%5D%5D%2C%5B1%2C%5B%5B95373378%2C%5B%5B792614055%2Cnull%2Cnull%2C%5B1%5D%5D%5D%5D%2C%5B95373379%2C%5B%5B45747172%2Cnull%2Cnull%2C%5B1%5D%5D%2C%5B781107959%2Cnull%2Cnull%2C%5B1%5D%5D%2C%5B792614055%2Cnull%2Cnull%2C%5B1%5D%5D%2C%5B781107957%2Cnull%2Cnull%2C%5B1%5D%5D%5D%5D%5D%5D%2C%5Bnull%2C%5B%5B95375930%5D%2C%5B95375931%2C%5B%5B45734716%2Cnull%2Cnull%2C%5B1%5D%5D%5D%5D%2C%5B95376520%2C%5B%5B45734716%2Cnull%2Cnull%2C%5B1%5D%5D%2C%5B45735891%2Cnull%2Cnull%2C%5B1%5D%5D%5D%5D%5D%5D%2C%5Bnull%2C%5B%5B95378095%5D%2C%5B95378096%2C%5B%5B45740207%2Cnull%2Cnull%2C%5B1%5D%5D%5D%5D%5D%5D%2C%5B10%2C%5B%5B95378629%5D%2C%5B95378630%2C%5B%5B45729602%2Cnull%2Cnull%2C%5B1%5D%5D%5D%5D%2C%5B95381582%2C%5B%5B45729602%2Cnull%2Cnull%2C%5B1%5D%5D%2C%5B45753603%2Cnull%2Cnull%2C%5B1%5D%5D%5D%5D%2C%5B95381583%2C%5B%5B45729602%2Cnull%2Cnull%2C%5B1%5D%5D%2C%5B45753604%2Cnull%2Cnull%2C%5B1%5D%5D%5D%5D%5D%5D%2C%5Bnull%2C%5B%5B95382403%5D%2C%5B95382404%2C%5B%5B45756824%2Cnull%2Cnull%2C%5B1%5D%5D%5D%5D%5D%5D%5D%5D%5D%2Cnull%2Cnull%2C%5Bnull%2C1000%2C1%2C1000%5D%5D%22%7D&imalib_experiments=%5B44752052%2C95322027%2C95331589%2C95332046%5D&is_eap_loader=false&managed_js_experiment_id=0&page_correlator=2275900155113828&pvsid=1850880995292526&top_accessible_page_url=%22https%3A%2F%2Ffbref.com%2Fen%2Fsquads%2Fdb3b9613%2F2025-2026%2Fmatchlogs%2Fall_comps%2Fschedule%2FAtletico-Madrid-Scores-and-Fixtures-All-Competitions%22:0
[ERROR] Failed to load resource: the server responded with a status of 404 () @ https://openrtb-us-east-1.axonix.com/syn?supply=6b5e0640-0286-4e78-b490-a820e3a18a08&gdpr=0&gdpr_consent=&uid=na&redirect=https%3A%2F%2Fid5-sync.com%2Fc%2F369%2F1201%2F8%2F2.gif%3Fpuid%3DxxEMODO_IDxx%26gdpr%3D0%26gdpr_consent%3D:0
[ERROR] Attestation check for Attribution Reporting on https://ara.paa-reporting-advertising.amazon failed. @ https://fbref.com/en/squads/db3b9613/2025-2026/matchlogs/all_comps/schedule/Atletico-Madrid-Scores-and-Fixtures-All-Competitions:0
[ERROR] Attestation check for Shared Storage on https://ara.paa-reporting-advertising.amazon failed. @ https://aax-events-cell02-cf.us-west.3px.axp.amazon-adsystem.com/e/is/bb8e6d0b6c85b2b1fc673047a9802fc9/creative?b=JMJInzCcomur3VkWyf9AxwgAAAGcUD8s0QYAAAakAUMzcHhfdHhuX2JpZDEgICAzcHhfdHhuX2ltcDEgICDtZsdY&ct=https%3A%2F%2Fbeacon-nf.rubiconproject.com%2Fbeacon%2Fv3%2Frs%2Fsjc2%2F0%2F1edbe9b5-5c08-495b-968f-d2af5f22caa7%2F0%2F9GGXTTxB_45tLmcvAilacbKBlio%2F&bi=cfv1_CFiaOlM_g8q74gH1ROsS-SjyBihXcpEczFtihVXCNlPhIZr1VpZW97x4lWdPmzTu6LU935JahHmYN0yDK88QdToTHC6wB-_jP2AnZ2pfREv8J6xCgwNSpPdFtwCJUYycCO3mADyG3u0eFjBKvlj6VGwGWWELG8V4CBEJc6AnXBSF_AHj6yklWlyxFL34MKV3HX8jS9b-zshzYlhDWBg8FZREFSzKyftB3JVt4mbcB-B_zj6xImYQ1ffM5zN8aKzMpLVvxZyGOazNTeb04iwX9X3DUkKKwSrCNvq667i0dbkFMlun1qSc1xKUZTPKAou729lopbkwFZeIyMSCXqfvUJUshLosDmhq9PRCQL0KSvtk0khEI2KYwyi6k8xeLVHtFx919gSChSVV_HCuUfbQBSIBAci-i84je-ADJQI2-QddD_9NoAgcH2d27o17dVBbbbGccczso_ewWmpNSyDWkJETXBPTxFypZCUsYJQ6vNGzDzAFheWu2A7NZ1BfA5D0s9ppykZ7IPY3sizFsmiyiwXFUCjeGz4JJj2ORTvpPamOpEqQGgjzIj66qDrHIg:0
[ERROR] Attestation check for Attribution Reporting on https://ara.paa-reporting-advertising.amazon failed. @ https://fbref.com/en/squads/db3b9613/2025-2026/matchlogs/all_comps/schedule/Atletico-Madrid-Scores-and-Fixtures-All-Competitions:0
[ERROR] Attestation check for Shared Storage on https://ara.paa-reporting-advertising.amazon failed. @ https://aax-events-cell02-cf.us-west.3px.axp.amazon-adsystem.com/e/is/bb8e6d0b6c85b2b1fc673047a9802fc9/creative?b=JEoztNCVqCn8uRC4MJvuf7YAAAGcUD8sqQYAAAakAUIzcHhfdHhuX2JpZDEgICAzcHhfdHhuX2ltcDEgICBOU38Q&ct=https%3A%2F%2Fbeacon-nf.rubiconproject.com%2Fbeacon%2Fv3%2Frs%2Fsjc2%2F0%2Fe9f7aeed-cf87-43f6-9bb6-3a46f8ac262d%2F0%2FWTjEHCbCb_h6hCvwzb02OBElWgo%2F&bi=cfv1_CFi-O3Vp_sqV5CulS7oA5y3PRTUmFKY6zFtihVXCNlPhIZr1VpZW97x4lWdPmzTu6LU935JahHmYN0yDK88QdToTHC6wB-_jP2AnZ2pfREv8J6xCgwNSpPdFtwCJUYycCO3mADyG3u0eFjBKvlj6VGwGWWELG8V4CBEJc6AnXBSF_ALj6ykBW3rnab3WNo8nEi4xVdPDjdUCBG9lWCc8FZREV0jDyftBstkWkSrJG-p_zkSDJREG08nC5zNuftSGyslMwJyGdJfZMdbo5ToX9X3DUkKKwSrCNvq667i0dbkFMlun1qSc1xKUZTPKAou729lppbkwFZedysCDUaToVZ8pi70nAWJs8_JFgk4Ac8A90FVfMmSP0imc9_xfJRmsFUA0jl_532EU4WysTenTHzsDH8yhzZN7f6gHNFxw-lYcAeBVpBhGEydr5YtwZlIgIsreaN7xouSnXiIMFmuLi9kcVU-N2R72ezNuccpiuJm3Hm5DisnNhxffWnFMFJS-j7Rw2D59XI402ySuuBOi8BeYbz5DfstsRD-KVjboOqpbRJRX7DKN3LWBTP_stVL5:0
Uncaught Error: Invalid command: getGPPData
    at <anonymous> (https://cmp.osano.com/16CGnCU8UtNhM14sg/12669873-8cf8-41e2-be1f-1cb803cbffe0/osano.js:1:225454)
    at <anonymous> (https://cmp.osano.com/16CGnCU8UtNhM14sg/12669873-8cf8-41e2-be1f-1cb803cbffe0/osano.js:1:223655)
Uncaught Error: Invalid command: getGPPData
    at <anonymous> (https://cmp.osano.com/16CGnCU8UtNhM14sg/12669873-8cf8-41e2-be1f-1cb803cbffe0/osano.js:1:225454)
    at <anonymous> (https://cmp.osano.com/16CGnCU8UtNhM14sg/12669873-8cf8-41e2-be1f-1cb803cbffe0/osano.js:1:223655)
Uncaught Error: Invalid command: getGPPData
    at <anonymous> (https://cmp.osano.com/16CGnCU8UtNhM14sg/12669873-8cf8-41e2-be1f-1cb803cbffe0/osano.js:1:225454)
    at <anonymous> (https://cmp.osano.com/16CGnCU8UtNhM14sg/12669873-8cf8-41e2-be1f-1cb803cbffe0/osano.js:1:223655)
Uncaught Error: Invalid command: getGPPData
    at <anonymous> (https://cmp.osano.com/16CGnCU8UtNhM14sg/12669873-8cf8-41e2-be1f-1cb803cbffe0/osano.js:1:225454)
    at <anonymous> (https://cmp.osano.com/16CGnCU8UtNhM14sg/12669873-8cf8-41e2-be1f-1cb803cbffe0/osano.js:1:223655)
[WARNING] A preload for 'https://cdn.ssref.net/req/202602051/css/fb/sr-min.css' is found, but is not used because the request credentials mode does not match. Consider taking a look at crossorigin attribute. @ https://fbref.com/en/squads/922493f3/2025-2026/matchlogs/all_comps/schedule/Atalanta-Scores-and-Fixtures-All-Competitions:50
[WARNING] [GPT] Unrecognized property encountered when calling setConfig: googletag.setConfig.contentPause
https://goo.gle/gpt-message#158 @ https://securepubads.g.doubleclick.net/pagead/managed/js/gpt/m202602090101/pubads_impl.js?cb=31096699:18
Uncaught Error: Invalid command: getGPPData
    at <anonymous> (https://cmp.osano.com/16CGnCU8UtNhM14sg/12669873-8cf8-41e2-be1f-1cb803cbffe0/osano.js:1:225454)
    at <anonymous> (https://cmp.osano.com/16CGnCU8UtNhM14sg/12669873-8cf8-41e2-be1f-1cb803cbffe0/osano.js:1:223655)
Uncaught Error: Invalid command: getGPPData
    at <anonymous> (https://cmp.osano.com/16CGnCU8UtNhM14sg/12669873-8cf8-41e2-be1f-1cb803cbffe0/osano.js:1:225454)
    at <anonymous> (https://cmp.osano.com/16CGnCU8UtNhM14sg/12669873-8cf8-41e2-be1f-1cb803cbffe0/osano.js:1:223655)
[LOG] Called iframe: ads.pubmatic.com [] 
Number of topics:  0 @ https://ads.pubmatic.com/AdServer/js/topics/topics_frame.html?bidder=pubmatic:19
[LOG] Called iframe: pa.openx.net [] 
Number of topics:  0 @ https://pa.openx.net/topics_frame.html?bidder=openx:15
[WARNING] [Audigent] script has already been initialised. Skip further execution @ https://a.ad.gt/api/v1/u/matches/454?_it=0:0
Uncaught Error: Invalid command: getGPPData
    at <anonymous> (https://cmp.osano.com/16CGnCU8UtNhM14sg/12669873-8cf8-41e2-be1f-1cb803cbffe0/osano.js:1:225454)
    at <anonymous> (https://cmp.osano.com/16CGnCU8UtNhM14sg/12669873-8cf8-41e2-be1f-1cb803cbffe0/osano.js:1:223655)
Uncaught Error: Invalid command: getGPPData
    at <anonymous> (https://cmp.osano.com/16CGnCU8UtNhM14sg/12669873-8cf8-41e2-be1f-1cb803cbffe0/osano.js:1:225454)
    at <anonymous> (https://cmp.osano.com/16CGnCU8UtNhM14sg/12669873-8cf8-41e2-be1f-1cb803cbffe0/osano.js:1:223655)
[WARNING] [Audigent] script has already been initialised. Skip further execution @ https://a.ad.gt/api/v1/u/matches/454?_it=amazon:0
Uncaught Error: Invalid command: getGPPData
    at <anonymous> (https://cmp.osano.com/16CGnCU8UtNhM14sg/12669873-8cf8-41e2-be1f-1cb803cbffe0/osano.js:1:225454)
    at <anonymous> (https://cmp.osano.com/16CGnCU8UtNhM14sg/12669873-8cf8-41e2-be1f-1cb803cbffe0/osano.js:1:223655)
Uncaught Error: Invalid command: getGPPData
    at <anonymous> (https://cmp.osano.com/16CGnCU8UtNhM14sg/12669873-8cf8-41e2-be1f-1cb803cbffe0/osano.js:1:225454)
    at <anonymous> (https://cmp.osano.com/16CGnCU8UtNhM14sg/12669873-8cf8-41e2-be1f-1cb803cbffe0/osano.js:1:223655)
[ERROR] Attestation check for Shared Storage on https://securepubads.g.doubleclick.net failed. @ https://imasdk.googleapis.com/js/core/bridge3.741.1_en.html#deid=%22%22&eventfe_experiment_ids=%5B%5D&fid=%22goog_1955450451%22&genotype_experiment_data=%7B%22experimentStateProto%22%3A%22%5B%5B%5B45713128%2Cnull%2Cnull%2C%5B%5D%5D%2C%5Bnull%2C745150931%2Cnull%2C%5Bnull%2C1%5D%5D%2C%5Bnull%2C749060184%2Cnull%2C%5Bnull%2C128%5D%5D%2C%5B841585769%2Cnull%2Cnull%2C%5B1%5D%5D%2C%5B45722344%2Cnull%2Cnull%2C%5B%5D%5D%2C%5B45706017%2Cnull%2Cnull%2C%5B1%5D%5D%2C%5B45740207%2Cnull%2Cnull%2C%5B%5D%5D%2C%5B45668885%2Cnull%2Cnull%2C%5B%5D%5D%2C%5B45685340%2Cnull%2Cnull%2C%5B%5D%5D%2C%5B45734716%2Cnull%2Cnull%2C%5B%5D%5D%2C%5B45735891%2Cnull%2Cnull%2C%5B%5D%5D%2C%5B45663239%2Cnull%2Cnull%2C%5B%5D%5D%2C%5B45715032%2Cnull%2Cnull%2C%5B1%5D%5D%2C%5B45661356%2Cnull%2Cnull%2C%5B%5D%5D%2C%5B839547366%2Cnull%2Cnull%2C%5B1%5D%5D%2C%5B45676441%2Cnull%2Cnull%2C%5B%5D%5D%2C%5B45675307%2Cnull%2Cnull%2C%5B1%5D%5D%2C%5B45675308%2Cnull%2Cnull%2C%5B1%5D%5D%2C%5Bnull%2C45645574%2Cnull%2C%5B%5D%5D%2C%5B45688859%2Cnull%2Cnull%2C%5B%5D%5D%2C%5B45656766%2Cnull%2Cnull%2C%5B%5D%5D%2C%5B45710689%2Cnull%2Cnull%2C%5B%5D%5D%2C%5B45710688%2Cnull%2Cnull%2C%5B1%5D%5D%2C%5B45685601%2Cnull%2Cnull%2C%5B%5D%5D%2C%5Bnull%2C45685602%2Cnull%2C%5Bnull%2C500%5D%5D%2C%5B45756824%2Cnull%2Cnull%2C%5B%5D%5D%2C%5B45747172%2Cnull%2Cnull%2C%5B%5D%5D%2C%5B775241416%2Cnull%2Cnull%2C%5B%5D%5D%2C%5B781107959%2Cnull%2Cnull%2C%5B%5D%5D%2C%5B781107958%2Cnull%2Cnull%2C%5B%5D%5D%2C%5B792614055%2Cnull%2Cnull%2C%5B%5D%5D%2C%5B781107957%2Cnull%2Cnull%2C%5B%5D%5D%2C%5B45729602%2Cnull%2Cnull%2C%5B%5D%5D%2C%5B45753603%2Cnull%2Cnull%2C%5B%5D%5D%2C%5B45753604%2Cnull%2Cnull%2C%5B%5D%5D%2C%5B45658982%2Cnull%2Cnull%2C%5B%5D%5D%2C%5B45725657%2Cnull%2Cnull%2C%5B%5D%5D%5D%2C%5B%5B16%2C%5B%5B1%2C%5B%5B31089630%5D%2C%5B31089631%2C%5B%5B45668885%2Cnull%2Cnull%2C%5B1%5D%5D%5D%5D%5D%5D%2C%5B1000%2C%5B%5B95332046%5D%5D%5D%2C%5Bnull%2C%5B%5B95332047%5D%5D%5D%2C%5B10%2C%5B%5B95338769%2C%5B%5Bnull%2C45645574%2Cnull%2C%5Bnull%2C1%5D%5D%5D%5D%2C%5B95338770%2C%5B%5Bnull%2C45645574%2Cnull%2C%5Bnull%2C2%5D%5D%5D%5D%5D%5D%2C%5B50%2C%5B%5B95345206%5D%2C%5B95345207%2C%5B%5B45661356%2Cnull%2Cnull%2C%5B1%5D%5D%5D%5D%5D%5D%2C%5B1%2C%5B%5B95351425%5D%2C%5B95351426%2C%5B%5B45676441%2Cnull%2Cnull%2C%5B1%5D%5D%5D%5D%5D%5D%2C%5B20%2C%5B%5B95356068%5D%2C%5B95356069%2C%5B%5B45685601%2Cnull%2Cnull%2C%5B%5D%5D%2C%5Bnull%2C45685602%2Cnull%2C%5B%5D%5D%5D%5D%2C%5B95356070%2C%5B%5B45685601%2Cnull%2Cnull%2C%5B1%5D%5D%2C%5Bnull%2C45685602%2Cnull%2C%5B%5D%5D%5D%5D%2C%5B95356071%2C%5B%5B45685601%2Cnull%2Cnull%2C%5B1%5D%5D%2C%5Bnull%2C45685602%2Cnull%2C%5Bnull%2C100%5D%5D%5D%5D%5D%5D%2C%5B1%2C%5B%5B95373378%2C%5B%5B792614055%2Cnull%2Cnull%2C%5B1%5D%5D%5D%5D%2C%5B95373379%2C%5B%5B45747172%2Cnull%2Cnull%2C%5B1%5D%5D%2C%5B781107959%2Cnull%2Cnull%2C%5B1%5D%5D%2C%5B792614055%2Cnull%2Cnull%2C%5B1%5D%5D%2C%5B781107957%2Cnull%2Cnull%2C%5B1%5D%5D%5D%5D%5D%5D%2C%5Bnull%2C%5B%5B95375930%5D%2C%5B95375931%2C%5B%5B45734716%2Cnull%2Cnull%2C%5B1%5D%5D%5D%5D%2C%5B95376520%2C%5B%5B45734716%2Cnull%2Cnull%2C%5B1%5D%5D%2C%5B45735891%2Cnull%2Cnull%2C%5B1%5D%5D%5D%5D%5D%5D%2C%5Bnull%2C%5B%5B95378095%5D%2C%5B95378096%2C%5B%5B45740207%2Cnull%2Cnull%2C%5B1%5D%5D%5D%5D%5D%5D%2C%5B10%2C%5B%5B95378629%5D%2C%5B95378630%2C%5B%5B45729602%2Cnull%2Cnull%2C%5B1%5D%5D%5D%5D%2C%5B95381582%2C%5B%5B45729602%2Cnull%2Cnull%2C%5B1%5D%5D%2C%5B45753603%2Cnull%2Cnull%2C%5B1%5D%5D%5D%5D%2C%5B95381583%2C%5B%5B45729602%2Cnull%2Cnull%2C%5B1%5D%5D%2C%5B45753604%2Cnull%2Cnull%2C%5B1%5D%5D%5D%5D%5D%5D%2C%5Bnull%2C%5B%5B95382403%5D%2C%5B95382404%2C%5B%5B45756824%2Cnull%2Cnull%2C%5B1%5D%5D%5D%5D%5D%5D%5D%5D%5D%2Cnull%2Cnull%2C%5Bnull%2C1000%2C1%2C1000%5D%5D%22%7D&imalib_experiments=%5B95342168%2C95322027%2C95331589%2C95332046%2C95345207%5D&is_eap_loader=false&managed_js_experiment_id=0&page_correlator=3912138063802089&pvsid=8039443653367469&top_accessible_page_url=%22https%3A%2F%2Ffbref.com%2Fen%2Fsquads%2F922493f3%2F2025-2026%2Fmatchlogs%2Fall_comps%2Fschedule%2FAtalanta-Scores-and-Fixtures-All-Competitions%22:0
[TIMEEND] a: 0.0009765625 ms @ https://static.adsafeprotected.com/sca.17.6.4.js:31
[TIMEEND] a: 0.002197265625 ms @ https://static.adsafeprotected.com/sca.17.6.4.js:31
[ERROR] Attestation check for Attribution Reporting on https://ara.paa-reporting-advertising.amazon failed. @ https://fbref.com/en/squads/922493f3/2025-2026/matchlogs/all_comps/schedule/Atalanta-Scores-and-Fixtures-All-Competitions:0
[ERROR] Attestation check for Shared Storage on https://ara.paa-reporting-advertising.amazon failed. @ https://aax-events-cell02-cf.us-west.3px.axp.amazon-adsystem.com/e/is/bb8e6d0b6c85b2b1fc673047a9802fc9/creative?b=JHIVAuRJOd6hiUYCoMF4EHMAAAGcUD9sMwYAAAakAUMzcHhfdHhuX2JpZDEgICAzcHhfdHhuX2ltcDEgICAVNlN4&ct=https%3A%2F%2Fbeacon-nf.rubiconproject.com%2Fbeacon%2Fv3%2Frs%2Fsjc2%2F0%2Fda660bc3-331f-423f-b091-914a8ba62e6d%2F0%2FkgT0tbiZkvSvHs6Wm-gX2ppVpj4%2F&bi=cfv1_CFiOOW8a-8WpvlOydcUXzAHfX0B0a7EqzFtihVXCeF3gIZr1VpZW97x4lWdPmzTu6LU935JahHmYN0yDK88QdToTHC6wB-_jP2AnZ2pfREv8J6xCgwNSpPdFtwCJUYycCO3mADyG3u0eFjBKvlj6VGwGWWELG8V4CBEJc6AnXBSF_AHj6ykxWWCUbLLqbPcwLFEmfv_Tl6BQe3h1WCc8FZRERXjIyftBjIRQtxTTROp_zgOERysAosnB5zNoQuqS3r49y5yGFYb6MImFgyUX9X3DUkKKwSrCNvq667i0dbkFMlun1qSc1xKUZTPKAou729lopbkwFZeGxseDVKjlUZUtjbkrDmJv8_BGQL0KSvtk0khEI2KYwyi6k8xeLVHtFx919gSChSVV_HCuUfbRBSIBAcq-i84je-ADJQI2-QddD_9NoAgcH2d27o17dVBbbbGccczso_ewWmpNSyDWkJETXBPTxFypZCUsYJQ6vNGzDzAFheWu2A7NZ1BfA5D0s9ppykZ7IPY3sizFsmiyiwXFUCjeGz4JJj2ORTvpbQKr6S2_DnLgnh9uoMB3MQ:0
[ERROR] Attestation check for Attribution Reporting on https://ara.paa-reporting-advertising.amazon failed. @ https://fbref.com/en/squads/922493f3/2025-2026/matchlogs/all_comps/schedule/Atalanta-Scores-and-Fixtures-All-Competitions:0
[ERROR] Attestation check for Shared Storage on https://ara.paa-reporting-advertising.amazon failed. @ https://aax-events-cell02-cf.us-west.3px.axp.amazon-adsystem.com/e/is/bb8e6d0b6c85b2b1fc673047a9802fc9/creative?b=JL-nGYFYdHe6Kb1gnxKgp_UAAAGcUD9sHAYAAAakAUIzcHhfdHhuX2JpZDEgICAzcHhfdHhuX2ltcDEgICD84cPx&ct=https%3A%2F%2Fbeacon-nf.rubiconproject.com%2Fbeacon%2Fv3%2Frs%2Fsjc2%2F0%2F73cfecf9-6050-4a19-89c9-b93be15b3a95%2F0%2FH6PfKAQcXjxo8mlVJfzYhqWWvnA%2F&bi=cfv1_CFibZ1kDqdaquwT0Xf8z_AnebWlQVOsMzFtihVXCeV3gIZr1VpZW97x4lWdPmzTu6LU935JahHmYN0yDK88QdToTHC6wB-_jP2AnZ2pfREv8J6xCgwNSpPdFtwCJUYycCO3mADyG3u0eFjBKvlj6VGwGWWELG8V4CBEJc6AnXBSF_ALj6ykkB1aNPqHpaaB2BGsCTvfSpYl0RCJTWBg8FZREN0LDyftB3JVt4mbcB-B_znL_dStwrunL5zN8aKzMpLVvxZyGOazNTeb04iwX9X3DUkKKwSrCNvq667i0dbkFMlun1qSc1xKUZTPKAou729lppbkwFZedyceHUKXuUJoni7AnBWNq8f5IgU4Ac8A90FVfMmSP0imc9_xfJRmsFUA0jkH53WEU4WysTenTHz0BH8a-i84je-ADJQI2-QddD_9NoAgcH2d27o17dVBbbbGccczso_ewWmpNSyDWkJETXBPTxFypZCUsYJQ6vNGzDzAFheWu2A7NZ1BfA5D0s9ppykZ7IPY3sizFsmiyiwXFUCjeGz4JJj2ORTvp9JXhY63SRXuOuuIz40aNaw:0
Uncaught Error: Invalid command: getGPPData
    at <anonymous> (https://cmp.osano.com/16CGnCU8UtNhM14sg/12669873-8cf8-41e2-be1f-1cb803cbffe0/osano.js:1:225454)
    at <anonymous> (https://cmp.osano.com/16CGnCU8UtNhM14sg/12669873-8cf8-41e2-be1f-1cb803cbffe0/osano.js:1:223655)
Uncaught Error: Invalid command: getGPPData
    at <anonymous> (https://cmp.osano.com/16CGnCU8UtNhM14sg/12669873-8cf8-41e2-be1f-1cb803cbffe0/osano.js:1:225454)
    at <anonymous> (https://cmp.osano.com/16CGnCU8UtNhM14sg/12669873-8cf8-41e2-be1f-1cb803cbffe0/osano.js:1:223655)
Uncaught Error: Invalid command: getGPPData
    at <anonymous> (https://cmp.osano.com/16CGnCU8UtNhM14sg/12669873-8cf8-41e2-be1f-1cb803cbffe0/osano.js:1:225454)
    at <anonymous> (https://cmp.osano.com/16CGnCU8UtNhM14sg/12669873-8cf8-41e2-be1f-1cb803cbffe0/osano.js:1:223655)
Uncaught Error: Invalid command: getGPPData
    at <anonymous> (https://cmp.osano.com/16CGnCU8UtNhM14sg/12669873-8cf8-41e2-be1f-1cb803cbffe0/osano.js:1:225454)
    at <anonymous> (https://cmp.osano.com/16CGnCU8UtNhM14sg/12669873-8cf8-41e2-be1f-1cb803cbffe0/osano.js:1:223655)
Uncaught Error: Invalid command: getGPPData
    at <anonymous> (https://cmp.osano.com/16CGnCU8UtNhM14sg/12669873-8cf8-41e2-be1f-1cb803cbffe0/osano.js:1:225454)
    at <anonymous> (https://cmp.osano.com/16CGnCU8UtNhM14sg/12669873-8cf8-41e2-be1f-1cb803cbffe0/osano.js:1:223655)
Uncaught Error: Invalid command: getGPPData
    at <anonymous> (https://cmp.osano.com/16CGnCU8UtNhM14sg/12669873-8cf8-41e2-be1f-1cb803cbffe0/osano.js:1:225454)
    at <anonymous> (https://cmp.osano.com/16CGnCU8UtNhM14sg/12669873-8cf8-41e2-be1f-1cb803cbffe0/osano.js:1:223655)
[TIMEEND] a: 0.0009765625 ms @ https://static.adsafeprotected.com/sca.17.6.4.js:31
[TIMEEND] a: 0.001953125 ms @ https://static.adsafeprotected.com/sca.17.6.4.js:31
Uncaught Error: Invalid command: getGPPData
    at <anonymous> (https://cmp.osano.com/16CGnCU8UtNhM14sg/12669873-8cf8-41e2-be1f-1cb803cbffe0/osano.js:1:225454)
    at <anonymous> (https://cmp.osano.com/16CGnCU8UtNhM14sg/12669873-8cf8-41e2-be1f-1cb803cbffe0/osano.js:1:223655)
Uncaught Error: Invalid command: getGPPData
    at <anonymous> (https://cmp.osano.com/16CGnCU8UtNhM14sg/12669873-8cf8-41e2-be1f-1cb803cbffe0/osano.js:1:225454)
    at <anonymous> (https://cmp.osano.com/16CGnCU8UtNhM14sg/12669873-8cf8-41e2-be1f-1cb803cbffe0/osano.js:1:223655)
[WARNING] The resource https://fbref.com/short/inc/main_nav_menu.json was preloaded using link preload but not used within a few seconds from the window's load event. Please make sure it has an appropriate `as` value and it is preloaded intentionally. @ https://fbref.com/en/squads/922493f3/2025-2026/matchlogs/all_comps/schedule/Atalanta-Scores-and-Fixtures-All-Competitions:0
[WARNING] The resource https://cdn.ssref.net/req/201604190/images/chosen-sprite.png was preloaded using link preload but not used within a few seconds from the window's load event. Please make sure it has an appropriate `as` value and it is preloaded intentionally. @ https://fbref.com/en/squads/922493f3/2025-2026/matchlogs/all_comps/schedule/Atalanta-Scores-and-Fixtures-All-Competitions:0
[WARNING] The resource https://cdn.ssref.net/req/202602051/css/fb/sr-min.css was preloaded using link preload but not used within a few seconds from the window's load event. Please make sure it has an appropriate `as` value and it is preloaded intentionally. @ https://fbref.com/en/squads/922493f3/2025-2026/matchlogs/all_comps/schedule/Atalanta-Scores-and-Fixtures-All-Competitions:0
[WARNING] The resource https://d.pub.network/v2/sites/fbref-com/configs?env=PROD was preloaded using link preload but not used within a few seconds from the window's load event. Please make sure it has an appropriate `as` value and it is preloaded intentionally. @ https://fbref.com/en/squads/922493f3/2025-2026/matchlogs/all_comps/schedule/Atalanta-Scores-and-Fixtures-All-Competitions:0
Uncaught Error: Invalid command: getGPPData
    at <anonymous> (https://cmp.osano.com/16CGnCU8UtNhM14sg/12669873-8cf8-41e2-be1f-1cb803cbffe0/osano.js:1:225454)
    at <anonymous> (https://cmp.osano.com/16CGnCU8UtNhM14sg/12669873-8cf8-41e2-be1f-1cb803cbffe0/osano.js:1:223655)
Uncaught Error: Invalid command: getGPPData
    at <anonymous> (https://cmp.osano.com/16CGnCU8UtNhM14sg/12669873-8cf8-41e2-be1f-1cb803cbffe0/osano.js:1:225454)
    at <anonymous> (https://cmp.osano.com/16CGnCU8UtNhM14sg/12669873-8cf8-41e2-be1f-1cb803cbffe0/osano.js:1:223655)
[ERROR] Access to fetch at 'https://api.rlcdn.com/api/identity/envelope?pid=106' from origin 'https://fbref.com' has been blocked by CORS policy: No 'Access-Control-Allow-Origin' header is present on the requested resource. @ https://fbref.com/en/squads/922493f3/2025-2026/matchlogs/all_comps/schedule/Atalanta-Scores-and-Fixtures-All-Competitions:0
[ERROR] Failed to load resource: net::ERR_FAILED @ https://api.rlcdn.com/api/identity/envelope?pid=106:0
Uncaught Error: Invalid command: getGPPData
    at <anonymous> (https://cmp.osano.com/16CGnCU8UtNhM14sg/12669873-8cf8-41e2-be1f-1cb803cbffe0/osano.js:1:225454)
    at <anonymous> (https://cmp.osano.com/16CGnCU8UtNhM14sg/12669873-8cf8-41e2-be1f-1cb803cbffe0/osano.js:1:223655)
Uncaught Error: Invalid command: getGPPData
    at <anonymous> (https://cmp.osano.com/16CGnCU8UtNhM14sg/12669873-8cf8-41e2-be1f-1cb803cbffe0/osano.js:1:225454)
    at <anonymous> (https://cmp.osano.com/16CGnCU8UtNhM14sg/12669873-8cf8-41e2-be1f-1cb803cbffe0/osano.js:1:223655)
[WARNING] The resource https://fbref.com/short/inc/main_nav_menu.json was preloaded using link preload but not used within a few seconds from the window's load event. Please make sure it has an appropriate `as` value and it is preloaded intentionally. @ https://fbref.com/en/squads/922493f3/2025-2026/matchlogs/all_comps/schedule/Atalanta-Scores-and-Fixtures-All-Competitions:0
[WARNING] The resource https://cdn.ssref.net/req/201604190/images/chosen-sprite.png was preloaded using link preload but not used within a few seconds from the window's load event. Please make sure it has an appropriate `as` value and it is preloaded intentionally. @ https://fbref.com/en/squads/922493f3/2025-2026/matchlogs/all_comps/schedule/Atalanta-Scores-and-Fixtures-All-Competitions:0
[WARNING] The resource https://cdn.ssref.net/req/202602051/css/fb/sr-min.css was preloaded using link preload but not used within a few seconds from the window's load event. Please make sure it has an appropriate `as` value and it is preloaded intentionally. @ https://fbref.com/en/squads/922493f3/2025-2026/matchlogs/all_comps/schedule/Atalanta-Scores-and-Fixtures-All-Competitions:0
[WARNING] The resource https://d.pub.network/v2/sites/fbref-com/configs?env=PROD was preloaded using link preload but not used within a few seconds from the window's load event. Please make sure it has an appropriate `as` value and it is preloaded intentionally. @ https://fbref.com/en/squads/922493f3/2025-2026/matchlogs/all_comps/schedule/Atalanta-Scores-and-Fixtures-All-Competitions:0
[ERROR] Attestation check for Attribution Reporting on https://ad.doubleclick.net failed. @ https://fbref.com/en/squads/922493f3/2025-2026/matchlogs/all_comps/schedule/Atalanta-Scores-and-Fixtures-All-Competitions:0
[ERROR] Attestation check for Shared Storage on https://ara.paa-reporting-advertising.amazon failed. @ https://aax-events-cell02-cf.us-west.3px.axp.amazon-adsystem.com/e/is/bb8e6d0b6c85b2b1fc673047a9802fc9/creative?b=JHIVAuRJOd6hiUYCoMF4EHMAAAGcUD9sMwYAAAakAUMzcHhfdHhuX2JpZDEgICAzcHhfdHhuX2ltcDEgICAVNlN4&ct=https%3A%2F%2Fbeacon-nf.rubiconproject.com%2Fbeacon%2Fv3%2Frs%2Fsjc2%2F0%2Fda660bc3-331f-423f-b091-914a8ba62e6d%2F0%2FkgT0tbiZkvSvHs6Wm-gX2ppVpj4%2F&bi=cfv1_CFiOOW8a-8WpvlOydcUXzAHfX0B0a7EqzFtihVXCeF3gIZr1VpZW97x4lWdPmzTu6LU935JahHmYN0yDK88QdToTHC6wB-_jP2AnZ2pfREv8J6xCgwNSpPdFtwCJUYycCO3mADyG3u0eFjBKvlj6VGwGWWELG8V4CBEJc6AnXBSF_AHj6ykxWWCUbLLqbPcwLFEmfv_Tl6BQe3h1WCc8FZRERXjIyftBjIRQtxTTROp_zgOERysAosnB5zNoQuqS3r49y5yGFYb6MImFgyUX9X3DUkKKwSrCNvq667i0dbkFMlun1qSc1xKUZTPKAou729lopbkwFZeGxseDVKjlUZUtjbkrDmJv8_BGQL0KSvtk0khEI2KYwyi6k8xeLVHtFx919gSChSVV_HCuUfbRBSIBAcq-i84je-ADJQI2-QddD_9NoAgcH2d27o17dVBbbbGccczso_ewWmpNSyDWkJETXBPTxFypZCUsYJQ6vNGzDzAFheWu2A7NZ1BfA5D0s9ppykZ7IPY3sizFsmiyiwXFUCjeGz4JJj2ORTvpbQKr6S2_DnLgnh9uoMB3MQ:0
[ERROR] Attestation check for Shared Storage on https://ara.paa-reporting-advertising.amazon failed. @ https://aax-events-cell02-cf.us-west.3px.axp.amazon-adsystem.com/e/is/bb8e6d0b6c85b2b1fc673047a9802fc9/creative?b=JL-nGYFYdHe6Kb1gnxKgp_UAAAGcUD9sHAYAAAakAUIzcHhfdHhuX2JpZDEgICAzcHhfdHhuX2ltcDEgICD84cPx&ct=https%3A%2F%2Fbeacon-nf.rubiconproject.com%2Fbeacon%2Fv3%2Frs%2Fsjc2%2F0%2F73cfecf9-6050-4a19-89c9-b93be15b3a95%2F0%2FH6PfKAQcXjxo8mlVJfzYhqWWvnA%2F&bi=cfv1_CFibZ1kDqdaquwT0Xf8z_AnebWlQVOsMzFtihVXCeV3gIZr1VpZW97x4lWdPmzTu6LU935JahHmYN0yDK88QdToTHC6wB-_jP2AnZ2pfREv8J6xCgwNSpPdFtwCJUYycCO3mADyG3u0eFjBKvlj6VGwGWWELG8V4CBEJc6AnXBSF_ALj6ykkB1aNPqHpaaB2BGsCTvfSpYl0RCJTWBg8FZREN0LDyftB3JVt4mbcB-B_znL_dStwrunL5zN8aKzMpLVvxZyGOazNTeb04iwX9X3DUkKKwSrCNvq667i0dbkFMlun1qSc1xKUZTPKAou729lppbkwFZedyceHUKXuUJoni7AnBWNq8f5IgU4Ac8A90FVfMmSP0imc9_xfJRmsFUA0jkH53WEU4WysTenTHz0BH8a-i84je-ADJQI2-QddD_9NoAgcH2d27o17dVBbbbGccczso_ewWmpNSyDWkJETXBPTxFypZCUsYJQ6vNGzDzAFheWu2A7NZ1BfA5D0s9ppykZ7IPY3sizFsmiyiwXFUCjeGz4JJj2ORTvp9JXhY63SRXuOuuIz40aNaw:0
[ERROR] Attestation check for Attribution Reporting on https://ad.doubleclick.net failed. @ https://fbref.com/en/squads/922493f3/2025-2026/matchlogs/all_comps/schedule/Atalanta-Scores-and-Fixtures-All-Competitions:0
[ERROR] Attestation check for Attribution Reporting on https://ara.paa-reporting-advertising.amazon failed. @ https://fbref.com/en/squads/922493f3/2025-2026/matchlogs/all_comps/schedule/Atalanta-Scores-and-Fixtures-All-Competitions:0
[ERROR] Attestation check for Shared Storage on https://ara.paa-reporting-advertising.amazon failed. @ https://aax-events-cell02-cf.us-west.3px.axp.amazon-adsystem.com/e/is/bb8e6d0b6c85b2b1fc673047a9802fc9/creative?b=JDNMM4b-s8a02kjgQgDJZnoAAAGcUD_FngYAAAakAUIzcHhfdHhuX2JpZDEgICAzcHhfdHhuX2ltcDEgICAMmYOV&ct=https%3A%2F%2Fbeacon-nf.rubiconproject.com%2Fbeacon%2Fv3%2Frs%2Fsjc2%2F0%2Fd121a4cc-d8ec-415d-80b4-c0bceac726d9%2F0%2F27_iKNX3QiaKh2FmsC7uMRqqVoU%2F&bi=cfv1_CFigYU0jpvb08RixZu4W5Aj7aVV_V7c6zFtihVXCDgHiIZr1VpZW97x4lWdPmzTu6LU935JahHmYN0yDK88QdToTHC6wB-_jP2AnZ2pfREv8J6xCgwNSpPdFtwCJUYycCO3mADyG3u0eFjBKvlj6VGwGWWELG8V4CBEJc6AnXBSF_AHj6ykfAUKtMYG3I7wzP3onVvb3obVbR35lWCc8FZREKj7DyftBzJU8tFPHXfJ_zlL3CWEdkcHQ5zMXA5zJl6ppy5yGQfC8Ff6trz0X9X3DUkKKwSrCNvq667i0dbkFMlun1qSc1xKUZTPKAou729lopbkwFZeCz8CEU6TqVposi7wmA2Bi8vBBQL0KSvtk0khEI2KYwyi6kshcJVHmEkVulTzBnHhJ_W2xUurPBjYeA8eh0Mh9IfIVIlsp5UpRDeJIoRlXWGBs_5pnel0tVPOcaMf6tPOjTTVTCCiD3pcaXE_R2wGreS5lOJJk5sOlCGkaldnx2BfGUUdbEIep0tV_zjoBJohKpjCyz26k5nrnTSNI6DhqJz6JUSLxIk9-33seRCcNghf4QihPaNc:0
[WARNING] A preload for 'https://cdn.ssref.net/req/202602051/css/fb/sr-min.css' is found, but is not used because the request credentials mode does not match. Consider taking a look at crossorigin attribute. @ https://fbref.com/en/squads/922493f3/2025-2026/matchlogs/all_comps/schedule/Atalanta-Scores-and-Fixtures-All-Competitions:50
[WARNING] [GPT] Unrecognized property encountered when calling setConfig: googletag.setConfig.contentPause
https://goo.gle/gpt-message#158 @ https://securepubads.g.doubleclick.net/pagead/managed/js/gpt/m202602090101/pubads_impl.js?cb=31096699:18
[WARNING] A preload for 'https://cdn.ssref.net/req/202602051/css/fb/sr-min.css' is found, but is not used because the request credentials mode does not match. Consider taking a look at crossorigin attribute. @ https://fbref.com/en/squads/db3b9613/2025-2026/matchlogs/all_comps/schedule/Atletico-Madrid-Scores-and-Fixtures-All-Competitions:50
[WARNING] A preload for 'https://cdn.ssref.net/req/202602051/css/fb/sr-min.css' is found, but is not used because the request credentials mode does not match. Consider taking a look at crossorigin attribute. @ https://fbref.com/en/squads/a77c513e/2025-2026/matchlogs/all_comps/schedule/Benfica-Scores-and-Fixtures-All-Competitions:50
[WARNING] [GPT] Unrecognized property encountered when calling setConfig: googletag.setConfig.contentPause
https://goo.gle/gpt-message#158 @ https://securepubads.g.doubleclick.net/pagead/managed/js/gpt/m202602090101/pubads_impl.js?cb=31096699:18
[ERROR] Voltax Player Error: Failed to load STN config - STN data is empty @ https://mp.mmvideocdn.com/mini-player/prod/voltax_mp.js:0
[WARNING] A preload for 'https://cdn.ssref.net/req/202602051/css/fb/sr-min.css' is found, but is not used because the request credentials mode does not match. Consider taking a look at crossorigin attribute. @ https://fbref.com/en/squads/d86248bd/2025-2026/matchlogs/all_comps/schedule/BodoGlimt-Scores-and-Fixtures-All-Competitions:50
[WARNING] A preload for 'https://cdn.ssref.net/req/202602051/css/fb/sr-min.css' is found, but is not used because the request credentials mode does not match. Consider taking a look at crossorigin attribute. @ https://fbref.com/en/squads/f1e6c5f1/2025-2026/matchlogs/all_comps/schedule/Club-Brugge-Scores-and-Fixtures-All-Competitions:50
[ERROR] Voltax Player Error: Failed to load STN config - STN data is empty @ https://mp.mmvideocdn.com/mini-player/prod/voltax_mp.js:0
[WARNING] A preload for 'https://cdn.ssref.net/req/202602051/css/fb/sr-min.css' is found, but is not used because the request credentials mode does not match. Consider taking a look at crossorigin attribute. @ https://fbref.com/en/squads/add600ae/2025-2026/matchlogs/all_comps/schedule/Dortmund-Scores-and-Fixtures-All-Competitions:50
[ERROR] Voltax Player Error: Failed to load STN config - STN data is empty @ https://mp.mmvideocdn.com/mini-player/prod/voltax_mp.js:0
[WARNING] A preload for 'https://cdn.ssref.net/req/202602051/css/fb/sr-min.css' is found, but is not used because the request credentials mode does not match. Consider taking a look at crossorigin attribute. @ https://fbref.com/en/squads/ecd11ca2/2025-2026/matchlogs/all_comps/schedule/Galatasaray-Scores-and-Fixtures-All-Competitions:50
[WARNING] A preload for 'https://cdn.ssref.net/req/202602051/css/fb/sr-min.css' is found, but is not used because the request credentials mode does not match. Consider taking a look at crossorigin attribute. @ https://fbref.com/en/squads/d609edc0/2025-2026/matchlogs/all_comps/schedule/Internazionale-Scores-and-Fixtures-All-Competitions:50
[WARNING] A preload for 'https://cdn.ssref.net/req/202602051/css/fb/sr-min.css' is found, but is not used because the request credentials mode does not match. Consider taking a look at crossorigin attribute. @ https://fbref.com/en/squads/e0652b02/2025-2026/matchlogs/all_comps/schedule/Juventus-Scores-and-Fixtures-All-Competitions:50
[WARNING] [GPT] Unrecognized property encountered when calling setConfig: googletag.setConfig.contentPause
https://goo.gle/gpt-message#158 @ https://securepubads.g.doubleclick.net/pagead/managed/js/gpt/m202602090101/pubads_impl.js?cb=31096699:18
[WARNING] A preload for 'https://cdn.ssref.net/req/202602051/css/fb/sr-min.css' is found, but is not used because the request credentials mode does not match. Consider taking a look at crossorigin attribute. @ https://fbref.com/en/squads/c7a9f859/2025-2026/matchlogs/all_comps/schedule/Leverkusen-Scores-and-Fixtures-All-Competitions:50
[WARNING] A preload for 'https://cdn.ssref.net/req/202602051/css/fb/sr-min.css' is found, but is not used because the request credentials mode does not match. Consider taking a look at crossorigin attribute. @ https://fbref.com/en/squads/fd6114db/2025-2026/matchlogs/all_comps/schedule/Monaco-Scores-and-Fixtures-All-Competitions:50
[WARNING] A preload for 'https://cdn.ssref.net/req/202602051/css/fb/sr-min.css' is found, but is not used because the request credentials mode does not match. Consider taking a look at crossorigin attribute. @ https://fbref.com/en/squads/b2b47a98/2025-2026/matchlogs/all_comps/schedule/Newcastle-United-Scores-and-Fixtures-All-Competitions:50
[WARNING] A preload for 'https://cdn.ssref.net/req/202602051/css/fb/sr-min.css' is found, but is not used because the request credentials mode does not match. Consider taking a look at crossorigin attribute. @ https://fbref.com/en/squads/2fdb4aef/2025-2026/matchlogs/all_comps/schedule/Olympiacos-Scores-and-Fixtures-All-Competitions:50
[WARNING] [GPT] Unrecognized property encountered when calling setConfig: googletag.setConfig.contentPause
https://goo.gle/gpt-message#158 @ https://securepubads.g.doubleclick.net/pagead/managed/js/gpt/m202602090101/pubads_impl.js?cb=31096699:18
[ERROR] Voltax Player Error: Failed to load STN config - STN data is empty @ https://mp.mmvideocdn.com/mini-player/prod/voltax_mp.js:0
[WARNING] A preload for 'https://cdn.ssref.net/req/202602051/css/fb/sr-min.css' is found, but is not used because the request credentials mode does not match. Consider taking a look at crossorigin attribute. @ https://fbref.com/en/squads/e2d8892c/2025-2026/matchlogs/all_comps/schedule/Paris-Saint-Germain-Scores-and-Fixtures-All-Competitions:50
[WARNING] A preload for 'https://cdn.ssref.net/req/202602051/css/fb/sr-min.css' is found, but is not used because the request credentials mode does not match. Consider taking a look at crossorigin attribute. @ https://fbref.com/en/squads/44b65410/2025-2026/matchlogs/all_comps/schedule/Qarabag-Scores-and-Fixtures-All-Competitions:50
[WARNING] A preload for 'https://cdn.ssref.net/req/202602051/css/fb/sr-min.css' is found, but is not used because the request credentials mode does not match. Consider taking a look at crossorigin attribute. @ https://fbref.com/en/squads/53a2f082/2025-2026/matchlogs/all_comps/schedule/Real-Madrid-Scores-and-Fixtures-All-Competitions:50
[WARNING] [GPT] Unrecognized property encountered when calling setConfig: googletag.setConfig.contentPause
https://goo.gle/gpt-message#158 @ https://securepubads.g.doubleclick.net/pagead/managed/js/gpt/m202602090101/pubads_impl.js?cb=31096699:18
Uncaught Error: Invalid command: getGPPData
    at <anonymous> (https://cmp.osano.com/16CGnCU8UtNhM14sg/12669873-8cf8-41e2-be1f-1cb803cbffe0/osano.js:1:225454)
    at <anonymous> (https://cmp.osano.com/16CGnCU8UtNhM14sg/12669873-8cf8-41e2-be1f-1cb803cbffe0/osano.js:1:223655)
Uncaught Error: Invalid command: getGPPData
    at <anonymous> (https://cmp.osano.com/16CGnCU8UtNhM14sg/12669873-8cf8-41e2-be1f-1cb803cbffe0/osano.js:1:225454)
    at <anonymous> (https://cmp.osano.com/16CGnCU8UtNhM14sg/12669873-8cf8-41e2-be1f-1cb803cbffe0/osano.js:1:223655)
[LOG] Called iframe: pa.openx.net [] 
Number of topics:  0 @ https://pa.openx.net/topics_frame.html?bidder=openx:15
[LOG] Called iframe: ads.pubmatic.com [] 
Number of topics:  0 @ https://ads.pubmatic.com/AdServer/js/topics/topics_frame.html?bidder=pubmatic:19
[WARNING] [Audigent] script has already been initialised. Skip further execution @ https://a.ad.gt/api/v1/u/matches/454?_it=0:0
Uncaught Error: Invalid command: getGPPData
    at <anonymous> (https://cmp.osano.com/16CGnCU8UtNhM14sg/12669873-8cf8-41e2-be1f-1cb803cbffe0/osano.js:1:225454)
    at <anonymous> (https://cmp.osano.com/16CGnCU8UtNhM14sg/12669873-8cf8-41e2-be1f-1cb803cbffe0/osano.js:1:223655)
Uncaught Error: Invalid command: getGPPData
    at <anonymous> (https://cmp.osano.com/16CGnCU8UtNhM14sg/12669873-8cf8-41e2-be1f-1cb803cbffe0/osano.js:1:225454)
    at <anonymous> (https://cmp.osano.com/16CGnCU8UtNhM14sg/12669873-8cf8-41e2-be1f-1cb803cbffe0/osano.js:1:223655)
[WARNING] [Audigent] script has already been initialised. Skip further execution @ https://a.ad.gt/api/v1/u/matches/454?_it=amazon:0
Uncaught Error: Invalid command: getGPPData
    at <anonymous> (https://cmp.osano.com/16CGnCU8UtNhM14sg/12669873-8cf8-41e2-be1f-1cb803cbffe0/osano.js:1:225454)
    at <anonymous> (https://cmp.osano.com/16CGnCU8UtNhM14sg/12669873-8cf8-41e2-be1f-1cb803cbffe0/osano.js:1:223655)
Uncaught Error: Invalid command: getGPPData
    at <anonymous> (https://cmp.osano.com/16CGnCU8UtNhM14sg/12669873-8cf8-41e2-be1f-1cb803cbffe0/osano.js:1:225454)
    at <anonymous> (https://cmp.osano.com/16CGnCU8UtNhM14sg/12669873-8cf8-41e2-be1f-1cb803cbffe0/osano.js:1:223655)
[ERROR] Attestation check for Shared Storage on https://securepubads.g.doubleclick.net failed. @ https://imasdk.googleapis.com/js/core/bridge3.741.1_en.html#deid=%22%22&eventfe_experiment_ids=%5B%5D&fid=%22goog_783262383%22&genotype_experiment_data=%7B%22experimentStateProto%22%3A%22%5B%5B%5B45713128%2Cnull%2Cnull%2C%5B%5D%5D%2C%5Bnull%2C745150931%2Cnull%2C%5Bnull%2C1%5D%5D%2C%5Bnull%2C749060184%2Cnull%2C%5Bnull%2C128%5D%5D%2C%5B841585769%2Cnull%2Cnull%2C%5B1%5D%5D%2C%5B45722344%2Cnull%2Cnull%2C%5B%5D%5D%2C%5B45706017%2Cnull%2Cnull%2C%5B1%5D%5D%2C%5B45740207%2Cnull%2Cnull%2C%5B%5D%5D%2C%5B45668885%2Cnull%2Cnull%2C%5B%5D%5D%2C%5B45685340%2Cnull%2Cnull%2C%5B%5D%5D%2C%5B45734716%2Cnull%2Cnull%2C%5B%5D%5D%2C%5B45735891%2Cnull%2Cnull%2C%5B%5D%5D%2C%5B45663239%2Cnull%2Cnull%2C%5B%5D%5D%2C%5B45715032%2Cnull%2Cnull%2C%5B1%5D%5D%2C%5B45661356%2Cnull%2Cnull%2C%5B%5D%5D%2C%5B839547366%2Cnull%2Cnull%2C%5B1%5D%5D%2C%5B45676441%2Cnull%2Cnull%2C%5B%5D%5D%2C%5B45675307%2Cnull%2Cnull%2C%5B1%5D%5D%2C%5B45675308%2Cnull%2Cnull%2C%5B1%5D%5D%2C%5Bnull%2C45645574%2Cnull%2C%5B%5D%5D%2C%5B45688859%2Cnull%2Cnull%2C%5B%5D%5D%2C%5B45656766%2Cnull%2Cnull%2C%5B%5D%5D%2C%5B45710689%2Cnull%2Cnull%2C%5B%5D%5D%2C%5B45710688%2Cnull%2Cnull%2C%5B1%5D%5D%2C%5B45685601%2Cnull%2Cnull%2C%5B%5D%5D%2C%5Bnull%2C45685602%2Cnull%2C%5Bnull%2C500%5D%5D%2C%5B45756824%2Cnull%2Cnull%2C%5B%5D%5D%2C%5B45747172%2Cnull%2Cnull%2C%5B%5D%5D%2C%5B775241416%2Cnull%2Cnull%2C%5B%5D%5D%2C%5B781107959%2Cnull%2Cnull%2C%5B%5D%5D%2C%5B781107958%2Cnull%2Cnull%2C%5B%5D%5D%2C%5B792614055%2Cnull%2Cnull%2C%5B%5D%5D%2C%5B781107957%2Cnull%2Cnull%2C%5B%5D%5D%2C%5B45729602%2Cnull%2Cnull%2C%5B%5D%5D%2C%5B45753603%2Cnull%2Cnull%2C%5B%5D%5D%2C%5B45753604%2Cnull%2Cnull%2C%5B%5D%5D%2C%5B45658982%2Cnull%2Cnull%2C%5B%5D%5D%2C%5B45725657%2Cnull%2Cnull%2C%5B%5D%5D%5D%2C%5B%5B16%2C%5B%5B1%2C%5B%5B31089630%5D%2C%5B31089631%2C%5B%5B45668885%2Cnull%2Cnull%2C%5B1%5D%5D%5D%5D%5D%5D%2C%5B1000%2C%5B%5B95332046%5D%5D%5D%2C%5Bnull%2C%5B%5B95332047%5D%5D%5D%2C%5B10%2C%5B%5B95338769%2C%5B%5Bnull%2C45645574%2Cnull%2C%5Bnull%2C1%5D%5D%5D%5D%2C%5B95338770%2C%5B%5Bnull%2C45645574%2Cnull%2C%5Bnull%2C2%5D%5D%5D%5D%5D%5D%2C%5B50%2C%5B%5B95345206%5D%2C%5B95345207%2C%5B%5B45661356%2Cnull%2Cnull%2C%5B1%5D%5D%5D%5D%5D%5D%2C%5B1%2C%5B%5B95351425%5D%2C%5B95351426%2C%5B%5B45676441%2Cnull%2Cnull%2C%5B1%5D%5D%5D%5D%5D%5D%2C%5B20%2C%5B%5B95356068%5D%2C%5B95356069%2C%5B%5B45685601%2Cnull%2Cnull%2C%5B%5D%5D%2C%5Bnull%2C45685602%2Cnull%2C%5B%5D%5D%5D%5D%2C%5B95356070%2C%5B%5B45685601%2Cnull%2Cnull%2C%5B1%5D%5D%2C%5Bnull%2C45685602%2Cnull%2C%5B%5D%5D%5D%5D%2C%5B95356071%2C%5B%5B45685601%2Cnull%2Cnull%2C%5B1%5D%5D%2C%5Bnull%2C45685602%2Cnull%2C%5Bnull%2C100%5D%5D%5D%5D%5D%5D%2C%5B1%2C%5B%5B95373378%2C%5B%5B792614055%2Cnull%2Cnull%2C%5B1%5D%5D%5D%5D%2C%5B95373379%2C%5B%5B45747172%2Cnull%2Cnull%2C%5B1%5D%5D%2C%5B781107959%2Cnull%2Cnull%2C%5B1%5D%5D%2C%5B792614055%2Cnull%2Cnull%2C%5B1%5D%5D%2C%5B781107957%2Cnull%2Cnull%2C%5B1%5D%5D%5D%5D%5D%5D%2C%5Bnull%2C%5B%5B95375930%5D%2C%5B95375931%2C%5B%5B45734716%2Cnull%2Cnull%2C%5B1%5D%5D%5D%5D%2C%5B95376520%2C%5B%5B45734716%2Cnull%2Cnull%2C%5B1%5D%5D%2C%5B45735891%2Cnull%2Cnull%2C%5B1%5D%5D%5D%5D%5D%5D%2C%5Bnull%2C%5B%5B95378095%5D%2C%5B95378096%2C%5B%5B45740207%2Cnull%2Cnull%2C%5B1%5D%5D%5D%5D%5D%5D%2C%5B10%2C%5B%5B95378629%5D%2C%5B95378630%2C%5B%5B45729602%2Cnull%2Cnull%2C%5B1%5D%5D%5D%5D%2C%5B95381582%2C%5B%5B45729602%2Cnull%2Cnull%2C%5B1%5D%5D%2C%5B45753603%2Cnull%2Cnull%2C%5B1%5D%5D%5D%5D%2C%5B95381583%2C%5B%5B45729602%2Cnull%2Cnull%2C%5B1%5D%5D%2C%5B45753604%2Cnull%2Cnull%2C%5B1%5D%5D%5D%5D%5D%5D%2C%5Bnull%2C%5B%5B95382403%5D%2C%5B95382404%2C%5B%5B45756824%2Cnull%2Cnull%2C%5B1%5D%5D%5D%5D%5D%5D%5D%5D%5D%2Cnull%2Cnull%2C%5Bnull%2C1000%2C1%2C1000%5D%5D%22%7D&imalib_experiments=%5B44752052%2C95322027%2C95331589%2C95332046%5D&is_eap_loader=false&managed_js_experiment_id=0&page_correlator=2850893731478557&pvsid=6810737854988259&top_accessible_page_url=%22https%3A%2F%2Ffbref.com%2Fen%2Fsquads%2F53a2f082%2F2025-2026%2Fmatchlogs%2Fall_comps%2Fschedule%2FReal-Madrid-Scores-and-Fixtures-All-Competitions%22:0
[WARNING] An iframe which has both allow-scripts and allow-same-origin for its sandbox attribute can escape its sandboxing. @ https://cmp.osano.com/16CGnCU8UtNhM14sg/12669873-8cf8-41e2-be1f-1cb803cbffe0/osano.js:1
[TIMEEND] a: 0.0009765625 ms @ https://static.adsafeprotected.com/sca.17.6.4.js:31
[WARNING] Unable to get WebChoices Preferences TIME OUT @ https://s.ntv.io/serve/load.js:1
[TIMEEND] a: 0.001953125 ms @ https://static.adsafeprotected.com/sca.17.6.4.js:31
[ERROR] Attestation check for Attribution Reporting on https://ara.paa-reporting-advertising.amazon failed. @ https://fbref.com/en/squads/53a2f082/2025-2026/matchlogs/all_comps/schedule/Real-Madrid-Scores-and-Fixtures-All-Competitions:0
[ERROR] Attestation check for Shared Storage on https://ara.paa-reporting-advertising.amazon failed. @ https://aax-events-cell02-cf.us-west.3px.axp.amazon-adsystem.com/e/is/bb8e6d0b6c85b2b1fc673047a9802fc9/creative?b=JJNn758rl0nWLAyVB21166MAAAGcUEBdGgYAAAakAUIzcHhfdHhuX2JpZDEgICAzcHhfdHhuX2ltcDEgICD5eiTZ&ct=https%3A%2F%2Fbeacon-nf.rubiconproject.com%2Fbeacon%2Fv3%2Frs%2Fsjc2%2F0%2Fccd2b37b-2b03-42d8-b63b-d8d9d4d6113f%2F0%2Fc_OTWSjq5bdlUsMNg0XuVP2QmT4%2F&bi=cfv1_CFiGY1wvoPm30zOna_wB4R_wSkBLSL0qzFtihVXCNTOcIpr1VpZW97x4lWdPmzTu6LU935JahHmYN0yDK88QdToTHC6wB-_jP2AnZ2pfREv8J6xCgwNSpPdFtwCJUYycCO3mADyG3u0eFjBKvlj6VGwGWWELG8V4CBEJc6AnXBSF_AHj6yk5A1OhN470AZclMmgwU-H8gqBvWHR1WCc8FZREHkrDyftBjM51hiDeffF_zgqPQjYjyoHL5zMSIsjb5aVdy5yGdJfZMdbo5ToX9X3DUkKKwSrCNvq667i0dbkFMlun1qSc1xKUZTPKAou729lopbkwFZeDzcqIX6frUJsthb8nAmhp8_BIQL0KSvtk0khEI2KYwyi6kshcJVHmEkVulTzBnHhJ_W2xUurPADYeA8yp0Mh9IfIVIlsp5UpRDeJIoRlXWGBs_5pnel0tVPOcaMf6tPOjTTVTCCiD3pcaXE_R2wGreS5lOJJk5sOlCGkaldnx2BfGUUdbEIep0tV_zjoBJohKpjCyz26k5nrnTSNI6DhqJz6JUSLxInjqsFAH_iB3u9qwYkpY3JU:0
Uncaught Error: Invalid command: getGPPData
    at <anonymous> (https://cmp.osano.com/16CGnCU8UtNhM14sg/12669873-8cf8-41e2-be1f-1cb803cbffe0/osano.js:1:225454)
    at <anonymous> (https://cmp.osano.com/16CGnCU8UtNhM14sg/12669873-8cf8-41e2-be1f-1cb803cbffe0/osano.js:1:223655)
Uncaught Error: Invalid command: getGPPData
    at <anonymous> (https://cmp.osano.com/16CGnCU8UtNhM14sg/12669873-8cf8-41e2-be1f-1cb803cbffe0/osano.js:1:225454)
    at <anonymous> (https://cmp.osano.com/16CGnCU8UtNhM14sg/12669873-8cf8-41e2-be1f-1cb803cbffe0/osano.js:1:223655)
Uncaught Error: Invalid command: getGPPData
    at <anonymous> (https://cmp.osano.com/16CGnCU8UtNhM14sg/12669873-8cf8-41e2-be1f-1cb803cbffe0/osano.js:1:225454)
    at <anonymous> (https://cmp.osano.com/16CGnCU8UtNhM14sg/12669873-8cf8-41e2-be1f-1cb803cbffe0/osano.js:1:223655)
Uncaught Error: Invalid command: getGPPData
    at <anonymous> (https://cmp.osano.com/16CGnCU8UtNhM14sg/12669873-8cf8-41e2-be1f-1cb803cbffe0/osano.js:1:225454)
    at <anonymous> (https://cmp.osano.com/16CGnCU8UtNhM14sg/12669873-8cf8-41e2-be1f-1cb803cbffe0/osano.js:1:223655)
Uncaught Error: Invalid command: getGPPData
    at <anonymous> (https://cmp.osano.com/16CGnCU8UtNhM14sg/12669873-8cf8-41e2-be1f-1cb803cbffe0/osano.js:1:225454)
    at <anonymous> (https://cmp.osano.com/16CGnCU8UtNhM14sg/12669873-8cf8-41e2-be1f-1cb803cbffe0/osano.js:1:223655)
Uncaught Error: Invalid command: getGPPData
    at <anonymous> (https://cmp.osano.com/16CGnCU8UtNhM14sg/12669873-8cf8-41e2-be1f-1cb803cbffe0/osano.js:1:225454)
    at <anonymous> (https://cmp.osano.com/16CGnCU8UtNhM14sg/12669873-8cf8-41e2-be1f-1cb803cbffe0/osano.js:1:223655)
[TIMEEND] a: 0.001220703125 ms @ https://static.adsafeprotected.com/sca.17.6.4.js:31
[TIMEEND] a: 0.002197265625 ms @ https://static.adsafeprotected.com/sca.17.6.4.js:31
Uncaught Error: Invalid command: getGPPData
    at <anonymous> (https://cmp.osano.com/16CGnCU8UtNhM14sg/12669873-8cf8-41e2-be1f-1cb803cbffe0/osano.js:1:225454)
    at <anonymous> (https://cmp.osano.com/16CGnCU8UtNhM14sg/12669873-8cf8-41e2-be1f-1cb803cbffe0/osano.js:1:223655)
Uncaught Error: Invalid command: getGPPData
    at <anonymous> (https://cmp.osano.com/16CGnCU8UtNhM14sg/12669873-8cf8-41e2-be1f-1cb803cbffe0/osano.js:1:225454)
    at <anonymous> (https://cmp.osano.com/16CGnCU8UtNhM14sg/12669873-8cf8-41e2-be1f-1cb803cbffe0/osano.js:1:223655)
[WARNING] A preload for 'https://cdn.ssref.net/req/202602051/css/fb/sr-min.css' is found, but is not used because the request credentials mode does not match. Consider taking a look at crossorigin attribute. @ https://fbref.com/en/squads/922493f3/2025-2026/matchlogs/all_comps/schedule/Atalanta-Scores-and-Fixtures-All-Competitions:50
[WARNING] A preload for 'https://cdn.ssref.net/req/202602051/css/fb/sr-min.css' is found, but is not used because the request credentials mode does not match. Consider taking a look at crossorigin attribute. @ https://fbref.com/en/squads/db3b9613/2025-2026/matchlogs/all_comps/schedule/Atletico-Madrid-Scores-and-Fixtures-All-Competitions:50
[WARNING] A preload for 'https://cdn.ssref.net/req/202602051/css/fb/sr-min.css' is found, but is not used because the request credentials mode does not match. Consider taking a look at crossorigin attribute. @ https://fbref.com/en/squads/a77c513e/2025-2026/matchlogs/all_comps/schedule/Benfica-Scores-and-Fixtures-All-Competitions:50
[ERROR] Voltax Player Error: Failed to load STN config - STN data is empty @ https://mp.mmvideocdn.com/mini-player/prod/voltax_mp.js:0
[WARNING] A preload for 'https://cdn.ssref.net/req/202602051/css/fb/sr-min.css' is found, but is not used because the request credentials mode does not match. Consider taking a look at crossorigin attribute. @ https://fbref.com/en/squads/d86248bd/2025-2026/matchlogs/all_comps/schedule/BodoGlimt-Scores-and-Fixtures-All-Competitions:50
[WARNING] A preload for 'https://cdn.ssref.net/req/202602051/css/fb/sr-min.css' is found, but is not used because the request credentials mode does not match. Consider taking a look at crossorigin attribute. @ https://fbref.com/en/squads/f1e6c5f1/2025-2026/matchlogs/all_comps/schedule/Club-Brugge-Scores-and-Fixtures-All-Competitions:50
[ERROR] Voltax Player Error: Failed to load STN config - STN data is empty @ https://mp.mmvideocdn.com/mini-player/prod/voltax_mp.js:0
[WARNING] A preload for 'https://cdn.ssref.net/req/202602051/css/fb/sr-min.css' is found, but is not used because the request credentials mode does not match. Consider taking a look at crossorigin attribute. @ https://fbref.com/en/squads/add600ae/2025-2026/matchlogs/all_comps/schedule/Dortmund-Scores-and-Fixtures-All-Competitions:50
[WARNING] A preload for 'https://cdn.ssref.net/req/202602051/css/fb/sr-min.css' is found, but is not used because the request credentials mode does not match. Consider taking a look at crossorigin attribute. @ https://fbref.com/en/squads/ecd11ca2/2025-2026/matchlogs/all_comps/schedule/Galatasaray-Scores-and-Fixtures-All-Competitions:50
[WARNING] [GPT] Unrecognized property encountered when calling setConfig: googletag.setConfig.contentPause
https://goo.gle/gpt-message#158 @ https://securepubads.g.doubleclick.net/pagead/managed/js/gpt/m202602090101/pubads_impl.js?cb=31096699:18
[ERROR] Voltax Player Error: Failed to load STN config - STN data is empty @ https://mp.mmvideocdn.com/mini-player/prod/voltax_mp.js:0
[WARNING] A preload for 'https://cdn.ssref.net/req/202602051/css/fb/sr-min.css' is found, but is not used because the request credentials mode does not match. Consider taking a look at crossorigin attribute. @ https://fbref.com/en/squads/d609edc0/2025-2026/matchlogs/all_comps/schedule/Internazionale-Scores-and-Fixtures-All-Competitions:50
[WARNING] A preload for 'https://cdn.ssref.net/req/202602051/css/fb/sr-min.css' is found, but is not used because the request credentials mode does not match. Consider taking a look at crossorigin attribute. @ https://fbref.com/en/squads/e0652b02/2025-2026/matchlogs/all_comps/schedule/Juventus-Scores-and-Fixtures-All-Competitions:50
[WARNING] [GPT] Unrecognized property encountered when calling setConfig: googletag.setConfig.contentPause
https://goo.gle/gpt-message#158 @ https://securepubads.g.doubleclick.net/pagead/managed/js/gpt/m202602090101/pubads_impl.js?cb=31096699:18
[ERROR] Voltax Player Error: Failed to load STN config - STN data is empty @ https://mp.mmvideocdn.com/mini-player/prod/voltax_mp.js:0
[WARNING] A preload for 'https://cdn.ssref.net/req/202602051/css/fb/sr-min.css' is found, but is not used because the request credentials mode does not match. Consider taking a look at crossorigin attribute. @ https://fbref.com/en/squads/c7a9f859/2025-2026/matchlogs/all_comps/schedule/Leverkusen-Scores-and-Fixtures-All-Competitions:50
[ERROR] Voltax Player Error: Failed to load STN config - STN data is empty @ https://mp.mmvideocdn.com/mini-player/prod/voltax_mp.js:0
[WARNING] A preload for 'https://cdn.ssref.net/req/202602051/css/fb/sr-min.css' is found, but is not used because the request credentials mode does not match. Consider taking a look at crossorigin attribute. @ https://fbref.com/en/squads/fd6114db/2025-2026/matchlogs/all_comps/schedule/Monaco-Scores-and-Fixtures-All-Competitions:50
[WARNING] A preload for 'https://cdn.ssref.net/req/202602051/css/fb/sr-min.css' is found, but is not used because the request credentials mode does not match. Consider taking a look at crossorigin attribute. @ https://fbref.com/en/squads/b2b47a98/2025-2026/matchlogs/all_comps/schedule/Newcastle-United-Scores-and-Fixtures-All-Competitions:50
[WARNING] A preload for 'https://cdn.ssref.net/req/202602051/css/fb/sr-min.css' is found, but is not used because the request credentials mode does not match. Consider taking a look at crossorigin attribute. @ https://fbref.com/en/squads/2fdb4aef/2025-2026/matchlogs/all_comps/schedule/Olympiacos-Scores-and-Fixtures-All-Competitions:50
[WARNING] A preload for 'https://cdn.ssref.net/req/202602051/css/fb/sr-min.css' is found, but is not used because the request credentials mode does not match. Consider taking a look at crossorigin attribute. @ https://fbref.com/en/squads/e2d8892c/2025-2026/matchlogs/all_comps/schedule/Paris-Saint-Germain-Scores-and-Fixtures-All-Competitions:50
[WARNING] [GPT] Unrecognized property encountered when calling setConfig: googletag.setConfig.contentPause
https://goo.gle/gpt-message#158 @ https://securepubads.g.doubleclick.net/pagead/managed/js/gpt/m202602090101/pubads_impl.js?cb=31096699:18
[ERROR] Voltax Player Error: Failed to load STN config - STN data is empty @ https://mp.mmvideocdn.com/mini-player/prod/voltax_mp.js:0
[WARNING] A preload for 'https://cdn.ssref.net/req/202602051/css/fb/sr-min.css' is found, but is not used because the request credentials mode does not match. Consider taking a look at crossorigin attribute. @ https://fbref.com/en/squads/44b65410/2025-2026/matchlogs/all_comps/schedule/Qarabag-Scores-and-Fixtures-All-Competitions:50
[WARNING] A preload for 'https://cdn.ssref.net/req/202602051/css/fb/sr-min.css' is found, but is not used because the request credentials mode does not match. Consider taking a look at crossorigin attribute. @ https://fbref.com/en/squads/53a2f082/2025-2026/matchlogs/all_comps/schedule/Real-Madrid-Scores-and-Fixtures-All-Competitions:50
[WARNING] [GPT] Unrecognized property encountered when calling setConfig: googletag.setConfig.contentPause
https://goo.gle/gpt-message#158 @ https://securepubads.g.doubleclick.net/pagead/managed/js/gpt/m202602090101/pubads_impl.js?cb=31096699:18
Uncaught Error: Invalid command: getGPPData
    at <anonymous> (https://cmp.osano.com/16CGnCU8UtNhM14sg/12669873-8cf8-41e2-be1f-1cb803cbffe0/osano.js:1:225454)
    at <anonymous> (https://cmp.osano.com/16CGnCU8UtNhM14sg/12669873-8cf8-41e2-be1f-1cb803cbffe0/osano.js:1:223655)
Uncaught Error: Invalid command: getGPPData
    at <anonymous> (https://cmp.osano.com/16CGnCU8UtNhM14sg/12669873-8cf8-41e2-be1f-1cb803cbffe0/osano.js:1:225454)
    at <anonymous> (https://cmp.osano.com/16CGnCU8UtNhM14sg/12669873-8cf8-41e2-be1f-1cb803cbffe0/osano.js:1:223655)
[LOG] Called iframe: ads.pubmatic.com [] 
Number of topics:  0 @ https://ads.pubmatic.com/AdServer/js/topics/topics_frame.html?bidder=pubmatic:19
[LOG] Called iframe: pa.openx.net [] 
Number of topics:  0 @ https://pa.openx.net/topics_frame.html?bidder=openx:15
Uncaught Error: Invalid command: getGPPData
    at <anonymous> (https://cmp.osano.com/16CGnCU8UtNhM14sg/12669873-8cf8-41e2-be1f-1cb803cbffe0/osano.js:1:225454)
    at <anonymous> (https://cmp.osano.com/16CGnCU8UtNhM14sg/12669873-8cf8-41e2-be1f-1cb803cbffe0/osano.js:1:223655)
Uncaught Error: Invalid command: getGPPData
    at <anonymous> (https://cmp.osano.com/16CGnCU8UtNhM14sg/12669873-8cf8-41e2-be1f-1cb803cbffe0/osano.js:1:225454)
    at <anonymous> (https://cmp.osano.com/16CGnCU8UtNhM14sg/12669873-8cf8-41e2-be1f-1cb803cbffe0/osano.js:1:223655)
[WARNING] [Audigent] script has already been initialised. Skip further execution @ https://a.ad.gt/api/v1/u/matches/454?_it=amazon:0
Uncaught Error: Invalid command: getGPPData
    at <anonymous> (https://cmp.osano.com/16CGnCU8UtNhM14sg/12669873-8cf8-41e2-be1f-1cb803cbffe0/osano.js:1:225454)
    at <anonymous> (https://cmp.osano.com/16CGnCU8UtNhM14sg/12669873-8cf8-41e2-be1f-1cb803cbffe0/osano.js:1:223655)
Uncaught Error: Invalid command: getGPPData
    at <anonymous> (https://cmp.osano.com/16CGnCU8UtNhM14sg/12669873-8cf8-41e2-be1f-1cb803cbffe0/osano.js:1:225454)
    at <anonymous> (https://cmp.osano.com/16CGnCU8UtNhM14sg/12669873-8cf8-41e2-be1f-1cb803cbffe0/osano.js:1:223655)
[ERROR] Attestation check for Shared Storage on https://securepubads.g.doubleclick.net failed. @ https://imasdk.googleapis.com/js/core/bridge3.741.1_en.html#deid=%22%22&eventfe_experiment_ids=%5B%5D&fid=%22goog_1916413340%22&genotype_experiment_data=%7B%22experimentStateProto%22%3A%22%5B%5B%5B45713128%2Cnull%2Cnull%2C%5B%5D%5D%2C%5Bnull%2C745150931%2Cnull%2C%5Bnull%2C1%5D%5D%2C%5Bnull%2C749060184%2Cnull%2C%5Bnull%2C128%5D%5D%2C%5B841585769%2Cnull%2Cnull%2C%5B1%5D%5D%2C%5B45722344%2Cnull%2Cnull%2C%5B%5D%5D%2C%5B45706017%2Cnull%2Cnull%2C%5B1%5D%5D%2C%5B45740207%2Cnull%2Cnull%2C%5B%5D%5D%2C%5B45668885%2Cnull%2Cnull%2C%5B%5D%5D%2C%5B45685340%2Cnull%2Cnull%2C%5B%5D%5D%2C%5B45734716%2Cnull%2Cnull%2C%5B%5D%5D%2C%5B45735891%2Cnull%2Cnull%2C%5B%5D%5D%2C%5B45663239%2Cnull%2Cnull%2C%5B%5D%5D%2C%5B45715032%2Cnull%2Cnull%2C%5B1%5D%5D%2C%5B45661356%2Cnull%2Cnull%2C%5B%5D%5D%2C%5B839547366%2Cnull%2Cnull%2C%5B1%5D%5D%2C%5B45676441%2Cnull%2Cnull%2C%5B%5D%5D%2C%5B45675307%2Cnull%2Cnull%2C%5B1%5D%5D%2C%5B45675308%2Cnull%2Cnull%2C%5B1%5D%5D%2C%5Bnull%2C45645574%2Cnull%2C%5B%5D%5D%2C%5B45688859%2Cnull%2Cnull%2C%5B%5D%5D%2C%5B45656766%2Cnull%2Cnull%2C%5B%5D%5D%2C%5B45710689%2Cnull%2Cnull%2C%5B%5D%5D%2C%5B45710688%2Cnull%2Cnull%2C%5B1%5D%5D%2C%5B45685601%2Cnull%2Cnull%2C%5B%5D%5D%2C%5Bnull%2C45685602%2Cnull%2C%5Bnull%2C500%5D%5D%2C%5B45756824%2Cnull%2Cnull%2C%5B%5D%5D%2C%5B45747172%2Cnull%2Cnull%2C%5B%5D%5D%2C%5B775241416%2Cnull%2Cnull%2C%5B%5D%5D%2C%5B781107959%2Cnull%2Cnull%2C%5B%5D%5D%2C%5B781107958%2Cnull%2Cnull%2C%5B%5D%5D%2C%5B792614055%2Cnull%2Cnull%2C%5B%5D%5D%2C%5B781107957%2Cnull%2Cnull%2C%5B%5D%5D%2C%5B45729602%2Cnull%2Cnull%2C%5B%5D%5D%2C%5B45753603%2Cnull%2Cnull%2C%5B%5D%5D%2C%5B45753604%2Cnull%2Cnull%2C%5B%5D%5D%2C%5B45658982%2Cnull%2Cnull%2C%5B%5D%5D%2C%5B45725657%2Cnull%2Cnull%2C%5B%5D%5D%5D%2C%5B%5B16%2C%5B%5B1%2C%5B%5B31089630%5D%2C%5B31089631%2C%5B%5B45668885%2Cnull%2Cnull%2C%5B1%5D%5D%5D%5D%5D%5D%2C%5B1000%2C%5B%5B95332046%5D%5D%5D%2C%5Bnull%2C%5B%5B95332047%5D%5D%5D%2C%5B10%2C%5B%5B95338769%2C%5B%5Bnull%2C45645574%2Cnull%2C%5Bnull%2C1%5D%5D%5D%5D%2C%5B95338770%2C%5B%5Bnull%2C45645574%2Cnull%2C%5Bnull%2C2%5D%5D%5D%5D%5D%5D%2C%5B50%2C%5B%5B95345206%5D%2C%5B95345207%2C%5B%5B45661356%2Cnull%2Cnull%2C%5B1%5D%5D%5D%5D%5D%5D%2C%5B1%2C%5B%5B95351425%5D%2C%5B95351426%2C%5B%5B45676441%2Cnull%2Cnull%2C%5B1%5D%5D%5D%5D%5D%5D%2C%5B20%2C%5B%5B95356068%5D%2C%5B95356069%2C%5B%5B45685601%2Cnull%2Cnull%2C%5B%5D%5D%2C%5Bnull%2C45685602%2Cnull%2C%5B%5D%5D%5D%5D%2C%5B95356070%2C%5B%5B45685601%2Cnull%2Cnull%2C%5B1%5D%5D%2C%5Bnull%2C45685602%2Cnull%2C%5B%5D%5D%5D%5D%2C%5B95356071%2C%5B%5B45685601%2Cnull%2Cnull%2C%5B1%5D%5D%2C%5Bnull%2C45685602%2Cnull%2C%5Bnull%2C100%5D%5D%5D%5D%5D%5D%2C%5B1%2C%5B%5B95373378%2C%5B%5B792614055%2Cnull%2Cnull%2C%5B1%5D%5D%5D%5D%2C%5B95373379%2C%5B%5B45747172%2Cnull%2Cnull%2C%5B1%5D%5D%2C%5B781107959%2Cnull%2Cnull%2C%5B1%5D%5D%2C%5B792614055%2Cnull%2Cnull%2C%5B1%5D%5D%2C%5B781107957%2Cnull%2Cnull%2C%5B1%5D%5D%5D%5D%5D%5D%2C%5Bnull%2C%5B%5B95375930%5D%2C%5B95375931%2C%5B%5B45734716%2Cnull%2Cnull%2C%5B1%5D%5D%5D%5D%2C%5B95376520%2C%5B%5B45734716%2Cnull%2Cnull%2C%5B1%5D%5D%2C%5B45735891%2Cnull%2Cnull%2C%5B1%5D%5D%5D%5D%5D%5D%2C%5Bnull%2C%5B%5B95378095%5D%2C%5B95378096%2C%5B%5B45740207%2Cnull%2Cnull%2C%5B1%5D%5D%5D%5D%5D%5D%2C%5B10%2C%5B%5B95378629%5D%2C%5B95378630%2C%5B%5B45729602%2Cnull%2Cnull%2C%5B1%5D%5D%5D%5D%2C%5B95381582%2C%5B%5B45729602%2Cnull%2Cnull%2C%5B1%5D%5D%2C%5B45753603%2Cnull%2Cnull%2C%5B1%5D%5D%5D%5D%2C%5B95381583%2C%5B%5B45729602%2Cnull%2Cnull%2C%5B1%5D%5D%2C%5B45753604%2Cnull%2Cnull%2C%5B1%5D%5D%5D%5D%5D%5D%2C%5Bnull%2C%5B%5B95382403%5D%2C%5B95382404%2C%5B%5B45756824%2Cnull%2Cnull%2C%5B1%5D%5D%5D%5D%5D%5D%5D%5D%5D%2Cnull%2Cnull%2C%5Bnull%2C1000%2C1%2C1000%5D%5D%22%7D&imalib_experiments=%5B44801480%2C95322027%2C95331589%2C95332046%2C95345207%5D&is_eap_loader=false&managed_js_experiment_id=0&page_correlator=3242474567548381&pvsid=1731703987719454&top_accessible_page_url=%22https%3A%2F%2Ffbref.com%2Fen%2Fsquads%2F53a2f082%2F2025-2026%2Fmatchlogs%2Fall_comps%2Fschedule%2FReal-Madrid-Scores-and-Fixtures-All-Competitions%22:0
[ERROR] Failed to load resource: the server responded with a status of 400 () @ https://gotham.prd-00.retargetly.com/sync?pid=13&sid=91230ab3-67df-4fb2-9d8c-f145391ff962:0
[WARNING] The resource https://fbref.com/short/inc/main_nav_menu.json was preloaded using link preload but not used within a few seconds from the window's load event. Please make sure it has an appropriate `as` value and it is preloaded intentionally. @ https://fbref.com/en/squads/53a2f082/2025-2026/matchlogs/all_comps/schedule/Real-Madrid-Scores-and-Fixtures-All-Competitions:0
[WARNING] The resource https://cdn.ssref.net/req/201604190/images/chosen-sprite.png was preloaded using link preload but not used within a few seconds from the window's load event. Please make sure it has an appropriate `as` value and it is preloaded intentionally. @ https://fbref.com/en/squads/53a2f082/2025-2026/matchlogs/all_comps/schedule/Real-Madrid-Scores-and-Fixtures-All-Competitions:0
[WARNING] The resource https://cdn.ssref.net/req/202602051/css/fb/sr-min.css was preloaded using link preload but not used within a few seconds from the window's load event. Please make sure it has an appropriate `as` value and it is preloaded intentionally. @ https://fbref.com/en/squads/53a2f082/2025-2026/matchlogs/all_comps/schedule/Real-Madrid-Scores-and-Fixtures-All-Competitions:0
[WARNING] The resource https://d.pub.network/v2/sites/fbref-com/configs?env=PROD was preloaded using link preload but not used within a few seconds from the window's load event. Please make sure it has an appropriate `as` value and it is preloaded intentionally. @ https://fbref.com/en/squads/53a2f082/2025-2026/matchlogs/all_comps/schedule/Real-Madrid-Scores-and-Fixtures-All-Competitions:0
[ERROR] Attestation check for Shared Storage on https://ara.paa-reporting-advertising.amazon failed. @ https://aax-events-cell02-cf.us-west.3px.axp.amazon-adsystem.com/e/is/bb8e6d0b6c85b2b1fc673047a9802fc9/creative?b=JNpXAQWQCYnNHsz01syJjSQAAAGcUED3YQYAAAakAUMzcHhfdHhuX2JpZDEgICAzcHhfdHhuX2ltcDEgICCGazx1&ct=https%3A%2F%2Fbeacon-nf.rubiconproject.com%2Fbeacon%2Fv3%2Frs%2Fsjc2%2F0%2F438e07ba-a60e-4907-b4e0-38e24e8c1102%2F0%2FJSf-r01yrkzg1_erK18R97yu85o%2F&bi=cfv1_CFjfPVkbjNqDwQmgAuo_-x7vUlF-dJgczFtihVXCRWaeIpr1VpZW97x4lWdPmzTu6LU935JahHmYN0yDK88QdToTHC6wB-_jP2AnZ2pfREv8J6xCgwNSpPdFtwCJUYycCO3mADyG3u0eFjBKvlj6VGwGWWELG8V4CBEJc6AnXBSF_Abj6ylgXVaVG63AE60iW34OSeDjmrFaZFFDWBI6FZRESTTIyfdBw7AYzDqRcuJ_ziu-X1k-6cDf5zNqY5SImKgd2pyGHcn2HSKAVrNbVCzmWXe8iAzQNbqDx5niVoo1OFiKzqSbwh2JexDdMvv6n6tAuqQxEoiEz8OHUanpUJUuhL4rBGlrNcd6gLVRKr1gxUREI2WugFvqrYNVJUOkNVxtlAPaxSVW_XCvWfbVCyFGQdPnm856IbdeMkBppxFGB6FRuhlXBGdj5-U2dV05PbWPf9r7_LKlUGodXjSXw8ZSQFGOjQGueGx2cJRj5obiZVx2_6iK6yD7cA1nJ7WI0s5ttDlqK_Q1ojbFsE6fwKe2OChJfFgYLy9ZPVw_ys4OHbV_8aFaLmFU:0
[ERROR] Attestation check for Attribution Reporting on https://ara.paa-reporting-advertising.amazon failed. @ https://fbref.com/en/squads/53a2f082/2025-2026/matchlogs/all_comps/schedule/Real-Madrid-Scores-and-Fixtures-All-Competitions:0