uefa_season_year,home_team_uefa_overall_coefficient,home_team_uefa_season_coefficient,home_team_uefa_overall_rank,home_team_uefa_season_rank,away_team_uefa_overall_coefficient,away_team_uefa_season_coefficient,away_team_uefa_overall_rank,away_team_uefa_season_rank,home_uefa_fallback_used,away_uefa_fallback_used,home_uefa_missing,away_uefa_missing,uefa_overall_coefficient_diff,uefa_season_coefficient_diff,uefa_overall_rank_diff,uefa_season_rank_diff,home_overall_country_coefficient,home_season_country_coefficient,home_country_uefa_overall_rank,home_country_uefa_season_rank,away_overall_country_coefficient,away_season_country_coefficient,away_country_uefa_overall_rank,away_country_uefa_season_rank,home_country_uefa_fallback_used,away_country_uefa_fallback_used,country_uefa_missing,country_overall_rank_diff,country_season_rank_diff,head_to_head_goal_diff,h2h_available,home_form_goals_for_5,home_form_goals_against_5,home_form_win_rate_5,home_form_clean_sheet_rate_5,home_form_fail_to_score_rate_5,home_form_btts_rate_5,home_form_clean_sheet_rate_10,home_form_btts_rate_10,away_form_goals_for_5,away_form_goals_against_5,away_form_win_rate_5,away_form_loss_rate_5,away_form_clean_sheet_rate_5,away_form_goals_for_10,away_form_win_rate_10,away_form_loss_rate_10,away_form_btts_rate_10,home_team_home_form_goals_against_5,home_team_home_form_goals_against_10,away_team_away_form_points_10,venue_form_points_diff_10
2014,72.0,0.0,181.0,230.0,1175.6,733.6,53.0,58.0,1,1,0,0,-1103.6,-733.6,128.0,172.0,1647.0,1647.0,17.0,17.0,1679.0,1679.0,14.0,14.0,1,1,0,3.0,3.0,0.0,0,0.0,0.0,0.0,0.0,0.0,0.0,0.0,0.0,0.0,0.0,0.0,0.0,0.0,0.0,0.0,0.0,0.0,0.0,0.0,0.0,0.0
2014,439.0,139.0,87.0,130.0,5521.0,3100.6,8.0,17.0,1,1,0,0,-5082.0,-2961.6,79.0,113.0,1308.0,1308.0,80.0,80.0,1679.0,1679.0,13.0,13.0,1,1,0,67.0,67.0,0.0,0,0.0,0.0,0.0,0.0,0.0,0.0,0.0,0.0,0.0,0.0,0.0,0.0,0.0,0.0,0.0,0.0,0.0,0.0,0.0,0.0,0.0
2014,2223.4,1698.2,33.0,32.0,3716.6,3501.4,19.0,12.0,0,1,1,0,-1493.1999999999998,-1803.2,14.0,20.0,1679.0,1679.0,14.0,14.0,1776.0,1776.0,5.0,5.0,0,1,1,9.0,9.0,0.0,0,0.0,0.0,0.0,0.0,0.0,0.0,0.0,0.0,0.0,0.0,0.0,0.0,0.0,0.0,0.0,0.0,0.0,0.0,0.0,0.0,0.0
2014,2064.1,1300.1,38.0,39.0,4517.1,4227.9,12.0,9.0,1,1,0,0,-2453.0000000000005,-2927.7999999999997,26.0,30.0,1483.0,1483.0,42.0,42.0,1776.0,1776.0,5.0,5.0,1,1,0,37.0,37.0,0.0,0,0.0,0.0,0.0,0.0,0.0,0.0,0.0,0.0,0.0,0.0,0.0,0.0,0.0,0.0,0.0,0.0,0.0,0.0,0.0,0.0,0.0
2014,1065.1,837.1,56.0,53.0,3658.9,3372.1,21.0,14.0,1,1,0,0,-2593.8,-2535.0,35.0,39.0,1477.0,1477.0,47.0,47.0,1886.0,1886.0,1.0,1.0,1,1,0,46.0,46.0,0.0,0,0.0,0.0,0.0,0.0,0.0,0.0,0.0,0.0,0.0,0.0,0.0,0.0,0.0,0.0,0.0,0.0,0.0,0.0,0.0,0.0,0.0
2014,1885.6,1082.0,39.0,45.0,138.0,0.0,152.0,224.0,1,1,0,0,1747.6,1082.0,-113.0,-179.0,1462.0,1462.0,52.0,52.0,1776.0,1776.0,5.0,5.0,1,1,0,47.0,47.0,0.0,0,0.0,0.0,0.0,0.0,0.0,0.0,0.0,0.0,0.0,0.0,0.0,0.0,0.0,0.0,0.0,0.0,0.0,0.0,0.0,0.0,0.0
2014,5521.0,3100.6,8.0,17.0,439.0,139.0,87.0,130.0,1,1,0,0,5082.0,2961.6,-79.0,-113.0,1679.0,1679.0,13.0,13.0,1308.0,1308.0,80.0,80.0,1,1,0,-67.0,-67.0,-1.0,1,0.0,1.0,0.0,0.0,1.0,0.0,0.0,0.0,1.0,0.0,1.0,0.0,1.0,1.0,1.0,0.0,0.0,0.0,0.0,0.0,0.0
2014,1175.6,733.6,53.0,58.0,72.0,0.0,181.0,230.0,1,1,0,0,1103.6,733.6,-128.0,-172.0,1679.0,1679.0,14.0,14.0,1647.0,1647.0,17.0,17.0,1,1,0,-3.0,-3.0,-1.0,1,1.0,2.0,0.0,0.0,0.0,1.0,0.0,1.0,2.0,1.0,1.0,0.0,0.0,2.0,1.0,0.0,1.0,0.0,0.0,0.0,0.0
2014,4517.1,4227.9,12.0,9.0,2064.1,1300.1,38.0,39.0,1,1,0,0,2453.0000000000005,2927.7999999999997,-26.0,-30.0,1776.0,1776.0,5.0,5.0,1483.0,1483.0,42.0,42.0,1,1,0,-37.0,-37.0,-1.0,1,1.0,2.0,0.0,0.0,0.0,1.0,0.0,1.0,2.0,1.0,1.0,0.0,0.0,2.0,1.0,0.0,1.0,0.0,0.0,0.0,0.0
2014,3716.6,3501.4,19.0,12.0,2209.0,1698.2,34.0,32.0,1,0,0,1,1507.6,1803.2,-15.0,-20.0,1776.0,1776.0,5.0,5.0,1679.0,1679.0,14.0,14.0,1,0,1,-9.0,-9.0,0.0,0,0.0,1.0,0.0,0.0,1.0,0.0,0.0,0.0,0.0,0.0,0.0,0.0,0.0,0.0,0.0,0.0,0.0,0.0,0.0,0.0,0.0
2014,3658.9,3372.1,21.0,14.0,1065.1,837.1,56.0,53.0,1,1,0,0,2593.8,2535.0,-35.0,-39.0,1886.0,1886.0,1.0,1.0,1477.0,1477.0,47.0,47.0,1,1,0,-46.0,-46.0,-1.0,1,0.0,1.0,0.0,0.0,1.0,0.0,0.0,0.0,1.0,0.0,1.0,0.0,1.0,1.0,1.0,0.0,0.0,0.0,0.0,0.0,0.0
2014,138.0,0.0,152.0,224.0,1885.6,1082.0,39.0,45.0,1,1,0,0,-1747.6,-1082.0,113.0,179.0,1776.0,1776.0,5.0,5.0,1462.0,1462.0,52.0,52.0,1,1,0,-47.0,-47.0,2.0,1,2.0,0.0,1.0,1.0,0.0,0.0,1.0,0.0,0.0,2.0,0.0,1.0,0.0,0.0,0.0,1.0,0.0,0.0,0.0,0.0,0.0
2014,3716.6,3501.4,19.0,12.0,2168.6,1377.0,37.0,38.0,1,1,0,0,1548.0,2124.4,-18.0,-26.0,1776.0,1776.0,5.0,5.0,1886.0,1886.0,1.0,1.0,1,1,0,4.0,4.0,0.0,0,2.0,0.5,0.5,0.5,0.5,0.0,0.5,0.0,0.0,0.0,0.0,0.0,0.0,0.0,0.0,0.0,0.0,0.0,0.0,0.0,3.0
2014,1175.6,733.6,53.0,58.0,430.8,242.8,90.0,103.0,1,1,0,0,744.8,490.8,-37.0,-45.0,1679.0,1679.0,14.0,14.0,1476.0,1476.0,48.0,48.0,1,1,0,-34.0,-34.0,0.0,0,1.0,1.0,0.5,0.5,0.0,0.5,0.5,0.5,0.0,0.0,0.0,0.0,0.0,0.0,0.0,0.0,0.0,0.0,0.0,0.0,3.0
2014,87.5,7.5,174.0,195.0,2209.0,1698.2,34.0,32.0,1,0,0,1,-2121.5,-1690.7,140.0,163.0,1647.0,1647.0,17.0,17.0,1679.0,1679.0,14.0,14.0,1,0,1,3.0,3.0,0.0,0,0.0,0.0,0.0,0.0,0.0,0.0,0.0,0.0,0.0,0.0,0.0,0.0,0.0,0.0,0.0,0.0,0.0,0.0,0.0,0.0,0.0
2014,2247.0,1267.4,32.0,42.0,3261.3,2334.5,26.0,23.0,1,1,0,0,-1014.3000000000002,-1067.1,6.0,19.0,1483.0,1483.0,42.0,42.0,1886.0,1886.0,1.0,1.0,1,1,0,41.0,41.0,0.0,0,0.0,0.0,0.0,0.0,0.0,0.0,0.0,0.0,0.0,0.0,0.0,0.0,0.0,0.0,0.0,0.0,0.0,0.0,0.0,0.0,0.0
2014,169.5,145.5,139.0,127.0,5949.2,5502.0,6.0,4.0,1,1,0,0,-5779.7,-5356.5,133.0,123.0,1477.0,1477.0,47.0,47.0,1776.0,1776.0,5.0,5.0,1,1,0,42.0,42.0,0.0,0,0.0,0.0,0.0,0.0,0.0,0.0,0.0,0.0,0.0,0.0,0.0,0.0,0.0,0.0,0.0,0.0,0.0,0.0,0.0,0.0,0.0
2014,16.5,4.5,240.0,204.0,6029.4,3165.0,5.0,16.0,1,1,0,0,-6012.9,-3160.5,235.0,188.0,1477.0,1477.0,47.0,47.0,1679.0,1679.0,13.0,13.0,1,1,0,34.0,34.0,0.0,0,0.0,0.0,0.0,0.0,0.0,0.0,0.0,0.0,0.0,0.0,0.0,0.0,0.0,0.0,0.0,0.0,0.0,0.0,0.0,0.0,0.0
2014,1293.4,469.4,51.0,72.0,3708.7,2354.7,20.0,22.0,1,1,0,0,-2415.2999999999997,-1885.2999999999997,31.0,50.0,1679.0,1679.0,14.0,14.0,1476.0,1476.0,48.0,48.0,1,1,0,-34.0,-34.0,0.0,0,0.0,0.0,0.0,0.0,0.0,0.0,0.0,0.0,0.0,0.0,0.0,0.0,0.0,0.0,0.0,0.0,0.0,0.0,0.0,0.0,0.0
2014,61.0,25.0,190.0,171.0,9303.1,8609.1,2.0,2.0,1,1,0,0,-9242.1,-8584.1,188.0,169.0,1647.0,1647.0,17.0,17.0,1776.0,1776.0,5.0,5.0,1,1,0,12.0,12.0,0.0,0,0.0,0.0,0.0,0.0,0.0,0.0,0.0,0.0,0.0,0.0,0.0,0.0,0.0,0.0,0.0,0.0,0.0,0.0,0.0,0.0,0.0
2014,175.5,175.5,136.0,119.0,2951.0,1698.2,29.0,32.0,1,1,0,0,-2775.5,-1522.7,107.0,87.0,1483.0,1483.0,42.0,42.0,1776.0,1776.0,5.0,5.0,1,1,0,37.0,37.0,0.0,0,0.0,0.0,0.0,0.0,0.0,0.0,0.0,0.0,0.0,0.0,0.0,0.0,0.0,0.0,0.0,0.0,0.0,0.0,0.0,0.0,0.0
2014,1885.6,1082.0,39.0,45.0,538.6,143.0,80.0,129.0,1,1,0,0,1347.0,939.0,-41.0,-84.0,1462.0,1462.0,52.0,52.0,1679.0,1679.0,13.0,13.0,1,1,0,39.0,39.0,0.0,0,0.0,0.0,0.0,0.0,0.0,0.0,0.0,0.0,0.0,0.0,0.0,0.0,0.0,0.0,0.0,0.0,0.0,0.0,0.0,0.0,0.0
2014,5521.0,3100.6,8.0,17.0,4320.6,3096.2,14.0,18.0,1,1,0,0,1200.3999999999996,4.400000000000091,-6.0,-1.0,1679.0,1679.0,13.0,13.0,1776.0,1776.0,5.0,5.0,1,1,0,8.0,8.0,0.0,0,1.5,1.5,0.5,0.0,0.0,1.0,0.0,1.0,0.0,0.0,0.0,0.0,0.0,0.0,0.0,0.0,0.0,1.0,1.0,0.0,3.0
2014,3658.9,3372.1,21.0,14.0,114.5,4.5,166.0,203.0,1,1,0,0,3544.4,3367.6,-145.0,-189.0,1886.0,1886.0,1.0,1.0,1462.0,1462.0,52.0,52.0,1,1,0,-51.0,-51.0,0.0,0,0.0,0.0,0.0,0.0,0.0,0.0,0.0,0.0,0.0,0.0,0.0,0.0,0.0,0.0,0.0,0.0,0.0,0.0,0.0,0.0,0.0
2014,2855.4,1816.2,30.0,31.0,974.5,453.3,59.0,76.0,1,1,0,0,1880.9,1362.9,-29.0,-45.0,1679.0,1679.0,14.0,14.0,1886.0,1886.0,1.0,1.0,1,1,0,13.0,13.0,0.0,0,1.5,0.0,1.0,1.0,0.0,0.0,1.0,0.0,0.0,0.0,0.0,0.0,0.0,0.0,0.0,0.0,0.0,0.0,0.0,0.0,3.0
2014,1849.2,1200.8,42.0,43.0,3466.6,2435.0,23.0,21.0,1,1,0,0,-1617.3999999999999,-1234.2,19.0,22.0,1568.0,1568.0,24.0,24.0,1308.0,1308.0,80.0,80.0,1,1,0,-56.0,-56.0,0.0,0,1.0,0.5,0.5,0.5,0.5,0.0,0.5,0.0,0.0,0.0,0.0,0.0,0.0,0.0,0.0,0.0,0.0,0.0,0.0,0.0,3.0
2014,4517.1,4227.9,12.0,9.0,1865.3,1424.5,41.0,36.0,1,1,0,0,2651.8,2803.3999999999996,-29.0,-27.0,1776.0,1776.0,5.0,5.0,1308.0,1308.0,80.0,80.0,1,1,0,-75.0,-75.0,0.0,0,2.0,1.0,1.0,0.5,0.0,0.5,0.5,0.5,0.0,0.0,0.0,0.0,0.0,0.0,0.0,0.0,0.0,0.0,0.0,0.0,3.0
2014,4128.4,4104.4,16.0,10.0,652.4,212.0,69.0,111.0,1,1,0,0,3475.9999999999995,3892.3999999999996,-53.0,-101.0,1568.0,1568.0,24.0,24.0,1462.0,1462.0,52.0,52.0,1,1,0,-28.0,-28.0,0.0,0,0.0,0.0,0.0,0.0,0.0,0.0,0.0,0.0,0.0,0.0,0.0,0.0,0.0,0.0,0.0,0.0,0.0,0.0,0.0,0.0,0.0
2014,6029.4,3165.0,5.0,16.0,87.5,7.5,174.0,195.0,1,1,0,0,5941.9,3157.5,-169.0,-179.0,1679.0,1679.0,13.0,13.0,1647.0,1647.0,17.0,17.0,1,1,0,-4.0,-4.0,0.0,0,1.0,1.0,0.0,0.0,0.0,1.0,0.0,1.0,1.0,0.0,1.0,0.0,1.0,1.0,1.0,0.0,0.0,0.0,0.0,0.0,0.0
2014,3466.6,2435.0,23.0,21.0,61.0,25.0,190.0,171.0,1,1,0,0,3405.6,2410.0,-167.0,-150.0,1308.0,1308.0,80.0,80.0,1647.0,1647.0,17.0,17.0,1,1,0,63.0,63.0,0.0,0,1.0,2.0,0.0,0.0,0.0,1.0,0.0,1.0,2.0,1.0,1.0,0.0,0.0,2.0,1.0,0.0,1.0,0.0,0.0,0.0,0.0
2014,538.6,143.0,80.0,129.0,175.5,175.5,136.0,119.0,1,1,0,0,363.1,-32.5,-56.0,10.0,1679.0,1679.0,13.0,13.0,1483.0,1483.0,42.0,42.0,1,1,0,-29.0,-29.0,0.0,0,0.0,1.0,0.0,0.0,1.0,0.0,0.0,0.0,2.0,1.0,1.0,0.0,0.0,2.0,1.0,0.0,1.0,0.0,0.0,0.0,0.0
2014,114.5,4.5,166.0,203.0,1293.4,469.4,51.0,72.0,1,1,0,0,-1178.9,-464.9,115.0,131.0,1462.0,1462.0,52.0,52.0,1679.0,1679.0,14.0,14.0,1,1,0,38.0,38.0,0.0,0,0.0,0.0,0.0,1.0,1.0,0.0,1.0,0.0,1.0,0.0,1.0,0.0,1.0,1.0,1.0,0.0,0.0,0.0,0.0,0.0,0.0
2014,430.8,242.8,90.0,103.0,169.5,145.5,139.0,127.0,1,1,0,0,261.3,97.30000000000001,-49.0,-24.0,1476.0,1476.0,48.0,48.0,1477.0,1477.0,47.0,47.0,1,1,0,1.0,1.0,0.0,0,1.0,3.0,0.0,0.0,0.0,1.0,0.0,1.0,0.0,1.0,0.0,1.0,0.0,0.0,0.0,1.0,0.0,0.0,0.0,0.0,0.0
2014,1865.3,1424.5,41.0,36.0,2247.0,1267.4,32.0,42.0,1,1,0,0,-381.70000000000005,157.0999999999999,9.0,-6.0,1308.0,1308.0,80.0,80.0,1483.0,1483.0,42.0,42.0,1,1,0,38.0,38.0,0.0,0,0.0,1.0,0.0,0.0,1.0,0.0,0.0,0.0,0.0,1.0,0.0,1.0,0.0,0.0,0.0,1.0,0.0,0.0,0.0,0.0,0.0
2014,2951.0,1698.2,29.0,32.0,1885.6,1082.0,39.0,45.0,1,1,0,0,1065.4,616.2,-10.0,-13.0,1776.0,1776.0,5.0,5.0,1462.0,1462.0,52.0,52.0,1,1,0,-47.0,-47.0,0.0,0,1.0,0.0,1.0,1.0,0.0,0.0,1.0,0.0,1.0,0.0,1.0,0.0,1.0,1.0,1.0,0.0,0.0,0.0,0.0,0.0,0.0
2014,3261.3,2334.5,26.0,23.0,4517.1,4227.9,12.0,9.0,1,1,0,0,-1255.8000000000002,-1893.3999999999996,14.0,14.0,1886.0,1886.0,1.0,1.0,1776.0,1776.0,5.0,5.0,1,1,0,-4.0,-4.0,0.0,0,0.0,1.0,0.0,0.0,1.0,0.0,0.0,0.0,1.0,1.0,0.0,0.0,0.0,1.0,0.0,0.0,1.0,0.0,0.0,0.0,0.0
2014,2223.4,1698.2,33.0,32.0,16.5,4.5,240.0,204.0,0,1,1,0,2206.9,1693.7,-207.0,-172.0,1679.0,1679.0,14.0,14.0,1477.0,1477.0,47.0,47.0,0,1,1,-33.0,-33.0,0.0,0,1.0,0.0,1.0,1.0,0.0,0.0,1.0,0.0,1.3333333333333333,1.0,0.6666666666666666,0.3333333333333333,0.3333333333333333,1.3333333333333333,0.6666666666666666,0.3333333333333333,0.6666666666666666,0.0,0.0,0.0,0.0
2014,4320.6,3096.2,14.0,18.0,2855.4,1816.2,30.0,31.0,1,1,0,0,1465.2000000000003,1279.9999999999998,-16.0,-13.0,1776.0,1776.0,5.0,5.0,1679.0,1679.0,14.0,14.0,1,1,0,-9.0,-9.0,0.0,0,1.0,2.0,0.0,0.0,0.0,1.0,0.0,1.0,1.6666666666666667,0.6666666666666666,1.0,0.0,0.6666666666666666,1.6666666666666667,1.0,0.0,0.3333333333333333,0.0,0.0,3.0,-3.0
2014,5949.2,5502.0,6.0,4.0,1175.6,733.6,53.0,58.0,1,1,0,0,4773.6,4768.4,-47.0,-54.0,1776.0,1776.0,5.0,5.0,1679.0,1679.0,14.0,14.0,1,1,0,-9.0,-9.0,0.0,0,1.0,0.0,1.0,1.0,0.0,0.0,1.0,0.0,1.6666666666666667,1.0,0.6666666666666666,0.3333333333333333,0.3333333333333333,1.6666666666666667,0.6666666666666666,0.3333333333333333,0.6666666666666666,0.0,0.0,0.0,0.0
2014,3708.7,2354.7,20.0,22.0,3658.9,3372.1,21.0,14.0,1,1,0,0,49.79999999999973,-1017.4000000000001,-1.0,8.0,1476.0,1476.0,48.0,48.0,1886.0,1886.0,1.0,1.0,1,1,0,47.0,47.0,0.0,0,0.0,1.0,0.0,0.0,1.0,0.0,0.0,0.0,1.0,0.0,0.6666666666666666,0.0,1.0,1.0,0.6666666666666666,0.0,0.0,0.0,0.0,3.0,-3.0
2014,9303.1,8609.1,2.0,2.0,1849.2,1200.8,42.0,43.0,1,1,0,0,7453.900000000001,7408.3,-40.0,-41.0,1776.0,1776.0,5.0,5.0,1568.0,1568.0,24.0,24.0,1,1,0,-19.0,-19.0,0.0,0,1.0,2.0,0.0,0.0,0.0,1.0,0.0,1.0,2.0,1.0,1.0,0.0,0.0,2.0,1.0,0.0,1.0,0.0,0.0,0.0,0.0
2014,652.4,212.0,69.0,111.0,3716.6,3501.4,19.0,12.0,1,1,0,0,-3064.2,-3289.4,50.0,99.0,1462.0,1462.0,52.0,52.0,1776.0,1776.0,5.0,5.0,1,1,0,47.0,47.0,0.0,0,2.0,2.0,0.0,0.0,0.0,1.0,0.0,1.0,2.0,0.3333333333333333,0.6666666666666666,0.3333333333333333,0.6666666666666666,2.0,0.6666666666666666,0.3333333333333333,0.0,0.0,0.0,0.0,0.0
2014,974.5,453.3,59.0,76.0,5521.0,3100.6,8.0,17.0,1,1,0,0,-4546.5,-2647.2999999999997,51.0,59.0,1886.0,1886.0,1.0,1.0,1679.0,1679.0,13.0,13.0,1,1,0,-12.0,-12.0,0.0,0,0.0,1.0,0.0,0.0,1.0,0.0,0.0,0.0,0.6666666666666666,0.6666666666666666,0.3333333333333333,0.6666666666666666,0.3333333333333333,0.6666666666666666,0.3333333333333333,0.6666666666666666,0.0,0.0,0.0,0.0,0.0
2014,2168.6,1377.0,37.0,38.0,4128.4,4104.4,16.0,10.0,1,1,0,0,-1959.7999999999997,-2727.3999999999996,21.0,28.0,1886.0,1886.0,1.0,1.0,1568.0,1568.0,24.0,24.0,1,1,0,-23.0,-23.0,0.0,0,0.0,2.0,0.0,0.0,1.0,0.0,0.0,0.0,2.0,2.0,0.0,0.0,0.0,2.0,0.0,0.0,1.0,0.0,0.0,0.0,0.0
2014,175.5,175.5,136.0,119.0,1885.6,1082.0,39.0,45.0,1,1,0,0,-1710.1,-906.5,97.0,74.0,1483.0,1483.0,42.0,42.0,1462.0,1462.0,52.0,52.0,1,1,0,-10.0,-10.0,0.0,0,0.5,2.0,0.0,0.0,0.5,0.5,0.0,0.5,1.5,0.0,1.0,0.0,1.0,1.5,1.0,0.0,0.0,1.0,1.0,3.0,-2.0
2014,1849.2,1200.8,42.0,43.0,61.0,25.0,190.0,171.0,1,1,0,0,1788.2,1175.8,-148.0,-128.0,1568.0,1568.0,24.0,24.0,1647.0,1647.0,17.0,17.0,1,1,0,7.0,7.0,0.0,0,2.0,1.0,0.5,0.0,0.5,0.5,0.0,0.5,3.0,1.5,0.5,0.5,0.0,3.0,0.5,0.5,1.0,1.0,1.0,0.0,3.0
2014,1865.3,1424.5,41.0,36.0,3261.3,2334.5,26.0,23.0,1,1,0,0,-1396.0000000000002,-910.0,15.0,13.0,1308.0,1308.0,80.0,80.0,1886.0,1886.0,1.0,1.0,1,1,0,79.0,79.0,0.0,0,0.5,1.5,0.5,0.5,0.5,0.0,0.5,0.0,0.5,1.5,0.25,0.75,0.25,0.5,0.25,0.75,0.0,0.0,0.0,0.0,3.0
2014,2855.4,1816.2,30.0,31.0,5521.0,3100.6,8.0,17.0,1,1,0,0,-2665.6,-1284.3999999999999,22.0,14.0,1679.0,1679.0,14.0,14.0,1679.0,1679.0,13.0,13.0,1,1,0,1.0,1.0,0.0,0,0.5,0.5,0.5,0.5,0.5,0.0,0.5,0.0,1.5,0.0,1.0,0.0,1.0,1.5,1.0,0.0,0.0,0.0,0.0,3.0,0.0
2014,538.6,143.0,80.0,129.0,2951.0,1698.2,29.0,32.0,1,1,0,0,-2412.4,-1555.2,51.0,97.0,1679.0,1679.0,13.0,13.0,1776.0,1776.0,5.0,5.0,1,1,0,8.0,8.0,0.0,0,1.5,2.0,0.5,0.0,0.0,1.0,0.0,1.0,1.5,1.0,0.5,0.0,0.0,1.5,0.5,0.0,1.0,1.0,1.0,1.0,2.0
2014,16.5,4.5,240.0,204.0,87.5,7.5,174.0,195.0,1,1,0,0,-71.0,-3.0,66.0,9.0,1477.0,1477.0,47.0,47.0,1647.0,1647.0,17.0,17.0,1,1,0,30.0,30.0,0.0,0,1.5,2.5,0.5,0.0,0.0,1.0,0.0,1.0,1.5,1.75,0.75,0.25,0.5,1.5,0.75,0.25,0.5,1.0,1.0,1.5,1.5
2014,9303.1,8609.1,2.0,2.0,3466.6,2435.0,23.0,21.0,1,1,0,0,5836.5,6174.1,-21.0,-19.0,1776.0,1776.0,5.0,5.0,1308.0,1308.0,80.0,80.0,1,1,0,-75.0,-75.0,0.0,0,2.0,1.5,0.5,0.0,0.0,1.0,0.0,1.0,1.0,1.5,0.0,0.5,0.0,1.0,0.0,0.5,1.0,1.0,1.0,0.0,3.0
2014,4128.4,4104.4,16.0,10.0,3716.6,3501.4,19.0,12.0,1,1,0,0,411.7999999999997,602.9999999999995,-3.0,-2.0,1568.0,1568.0,24.0,24.0,1776.0,1776.0,5.0,5.0,1,1,0,19.0,19.0,0.0,0,1.0,1.5,0.0,0.0,0.5,0.5,0.0,0.5,1.75,0.5,0.5,0.25,0.5,1.75,0.5,0.25,0.25,2.0,2.0,0.5,0.5
2014,430.8,242.8,90.0,103.0,5949.2,5502.0,6.0,4.0,1,1,0,0,-5518.4,-5259.2,84.0,99.0,1476.0,1476.0,48.0,48.0,1776.0,1776.0,5.0,5.0,1,1,0,43.0,43.0,0.0,0,1.0,1.5,0.5,0.5,0.0,0.5,0.5,0.5,1.5,0.5,1.0,0.0,0.5,1.5,1.0,0.0,0.5,0.0,0.0,3.0,0.0
2014,2168.6,1377.0,37.0,38.0,652.4,212.0,69.0,111.0,1,1,0,0,1516.1999999999998,1165.0,-32.0,-73.0,1886.0,1886.0,1.0,1.0,1462.0,1462.0,52.0,52.0,1,1,0,-51.0,-51.0,0.0,0,0.5,1.0,0.5,0.5,0.5,0.0,0.5,0.0,1.5,1.5,0.0,0.0,0.0,1.5,0.0,0.0,1.0,0.0,0.0,1.0,2.0
2014,169.5,145.5,139.0,127.0,1175.6,733.6,53.0,58.0,1,1,0,0,-1006.0999999999999,-588.1,86.0,69.0,1477.0,1477.0,47.0,47.0,1679.0,1679.0,14.0,14.0,1,1,0,33.0,33.0,0.0,0,0.0,1.0,0.0,0.0,1.0,0.0,0.0,0.0,1.5,1.25,0.5,0.5,0.25,1.5,0.5,0.5,0.75,1.0,1.0,0.0,0.0
2014,2247.0,1267.4,32.0,42.0,4517.1,4227.9,12.0,9.0,1,1,0,0,-2270.1000000000004,-2960.4999999999995,20.0,33.0,1483.0,1483.0,42.0,42.0,1776.0,1776.0,5.0,5.0,1,1,0,37.0,37.0,0.0,0,0.5,0.0,0.5,1.0,0.5,0.0,1.0,0.0,1.5,1.0,0.5,0.5,0.0,1.5,0.5,0.5,0.5,0.0,0.0,0.0,3.0
2014,2223.4,1698.2,33.0,32.0,6029.4,3165.0,5.0,16.0,0,1,1,0,-3805.9999999999995,-1466.8,28.0,16.0,1679.0,1679.0,14.0,14.0,1679.0,1679.0,13.0,13.0,0,1,1,1.0,1.0,0.0,0,2.0,0.0,1.0,1.0,0.0,0.0,1.0,0.0,2.0,0.5,0.5,0.5,0.5,2.0,0.5,0.5,0.0,0.0,0.0,0.0,3.0
2014,1293.4,469.4,51.0,72.0,3658.9,3372.1,21.0,14.0,1,1,0,0,-2365.5,-2902.7,30.0,58.0,1679.0,1679.0,14.0,14.0,1886.0,1886.0,1.0,1.0,1,1,0,13.0,13.0,0.0,0,0.5,0.5,0.5,0.5,0.5,0.0,0.5,0.0,1.0,0.75,0.5,0.25,0.75,1.0,0.5,0.25,0.25,0.0,0.0,1.5,1.5
2014,4320.6,3096.2,14.0,18.0,974.5,453.3,59.0,76.0,1,1,0,0,3346.1000000000004,2642.8999999999996,-45.0,-58.0,1776.0,1776.0,5.0,5.0,1886.0,1886.0,1.0,1.0,1,1,0,4.0,4.0,0.0,0,1.5,0.5,0.5,0.5,0.5,0.0,0.5,0.0,0.5,1.5,0.0,0.5,0.0,0.5,0.0,0.5,0.5,0.0,0.0,1.0,2.0
2014,114.5,4.5,166.0,203.0,3708.7,2354.7,20.0,22.0,1,1,0,0,-3594.2,-2350.2,146.0,181.0,1462.0,1462.0,52.0,52.0,1476.0,1476.0,48.0,48.0,1,1,0,4.0,4.0,0.0,0,0.0,1.0,0.0,0.0,1.0,0.0,0.0,0.0,1.0,1.25,0.5,0.5,0.25,1.0,0.5,0.5,0.5,1.0,1.0,0.0,0.0
2014,3261.3,2334.5,26.0,23.0,1865.3,1424.5,41.0,36.0,1,1,0,0,1396.0000000000002,910.0,-15.0,-13.0,1886.0,1886.0,1.0,1.0,1308.0,1308.0,80.0,80.0,1,1,0,-79.0,-79.0,-2.0,1,1.0,0.6666666666666666,0.6666666666666666,0.6666666666666666,0.3333333333333333,0.0,0.6666666666666666,0.0,1.0,0.3333333333333333,0.6666666666666666,0.3333333333333333,0.6666666666666666,1.0,0.6666666666666666,0.3333333333333333,0.0,0.0,0.0,0.0,3.0
2014,1885.6,1082.0,39.0,45.0,175.5,175.5,136.0,119.0,1,1,0,0,1710.1,906.5,-97.0,-74.0,1462.0,1462.0,52.0,52.0,1483.0,1483.0,42.0,42.0,1,1,0,10.0,10.0,1.0,1,1.6,1.6,0.8,0.4,0.0,0.6,0.4,0.6,1.3333333333333333,2.3333333333333335,0.3333333333333333,0.6666666666666666,0.0,1.3333333333333333,0.3333333333333333,0.6666666666666666,1.0,0.0,0.0,0.0,3.0
2014,87.5,7.5,174.0,195.0,16.5,4.5,240.0,204.0,1,1,0,0,71.0,3.0,-66.0,-9.0,1647.0,1647.0,17.0,17.0,1477.0,1477.0,47.0,47.0,1,1,0,-30.0,-30.0,0.0,1,1.3333333333333333,0.3333333333333333,0.6666666666666666,0.6666666666666666,0.0,0.3333333333333333,0.6666666666666666,0.3333333333333333,0.6666666666666666,1.6666666666666667,0.0,0.3333333333333333,0.0,0.6666666666666666,0.0,0.3333333333333333,0.6666666666666666,0.0,0.0,0.0,3.0
2014,3716.6,3501.4,19.0,12.0,4128.4,4104.4,16.0,10.0,1,1,0,0,-411.7999999999997,-602.9999999999995,3.0,2.0,1776.0,1776.0,5.0,5.0,1568.0,1568.0,24.0,24.0,1,1,0,-19.0,-19.0,-1.0,1,1.6,0.8,0.4,0.4,0.2,0.4,0.4,0.4,1.3333333333333333,1.3333333333333333,0.3333333333333333,0.3333333333333333,0.0,1.3333333333333333,0.3333333333333333,0.3333333333333333,0.6666666666666666,0.0,0.0,0.0,3.0
2014,5521.0,3100.6,8.0,17.0,2855.4,1816.2,30.0,31.0,1,1,0,0,2665.6,1284.3999999999999,-22.0,-14.0,1679.0,1679.0,13.0,13.0,1679.0,1679.0,14.0,14.0,1,1,0,-1.0,-1.0,0.0,1,0.8,1.6,0.2,0.2,0.6,0.2,0.2,0.2,1.0,1.6666666666666667,0.3333333333333333,0.3333333333333333,0.3333333333333333,1.0,0.3333333333333333,0.3333333333333333,0.3333333333333333,0.5,0.5,0.0,1.5
2014,1175.6,733.6,53.0,58.0,169.5,145.5,139.0,127.0,1,1,0,0,1006.0999999999999,588.1,-86.0,-69.0,1679.0,1679.0,14.0,14.0,1477.0,1477.0,47.0,47.0,1,1,0,-33.0,-33.0,-1.0,1,1.4,1.4,0.4,0.2,0.0,0.8,0.2,0.8,0.6666666666666666,1.0,0.3333333333333333,0.6666666666666666,0.0,0.6666666666666666,0.3333333333333333,0.6666666666666666,0.3333333333333333,0.5,0.5,0.0,3.0
2014,5949.2,5502.0,6.0,4.0,430.8,242.8,90.0,103.0,1,1,0,0,5518.4,5259.2,-84.0,-99.0,1776.0,1776.0,5.0,5.0,1476.0,1476.0,48.0,48.0,1,1,0,-43.0,-43.0,0.0,1,1.3333333333333333,0.3333333333333333,0.3333333333333333,0.6666666666666666,0.6666666666666666,0.0,0.6666666666666666,0.0,1.3333333333333333,0.0,0.6666666666666666,0.0,1.0,1.3333333333333333,0.6666666666666666,0.0,0.0,0.0,0.0,3.0,0.0
2014,6029.4,3165.0,5.0,16.0,2209.0,1698.2,34.0,32.0,1,0,0,1,3820.3999999999996,1466.8,-29.0,-16.0,1679.0,1679.0,13.0,13.0,1679.0,1679.0,14.0,14.0,1,0,1,-1.0,-1.0,0.0,1,1.3333333333333333,1.6666666666666667,0.0,0.0,0.0,1.0,0.0,1.0,2.0,1.6666666666666667,0.3333333333333333,0.3333333333333333,0.0,2.0,0.3333333333333333,0.3333333333333333,1.0,1.0,1.0,0.0,1.0
2014,3466.6,2435.0,23.0,21.0,9303.1,8609.1,2.0,2.0,1,1,0,0,-5836.5,-6174.1,21.0,19.0,1308.0,1308.0,80.0,80.0,1776.0,1776.0,5.0,5.0,1,1,0,75.0,75.0,-1.0,1,1.3333333333333333,1.3333333333333333,0.3333333333333333,0.0,0.0,1.0,0.0,1.0,1.6666666666666667,1.6666666666666667,0.6666666666666666,0.3333333333333333,0.0,1.6666666666666667,0.6666666666666666,0.3333333333333333,1.0,1.0,1.0,0.0,3.0
2014,974.5,453.3,59.0,76.0,4320.6,3096.2,14.0,18.0,1,1,0,0,-3346.1000000000004,-2642.8999999999996,45.0,58.0,1886.0,1886.0,1.0,1.0,1776.0,1776.0,5.0,5.0,1,1,0,-4.0,-4.0,0.0,1,1.6666666666666667,1.0,0.6666666666666666,0.3333333333333333,0.0,0.6666666666666666,0.3333333333333333,0.6666666666666666,1.3333333333333333,1.6666666666666667,0.3333333333333333,0.3333333333333333,0.3333333333333333,1.3333333333333333,0.3333333333333333,0.3333333333333333,0.6666666666666666,1.0,1.0,0.0,3.0
2014,61.0,25.0,190.0,171.0,1849.2,1200.8,42.0,43.0,1,1,0,0,-1788.2,-1175.8,148.0,128.0,1647.0,1647.0,17.0,17.0,1568.0,1568.0,24.0,24.0,1,1,0,-7.0,-7.0,-1.0,1,0.3333333333333333,1.3333333333333333,0.0,0.0,0.6666666666666666,0.3333333333333333,0.0,0.3333333333333333,1.3333333333333333,0.3333333333333333,0.6666666666666666,0.3333333333333333,0.6666666666666666,1.3333333333333333,0.6666666666666666,0.3333333333333333,0.0,2.0,2.0,0.0,0.0
2014,3658.9,3372.1,21.0,14.0,1293.4,469.4,51.0,72.0,1,1,0,0,2365.5,2902.7,-30.0,-58.0,1886.0,1886.0,1.0,1.0,1679.0,1679.0,14.0,14.0,1,1,0,-13.0,-13.0,-1.0,1,1.0,1.0,0.4,0.6,0.2,0.4,0.6,0.4,1.0,0.6666666666666666,0.6666666666666666,0.3333333333333333,0.3333333333333333,1.0,0.6666666666666666,0.3333333333333333,0.3333333333333333,0.0,0.0,0.0,2.0
2014,652.4,212.0,69.0,111.0,2168.6,1377.0,37.0,38.0,1,1,0,0,-1516.1999999999998,-1165.0,32.0,73.0,1462.0,1462.0,52.0,52.0,1886.0,1886.0,1.0,1.0,1,1,0,51.0,51.0,0.0,1,1.3333333333333333,1.3333333333333333,0.0,0.0,0.0,1.0,0.0,1.0,0.6666666666666666,1.0,0.3333333333333333,0.3333333333333333,0.3333333333333333,0.6666666666666666,0.3333333333333333,0.3333333333333333,0.3333333333333333,1.0,1.0,0.0,1.0
2014,3708.7,2354.7,20.0,22.0,114.5,4.5,166.0,203.0,1,1,0,0,3594.2,2350.2,-146.0,-181.0,1476.0,1476.0,48.0,48.0,1462.0,1462.0,52.0,52.0,1,1,0,-4.0,-4.0,0.0,1,1.6666666666666667,1.3333333333333333,0.3333333333333333,0.0,0.3333333333333333,0.6666666666666666,0.0,0.6666666666666666,1.0,0.6666666666666666,0.3333333333333333,0.0,0.6666666666666666,1.0,0.3333333333333333,0.0,0.3333333333333333,1.0,1.0,1.0,2.0
2014,4517.1,4227.9,12.0,9.0,2247.0,1267.4,32.0,42.0,1,1,0,0,2270.1000000000004,2960.4999999999995,-20.0,-33.0,1776.0,1776.0,5.0,5.0,1483.0,1483.0,42.0,42.0,1,1,0,-37.0,-37.0,1.0,1,1.0,1.0,0.6,0.4,0.2,0.4,0.4,0.4,0.0,1.0,0.0,1.0,0.0,0.0,0.0,1.0,0.0,0.5,0.5,0.0,3.0
2014,2951.0,1698.2,29.0,32.0,538.6,143.0,80.0,129.0,1,1,0,0,2412.4,1555.2,-51.0,-97.0,1776.0,1776.0,5.0,5.0,1679.0,1679.0,13.0,13.0,1,1,0,-8.0,-8.0,-2.0,1,2.0,1.6666666666666667,0.3333333333333333,0.0,0.3333333333333333,0.6666666666666666,0.0,0.6666666666666666,2.0,0.6666666666666666,0.6666666666666666,0.3333333333333333,0.3333333333333333,2.0,0.6666666666666666,0.3333333333333333,0.3333333333333333,1.0,1.0,0.0,3.0
2014,16.5,4.5,240.0,204.0,2209.0,1698.2,34.0,32.0,1,0,0,1,-2192.5,-1693.7,206.0,172.0,1477.0,1477.0,47.0,47.0,1679.0,1679.0,14.0,14.0,1,0,1,33.0,33.0,-3.0,1,0.5,2.0,0.0,0.0,0.5,0.5,0.0,0.5,1.25,0.75,0.5,0.5,0.5,1.25,0.5,0.5,0.25,1.0,1.0,0.0,1.0
2014,87.5,7.5,174.0,195.0,6029.4,3165.0,5.0,16.0,1,1,0,0,-5941.9,-3157.5,169.0,179.0,1647.0,1647.0,17.0,17.0,1679.0,1679.0,13.0,13.0,1,1,0,4.0,4.0,2.0,1,1.75,0.25,0.75,0.75,0.0,0.25,0.75,0.25,0.75,1.25,0.25,0.5,0.0,0.75,0.25,0.5,0.5,0.0,0.0,0.5,2.5
2014,169.5,145.5,139.0,127.0,430.8,242.8,90.0,103.0,1,1,0,0,-261.3,-97.30000000000001,49.0,24.0,1477.0,1477.0,47.0,47.0,1476.0,1476.0,48.0,48.0,1,1,0,-1.0,-1.0,-1.0,1,1.0,1.25,0.25,0.0,0.5,0.5,0.0,0.5,1.25,1.5,0.25,0.25,0.25,1.25,0.25,0.25,0.75,1.0,1.0,0.5,1.0
2014,4517.1,4227.9,12.0,9.0,3261.3,2334.5,26.0,23.0,1,1,0,0,1255.8000000000002,1893.3999999999996,-14.0,-14.0,1776.0,1776.0,5.0,5.0,1886.0,1886.0,1.0,1.0,1,1,0,4.0,4.0,-4.0,1,0.8,1.6,0.2,0.2,0.6,0.2,0.16666666666666666,0.16666666666666666,1.25,0.5,0.25,0.25,0.5,1.25,0.25,0.25,0.25,0.6666666666666666,0.6666666666666666,0.5,0.5
2014,1293.4,469.4,51.0,72.0,114.5,4.5,166.0,203.0,1,1,0,0,1178.9,464.9,-115.0,-131.0,1679.0,1679.0,14.0,14.0,1462.0,1462.0,52.0,52.0,1,1,0,-38.0,-38.0,0.0,1,1.75,1.0,0.5,0.25,0.0,0.75,0.25,0.75,1.25,1.25,0.25,0.25,0.25,1.25,0.25,0.25,0.75,0.5,0.5,0.5,2.5
2014,61.0,25.0,190.0,171.0,3466.6,2435.0,23.0,21.0,1,1,0,0,-3405.6,-2410.0,167.0,150.0,1647.0,1647.0,17.0,17.0,1308.0,1308.0,80.0,80.0,1,1,0,-63.0,-63.0,-1.0,1,0.75,1.0,0.5,0.25,0.5,0.25,0.25,0.25,1.0,1.0,0.25,0.25,0.5,1.0,0.25,0.25,0.5,0.5,0.5,0.5,2.5
2014,5521.0,3100.6,8.0,17.0,974.5,453.3,59.0,76.0,1,1,0,0,4546.5,2647.2999999999997,-51.0,-59.0,1679.0,1679.0,13.0,13.0,1886.0,1886.0,1.0,1.0,1,1,0,12.0,12.0,-2.0,1,1.4,0.6,0.8,0.6,0.2,0.2,0.5,0.3333333333333333,1.25,0.5,0.75,0.25,0.75,1.25,0.75,0.25,0.0,0.3333333333333333,0.3333333333333333,1.5,1.5
2014,4128.4,4104.4,16.0,10.0,2168.6,1377.0,37.0,38.0,1,1,0,0,1959.7999999999997,2727.3999999999996,-21.0,-28.0,1568.0,1568.0,24.0,24.0,1886.0,1886.0,1.0,1.0,1,1,0,23.0,23.0,-1.0,1,1.0,1.25,0.25,0.0,0.5,0.5,0.0,0.5,0.5,1.0,0.25,0.5,0.25,0.5,0.25,0.5,0.25,1.5,1.5,0.0,2.0
2014,3658.9,3372.1,21.0,14.0,3708.7,2354.7,20.0,22.0,1,1,0,0,-49.79999999999973,1017.4000000000001,1.0,-8.0,1886.0,1886.0,1.0,1.0,1476.0,1476.0,48.0,48.0,1,1,0,-47.0,-47.0,-2.0,1,1.0,1.0,0.4,0.6,0.2,0.4,0.6666666666666666,0.3333333333333333,1.75,1.25,0.5,0.25,0.0,1.75,0.5,0.25,0.75,0.0,0.0,0.5,1.8333333333333335
2014,2247.0,1267.4,32.0,42.0,1865.3,1424.5,41.0,36.0,1,1,0,0,381.70000000000005,-157.0999999999999,-9.0,6.0,1483.0,1483.0,42.0,42.0,1308.0,1308.0,80.0,80.0,1,1,0,-38.0,-38.0,-1.0,1,0.0,1.5,0.0,0.0,1.0,0.0,0.0,0.0,0.75,0.75,0.5,0.5,0.5,0.75,0.5,0.5,0.0,1.0,1.0,0.0,0.0
2014,175.5,175.5,136.0,119.0,538.6,143.0,80.0,129.0,1,1,0,0,-363.1,32.5,56.0,-10.0,1483.0,1483.0,42.0,42.0,1679.0,1679.0,13.0,13.0,1,1,0,29.0,29.0,-3.0,1,1.0,2.0,0.25,0.0,0.25,0.75,0.0,0.75,2.0,1.0,0.5,0.25,0.25,2.0,0.5,0.25,0.5,1.5,1.5,0.5,1.0
2014,2855.4,1816.2,30.0,31.0,4320.6,3096.2,14.0,18.0,1,1,0,0,-1465.2000000000003,-1279.9999999999998,16.0,13.0,1679.0,1679.0,14.0,14.0,1776.0,1776.0,5.0,5.0,1,1,0,9.0,9.0,-3.0,1,1.0,1.25,0.5,0.5,0.25,0.25,0.5,0.25,1.25,0.25,0.5,0.0,0.75,1.25,0.5,0.0,0.25,1.0,1.0,2.0,0.0
2014,3716.6,3501.4,19.0,12.0,652.4,212.0,69.0,111.0,1,1,0,0,3064.2,3289.4,-50.0,-99.0,1776.0,1776.0,5.0,5.0,1462.0,1462.0,52.0,52.0,1,1,0,-47.0,-47.0,0.0,1,1.8,0.6,0.6,0.6,0.0,0.4,0.5,0.3333333333333333,1.25,1.0,0.25,0.0,0.25,1.25,0.25,0.0,0.75,0.0,0.0,1.0,2.0
2014,1849.2,1200.8,42.0,43.0,9303.1,8609.1,2.0,2.0,1,1,0,0,-7453.900000000001,-7408.3,40.0,41.0,1568.0,1568.0,24.0,24.0,1776.0,1776.0,5.0,5.0,1,1,0,19.0,19.0,-2.0,1,1.25,2.0,0.5,0.0,0.25,0.75,0.0,0.75,1.5,1.5,0.25,0.5,0.0,1.5,0.25,0.5,0.75,1.0,1.0,0.0,3.0
2014,1175.6,733.6,53.0,58.0,5949.2,5502.0,6.0,4.0,1,1,0,0,-4773.6,-4768.4,47.0,54.0,1679.0,1679.0,14.0,14.0,1776.0,1776.0,5.0,5.0,1,1,0,9.0,9.0,-4.0,1,1.6,1.6,0.8,0.4,0.0,0.6,0.5,0.5,2.0,1.75,0.25,0.5,0.0,2.0,0.25,0.5,0.75,0.0,0.0,0.0,3.0
2014,1885.6,1082.0,39.0,45.0,2951.0,1698.2,29.0,32.0,1,1,0,0,-1065.4,-616.2,10.0,13.0,1462.0,1462.0,52.0,52.0,1776.0,1776.0,5.0,5.0,1,1,0,47.0,47.0,-1.0,1,1.6,1.4,0.4,0.2,0.0,0.8,0.16666666666666666,0.8333333333333334,1.5,1.0,0.5,0.0,0.25,1.5,0.5,0.0,0.75,1.0,1.0,2.0,0.3333333333333335
2014,3708.7,2354.7,20.0,22.0,1293.4,469.4,51.0,72.0,1,1,0,0,2415.2999999999997,1885.2999999999997,-31.0,-50.0,1476.0,1476.0,48.0,48.0,1679.0,1679.0,14.0,14.0,1,1,0,34.0,34.0,-1.0,1,1.2,1.2,0.4,0.4,0.4,0.2,0.4,0.2,1.2,1.0,0.6,0.4,0.6,1.2857142857142858,0.5714285714285714,0.42857142857142855,0.42857142857142855,0.0,0.0,1.0,2.0
2014,114.5,4.5,166.0,203.0,3658.9,3372.1,21.0,14.0,1,1,0,0,-3544.4,-3367.6,145.0,189.0,1462.0,1462.0,52.0,52.0,1886.0,1886.0,1.0,1.0,1,1,0,51.0,51.0,1.0,1,1.6,0.6,0.8,0.6,0.2,0.2,0.6,0.2,0.6,1.8,0.0,0.8,0.0,0.6,0.0,0.8,0.2,0.0,0.0,0.0,3.0
2014,1865.3,1424.5,41.0,36.0,4517.1,4227.9,12.0,9.0,1,1,0,0,-2651.8,-2803.3999999999996,29.0,27.0,1308.0,1308.0,80.0,80.0,1776.0,1776.0,5.0,5.0,1,1,0,75.0,75.0,-1.0,1,1.4,1.4,0.4,0.0,0.4,0.6,0.0,0.6,0.8,1.0,0.4,0.4,0.2,0.8,0.4,0.4,0.4,1.0,1.0,0.0,3.0
2014,3261.3,2334.5,26.0,23.0,2247.0,1267.4,32.0,42.0,1,1,0,0,1014.3000000000002,1067.1,-6.0,-19.0,1886.0,1886.0,1.0,1.0,1483.0,1483.0,42.0,42.0,1,1,0,-41.0,-41.0,0.0,1,1.0,1.0,0.2,0.4,0.2,0.6,0.4,0.6,1.2,1.0,0.4,0.4,0.6,1.2857142857142858,0.5714285714285714,0.2857142857142857,0.2857142857142857,1.0,1.0,1.0,1.0
2014,652.4,212.0,69.0,111.0,4128.4,4104.4,16.0,10.0,1,1,0,0,-3475.9999999999995,-3892.3999999999996,53.0,101.0,1462.0,1462.0,52.0,52.0,1568.0,1568.0,24.0,24.0,1,1,0,28.0,28.0,0.0,1,1.2,0.8,0.4,0.4,0.0,0.6,0.4,0.6,1.0,1.2,0.2,0.4,0.0,1.0,0.2,0.4,0.6,0.5,0.5,0.0,2.0
2014,2168.6,1377.0,37.0,38.0,3716.6,3501.4,19.0,12.0,1,1,0,0,-1548.0,-2124.4,18.0,26.0,1886.0,1886.0,1.0,1.0,1776.0,1776.0,5.0,5.0,1,1,0,-4.0,-4.0,-2.0,1,0.6,1.0,0.2,0.2,0.4,0.4,0.2,0.4,1.0,0.8,0.4,0.4,0.4,1.2857142857142858,0.42857142857142855,0.42857142857142855,0.2857142857142857,0.5,0.5,0.3333333333333333,1.6666666666666667
2014,9303.1,8609.1,2.0,2.0,61.0,25.0,190.0,171.0,1,1,0,0,9242.1,8584.1,-188.0,-169.0,1776.0,1776.0,5.0,5.0,1647.0,1647.0,17.0,17.0,1,1,0,-12.0,-12.0,-1.0,1,1.6,1.4,0.4,0.0,0.2,0.8,0.0,0.8,1.4,1.0,0.4,0.4,0.2,1.4,0.4,0.4,0.6,1.5,1.5,0.5,1.5
2014,2951.0,1698.2,29.0,32.0,175.5,175.5,136.0,119.0,1,1,0,0,2775.5,1522.7,-107.0,-87.0,1776.0,1776.0,5.0,5.0,1483.0,1483.0,42.0,42.0,1,1,0,-37.0,-37.0,-1.0,1,2.0,1.4,0.4,0.2,0.2,0.6,0.2,0.6,0.8,2.0,0.2,0.8,0.0,0.8,0.2,0.8,0.6,1.5,1.5,0.0,2.0
2014,538.6,143.0,80.0,129.0,1885.6,1082.0,39.0,45.0,1,1,0,0,-1347.0,-939.0,41.0,84.0,1679.0,1679.0,13.0,13.0,1462.0,1462.0,52.0,52.0,1,1,0,-39.0,-39.0,-1.0,1,2.0,0.8,0.6,0.4,0.2,0.4,0.4,0.4,1.0,1.6,0.6,0.4,0.4,1.2857142857142858,0.7142857142857143,0.2857142857142857,0.42857142857142855,0.5,0.5,2.0,1.0
2014,3466.6,2435.0,23.0,21.0,1849.2,1200.8,42.0,43.0,1,1,0,0,1617.3999999999999,1234.2,-19.0,-22.0,1308.0,1308.0,80.0,80.0,1568.0,1568.0,24.0,24.0,1,1,0,56.0,56.0,-1.0,1,1.2,1.0,0.4,0.4,0.0,0.6,0.4,0.6,1.2,2.0,0.4,0.6,0.0,1.2,0.4,0.6,0.8,0.5,0.5,0.0,2.0
2014,4320.6,3096.2,14.0,18.0,5521.0,3100.6,8.0,17.0,1,1,0,0,-1200.3999999999996,-4.400000000000091,6.0,1.0,1776.0,1776.0,5.0,5.0,1679.0,1679.0,13.0,13.0,1,1,0,-8.0,-8.0,-1.0,1,1.8,0.8,0.4,0.4,0.4,0.4,0.4,0.4,0.8,1.4,0.4,0.4,0.4,0.8,0.4,0.4,0.2,0.5,0.5,1.5,0.5
2014,5949.2,5502.0,6.0,4.0,169.5,145.5,139.0,127.0,1,1,0,0,5779.7,5356.5,-133.0,-123.0,1776.0,1776.0,5.0,5.0,1477.0,1477.0,47.0,47.0,1,1,0,-42.0,-42.0,-2.0,1,1.0,1.6,0.2,0.2,0.2,0.6,0.2,0.6,1.6,1.6,0.2,0.4,0.0,1.4285714285714286,0.2857142857142857,0.42857142857142855,0.8571428571428571,1.0,1.0,0.0,2.0
2014,2223.4,1698.2,33.0,32.0,87.5,7.5,174.0,195.0,0,1,1,0,2135.9,1690.7,-141.0,-163.0,1679.0,1679.0,14.0,14.0,1647.0,1647.0,17.0,17.0,0,1,1,-3.0,-3.0,0.0,1,0.8,1.8,0.2,0.0,0.4,0.6,0.0,0.6,0.6,2.2,0.0,0.6,0.0,0.6,0.0,0.6,0.6,1.5,1.5,0.0,1.5
2014,430.8,242.8,90.0,103.0,1175.6,733.6,53.0,58.0,1,1,0,0,-744.8,-490.8,37.0,45.0,1476.0,1476.0,48.0,48.0,1679.0,1679.0,14.0,14.0,1,1,0,34.0,34.0,1.0,1,1.4,1.0,0.4,0.2,0.0,0.8,0.2,0.8,1.2,1.0,0.4,0.4,0.2,1.2,0.4,0.4,0.4,1.0,1.0,0.5,1.5
2014,6029.4,3165.0,5.0,16.0,16.5,4.5,240.0,204.0,1,1,0,0,6012.9,3160.5,-235.0,-188.0,1679.0,1679.0,13.0,13.0,1477.0,1477.0,47.0,47.0,1,1,0,-34.0,-34.0,1.0,1,1.4,0.2,0.6,0.8,0.2,0.2,0.8,0.2,0.8,2.4,0.0,0.8,0.0,0.8571428571428571,0.14285714285714285,0.7142857142857143,0.2857142857142857,0.0,0.0,0.3333333333333333,1.6666666666666667
2014,974.5,453.3,59.0,76.0,2855.4,1816.2,30.0,31.0,1,1,0,0,-1880.9,-1362.9,29.0,45.0,1886.0,1886.0,1.0,1.0,1679.0,1679.0,14.0,14.0,1,1,0,-13.0,-13.0,-1.0,1,1.6,0.8,0.6,0.4,0.2,0.4,0.4,0.4,2.2,0.4,0.8,0.0,0.6,2.2,0.8,0.0,0.4,0.0,0.0,2.0,1.0
2014,2951.0,1698.2,29.0,32.0,3708.7,2354.7,20.0,22.0,1,1,0,0,-757.6999999999998,-656.4999999999998,9.0,10.0,1776.0,1776.0,5.0,5.0,1476.0,1476.0,48.0,48.0,1,1,0,-43.0,-43.0,0.0,0,2.4,1.0,0.6,0.4,0.2,0.4,0.3333333333333333,0.5,2.0,1.6,0.6,0.2,0.0,1.6666666666666667,0.5,0.3333333333333333,0.6666666666666666,1.0,1.0,0.3333333333333333,2.0
2014,3658.9,3372.1,21.0,14.0,87.5,7.5,174.0,195.0,1,1,0,0,3571.4,3364.6,-153.0,-181.0,1886.0,1886.0,1.0,1.0,1647.0,1647.0,17.0,17.0,1,1,0,-16.0,-16.0,0.0,0,1.2,1.0,0.4,0.6,0.2,0.4,0.75,0.25,2.0,1.0,0.6,0.2,0.4,1.8333333333333333,0.6666666666666666,0.16666666666666666,0.3333333333333333,0.0,0.0,1.3333333333333333,1.1666666666666667
2014,61.0,25.0,190.0,171.0,3466.6,2435.0,23.0,21.0,1,1,0,0,-3405.6,-2410.0,167.0,150.0,1647.0,1647.0,17.0,17.0,1308.0,1308.0,80.0,80.0,1,1,0,-63.0,-63.0,-0.5,1,1.6,1.2,0.4,0.2,0.2,0.6,0.16666666666666666,0.6666666666666666,1.4,0.8,0.6,0.0,0.4,1.3333333333333333,0.5,0.16666666666666666,0.6666666666666666,0.6666666666666666,0.6666666666666666,1.3333333333333333,0.6666666666666667
2014,1865.3,1424.5,41.0,36.0,538.6,143.0,80.0,129.0,1,1,0,0,1326.6999999999998,1281.5,-39.0,-93.0,1308.0,1308.0,80.0,80.0,1679.0,1679.0,13.0,13.0,1,1,0,67.0,67.0,0.0,0,1.6,1.2,0.6,0.4,0.2,0.4,0.3333333333333333,0.3333333333333333,2.2,0.8,0.6,0.0,0.4,1.8333333333333333,0.5,0.16666666666666666,0.5,0.3333333333333333,0.3333333333333333,1.3333333333333333,1.6666666666666667
2014,3466.6,2435.0,23.0,21.0,61.0,25.0,190.0,171.0,1,1,0,0,3405.6,2410.0,-167.0,-150.0,1308.0,1308.0,80.0,80.0,1647.0,1647.0,17.0,17.0,1,1,0,63.0,63.0,0.3333333333333333,1,1.6,1.0,0.6,0.4,0.0,0.6,0.2857142857142857,0.7142857142857143,1.8,1.4,0.4,0.4,0.2,1.7142857142857142,0.42857142857142855,0.2857142857142857,0.7142857142857143,0.6666666666666666,0.6666666666666666,1.3333333333333333,1.0000000000000002
2014,2168.6,1377.0,37.0,38.0,4320.6,3096.2,14.0,18.0,1,1,0,0,-2152.0000000000005,-1719.1999999999998,23.0,20.0,1886.0,1886.0,1.0,1.0,1776.0,1776.0,5.0,5.0,1,1,0,-4.0,-4.0,0.0,0,1.4,1.4,0.4,0.2,0.2,0.6,0.16666666666666666,0.6666666666666666,1.6,0.6,0.8,0.2,0.6,1.5,0.8333333333333334,0.16666666666666666,0.16666666666666666,1.3333333333333333,1.3333333333333333,2.0,0.3333333333333335
2014,87.5,7.5,174.0,195.0,3658.9,3372.1,21.0,14.0,1,1,0,0,-3571.4,-3364.6,153.0,181.0,1647.0,1647.0,17.0,17.0,1886.0,1886.0,1.0,1.0,1,1,0,16.0,16.0,0.0,0,1.2,0.6,0.4,0.4,0.2,0.4,0.3333333333333333,0.3333333333333333,1.4,0.2,0.6,0.0,0.8,1.3333333333333333,0.6666666666666666,0.0,0.16666666666666666,0.3333333333333333,0.3333333333333333,2.3333333333333335,0.0
2014,2855.4,1816.2,30.0,31.0,5949.2,5502.0,6.0,4.0,1,1,0,0,-3093.7999999999997,-3685.8,24.0,27.0,1679.0,1679.0,14.0,14.0,1776.0,1776.0,5.0,5.0,1,1,0,9.0,9.0,-1.0,1,1.8,1.4,0.4,0.2,0.2,0.6,0.42857142857142855,0.42857142857142855,1.4,0.6,0.6,0.2,0.6,1.2222222222222223,0.5555555555555556,0.2222222222222222,0.3333333333333333,0.3333333333333333,0.3333333333333333,1.0,2.0
2014,430.8,242.8,90.0,103.0,3261.3,2334.5,26.0,23.0,1,1,0,0,-2830.5,-2091.7,64.0,80.0,1476.0,1476.0,48.0,48.0,1886.0,1886.0,1.0,1.0,1,1,0,47.0,47.0,0.0,0,1.2,1.6,0.4,0.2,0.4,0.4,0.3333333333333333,0.3333333333333333,1.4,1.0,0.4,0.0,0.2,1.3333333333333333,0.5,0.0,0.6666666666666666,1.3333333333333333,1.3333333333333333,1.6666666666666667,-0.3333333333333335
2014,2223.4,1698.2,33.0,32.0,652.4,212.0,69.0,111.0,0,1,1,0,1571.0,1486.2,-36.0,-79.0,1679.0,1679.0,14.0,14.0,1462.0,1462.0,52.0,52.0,0,1,1,-38.0,-38.0,0.0,0,2.2,0.6,0.8,0.6,0.0,0.4,0.5,0.3333333333333333,1.6,1.4,0.4,0.2,0.4,1.6666666666666667,0.3333333333333333,0.16666666666666666,0.6666666666666666,0.0,0.0,1.6666666666666667,1.3333333333333333
2014,538.6,143.0,80.0,129.0,1865.3,1424.5,41.0,36.0,1,1,0,0,-1326.6999999999998,-1281.5,39.0,93.0,1679.0,1679.0,13.0,13.0,1308.0,1308.0,80.0,80.0,1,1,0,-67.0,-67.0,-1.0,1,1.2,0.8,0.6,0.4,0.4,0.2,0.5714285714285714,0.14285714285714285,1.4,1.4,0.4,0.2,0.2,1.2857142857142858,0.42857142857142855,0.2857142857142857,0.5714285714285714,0.0,0.0,0.3333333333333333,2.6666666666666665
2014,3261.3,2334.5,26.0,23.0,430.8,242.8,90.0,103.0,1,1,0,0,2830.5,2091.7,-64.0,-80.0,1886.0,1886.0,1.0,1.0,1476.0,1476.0,48.0,48.0,1,1,0,-47.0,-47.0,-2.0,1,1.4,1.0,0.4,0.4,0.2,0.4,0.2857142857142857,0.42857142857142855,1.8,1.2,0.6,0.2,0.4,1.4285714285714286,0.5714285714285714,0.2857142857142857,0.2857142857142857,0.6666666666666666,0.6666666666666666,0.3333333333333333,2.0
2014,3708.7,2354.7,20.0,22.0,2951.0,1698.2,29.0,32.0,1,1,0,0,757.6999999999998,656.4999999999998,-9.0,-10.0,1476.0,1476.0,48.0,48.0,1776.0,1776.0,5.0,5.0,1,1,0,43.0,43.0,0.0,1,1.6,1.6,0.4,0.0,0.2,0.8,0.0,0.7142857142857143,1.6,1.0,0.4,0.2,0.4,2.0,0.42857142857142855,0.2857142857142857,0.5714285714285714,1.3333333333333333,1.3333333333333333,1.0,2.0
2014,4320.6,3096.2,14.0,18.0,2168.6,1377.0,37.0,38.0,1,1,0,0,2152.0000000000005,1719.1999999999998,-23.0,-20.0,1776.0,1776.0,5.0,5.0,1886.0,1886.0,1.0,1.0,1,1,0,4.0,4.0,-1.0,1,0.8,0.4,0.4,0.6,0.4,0.2,0.7142857142857143,0.14285714285714285,1.2,0.6,0.4,0.2,0.4,1.0,0.42857142857142855,0.2857142857142857,0.2857142857142857,0.0,0.0,0.3333333333333333,2.0
2014,652.4,212.0,69.0,111.0,2209.0,1698.2,34.0,32.0,1,0,0,1,-1556.6,-1486.2,35.0,79.0,1462.0,1462.0,52.0,52.0,1679.0,1679.0,14.0,14.0,1,0,1,38.0,38.0,0.0,1,1.4,1.2,0.4,0.6,0.2,0.4,0.42857142857142855,0.5714285714285714,1.6,0.6,0.6,0.2,0.6,1.5714285714285714,0.5714285714285714,0.2857142857142857,0.2857142857142857,2.0,2.0,1.0,0.33333333333333326
2014,5949.2,5502.0,6.0,4.0,2855.4,1816.2,30.0,31.0,1,1,0,0,3093.7999999999997,3685.8,-24.0,-27.0,1776.0,1776.0,5.0,5.0,1679.0,1679.0,14.0,14.0,1,1,0,-9.0,-9.0,-1.0,1,1.0,1.0,0.2,0.2,0.2,0.6,0.2857142857142857,0.5714285714285714,1.4,1.0,0.6,0.2,0.4,1.1428571428571428,0.5714285714285714,0.2857142857142857,0.2857142857142857,0.6666666666666666,0.6666666666666666,2.0,0.3333333333333335
2014,430.8,242.8,90.0,103.0,2209.0,1698.2,34.0,32.0,1,0,0,1,-1778.2,-1455.4,56.0,71.0,1476.0,1476.0,48.0,48.0,1679.0,1679.0,14.0,14.0,1,0,1,34.0,34.0,0.0,0,1.4,1.4,0.4,0.2,0.2,0.6,0.25,0.625,1.6,0.6,0.6,0.2,0.6,1.5,0.625,0.25,0.25,1.0,1.0,1.5,1.0
2014,2168.6,1377.0,37.0,38.0,2951.0,1698.2,29.0,32.0,1,1,0,0,-782.4000000000001,-321.20000000000005,8.0,6.0,1886.0,1886.0,1.0,1.0,1776.0,1776.0,5.0,5.0,1,1,0,-4.0,-4.0,0.0,0,1.0,0.6,0.4,0.4,0.4,0.2,0.375,0.25,2.0,0.6,0.6,0.0,0.6,2.0,0.5,0.25,0.5,0.25,0.25,1.5,1.0
2014,2855.4,1816.2,30.0,31.0,538.6,143.0,80.0,129.0,1,1,0,0,2316.8,1673.2,-50.0,-98.0,1679.0,1679.0,14.0,14.0,1679.0,1679.0,13.0,13.0,1,1,0,1.0,1.0,0.0,0,1.2,0.8,0.6,0.4,0.2,0.4,0.375,0.375,1.4,1.0,0.4,0.2,0.4,1.625,0.5,0.25,0.375,1.0,1.0,1.0,0.75
2014,3658.9,3372.1,21.0,14.0,3466.6,2435.0,23.0,21.0,1,1,0,0,192.30000000000018,937.0999999999999,-2.0,-7.0,1886.0,1886.0,1.0,1.0,1308.0,1308.0,80.0,80.0,1,1,0,-79.0,-79.0,0.0,0,1.6,0.2,0.8,0.8,0.2,0.2,0.7,0.3,1.4,0.8,0.6,0.0,0.4,1.375,0.375,0.125,0.75,0.2,0.2,1.25,1.35
2014,2223.4,1698.2,33.0,32.0,430.8,242.8,90.0,103.0,0,1,1,0,1792.6000000000001,1455.4,-57.0,-71.0,1679.0,1679.0,14.0,14.0,1476.0,1476.0,48.0,48.0,0,1,1,-34.0,-34.0,-1.0,1,1.4,0.4,0.6,0.6,0.4,0.2,0.5555555555555556,0.2222222222222222,1.4,1.2,0.6,0.2,0.4,1.3333333333333333,0.4444444444444444,0.2222222222222222,0.5555555555555556,0.0,0.0,0.5,2.0
2014,2951.0,1698.2,29.0,32.0,2168.6,1377.0,37.0,38.0,1,1,0,0,782.4000000000001,321.20000000000005,-8.0,-6.0,1776.0,1776.0,5.0,5.0,1886.0,1886.0,1.0,1.0,1,1,0,4.0,4.0,-1.0,1,1.6,0.4,0.6,0.6,0.2,0.2,0.3333333333333333,0.4444444444444444,1.2,0.4,0.6,0.2,0.6,0.8888888888888888,0.4444444444444444,0.3333333333333333,0.2222222222222222,1.0,1.0,0.25,1.75
2014,3466.6,2435.0,23.0,21.0,3658.9,3372.1,21.0,14.0,1,1,0,0,-192.30000000000018,-937.0999999999999,2.0,7.0,1308.0,1308.0,80.0,80.0,1886.0,1886.0,1.0,1.0,1,1,0,79.0,79.0,2.0,1,1.4,0.6,0.6,0.6,0.2,0.2,0.4444444444444444,0.3333333333333333,1.0,1.2,0.4,0.4,0.2,1.0,0.4444444444444444,0.3333333333333333,0.3333333333333333,0.5,0.5,1.75,0.75
2014,538.6,143.0,80.0,129.0,2855.4,1816.2,30.0,31.0,1,1,0,0,-2316.8,-1673.2,50.0,98.0,1679.0,1679.0,13.0,13.0,1679.0,1679.0,14.0,14.0,1,1,0,-1.0,-1.0,0.0,1,1.4,1.0,0.4,0.2,0.0,0.8,0.2222222222222222,0.7777777777777778,1.4,0.4,0.6,0.0,0.6,1.2,0.5,0.2,0.4,0.75,0.75,1.4,0.6000000000000001
2015,430.8,242.8,90.0,103.0,538.6,143.0,80.0,129.0,1,1,0,0,-107.80000000000001,99.80000000000001,10.0,-26.0,1476.0,1476.0,48.0,48.0,1679.0,1679.0,13.0,13.0,1,1,0,35.0,35.0,0.0,0,1.4,0.8,0.6,0.6,0.2,0.4,0.4,0.5,1.2,0.6,0.6,0.2,0.6,1.6,0.6,0.2,0.3,0.8,0.8,1.4,1.2000000000000002
2015,2168.6,1377.0,37.0,38.0,3466.6,2435.0,23.0,21.0,1,1,0,0,-1298.0,-1058.0,14.0,17.0,1886.0,1886.0,1.0,1.0,1308.0,1308.0,80.0,80.0,1,1,0,-79.0,-79.0,0.0,0,1.2,0.4,0.6,0.6,0.2,0.2,0.4,0.3,1.4,1.0,0.4,0.0,0.2,1.3,0.4,0.1,0.7,0.2,0.2,1.2,1.4000000000000001
2015,538.6,143.0,80.0,129.0,430.8,242.8,90.0,103.0,1,1,0,0,107.80000000000001,-99.80000000000001,-10.0,26.0,1679.0,1679.0,13.0,13.0,1476.0,1476.0,48.0,48.0,1,1,0,-35.0,-35.0,-2.0,1,1.0,0.8,0.6,0.6,0.4,0.0,0.5,0.3,1.2,0.4,0.6,0.0,0.8,1.3,0.5,0.1,0.4,0.4,0.4,0.6,2.0
2015,3466.6,2435.0,23.0,21.0,2168.6,1377.0,37.0,38.0,1,1,0,0,1298.0,1058.0,-14.0,-17.0,1308.0,1308.0,80.0,80.0,1886.0,1886.0,1.0,1.0,1,1,0,79.0,79.0,-5.0,1,1.0,1.8,0.2,0.2,0.2,0.6,0.3,0.6,1.6,0.4,0.6,0.2,0.6,1.4,0.5,0.2,0.3,0.6,0.6,0.4,1.8000000000000003
2015,430.8,242.8,90.0,103.0,2168.6,1377.0,37.0,38.0,1,1,0,0,-1737.8,-1134.2,53.0,65.0,1476.0,1476.0,48.0,48.0,1886.0,1886.0,1.0,1.0,1,1,0,47.0,47.0,0.0,0,1.0,0.6,0.4,0.6,0.4,0.2,0.4,0.4,1.4,0.6,0.4,0.4,0.4,1.3,0.4,0.3,0.3,0.8,0.6666666666666666,0.3333333333333333,2.333333333333333
2015,2168.6,1377.0,37.0,38.0,430.8,242.8,90.0,103.0,1,1,0,0,1737.8,1134.2,-53.0,-65.0,1886.0,1886.0,1.0,1.0,1476.0,1476.0,48.0,48.0,1,1,0,-47.0,-47.0,0.0,1,1.6,0.6,0.4,0.4,0.2,0.4,0.4,0.3,0.8,0.4,0.4,0.2,0.6,1.1,0.4,0.2,0.4,0.2,0.16666666666666666,0.5,2.1666666666666665
2015,1879.8,1411.0,40.0,37.0,838.2,653.8,62.0,64.0,1,1,0,0,1041.6,757.2,-22.0,-27.0,1483.0,1483.0,42.0,42.0,1886.0,1886.0,1.0,1.0,1,1,0,41.0,41.0,0.0,0,0.0,0.0,0.0,0.0,0.0,0.0,0.0,0.0,0.0,0.0,0.0,0.0,0.0,0.0,0.0,0.0,0.0,0.0,0.0,0.0,0.0
2015,72.0,0.0,181.0,230.0,1865.3,1424.5,41.0,36.0,1,1,0,0,-1793.3,-1424.5,140.0,194.0,1647.0,1647.0,17.0,17.0,1308.0,1308.0,80.0,80.0,1,1,0,-63.0,-63.0,0.0,0,1.0,1.0,0.5,0.0,0.5,0.5,0.0,0.5,1.4,1.6,0.4,0.4,0.2,1.25,0.5,0.375,0.25,1.0,1.0,0.25,2.75
2015,3525.7,2837.7,22.0,19.0,1047.0,693.0,58.0,61.0,1,1,0,0,2478.7,2144.7,-36.0,-42.0,1776.0,1776.0,5.0,5.0,1679.0,1679.0,14.0,14.0,1,1,0,-9.0,-9.0,0.0,0,0.0,0.0,0.0,0.0,0.0,0.0,0.0,0.0,0.0,0.0,0.0,0.0,0.0,0.0,0.0,0.0,0.0,0.0,0.0,0.0,0.0
2015,1298.0,1054.0,50.0,48.0,3708.7,2354.7,20.0,22.0,1,1,0,0,-2410.7,-1300.6999999999998,30.0,26.0,1477.0,1477.0,47.0,47.0,1476.0,1476.0,48.0,48.0,1,1,0,-1.0,-1.0,0.0,0,0.0,0.0,0.0,0.0,0.0,0.0,0.0,0.0,1.2,1.6,0.4,0.4,0.0,1.375,0.375,0.375,0.625,0.0,0.0,0.5,-0.5
2015,4128.4,4104.4,16.0,10.0,3905.4,2618.6,18.0,20.0,1,1,0,0,222.99999999999955,1485.7999999999997,-2.0,-10.0,1568.0,1568.0,24.0,24.0,1886.0,1886.0,1.0,1.0,1,1,0,23.0,23.0,0.0,0,0.0,0.0,0.0,0.0,0.0,0.0,0.0,0.0,0.8,2.4,0.0,0.8,0.0,0.75,0.125,0.75,0.25,0.0,0.0,0.25,-0.25
2015,1257.1,1127.1,52.0,44.0,5521.0,3100.6,8.0,17.0,1,1,0,0,-4263.9,-1973.5,44.0,27.0,1462.0,1462.0,52.0,52.0,1679.0,1679.0,13.0,13.0,1,1,0,39.0,39.0,0.0,0,1.6,1.6,0.4,0.0,0.4,0.6,0.0,0.6666666666666666,0.0,0.0,0.0,0.0,0.0,0.0,0.0,0.0,0.0,1.3333333333333333,1.3333333333333333,0.0,1.6666666666666667
2015,838.2,653.8,62.0,64.0,1879.8,1411.0,40.0,37.0,1,1,0,0,-1041.6,-757.2,22.0,27.0,1886.0,1886.0,1.0,1.0,1483.0,1483.0,42.0,42.0,1,1,0,-41.0,-41.0,4.0,1,4.0,0.0,1.0,1.0,0.0,0.0,1.0,0.0,0.0,4.0,0.0,1.0,0.0,0.0,0.0,1.0,0.0,0.0,0.0,0.0,0.0
2015,1865.3,1424.5,41.0,36.0,72.0,0.0,181.0,230.0,1,1,0,0,1793.3,1424.5,-140.0,-194.0,1308.0,1308.0,80.0,80.0,1647.0,1647.0,17.0,17.0,1,1,0,63.0,63.0,0.0,1,1.6,1.4,0.4,0.2,0.2,0.6,0.3333333333333333,0.3333333333333333,1.0,1.0,0.3333333333333333,0.3333333333333333,0.0,1.0,0.3333333333333333,0.3333333333333333,0.6666666666666666,0.25,0.25,0.0,3.0
2015,1047.0,693.0,58.0,61.0,3525.7,2837.7,22.0,19.0,1,1,0,0,-2478.7,-2144.7,36.0,42.0,1679.0,1679.0,14.0,14.0,1776.0,1776.0,5.0,5.0,1,1,0,9.0,9.0,-4.0,1,0.0,4.0,0.0,0.0,1.0,0.0,0.0,0.0,4.0,0.0,1.0,0.0,1.0,4.0,1.0,0.0,0.0,0.0,0.0,0.0,0.0
2015,3708.7,2354.7,20.0,22.0,1298.0,1054.0,50.0,48.0,1,1,0,0,2410.7,1300.6999999999998,-30.0,-26.0,1476.0,1476.0,48.0,48.0,1477.0,1477.0,47.0,47.0,1,1,0,1.0,1.0,-1.0,1,1.0,1.8,0.2,0.0,0.4,0.6,0.0,0.6666666666666666,2.0,1.0,1.0,0.0,0.0,2.0,1.0,0.0,1.0,1.5,1.5,0.0,2.25
2015,3905.4,2618.6,18.0,20.0,4128.4,4104.4,16.0,10.0,1,1,0,0,-222.99999999999955,-1485.7999999999997,2.0,10.0,1886.0,1886.0,1.0,1.0,1568.0,1568.0,24.0,24.0,1,1,0,-23.0,-23.0,-1.0,1,0.0,1.0,0.0,0.0,1.0,0.0,0.0,0.0,1.8,1.4,0.6,0.2,0.2,1.5714285714285714,0.42857142857142855,0.2857142857142857,0.5714285714285714,0.0,0.0,1.0,-1.0
2015,5521.0,3100.6,8.0,17.0,1257.1,1127.1,52.0,44.0,1,1,0,0,4263.9,1973.5,-44.0,-27.0,1679.0,1679.0,13.0,13.0,1462.0,1462.0,52.0,52.0,1,1,0,-39.0,-39.0,-1.0,1,0.8,1.8,0.0,0.0,0.6,0.4,0.1111111111111111,0.2222222222222222,1.0,0.0,1.0,0.0,1.0,1.0,1.0,0.0,0.0,1.5,1.5,0.0,0.75
2015,136.5,32.5,154.0,165.0,1175.6,733.6,53.0,58.0,1,1,0,0,-1039.1,-701.1,101.0,107.0,1647.0,1647.0,17.0,17.0,1679.0,1679.0,14.0,14.0,1,1,0,3.0,3.0,0.0,0,0.0,0.0,0.0,0.0,0.0,0.0,0.0,0.0,1.4,2.0,0.0,0.6,0.0,1.5,0.25,0.5,0.875,0.0,0.0,0.0,0.0
2015,1298.0,1054.0,50.0,48.0,5312.7,4789.9,9.0,5.0,1,1,0,0,-4014.7,-3735.8999999999996,41.0,43.0,1477.0,1477.0,47.0,47.0,1886.0,1886.0,1.0,1.0,1,1,0,46.0,46.0,0.0,0,2.0,1.5,0.5,0.0,0.0,1.0,0.0,1.0,0.0,0.0,0.0,0.0,0.0,0.0,0.0,0.0,0.0,1.0,1.0,0.0,3.0
2015,403.6,251.6,95.0,101.0,169.5,145.5,139.0,127.0,1,1,0,0,234.10000000000002,106.1,-44.0,-26.0,1679.0,1679.0,13.0,13.0,1477.0,1477.0,47.0,47.0,1,1,0,-34.0,-34.0,0.0,0,0.0,0.0,0.0,0.0,0.0,0.0,0.0,0.0,1.2,1.0,0.4,0.4,0.2,1.0,0.3333333333333333,0.5,0.3333333333333333,0.0,0.0,0.3333333333333333,-0.3333333333333333
2015,1865.3,1424.5,41.0,36.0,4408.1,3289.3,13.0,15.0,1,1,0,0,-2542.8,-1864.8000000000002,28.0,21.0,1308.0,1308.0,80.0,80.0,1776.0,1776.0,5.0,5.0,1,1,0,75.0,75.0,0.0,0,1.4,0.8,0.6,0.4,0.2,0.4,0.4,0.3,0.0,0.0,0.0,0.0,0.0,0.0,0.0,0.0,0.0,0.2,0.2,0.0,3.0
2015,1885.6,1082.0,39.0,45.0,1849.2,1200.8,42.0,43.0,1,1,0,0,36.399999999999864,-118.79999999999995,-3.0,2.0,1462.0,1462.0,52.0,52.0,1568.0,1568.0,24.0,24.0,1,1,0,28.0,28.0,0.0,0,1.0,1.8,0.4,0.2,0.2,0.6,0.375,0.5,1.0,2.2,0.2,0.8,0.0,1.1666666666666667,0.3333333333333333,0.6666666666666666,0.8333333333333334,0.5,0.5,0.0,2.25
2015,138.0,0.0,152.0,224.0,2064.1,1300.1,38.0,39.0,1,1,0,0,-1926.1,-1300.1,114.0,185.0,1776.0,1776.0,5.0,5.0,1483.0,1483.0,42.0,42.0,1,1,0,-37.0,-37.0,0.0,0,1.0,1.0,0.5,0.5,0.0,0.5,0.5,0.5,0.0,0.0,0.0,0.0,0.0,0.0,0.0,0.0,0.0,0.0,0.0,0.0,3.0
2015,281.5,37.5,111.0,161.0,79.0,3.0,177.0,210.0,1,1,0,0,202.5,34.5,-66.0,-49.0,1647.0,1647.0,17.0,17.0,1483.0,1483.0,42.0,42.0,1,1,0,-25.0,-25.0,0.0,0,0.0,0.0,0.0,0.0,0.0,0.0,0.0,0.0,0.8,0.8,0.2,0.2,0.2,1.125,0.375,0.125,0.625,0.0,0.0,1.25,-1.25
2015,3525.7,2837.7,22.0,19.0,5631.5,3866.7,7.0,11.0,1,1,0,0,-2105.8,-1029.0,15.0,8.0,1776.0,1776.0,5.0,5.0,1776.0,1776.0,5.0,5.0,1,1,0,0.0,0.0,0.0,0,0.0,0.0,0.0,0.0,0.0,0.0,0.0,0.0,0.0,0.0,0.0,0.0,0.0,0.0,0.0,0.0,0.0,0.0,0.0,0.0,0.0
2015,3366.5,2094.5,25.0,28.0,5949.2,5502.0,6.0,4.0,1,1,0,0,-2582.7,-3407.5,19.0,24.0,1462.0,1462.0,52.0,52.0,1776.0,1776.0,5.0,5.0,1,1,0,47.0,47.0,0.0,0,1.0,2.0,0.0,0.0,0.5,0.5,0.0,0.5,1.5,1.5,0.5,0.5,0.0,1.5,0.5,0.5,1.0,3.0,3.0,0.0,0.0
2015,1257.1,1127.1,52.0,44.0,7360.0,4574.8,4.0,6.0,1,1,0,0,-6102.9,-3447.7000000000003,48.0,38.0,1462.0,1462.0,52.0,52.0,1886.0,1886.0,1.0,1.0,1,1,0,51.0,51.0,0.0,0,2.5,0.5,0.5,0.5,0.0,0.5,0.5,0.5,0.0,0.0,0.0,0.0,0.0,0.0,0.0,0.0,0.0,0.0,0.0,0.0,3.0
2015,547.6,385.6,77.0,86.0,2168.6,1377.0,37.0,38.0,1,1,0,0,-1621.0,-991.4,40.0,48.0,1679.0,1679.0,13.0,13.0,1886.0,1886.0,1.0,1.0,1,1,0,12.0,12.0,0.0,0,0.0,0.0,0.0,0.0,0.0,0.0,0.0,0.0,1.6,0.6,0.4,0.2,0.4,1.4,0.5,0.2,0.3,0.0,0.0,0.42857142857142855,-0.42857142857142855
2015,4007.8,3412.2,17.0,13.0,2855.4,1816.2,30.0,31.0,1,1,0,0,1152.4,1595.9999999999998,-13.0,-18.0,1476.0,1476.0,48.0,48.0,1679.0,1679.0,14.0,14.0,1,1,0,34.0,34.0,0.0,0,0.0,0.0,0.0,0.0,0.0,0.0,0.0,0.0,1.0,1.0,0.4,0.4,0.2,0.9,0.4,0.4,0.3,0.0,0.0,1.4,-1.4
2015,201.3,112.5,127.0,144.0,8762.8,6136.0,3.0,3.0,1,1,0,0,-8561.5,-6023.5,124.0,141.0,1308.0,1308.0,80.0,80.0,1886.0,1886.0,1.0,1.0,1,1,0,79.0,79.0,0.0,0,0.0,0.0,0.0,0.0,0.0,0.0,0.0,0.0,0.0,0.0,0.0,0.0,0.0,0.0,0.0,0.0,0.0,0.0,0.0,0.0,0.0
2015,1849.2,1200.8,42.0,43.0,1865.3,1424.5,41.0,36.0,1,1,0,0,-16.09999999999991,-223.70000000000005,1.0,7.0,1568.0,1568.0,24.0,24.0,1308.0,1308.0,80.0,80.0,1,1,0,-56.0,-56.0,0.0,0,1.0,1.6,0.4,0.2,0.2,0.6,0.14285714285714285,0.7142857142857143,1.6,0.8,0.6,0.2,0.4,1.6,0.6,0.2,0.4,1.3333333333333333,1.3333333333333333,0.4,1.6
2015,838.2,653.8,62.0,64.0,2209.0,1698.2,34.0,32.0,1,0,0,1,-1370.8,-1044.4,28.0,32.0,1886.0,1886.0,1.0,1.0,1679.0,1679.0,14.0,14.0,1,0,1,-13.0,-13.0,0.0,0,2.0,0.0,0.5,1.0,0.5,0.0,1.0,0.0,0.0,0.0,0.0,0.0,0.0,0.0,0.0,0.0,0.0,0.0,0.0,0.0,1.0
2015,5312.7,4789.9,9.0,5.0,138.0,0.0,152.0,224.0,1,1,0,0,5174.7,4789.9,-143.0,-219.0,1886.0,1886.0,1.0,1.0,1776.0,1776.0,5.0,5.0,1,1,0,-4.0,-4.0,0.0,0,5.0,0.0,1.0,1.0,0.0,0.0,1.0,0.0,1.3333333333333333,2.0,0.0,0.6666666666666666,0.0,1.3333333333333333,0.0,0.6666666666666666,0.6666666666666666,0.0,0.0,0.0,0.0
2015,2064.1,1300.1,38.0,39.0,1298.0,1054.0,50.0,48.0,1,1,0,0,766.0999999999999,246.0999999999999,-12.0,-9.0,1483.0,1483.0,42.0,42.0,1477.0,1477.0,47.0,47.0,1,1,0,-5.0,-5.0,0.0,0,1.6666666666666667,1.6666666666666667,0.3333333333333333,0.0,0.0,1.0,0.0,1.0,1.3333333333333333,2.6666666666666665,0.3333333333333333,0.3333333333333333,0.0,1.3333333333333333,0.3333333333333333,0.3333333333333333,0.6666666666666666,1.0,1.0,1.0,2.0
2015,2247.0,1267.4,32.0,42.0,2951.0,1698.2,29.0,32.0,1,1,0,0,-704.0,-430.79999999999995,3.0,10.0,1483.0,1483.0,42.0,42.0,1776.0,1776.0,5.0,5.0,1,1,0,37.0,37.0,0.0,0,0.6,1.0,0.2,0.2,0.4,0.4,0.2222222222222222,0.5555555555555556,0.0,1.0,0.0,1.0,0.0,0.0,0.0,1.0,0.0,0.75,0.75,0.0,2.0
2015,5631.5,3866.7,7.0,11.0,547.6,385.6,77.0,86.0,1,1,0,0,5083.9,3481.1,-70.0,-75.0,1776.0,1776.0,5.0,5.0,1679.0,1679.0,13.0,13.0,1,1,0,-8.0,-8.0,0.0,0,2.0,0.5,0.5,0.5,0.5,0.0,0.5,0.0,0.0,0.0,0.0,0.0,0.0,0.0,0.0,0.0,0.0,0.0,0.0,0.0,3.0
2015,3905.4,2618.6,18.0,20.0,3176.6,2162.6,28.0,27.0,1,1,0,0,728.8000000000002,456.0,-10.0,-7.0,1886.0,1886.0,1.0,1.0,1568.0,1568.0,24.0,24.0,1,1,0,-23.0,-23.0,0.0,0,0.6,1.8,0.0,0.0,0.8,0.2,0.0,0.16666666666666666,1.4,0.6,0.4,0.2,0.4,1.7,0.4,0.3,0.5,1.6666666666666667,1.6666666666666667,1.2,-0.8666666666666667
2015,5949.2,5502.0,6.0,4.0,136.5,32.5,154.0,165.0,1,1,0,0,5812.7,5469.5,-148.0,-161.0,1776.0,1776.0,5.0,5.0,1647.0,1647.0,17.0,17.0,1,1,0,-12.0,-12.0,0.0,0,0.0,2.0,0.0,0.0,1.0,0.0,0.0,0.0,1.0,2.0,0.0,1.0,0.0,1.0,0.0,1.0,1.0,0.0,0.0,0.0,0.0
2015,7360.0,4574.8,4.0,6.0,403.6,251.6,95.0,101.0,1,1,0,0,6956.4,4323.2,-91.0,-95.0,1886.0,1886.0,1.0,1.0,1679.0,1679.0,13.0,13.0,1,1,0,-12.0,-12.0,0.0,0,2.0,0.0,1.0,1.0,0.0,0.0,1.0,0.0,3.0,2.0,1.0,0.0,0.0,3.0,1.0,0.0,1.0,0.0,0.0,0.0,0.0
2015,4408.1,3289.3,13.0,15.0,1885.6,1082.0,39.0,45.0,1,1,0,0,2522.5000000000005,2207.3,-26.0,-30.0,1776.0,1776.0,5.0,5.0,1462.0,1462.0,52.0,52.0,1,1,0,-47.0,-47.0,0.0,0,1.0,3.0,0.0,0.0,0.0,1.0,0.0,1.0,0.8,1.0,0.4,0.4,0.2,1.1111111111111112,0.5555555555555556,0.3333333333333333,0.4444444444444444,0.0,0.0,1.75,-1.75
2015,1175.6,733.6,53.0,58.0,3366.5,2094.5,25.0,28.0,1,1,0,0,-2190.9,-1360.9,28.0,30.0,1679.0,1679.0,14.0,14.0,1462.0,1462.0,52.0,52.0,1,1,0,-38.0,-38.0,0.0,0,1.4,1.6,0.2,0.2,0.0,0.8,0.2222222222222222,0.7777777777777778,2.0,0.0,1.0,0.0,1.0,2.0,1.0,0.0,0.0,1.0,1.0,0.0,2.0
2015,169.5,145.5,139.0,127.0,1257.1,1127.1,52.0,44.0,1,1,0,0,-1087.6,-981.5999999999999,87.0,83.0,1477.0,1477.0,47.0,47.0,1462.0,1462.0,52.0,52.0,1,1,0,-5.0,-5.0,0.0,0,1.6,1.4,0.4,0.2,0.2,0.6,0.14285714285714285,0.42857142857142855,0.6666666666666666,1.3333333333333333,0.3333333333333333,0.6666666666666666,0.3333333333333333,0.6666666666666666,0.3333333333333333,0.6666666666666666,0.3333333333333333,0.6666666666666666,0.6666666666666666,0.0,2.0
2015,3176.6,2162.6,28.0,27.0,4007.8,3412.2,17.0,13.0,1,1,0,0,-831.2000000000003,-1249.6,11.0,14.0,1568.0,1568.0,24.0,24.0,1476.0,1476.0,48.0,48.0,1,1,0,-24.0,-24.0,0.0,0,0.0,3.0,0.0,0.0,1.0,0.0,0.0,0.0,2.0,2.0,0.0,0.0,0.0,2.0,0.0,0.0,1.0,0.0,0.0,0.0,0.0
2015,2951.0,1698.2,29.0,32.0,838.2,653.8,62.0,64.0,1,1,0,0,2112.8,1044.4,-33.0,-32.0,1776.0,1776.0,5.0,5.0,1886.0,1886.0,1.0,1.0,1,1,0,4.0,4.0,0.0,0,0.8,0.6,0.2,0.4,0.4,0.4,0.4,0.4,2.0,0.6666666666666666,0.3333333333333333,0.0,0.6666666666666666,2.0,0.3333333333333333,0.0,0.3333333333333333,1.0,1.0,3.0,-1.2
2015,2223.4,1698.2,33.0,32.0,2247.0,1267.4,32.0,42.0,0,1,1,0,-23.59999999999991,430.79999999999995,1.0,-10.0,1679.0,1679.0,14.0,14.0,1483.0,1483.0,42.0,42.0,0,1,1,-28.0,-28.0,0.0,0,2.0,2.0,0.0,0.0,0.0,1.0,0.0,1.0,0.6,1.6,0.0,0.6,0.2,0.42857142857142855,0.0,0.7142857142857143,0.14285714285714285,0.0,0.0,0.0,0.0
2015,3366.5,2094.5,25.0,28.0,136.5,32.5,154.0,165.0,1,1,0,0,3230.0,2062.0,-129.0,-137.0,1462.0,1462.0,52.0,52.0,1647.0,1647.0,17.0,17.0,1,1,0,35.0,35.0,0.0,0,1.8,0.6,0.6,0.4,0.2,0.4,0.5,0.3,2.3333333333333335,0.3333333333333333,0.6666666666666666,0.0,0.6666666666666666,2.3333333333333335,0.6666666666666666,0.0,0.3333333333333333,0.0,0.14285714285714285,1.0,1.7142857142857144
2015,4408.1,3289.3,13.0,15.0,1849.2,1200.8,42.0,43.0,1,1,0,0,2558.9000000000005,2088.5,-29.0,-28.0,1776.0,1776.0,5.0,5.0,1568.0,1568.0,24.0,24.0,1,1,0,-19.0,-19.0,0.0,0,2.0,2.0,0.5,0.0,0.0,1.0,0.0,1.0,1.2,1.4,0.4,0.6,0.4,1.375,0.5,0.5,0.625,1.0,1.0,0.75,2.25
2015,2168.6,1377.0,37.0,38.0,3525.7,2837.7,22.0,19.0,1,1,0,0,-1357.1,-1460.6999999999998,15.0,19.0,1886.0,1886.0,1.0,1.0,1776.0,1776.0,5.0,5.0,1,1,0,-4.0,-4.0,0.0,0,1.5,1.5,0.5,0.5,0.0,0.5,0.5,0.5,0.5,0.5,0.5,0.5,0.5,0.5,0.5,0.5,0.0,0.0,0.0,3.0,0.0
2015,1885.6,1082.0,39.0,45.0,1865.3,1424.5,41.0,36.0,1,1,0,0,20.299999999999955,-342.5,-2.0,9.0,1462.0,1462.0,52.0,52.0,1308.0,1308.0,80.0,80.0,1,1,0,-28.0,-28.0,0.0,0,0.6,1.4,0.2,0.2,0.4,0.4,0.3,0.5,1.2,1.4,0.4,0.4,0.2,1.5,0.5,0.3,0.4,0.6,0.6,0.3333333333333333,1.4666666666666668
2015,8762.8,6136.0,3.0,3.0,281.5,37.5,111.0,161.0,1,1,0,0,8481.3,6098.5,-108.0,-158.0,1886.0,1886.0,1.0,1.0,1647.0,1647.0,17.0,17.0,1,1,0,-16.0,-16.0,0.0,0,0.0,2.0,0.0,0.0,1.0,0.0,0.0,0.0,3.0,0.0,1.0,0.0,1.0,3.0,1.0,0.0,0.0,0.0,0.0,0.0,0.0
2015,2855.4,1816.2,30.0,31.0,3905.4,2618.6,18.0,20.0,1,1,0,0,-1050.0,-802.3999999999999,12.0,11.0,1679.0,1679.0,14.0,14.0,1886.0,1886.0,1.0,1.0,1,1,0,13.0,13.0,0.0,0,0.8,1.2,0.2,0.2,0.4,0.4,0.2,0.4,2.3333333333333335,0.3333333333333333,0.6666666666666666,0.3333333333333333,0.6666666666666666,2.3333333333333335,0.6666666666666666,0.3333333333333333,0.0,1.2,1.2,0.0,1.4
2015,79.0,3.0,177.0,210.0,201.3,112.5,127.0,144.0,1,1,0,0,-122.30000000000001,-109.5,50.0,66.0,1483.0,1483.0,42.0,42.0,1308.0,1308.0,80.0,80.0,1,1,0,-38.0,-38.0,0.0,0,0.0,3.0,0.0,0.0,1.0,0.0,0.0,0.0,2.0,0.0,1.0,0.0,1.0,2.0,1.0,0.0,0.0,0.0,0.0,0.0,0.0
2015,138.0,0.0,152.0,224.0,1298.0,1054.0,50.0,48.0,1,1,0,0,-1160.0,-1054.0,102.0,176.0,1776.0,1776.0,5.0,5.0,1477.0,1477.0,47.0,47.0,1,1,0,-42.0,-42.0,0.0,0,1.25,2.5,0.0,0.0,0.25,0.75,0.0,0.75,1.25,2.25,0.25,0.25,0.0,1.25,0.25,0.25,0.75,2.5,2.5,1.0,-0.5
2015,403.6,251.6,95.0,101.0,1257.1,1127.1,52.0,44.0,1,1,0,0,-853.4999999999999,-875.4999999999999,43.0,57.0,1679.0,1679.0,13.0,13.0,1462.0,1462.0,52.0,52.0,1,1,0,-39.0,-39.0,0.0,0,2.0,2.0,0.5,0.0,0.0,1.0,0.0,1.0,0.75,1.0,0.5,0.5,0.5,0.75,0.5,0.5,0.25,2.0,2.0,1.5,1.5
2015,5312.7,4789.9,9.0,5.0,2064.1,1300.1,38.0,39.0,1,1,0,0,3248.6,3489.7999999999997,-29.0,-34.0,1886.0,1886.0,1.0,1.0,1483.0,1483.0,42.0,42.0,1,1,0,-41.0,-41.0,0.0,0,4.5,0.5,1.0,0.5,0.0,0.5,0.5,0.5,1.5,1.5,0.25,0.25,0.0,1.5,0.25,0.25,1.0,1.0,1.0,0.5,2.5
2015,2247.0,1267.4,32.0,42.0,838.2,653.8,62.0,64.0,1,1,0,0,1408.8,613.6000000000001,-30.0,-22.0,1483.0,1483.0,42.0,42.0,1886.0,1886.0,1.0,1.0,1,1,0,41.0,41.0,0.0,0,0.8,1.4,0.2,0.4,0.6,0.2,0.25,0.125,1.5,0.5,0.25,0.0,0.75,1.5,0.25,0.0,0.25,1.25,1.25,2.0,-1.5
2015,3176.6,2162.6,28.0,27.0,2855.4,1816.2,30.0,31.0,1,1,0,0,321.1999999999998,346.39999999999986,-2.0,-4.0,1568.0,1568.0,24.0,24.0,1679.0,1679.0,14.0,14.0,1,1,0,10.0,10.0,0.0,0,2.0,0.5,1.0,0.5,0.0,0.5,0.5,0.5,1.2,1.4,0.2,0.6,0.2,1.0,0.25,0.625,0.375,1.0,1.0,0.25,2.75
2015,7360.0,4574.8,4.0,6.0,169.5,145.5,139.0,127.0,1,1,0,0,7190.5,4429.3,-135.0,-121.0,1886.0,1886.0,1.0,1.0,1477.0,1477.0,47.0,47.0,1,1,0,-46.0,-46.0,0.0,0,0.0,2.0,0.0,0.0,1.0,0.0,0.0,0.0,0.8,1.4,0.0,0.4,0.0,1.1,0.3,0.3,0.5,1.0,1.0,1.3333333333333333,-1.3333333333333333
2015,201.3,112.5,127.0,144.0,281.5,37.5,111.0,161.0,1,1,0,0,-80.19999999999999,75.0,16.0,-17.0,1308.0,1308.0,80.0,80.0,1647.0,1647.0,17.0,17.0,1,1,0,63.0,63.0,0.0,0,1.0,1.0,0.5,0.5,0.5,0.0,0.5,0.0,2.0,0.5,0.5,0.0,0.5,2.0,0.5,0.0,0.5,0.0,0.0,1.0,2.0
2015,79.0,3.0,177.0,210.0,8762.8,6136.0,3.0,3.0,1,1,0,0,-8683.8,-6133.0,174.0,207.0,1483.0,1483.0,42.0,42.0,1886.0,1886.0,1.0,1.0,1,1,0,41.0,41.0,0.0,0,1.5,1.0,0.5,0.5,0.0,0.5,0.5,0.5,2.0,0.5,0.5,0.25,0.5,2.0,0.5,0.25,0.25,2.0,2.0,0.5,0.5
2015,4007.8,3412.2,17.0,13.0,3905.4,2618.6,18.0,20.0,1,1,0,0,102.40000000000009,793.5999999999999,-1.0,-7.0,1476.0,1476.0,48.0,48.0,1886.0,1886.0,1.0,1.0,1,1,0,47.0,47.0,0.0,0,1.0,1.5,0.5,0.5,0.5,0.0,0.5,0.0,0.5,1.5,0.0,0.5,0.0,0.5,0.0,0.5,0.5,0.0,0.0,0.0,3.0
2015,169.5,145.5,139.0,127.0,7360.0,4574.8,4.0,6.0,1,1,0,0,-7190.5,-4429.3,135.0,121.0,1477.0,1477.0,47.0,47.0,1886.0,1886.0,1.0,1.0,1,1,0,46.0,46.0,-5.0,1,0.8,2.0,0.2,0.2,0.6,0.2,0.1111111111111111,0.3333333333333333,3.0,0.3333333333333333,1.0,0.0,0.6666666666666666,3.0,1.0,0.0,0.3333333333333333,0.75,0.75,3.0,-1.5
2015,281.5,37.5,111.0,161.0,201.3,112.5,127.0,144.0,1,1,0,0,80.19999999999999,-75.0,-16.0,17.0,1647.0,1647.0,17.0,17.0,1308.0,1308.0,80.0,80.0,1,1,0,-63.0,-63.0,1.0,1,1.6666666666666667,0.3333333333333333,0.6666666666666666,0.6666666666666666,0.0,0.3333333333333333,0.6666666666666666,0.3333333333333333,0.6666666666666666,1.0,0.3333333333333333,0.6666666666666666,0.3333333333333333,0.6666666666666666,0.3333333333333333,0.6666666666666666,0.0,0.0,0.0,0.0,3.0
2015,1865.3,1424.5,41.0,36.0,1885.6,1082.0,39.0,45.0,1,1,0,0,-20.299999999999955,342.5,2.0,-9.0,1308.0,1308.0,80.0,80.0,1462.0,1462.0,52.0,52.0,1,1,0,28.0,28.0,-2.0,1,1.4,1.6,0.4,0.2,0.2,0.6,0.2,0.5,1.0,1.6,0.2,0.6,0.0,1.3,0.5,0.4,0.6,0.4,0.3333333333333333,1.4,1.6
2015,2064.1,1300.1,38.0,39.0,5312.7,4789.9,9.0,5.0,1,1,0,0,-3248.6,-3489.7999999999997,29.0,34.0,1483.0,1483.0,42.0,42.0,1886.0,1886.0,1.0,1.0,1,1,0,41.0,41.0,1.0,1,1.6,1.4,0.4,0.0,0.0,1.0,0.0,1.0,3.3333333333333335,1.0,0.6666666666666666,0.3333333333333333,0.3333333333333333,3.3333333333333335,0.6666666666666666,0.3333333333333333,0.6666666666666666,1.0,1.0,3.0,-1.0
2015,547.6,385.6,77.0,86.0,3525.7,2837.7,22.0,19.0,1,1,0,0,-2978.1,-2452.1,55.0,67.0,1679.0,1679.0,13.0,13.0,1776.0,1776.0,5.0,5.0,1,1,0,8.0,8.0,0.0,0,0.5,3.0,0.0,0.0,0.5,0.5,0.0,0.5,2.0,0.25,0.75,0.0,0.75,2.0,0.75,0.0,0.25,2.0,2.0,2.0,-2.0
2015,1298.0,1054.0,50.0,48.0,138.0,0.0,152.0,224.0,1,1,0,0,1160.0,1054.0,-102.0,-176.0,1477.0,1477.0,47.0,47.0,1776.0,1776.0,5.0,5.0,1,1,0,42.0,42.0,-0.5,1,1.8,1.4,0.4,0.2,0.0,0.8,0.2,0.8,0.4,1.0,0.2,0.6,0.2,0.9,0.3,0.3,0.5,1.0,1.0,1.0,1.2000000000000002
2015,5631.5,3866.7,7.0,11.0,2168.6,1377.0,37.0,38.0,1,1,0,0,3462.9,2489.7,-30.0,-27.0,1776.0,1776.0,5.0,5.0,1886.0,1886.0,1.0,1.0,1,1,0,4.0,4.0,-1.0,1,1.6,1.4,0.4,0.4,0.0,0.6,0.2222222222222222,0.6666666666666666,2.3333333333333335,2.0,0.6666666666666666,0.3333333333333333,0.0,2.3333333333333335,0.6666666666666666,0.3333333333333333,1.0,1.0,1.0,0.0,2.25
2015,1849.2,1200.8,42.0,43.0,4408.1,3289.3,13.0,15.0,1,1,0,0,-2558.9000000000005,-2088.5,29.0,28.0,1568.0,1568.0,24.0,24.0,1776.0,1776.0,5.0,5.0,1,1,0,19.0,19.0,-1.0,1,1.6,0.6,0.4,0.4,0.4,0.2,0.4,0.2,1.3333333333333333,0.6666666666666666,0.6666666666666666,0.0,0.6666666666666666,1.3333333333333333,0.6666666666666666,0.0,0.3333333333333333,0.0,0.0,3.0,0.0
2015,1175.6,733.6,53.0,58.0,5949.2,5502.0,6.0,4.0,1,1,0,0,-4773.6,-4768.4,47.0,54.0,1679.0,1679.0,14.0,14.0,1776.0,1776.0,5.0,5.0,1,1,0,9.0,9.0,-3.0,1,1.4,2.8,0.2,0.0,0.2,0.8,0.0,0.8,2.0,2.4,0.2,0.6,0.0,2.0,0.2,0.6,0.8,3.0,3.0,0.0,1.5
2015,3905.4,2618.6,18.0,20.0,4007.8,3412.2,17.0,13.0,1,1,0,0,-102.40000000000009,-793.5999999999999,1.0,7.0,1886.0,1886.0,1.0,1.0,1476.0,1476.0,48.0,48.0,1,1,0,-47.0,-47.0,0.0,0,2.0,1.0,0.5,0.5,0.5,0.0,0.5,0.0,0.8,0.8,0.4,0.4,0.2,1.2,0.5,0.3,0.3,0.0,0.0,0.75,2.25
2015,2855.4,1816.2,30.0,31.0,3176.6,2162.6,28.0,27.0,1,1,0,0,-321.1999999999998,-346.39999999999986,2.0,4.0,1679.0,1679.0,14.0,14.0,1568.0,1568.0,24.0,24.0,1,1,0,-10.0,-10.0,1.0,1,1.0,1.4,0.2,0.0,0.4,0.6,0.2,0.5,0.3333333333333333,2.0,0.0,1.0,0.0,0.3333333333333333,0.0,1.0,0.3333333333333333,1.4,1.1666666666666667,0.0,1.3333333333333333
2015,2223.4,1698.2,33.0,32.0,2951.0,1698.2,29.0,32.0,0,1,1,0,-727.5999999999999,0.0,4.0,0.0,1679.0,1679.0,14.0,14.0,1776.0,1776.0,5.0,5.0,0,1,1,9.0,9.0,0.0,0,1.0,1.5,0.0,0.0,0.5,0.5,0.0,0.5,0.6,0.4,0.2,0.2,0.6,1.1,0.3,0.2,0.3,1.0,1.0,1.1666666666666667,-1.1666666666666667
2015,1257.1,1127.1,52.0,44.0,403.6,251.6,95.0,101.0,1,1,0,0,853.4999999999999,875.4999999999999,-43.0,-57.0,1462.0,1462.0,52.0,52.0,1679.0,1679.0,13.0,13.0,1,1,0,39.0,39.0,-1.0,1,0.6,1.0,0.4,0.4,0.4,0.2,0.4,0.2,1.6666666666666667,1.3333333333333333,0.6666666666666666,0.3333333333333333,0.3333333333333333,1.6666666666666667,0.6666666666666666,0.3333333333333333,0.6666666666666666,1.0,1.0,0.0,1.5
2015,8762.8,6136.0,3.0,3.0,79.0,3.0,177.0,210.0,1,1,0,0,8683.8,6133.0,-174.0,-207.0,1886.0,1886.0,1.0,1.0,1483.0,1483.0,42.0,42.0,1,1,0,-41.0,-41.0,0.0,1,0.6666666666666666,1.3333333333333333,0.0,0.0,0.3333333333333333,0.6666666666666666,0.0,0.6666666666666666,1.0,1.3333333333333333,0.3333333333333333,0.3333333333333333,0.3333333333333333,1.0,0.3333333333333333,0.3333333333333333,0.3333333333333333,1.0,1.0,0.0,1.0
2015,2168.6,1377.0,37.0,38.0,5631.5,3866.7,7.0,11.0,1,1,0,0,-3462.9,-2489.7,30.0,27.0,1886.0,1886.0,1.0,1.0,1776.0,1776.0,5.0,5.0,1,1,0,-4.0,-4.0,-1.0,1,0.8,0.8,0.4,0.2,0.4,0.4,0.3,0.3,1.6666666666666667,0.6666666666666666,0.6666666666666666,0.3333333333333333,0.6666666666666666,1.6666666666666667,0.6666666666666666,0.3333333333333333,0.0,0.2,0.25,0.0,2.375
2015,3525.7,2837.7,22.0,19.0,547.6,385.6,77.0,86.0,1,1,0,0,2978.1,2452.1,-55.0,-67.0,1776.0,1776.0,5.0,5.0,1679.0,1679.0,13.0,13.0,1,1,0,-8.0,-8.0,1.0,1,2.0,0.4,0.8,0.6,0.0,0.4,0.6,0.4,0.6666666666666666,2.6666666666666665,0.0,1.0,0.0,0.6666666666666666,0.0,1.0,0.6666666666666666,0.0,0.0,0.0,3.0
2015,1257.1,1127.1,52.0,44.0,169.5,145.5,139.0,127.0,1,1,0,0,1087.6,981.5999999999999,-87.0,-83.0,1462.0,1462.0,52.0,52.0,1477.0,1477.0,47.0,47.0,1,1,0,5.0,5.0,-3.0,1,2.2,2.4,0.2,0.0,0.0,1.0,0.0,0.8333333333333334,3.0,0.75,0.75,0.25,0.5,3.0,0.75,0.25,0.5,2.3333333333333335,2.3333333333333335,3.0,-1.6666666666666667
2015,201.3,112.5,127.0,144.0,79.0,3.0,177.0,210.0,1,1,0,0,122.30000000000001,109.5,-50.0,-66.0,1308.0,1308.0,80.0,80.0,1483.0,1483.0,42.0,42.0,1,1,0,38.0,38.0,1.0,1,0.6,1.2,0.2,0.2,0.4,0.4,0.3333333333333333,0.3333333333333333,0.6,3.0,0.0,1.0,0.0,0.9,0.2,0.7,0.4,1.0,1.0,0.2,1.1333333333333333
2015,136.5,32.5,154.0,165.0,3366.5,2094.5,25.0,28.0,1,1,0,0,-3230.0,-2062.0,129.0,137.0,1647.0,1647.0,17.0,17.0,1462.0,1462.0,52.0,52.0,1,1,0,-35.0,-35.0,-2.0,1,0.5,1.75,0.25,0.25,0.75,0.0,0.25,0.0,1.0,1.25,0.25,0.25,0.25,1.0,0.25,0.25,0.5,0.5,0.5,0.5,1.0
2015,138.0,0.0,152.0,224.0,5312.7,4789.9,9.0,5.0,1,1,0,0,-5174.7,-4789.9,143.0,219.0,1776.0,1776.0,5.0,5.0,1886.0,1886.0,1.0,1.0,1,1,0,4.0,4.0,-2.0,1,0.3333333333333333,1.0,0.3333333333333333,0.3333333333333333,0.6666666666666666,0.0,0.3333333333333333,0.0,1.6666666666666667,1.0,0.6666666666666666,0.3333333333333333,0.6666666666666666,1.6666666666666667,0.6666666666666666,0.3333333333333333,0.3333333333333333,1.0,1.0,0.0,0.0
2015,2951.0,1698.2,29.0,32.0,2209.0,1698.2,34.0,32.0,1,0,0,1,742.0,0.0,-5.0,0.0,1776.0,1776.0,5.0,5.0,1679.0,1679.0,14.0,14.0,1,0,1,-9.0,-9.0,0.0,1,1.2,0.4,0.2,0.8,0.6,0.2,0.8,0.2,0.8,0.8,0.2,0.2,0.6,0.4444444444444444,0.1111111111111111,0.5555555555555556,0.1111111111111111,1.0,1.0,0.75,0.25
2015,1298.0,1054.0,50.0,48.0,2064.1,1300.1,38.0,39.0,1,1,0,0,-766.0999999999999,-246.0999999999999,12.0,9.0,1477.0,1477.0,47.0,47.0,1483.0,1483.0,42.0,42.0,1,1,0,5.0,5.0,0.0,1,2.25,0.25,0.75,0.75,0.0,0.25,0.75,0.25,0.75,1.25,0.0,0.25,0.0,0.75,0.0,0.25,0.75,0.0,0.0,0.5,2.5
2015,838.2,653.8,62.0,64.0,2247.0,1267.4,32.0,42.0,1,1,0,0,-1408.8,-613.6000000000001,30.0,22.0,1886.0,1886.0,1.0,1.0,1483.0,1483.0,42.0,42.0,1,1,0,-41.0,-41.0,2.0,1,0.6,0.4,0.2,0.6,0.6,0.2,0.6,0.3,0.6666666666666666,1.6666666666666667,0.0,0.6666666666666666,0.0,0.6666666666666666,0.0,0.6666666666666666,0.3333333333333333,0.8,0.8333333333333334,1.0,0.6666666666666667
2015,281.5,37.5,111.0,161.0,8762.8,6136.0,3.0,3.0,1,1,0,0,-8481.3,-6098.5,108.0,158.0,1647.0,1647.0,17.0,17.0,1886.0,1886.0,1.0,1.0,1,1,0,16.0,16.0,0.0,1,1.2,2.8,0.0,0.0,0.2,0.8,0.0,0.8333333333333334,1.2,1.6,0.2,0.4,0.0,1.3333333333333333,0.3333333333333333,0.3333333333333333,0.8333333333333334,2.3333333333333335,2.3333333333333335,1.3333333333333333,0.0
2015,403.6,251.6,95.0,101.0,7360.0,4574.8,4.0,6.0,1,1,0,0,-6956.4,-4323.2,91.0,95.0,1679.0,1679.0,13.0,13.0,1886.0,1886.0,1.0,1.0,1,1,0,12.0,12.0,-1.0,1,1.5,1.25,0.5,0.25,0.0,0.75,0.25,0.75,3.5,0.5,1.0,0.0,0.5,3.5,1.0,0.0,0.5,1.0,1.0,3.0,0.0
2015,4007.8,3412.2,17.0,13.0,3176.6,2162.6,28.0,27.0,1,1,0,0,831.2000000000003,1249.6,-11.0,-14.0,1476.0,1476.0,48.0,48.0,1568.0,1568.0,24.0,24.0,1,1,0,24.0,24.0,1.0,1,1.0,0.75,0.5,0.5,0.25,0.25,0.5,0.25,1.0,2.0,0.25,0.75,0.0,1.0,0.25,0.75,0.5,1.0,1.0,1.5,0.5
2015,3905.4,2618.6,18.0,20.0,2855.4,1816.2,30.0,31.0,1,1,0,0,1050.0,802.3999999999999,-12.0,-11.0,1886.0,1886.0,1.0,1.0,1679.0,1679.0,14.0,14.0,1,1,0,-13.0,-13.0,0.0,1,1.8,0.4,0.6,0.6,0.2,0.2,0.5,0.16666666666666666,1.4,1.6,0.2,0.4,0.0,1.2,0.3,0.4,0.6,0.0,0.0,1.5714285714285714,1.4285714285714286
2015,5949.2,5502.0,6.0,4.0,1175.6,733.6,53.0,58.0,1,1,0,0,4773.6,4768.4,-47.0,-54.0,1776.0,1776.0,5.0,5.0,1679.0,1679.0,14.0,14.0,1,1,0,-9.0,-9.0,0.6666666666666666,1,0.4,1.0,0.2,0.2,0.6,0.2,0.2,0.5,1.4,1.2,0.4,0.4,0.2,1.5,0.4,0.4,0.7,0.8,0.8,0.6,1.0
2015,838.2,653.8,62.0,64.0,2951.0,1698.2,29.0,32.0,1,1,0,0,-2112.8,-1044.4,33.0,32.0,1886.0,1886.0,1.0,1.0,1776.0,1776.0,5.0,5.0,1,1,0,-4.0,-4.0,0.0,1,0.6,0.6,0.0,0.6,0.6,0.4,0.6666666666666666,0.3333333333333333,1.2,0.2,0.4,0.0,0.8,1.4,0.5,0.1,0.2,1.0,1.0,1.4285714285714286,-0.4285714285714286
2015,5312.7,4789.9,9.0,5.0,1298.0,1054.0,50.0,48.0,1,1,0,0,4014.7,3735.8999999999996,-41.0,-43.0,1886.0,1886.0,1.0,1.0,1477.0,1477.0,47.0,47.0,1,1,0,-46.0,-46.0,5.0,1,2.4,1.0,0.6,0.4,0.2,0.4,0.4,0.4,0.8,2.4,0.0,0.4,0.2,1.1428571428571428,0.14285714285714285,0.2857142857142857,0.7142857142857143,1.5,1.5,0.6666666666666666,0.8333333333333334
2015,2064.1,1300.1,38.0,39.0,138.0,0.0,152.0,224.0,1,1,0,0,1926.1,1300.1,-114.0,-185.0,1483.0,1483.0,42.0,42.0,1776.0,1776.0,5.0,5.0,1,1,0,37.0,37.0,0.0,1,1.0,1.2,0.2,0.2,0.4,0.6,0.14285714285714285,0.7142857142857143,2.2,1.8,0.4,0.2,0.2,1.8571428571428572,0.2857142857142857,0.42857142857142855,0.7142857142857143,1.3333333333333333,1.3333333333333333,0.3333333333333333,1.0
2015,2247.0,1267.4,32.0,42.0,2209.0,1698.2,34.0,32.0,1,0,0,1,38.0,-430.79999999999995,-2.0,10.0,1483.0,1483.0,42.0,42.0,1679.0,1679.0,14.0,14.0,1,0,1,28.0,28.0,1.0,1,0.4,0.4,0.2,0.6,0.6,0.2,0.3,0.2,0.5,2.0,0.0,0.75,0.0,0.5,0.0,0.75,0.25,1.0,1.0,0.5,0.09999999999999998
2015,1865.3,1424.5,41.0,36.0,1849.2,1200.8,42.0,43.0,1,1,0,0,16.09999999999991,223.70000000000005,-1.0,-7.0,1308.0,1308.0,80.0,80.0,1568.0,1568.0,24.0,24.0,1,1,0,56.0,56.0,-2.0,1,2.0,1.0,0.75,0.5,0.0,0.5,0.5,0.5,1.2,1.4,0.4,0.6,0.2,1.4,0.3,0.5,0.7,0.0,0.0,0.5,2.5
2015,8762.8,6136.0,3.0,3.0,201.3,112.5,127.0,144.0,1,1,0,0,8561.5,6023.5,-124.0,-141.0,1886.0,1886.0,1.0,1.0,1308.0,1308.0,80.0,80.0,1,1,0,-79.0,-79.0,-4.0,1,0.5,3.0,0.0,0.0,0.5,0.5,0.0,0.5,1.25,0.75,0.5,0.5,0.5,1.25,0.5,0.5,0.0,2.0,2.0,0.0,0.0
2015,79.0,3.0,177.0,210.0,281.5,37.5,111.0,161.0,1,1,0,0,-202.5,-34.5,66.0,49.0,1483.0,1483.0,42.0,42.0,1647.0,1647.0,17.0,17.0,1,1,0,25.0,25.0,1.0,1,0.5,1.5,0.25,0.25,0.5,0.25,0.25,0.25,0.8,0.8,0.4,0.4,0.4,0.9,0.3,0.3,0.4,2.0,2.0,1.3333333333333333,-1.3333333333333333
2015,136.5,32.5,154.0,165.0,5949.2,5502.0,6.0,4.0,1,1,0,0,-5812.7,-5469.5,148.0,161.0,1647.0,1647.0,17.0,17.0,1776.0,1776.0,5.0,5.0,1,1,0,12.0,12.0,-2.0,1,1.0,1.4,0.0,0.0,0.2,0.8,0.0,0.8,0.6,1.6,0.2,0.6,0.2,0.6,0.2,0.6,0.2,1.0,1.0,0.0,1.0
2015,547.6,385.6,77.0,86.0,5631.5,3866.7,7.0,11.0,1,1,0,0,-5083.9,-3481.1,70.0,75.0,1679.0,1679.0,13.0,13.0,1776.0,1776.0,5.0,5.0,1,1,0,8.0,8.0,-3.0,1,2.2,2.0,0.6,0.2,0.2,0.6,0.2,0.6,1.6,1.2,0.4,0.4,0.4,1.4,0.4,0.5,0.7,1.0,0.7142857142857143,0.6,2.4
2015,3366.5,2094.5,25.0,28.0,1175.6,733.6,53.0,58.0,1,1,0,0,2190.9,1360.9,-28.0,-30.0,1462.0,1462.0,52.0,52.0,1679.0,1679.0,14.0,14.0,1,1,0,38.0,38.0,-3.0,1,1.0,1.2,0.2,0.2,0.2,0.6,0.2,0.6,2.2,0.6,0.6,0.0,0.6,2.2,0.6,0.0,0.4,0.5,0.5,2.0,0.0
2015,7360.0,4574.8,4.0,6.0,1257.1,1127.1,52.0,44.0,1,1,0,0,6102.9,3447.7000000000003,-48.0,-38.0,1886.0,1886.0,1.0,1.0,1462.0,1462.0,52.0,52.0,1,1,0,-51.0,-51.0,2.0,1,3.4,0.4,1.0,0.6,0.0,0.4,0.6,0.4,1.2,0.8,0.4,0.4,0.4,1.1428571428571428,0.42857142857142855,0.42857142857142855,0.2857142857142857,0.5,0.5,1.0,2.0
2015,3525.7,2837.7,22.0,19.0,2168.6,1377.0,37.0,38.0,1,1,0,0,1357.1,1460.6999999999998,-15.0,-19.0,1776.0,1776.0,5.0,5.0,1886.0,1886.0,1.0,1.0,1,1,0,4.0,4.0,1.0,1,2.0,0.4,0.8,0.6,0.0,0.4,0.6666666666666666,0.3333333333333333,0.8,0.6,0.6,0.4,0.4,1.2,0.5,0.3,0.3,0.0,0.0,0.6666666666666666,2.3333333333333335
2015,1885.6,1082.0,39.0,45.0,4408.1,3289.3,13.0,15.0,1,1,0,0,-2522.5000000000005,-2207.3,26.0,30.0,1462.0,1462.0,52.0,52.0,1776.0,1776.0,5.0,5.0,1,1,0,47.0,47.0,-2.0,1,1.6,2.2,0.2,0.0,0.2,0.8,0.2,0.6,2.0,1.75,0.5,0.25,0.0,2.0,0.5,0.25,1.0,0.8,0.6666666666666666,0.5,1.5
2015,169.5,145.5,139.0,127.0,403.6,251.6,95.0,101.0,1,1,0,0,-234.10000000000002,-106.1,44.0,26.0,1477.0,1477.0,47.0,47.0,1679.0,1679.0,13.0,13.0,1,1,0,34.0,34.0,-1.0,1,0.6,3.6,0.0,0.0,0.6,0.4,0.1,0.4,1.2,1.6,0.4,0.4,0.2,1.2,0.4,0.4,0.6,1.6,1.6,0.5,0.7
2015,2855.4,1816.2,30.0,31.0,4007.8,3412.2,17.0,13.0,1,1,0,0,-1152.4,-1595.9999999999998,13.0,18.0,1679.0,1679.0,14.0,14.0,1476.0,1476.0,48.0,48.0,1,1,0,-34.0,-34.0,0.0,1,1.6,1.4,0.4,0.2,0.0,0.8,0.2,0.6,1.0,0.8,0.4,0.2,0.4,1.0,0.4,0.2,0.4,1.6,1.4285714285714286,1.5,-0.3571428571428572
2015,3176.6,2162.6,28.0,27.0,3905.4,2618.6,18.0,20.0,1,1,0,0,-728.8000000000002,-456.0,10.0,7.0,1568.0,1568.0,24.0,24.0,1886.0,1886.0,1.0,1.0,1,1,0,23.0,23.0,-3.0,1,1.0,1.8,0.2,0.0,0.4,0.6,0.0,0.6,1.0,0.6,0.4,0.4,0.4,1.2857142857142858,0.42857142857142855,0.42857142857142855,0.14285714285714285,1.5,1.5,0.3333333333333333,-0.3333333333333333
2015,2951.0,1698.2,29.0,32.0,2247.0,1267.4,32.0,42.0,1,1,0,0,704.0,430.79999999999995,-3.0,-10.0,1776.0,1776.0,5.0,5.0,1483.0,1483.0,42.0,42.0,1,1,0,-37.0,-37.0,0.0,1,1.2,0.6,0.4,0.8,0.4,0.2,0.6,0.3,0.8,0.2,0.4,0.0,0.8,0.7,0.2,0.4,0.2,0.4,0.7142857142857143,0.8,1.0571428571428572
2015,2223.4,1698.2,33.0,32.0,838.2,653.8,62.0,64.0,0,1,1,0,1385.2,1044.4,-29.0,-32.0,1679.0,1679.0,14.0,14.0,1886.0,1886.0,1.0,1.0,0,1,1,13.0,13.0,0.0,1,0.4,2.0,0.0,0.0,0.8,0.2,0.0,0.2,1.2,0.8,0.2,0.0,0.4,1.4285714285714286,0.2857142857142857,0.0,0.42857142857142855,1.5,1.5,1.6666666666666667,-1.6666666666666667
2015,1175.6,733.6,53.0,58.0,136.5,32.5,154.0,165.0,1,1,0,0,1039.1,701.1,-101.0,-107.0,1679.0,1679.0,14.0,14.0,1647.0,1647.0,17.0,17.0,1,1,0,-3.0,-3.0,1.0,1,1.4,1.0,0.4,0.4,0.2,0.4,0.2,0.6,1.4,2.8,0.2,0.8,0.0,1.2,0.3,0.6,0.6,1.0,1.0,1.1666666666666667,0.8333333333333333
2015,5631.5,3866.7,7.0,11.0,3525.7,2837.7,22.0,19.0,1,1,0,0,2105.8,1029.0,-15.0,-8.0,1776.0,1776.0,5.0,5.0,1776.0,1776.0,5.0,5.0,1,1,0,0.0,0.0,-2.0,1,0.6,0.8,0.4,0.4,0.6,0.0,0.3,0.3,1.6,1.4,0.6,0.4,0.4,1.6,0.6,0.4,0.4,0.6,0.6666666666666666,1.5,0.33333333333333326
2015,2168.6,1377.0,37.0,38.0,547.6,385.6,77.0,86.0,1,1,0,0,1621.0,991.4,-40.0,-48.0,1886.0,1886.0,1.0,1.0,1679.0,1679.0,13.0,13.0,1,1,0,-12.0,-12.0,-2.0,1,2.4,1.4,0.6,0.2,0.0,0.8,0.2,0.8,2.0,2.0,0.6,0.4,0.2,1.7,0.6,0.3,0.5,1.5,1.5,0.2857142857142857,2.7142857142857144
2015,4408.1,3289.3,13.0,15.0,1865.3,1424.5,41.0,36.0,1,1,0,0,2542.8,1864.8000000000002,-28.0,-21.0,1776.0,1776.0,5.0,5.0,1308.0,1308.0,80.0,80.0,1,1,0,-75.0,-75.0,-2.0,1,1.4,0.8,0.6,0.4,0.4,0.2,0.4,0.2,1.8,0.2,0.8,0.0,0.8,2.0,0.7142857142857143,0.0,0.2857142857142857,0.0,0.0,2.3333333333333335,0.6666666666666665
2015,1849.2,1200.8,42.0,43.0,1885.6,1082.0,39.0,45.0,1,1,0,0,-36.399999999999864,118.79999999999995,3.0,-2.0,1568.0,1568.0,24.0,24.0,1462.0,1462.0,52.0,52.0,1,1,0,-28.0,-28.0,1.0,1,0.6,0.6,0.4,0.4,0.6,0.2,0.4,0.3,0.6,2.8,0.0,1.0,0.0,0.6,0.0,1.0,0.6,0.2,0.2222222222222222,0.0,2.4444444444444446
2015,5949.2,5502.0,6.0,4.0,3366.5,2094.5,25.0,28.0,1,1,0,0,2582.7,3407.5,-19.0,-24.0,1776.0,1776.0,5.0,5.0,1462.0,1462.0,52.0,52.0,1,1,0,-47.0,-47.0,1.0,1,1.4,0.8,0.6,0.4,0.4,0.2,0.2,0.6,0.6,1.2,0.4,0.6,0.4,0.6,0.4,0.6,0.2,1.2,1.0,1.5,0.33333333333333326
2015,2247.0,1267.4,32.0,42.0,281.5,37.5,111.0,161.0,1,1,0,0,1965.5,1229.9,-79.0,-119.0,1483.0,1483.0,42.0,42.0,1647.0,1647.0,17.0,17.0,1,1,0,25.0,25.0,0.0,0,0.8,0.6,0.4,0.6,0.4,0.2,0.4,0.2,2.6,1.4,0.6,0.0,0.4,2.6666666666666665,0.6666666666666666,0.0,0.5,0.8,0.8333333333333334,2.3333333333333335,-1.3333333333333335
2015,3905.4,2618.6,18.0,20.0,1175.6,733.6,53.0,58.0,1,1,0,0,2729.8,1885.0,-35.0,-38.0,1886.0,1886.0,1.0,1.0,1679.0,1679.0,14.0,14.0,1,1,0,-13.0,-13.0,0.0,0,0.8,0.6,0.4,0.4,0.4,0.2,0.5,0.125,1.8,1.0,0.6,0.4,0.2,1.6,0.4,0.4,0.6,0.25,0.25,0.8571428571428571,1.3928571428571428
2015,281.5,37.5,111.0,161.0,2247.0,1267.4,32.0,42.0,1,1,0,0,-1965.5,-1229.9,79.0,119.0,1647.0,1647.0,17.0,17.0,1483.0,1483.0,42.0,42.0,1,1,0,-25.0,-25.0,1.0,1,2.8,1.4,0.8,0.4,0.0,0.6,0.42857142857142855,0.5714285714285714,0.8,1.0,0.2,0.4,0.4,0.8,0.2,0.4,0.3,0.6666666666666666,0.6666666666666666,0.6666666666666666,1.666666666666667
2015,5949.2,5502.0,6.0,4.0,4408.1,3289.3,13.0,15.0,1,1,0,0,1541.0999999999995,2212.7,-7.0,-11.0,1776.0,1776.0,5.0,5.0,1776.0,1776.0,5.0,5.0,1,1,0,0.0,0.0,0.0,0,1.0,0.4,0.6,0.6,0.4,0.0,0.4,0.2,2.4,0.8,0.8,0.0,0.4,2.1666666666666665,0.6666666666666666,0.16666666666666666,0.6666666666666666,0.4,0.5714285714285714,1.3333333333333333,0.6666666666666667
2015,138.0,0.0,152.0,224.0,3525.7,2837.7,22.0,19.0,1,1,0,0,-3387.7,-2837.7,130.0,205.0,1776.0,1776.0,5.0,5.0,1776.0,1776.0,5.0,5.0,1,1,0,0.0,0.0,0.0,0,2.0,1.6,0.4,0.2,0.0,0.8,0.125,0.75,1.4,0.6,0.6,0.2,0.6,1.75,0.625,0.125,0.25,1.75,1.75,1.75,0.0
2015,5631.5,3866.7,7.0,11.0,2951.0,1698.2,29.0,32.0,1,1,0,0,2680.5,2168.5,-22.0,-21.0,1776.0,1776.0,5.0,5.0,1776.0,1776.0,5.0,5.0,1,1,0,0.0,0.0,0.0,0,1.8,0.4,0.8,0.6,0.2,0.2,0.5,0.16666666666666666,1.6,0.6,0.6,0.2,0.8,1.2,0.4,0.2,0.3,0.0,0.0,1.25,1.75
2015,8762.8,6136.0,3.0,3.0,7360.0,4574.8,4.0,6.0,1,1,0,0,1402.7999999999993,1561.1999999999998,-1.0,-3.0,1886.0,1886.0,1.0,1.0,1886.0,1886.0,1.0,1.0,1,1,0,0.0,0.0,0.0,0,1.6,1.0,0.4,0.4,0.2,0.4,0.3,0.5,2.0,1.0,0.6,0.2,0.4,1.4,0.4,0.3,0.5,0.8,0.8333333333333334,1.75,0.4166666666666665
2015,1849.2,1200.8,42.0,43.0,2855.4,1816.2,30.0,31.0,1,1,0,0,-1006.2,-615.4000000000001,12.0,12.0,1568.0,1568.0,24.0,24.0,1679.0,1679.0,14.0,14.0,1,1,0,10.0,10.0,0.0,0,1.2,1.2,0.4,0.4,0.2,0.4,0.3333333333333333,0.5,2.0,1.4,0.6,0.4,0.2,2.5,0.6666666666666666,0.3333333333333333,0.5,1.6666666666666667,1.6666666666666667,2.0,0.0
2015,403.6,251.6,95.0,101.0,5312.7,4789.9,9.0,5.0,1,1,0,0,-4909.099999999999,-4538.299999999999,86.0,96.0,1679.0,1679.0,13.0,13.0,1886.0,1886.0,1.0,1.0,1,1,0,12.0,12.0,0.0,0,1.6,1.0,0.2,0.2,0.0,0.8,0.16666666666666666,0.6666666666666666,3.4,0.4,1.0,0.0,0.6,3.1666666666666665,1.0,0.0,0.3333333333333333,0.6666666666666666,0.6666666666666666,3.0,-1.3333333333333333
2015,1175.6,733.6,53.0,58.0,3905.4,2618.6,18.0,20.0,1,1,0,0,-2729.8,-1885.0,35.0,38.0,1679.0,1679.0,14.0,14.0,1886.0,1886.0,1.0,1.0,1,1,0,13.0,13.0,-1.0,1,1.4,1.2,0.4,0.2,0.4,0.4,0.2,0.6,1.0,0.6,0.6,0.4,0.4,1.4444444444444444,0.5555555555555556,0.3333333333333333,0.2222222222222222,1.2,1.0,1.0,1.0
2015,2951.0,1698.2,29.0,32.0,5631.5,3866.7,7.0,11.0,1,1,0,0,-2680.5,-2168.5,22.0,21.0,1776.0,1776.0,5.0,5.0,1776.0,1776.0,5.0,5.0,1,1,0,0.0,0.0,-1.0,1,1.6,0.8,0.6,0.6,0.2,0.2,0.6,0.2,1.2,0.4,0.8,0.2,0.6,1.4285714285714286,0.7142857142857143,0.2857142857142857,0.14285714285714285,0.4,0.625,1.0,1.0
2015,4408.1,3289.3,13.0,15.0,5949.2,5502.0,6.0,4.0,1,1,0,0,-1541.0999999999995,-2212.7,7.0,11.0,1776.0,1776.0,5.0,5.0,1776.0,1776.0,5.0,5.0,1,1,0,0.0,0.0,0.0,1,2.2,1.0,0.6,0.4,0.0,0.6,0.2857142857142857,0.7142857142857143,1.4,0.6,0.6,0.2,0.6,0.9,0.4,0.4,0.2,1.0,1.0,1.1428571428571428,1.8571428571428572
2015,3525.7,2837.7,22.0,19.0,138.0,0.0,152.0,224.0,1,1,0,0,3387.7,2837.7,-130.0,-205.0,1776.0,1776.0,5.0,5.0,1776.0,1776.0,5.0,5.0,1,1,0,0.0,0.0,-2.0,1,1.2,1.0,0.4,0.4,0.6,0.2,0.5555555555555556,0.2222222222222222,2.2,0.8,0.6,0.0,0.4,1.7777777777777777,0.3333333333333333,0.3333333333333333,0.6666666666666666,0.0,0.0,0.5,2.0
2015,2855.4,1816.2,30.0,31.0,1849.2,1200.8,42.0,43.0,1,1,0,0,1006.2,615.4000000000001,-12.0,-12.0,1679.0,1679.0,14.0,14.0,1568.0,1568.0,24.0,24.0,1,1,0,-10.0,-10.0,-2.0,1,1.8,1.2,0.6,0.4,0.2,0.4,0.2,0.5,1.4,1.0,0.4,0.4,0.4,1.3,0.4,0.5,0.4,1.2,1.25,0.5,0.875
2015,7360.0,4574.8,4.0,6.0,8762.8,6136.0,3.0,3.0,1,1,0,0,-1402.7999999999993,-1561.1999999999998,1.0,3.0,1886.0,1886.0,1.0,1.0,1886.0,1886.0,1.0,1.0,1,1,0,0.0,0.0,-1.0,1,3.0,0.4,0.8,0.6,0.2,0.2,0.5714285714285714,0.2857142857142857,1.6,0.8,0.4,0.0,0.4,1.2857142857142858,0.2857142857142857,0.14285714285714285,0.5714285714285714,0.3333333333333333,0.3333333333333333,0.6666666666666666,2.3333333333333335
2015,5312.7,4789.9,9.0,5.0,403.6,251.6,95.0,101.0,1,1,0,0,4909.099999999999,4538.299999999999,-86.0,-96.0,1886.0,1886.0,1.0,1.0,1679.0,1679.0,13.0,13.0,1,1,0,-12.0,-12.0,0.0,1,1.4,1.4,0.4,0.2,0.2,0.6,0.2857142857142857,0.5714285714285714,1.2,1.0,0.4,0.2,0.4,1.4285714285714286,0.42857142857142855,0.2857142857142857,0.5714285714285714,1.6666666666666667,1.6666666666666667,1.3333333333333333,0.6666666666666667
2015,1849.2,1200.8,42.0,43.0,281.5,37.5,111.0,161.0,1,1,0,0,1567.7,1163.3,-69.0,-118.0,1568.0,1568.0,24.0,24.0,1647.0,1647.0,17.0,17.0,1,1,0,7.0,7.0,0.0,0,1.0,0.6,0.4,0.4,0.4,0.2,0.4,0.4,2.8,1.6,0.6,0.0,0.2,2.375,0.625,0.0,0.625,0.6,0.7142857142857143,2.5,-0.2142857142857144
2015,1175.6,733.6,53.0,58.0,4408.1,3289.3,13.0,15.0,1,1,0,0,-3232.5000000000005,-2555.7000000000003,40.0,43.0,1679.0,1679.0,14.0,14.0,1776.0,1776.0,5.0,5.0,1,1,0,9.0,9.0,0.0,0,1.8,1.0,0.6,0.4,0.2,0.4,0.3,0.5,2.2,0.8,0.6,0.0,0.4,2.25,0.625,0.125,0.75,0.8,0.875,1.25,0.875
2015,138.0,0.0,152.0,224.0,5312.7,4789.9,9.0,5.0,1,1,0,0,-5174.7,-4789.9,143.0,219.0,1776.0,1776.0,5.0,5.0,1886.0,1886.0,1.0,1.0,1,1,0,4.0,4.0,-0.5,1,1.4,0.4,0.6,0.6,0.0,0.4,0.3,0.6,1.6,1.2,0.6,0.2,0.2,2.25,0.625,0.25,0.625,1.4,1.4,1.75,0.25
2015,8762.8,6136.0,3.0,3.0,2951.0,1698.2,29.0,32.0,1,1,0,0,5811.799999999999,4437.8,-26.0,-29.0,1886.0,1886.0,1.0,1.0,1776.0,1776.0,5.0,5.0,1,1,0,-4.0,-4.0,0.0,0,2.0,0.6,0.6,0.6,0.0,0.4,0.375,0.5,1.4,0.8,0.6,0.4,0.6,1.0,0.4,0.3,0.2,0.5,0.5,1.1111111111111112,0.8888888888888888
2015,281.5,37.5,111.0,161.0,1849.2,1200.8,42.0,43.0,1,1,0,0,-1567.7,-1163.3,69.0,118.0,1647.0,1647.0,17.0,17.0,1568.0,1568.0,24.0,24.0,1,1,0,-7.0,-7.0,-1.0,1,2.0,1.8,0.4,0.0,0.2,0.8,0.3333333333333333,0.5555555555555556,1.0,0.4,0.6,0.4,0.6,1.3,0.5,0.4,0.3,0.75,0.75,0.42857142857142855,1.5714285714285714
2015,4408.1,3289.3,13.0,15.0,1175.6,733.6,53.0,58.0,1,1,0,0,3232.5000000000005,2555.7000000000003,-40.0,-43.0,1776.0,1776.0,5.0,5.0,1679.0,1679.0,14.0,14.0,1,1,0,-9.0,-9.0,-1.0,1,2.0,0.8,0.6,0.4,0.2,0.4,0.2222222222222222,0.6666666666666666,2.0,0.6,0.8,0.2,0.6,1.6,0.6,0.4,0.4,1.0,1.0,0.75,2.25
2015,2951.0,1698.2,29.0,32.0,8762.8,6136.0,3.0,3.0,1,1,0,0,-5811.799999999999,-4437.8,26.0,29.0,1776.0,1776.0,5.0,5.0,1886.0,1886.0,1.0,1.0,1,1,0,4.0,4.0,1.0,1,1.0,0.8,0.6,0.6,0.2,0.2,0.7,0.2,1.8,0.6,0.6,0.2,0.6,1.3333333333333333,0.3333333333333333,0.2222222222222222,0.4444444444444444,0.2,0.5555555555555556,1.25,0.8611111111111112
2015,5312.7,4789.9,9.0,5.0,138.0,0.0,152.0,224.0,1,1,0,0,5174.7,4789.9,-143.0,-219.0,1886.0,1886.0,1.0,1.0,1776.0,1776.0,5.0,5.0,1,1,0,-4.0,-4.0,0.0,1,1.2,1.4,0.4,0.0,0.4,0.6,0.2222222222222222,0.5555555555555556,1.4,0.2,0.8,0.0,0.8,1.8,0.5,0.2,0.6,1.5,1.5,1.0,1.25
2016,8762.8,6136.0,3.0,3.0,138.0,0.0,152.0,224.0,1,1,0,0,8624.8,6136.0,-149.0,-221.0,1886.0,1886.0,1.0,1.0,1776.0,1776.0,5.0,5.0,1,1,0,-4.0,-4.0,0.0,0,2.0,0.2,0.8,0.8,0.2,0.0,0.4,0.4,1.0,0.2,0.6,0.0,0.8,1.6,0.5,0.1,0.5,0.6,0.6,1.0,0.6000000000000001
2016,4408.1,3289.3,13.0,15.0,281.5,37.5,111.0,161.0,1,1,0,0,4126.6,3251.8,-98.0,-146.0,1776.0,1776.0,5.0,5.0,1647.0,1647.0,17.0,17.0,1,1,0,-12.0,-12.0,0.0,0,1.6,0.8,0.6,0.4,0.2,0.4,0.3,0.6,2.0,1.4,0.6,0.2,0.2,2.1,0.6,0.1,0.5,0.8,0.8,2.0,1.0
2016,138.0,0.0,152.0,224.0,8762.8,6136.0,3.0,3.0,1,1,0,0,-8624.8,-6136.0,149.0,221.0,1776.0,1776.0,5.0,5.0,1886.0,1886.0,1.0,1.0,1,1,0,4.0,4.0,-2.0,1,0.8,0.4,0.6,0.8,0.4,0.0,0.5,0.4,1.8,0.2,0.8,0.2,0.8,1.7,0.5,0.1,0.4,0.8,1.1666666666666667,1.6,0.5666666666666664
2016,281.5,37.5,111.0,161.0,4408.1,3289.3,13.0,15.0,1,1,0,0,-4126.6,-3251.8,98.0,146.0,1647.0,1647.0,17.0,17.0,1776.0,1776.0,5.0,5.0,1,1,0,12.0,12.0,-1.0,1,1.2,1.0,0.4,0.2,0.2,0.6,0.3,0.6,1.8,1.0,0.6,0.2,0.2,2.1,0.7,0.1,0.6,0.6,0.6,1.0,1.2000000000000002
2016,281.5,37.5,111.0,161.0,8762.8,6136.0,3.0,3.0,1,1,0,0,-8481.3,-6098.5,108.0,158.0,1647.0,1647.0,17.0,17.0,1886.0,1886.0,1.0,1.0,1,1,0,16.0,16.0,0.0,1,1.4,1.0,0.4,0.2,0.2,0.6,0.3,0.6,1.8,0.4,0.6,0.2,0.6,1.7,0.5,0.1,0.4,0.8,0.6666666666666666,1.5,0.8333333333333335
2016,8762.8,6136.0,3.0,3.0,281.5,37.5,111.0,161.0,1,1,0,0,8481.3,6098.5,-108.0,-158.0,1886.0,1886.0,1.0,1.0,1647.0,1647.0,17.0,17.0,1,1,0,-16.0,-16.0,0.0,1,1.2,0.4,0.4,0.6,0.4,0.2,0.6,0.3,1.2,0.8,0.4,0.4,0.4,2.0,0.5,0.2,0.6,0.4,0.5,1.6666666666666667,0.16666666666666652
2016,838.2,653.8,62.0,64.0,1065.1,837.1,56.0,53.0,1,1,0,0,-226.89999999999986,-183.30000000000007,6.0,11.0,1886.0,1886.0,1.0,1.0,1477.0,1477.0,47.0,47.0,1,1,0,-46.0,-46.0,0.0,0,1.8,0.2,0.6,0.8,0.2,0.2,0.7,0.2,1.4,3.0,0.2,0.8,0.0,1.1,0.3,0.6,0.5,0.2,0.42857142857142855,1.0,1.0
2016,8762.8,6136.0,3.0,3.0,1885.6,1082.0,39.0,45.0,1,1,0,0,6877.199999999999,5054.0,-36.0,-42.0,1886.0,1886.0,1.0,1.0,1462.0,1462.0,52.0,52.0,1,1,0,-51.0,-51.0,0.0,0,0.8,1.0,0.2,0.4,0.6,0.4,0.5,0.375,0.0,1.5,0.0,1.0,0.0,0.0,0.0,1.0,0.0,1.0,1.0,0.0,1.5
2016,2.5,2.5,282.0,217.0,5312.7,4789.9,9.0,5.0,1,1,0,0,-5310.2,-4787.4,273.0,212.0,1647.0,1647.0,17.0,17.0,1886.0,1886.0,1.0,1.0,1,1,0,16.0,16.0,0.0,0,0.0,0.0,0.0,0.0,0.0,0.0,0.0,0.0,1.2,1.0,0.4,0.2,0.2,1.8,0.5,0.3,0.5,0.0,0.0,1.4,-1.4
2016,289.7,284.9,109.0,96.0,5631.5,3866.7,7.0,11.0,1,1,0,0,-5341.8,-3581.7999999999997,102.0,85.0,1483.0,1483.0,42.0,42.0,1776.0,1776.0,5.0,5.0,1,1,0,37.0,37.0,0.0,0,0.0,0.0,0.0,0.0,0.0,0.0,0.0,0.0,1.0,0.6,0.6,0.4,0.4,1.25,0.625,0.375,0.125,0.0,0.0,0.75,-0.75
2016,439.0,139.0,87.0,130.0,1175.6,733.6,53.0,58.0,1,1,0,0,-736.5999999999999,-594.6,34.0,72.0,1308.0,1308.0,80.0,80.0,1679.0,1679.0,14.0,14.0,1,1,0,66.0,66.0,0.0,0,0.5,1.0,0.5,0.5,0.5,0.0,0.5,0.0,1.4,1.0,0.6,0.4,0.4,1.4,0.6,0.4,0.3,0.0,0.0,0.6666666666666666,2.3333333333333335
2016,4128.4,4104.4,16.0,10.0,138.0,0.0,152.0,224.0,1,1,0,0,3990.3999999999996,4104.4,-136.0,-214.0,1568.0,1568.0,24.0,24.0,1776.0,1776.0,5.0,5.0,1,1,0,19.0,19.0,0.0,0,1.4,2.0,0.4,0.2,0.4,0.4,0.125,0.5,0.6,0.6,0.4,0.2,0.6,1.4,0.5,0.1,0.4,1.0,1.0,0.8571428571428571,1.1428571428571428
2016,1065.1,837.1,56.0,53.0,838.2,653.8,62.0,64.0,1,1,0,0,226.89999999999986,183.30000000000007,-6.0,-11.0,1477.0,1477.0,47.0,47.0,1886.0,1886.0,1.0,1.0,1,1,0,46.0,46.0,-1.0,1,0.0,1.3333333333333333,0.0,0.0,1.0,0.0,0.0,0.0,1.0,1.0,0.4,0.2,0.4,1.2222222222222223,0.3333333333333333,0.1111111111111111,0.3333333333333333,2.0,2.0,1.25,-1.25
2016,1885.6,1082.0,39.0,45.0,8762.8,6136.0,3.0,3.0,1,1,0,0,-6877.199999999999,-5054.0,36.0,42.0,1462.0,1462.0,52.0,52.0,1886.0,1886.0,1.0,1.0,1,1,0,51.0,51.0,-2.0,1,1.2,2.8,0.2,0.0,0.6,0.4,0.1,0.4,1.6,0.2,0.6,0.0,0.8,1.8,0.7,0.1,0.1,1.6,1.1428571428571428,1.4285714285714286,0.2857142857142856
2016,5312.7,4789.9,9.0,5.0,2.5,2.5,282.0,217.0,1,1,0,0,5310.2,4787.4,-273.0,-212.0,1886.0,1886.0,1.0,1.0,1647.0,1647.0,17.0,17.0,1,1,0,-16.0,-16.0,0.0,1,1.0,1.0,0.2,0.2,0.4,0.6,0.2,0.6,2.0,2.0,0.0,0.0,0.0,2.0,0.0,0.0,1.0,1.2,1.2,0.0,2.0
2016,5631.5,3866.7,7.0,11.0,289.7,284.9,109.0,96.0,1,1,0,0,5341.8,3581.7999999999997,-102.0,-85.0,1776.0,1776.0,5.0,5.0,1483.0,1483.0,42.0,42.0,1,1,0,-37.0,-37.0,0.0,1,1.2,0.6,0.6,0.4,0.2,0.4,0.4444444444444444,0.2222222222222222,1.0,1.0,0.0,0.0,0.0,1.0,0.0,0.0,1.0,0.0,0.0,0.0,3.0
2016,138.0,0.0,152.0,224.0,4128.4,4104.4,16.0,10.0,1,1,0,0,-3990.3999999999996,-4104.4,136.0,214.0,1776.0,1776.0,5.0,5.0,1568.0,1568.0,24.0,24.0,1,1,0,-19.0,-19.0,-1.0,1,0.4,0.8,0.2,0.4,0.6,0.2,0.5,0.3,1.6,1.8,0.6,0.2,0.4,1.3333333333333333,0.4444444444444444,0.3333333333333333,0.4444444444444444,0.6,1.1428571428571428,0.75,1.25
2016,1175.6,733.6,53.0,58.0,439.0,139.0,87.0,130.0,1,1,0,0,736.5999999999999,594.6,-34.0,-72.0,1679.0,1679.0,14.0,14.0,1308.0,1308.0,80.0,80.0,1,1,0,-66.0,-66.0,2.0,1,1.4,1.0,0.6,0.4,0.2,0.4,0.3,0.4,0.6666666666666666,1.6666666666666667,0.3333333333333333,0.6666666666666666,0.3333333333333333,0.6666666666666666,0.3333333333333333,0.6666666666666666,0.3333333333333333,0.6,0.7777777777777778,0.0,2.2222222222222223
2016,1298.0,1054.0,50.0,48.0,4292.4,2211.6,15.0,26.0,1,1,0,0,-2994.3999999999996,-1157.6,35.0,22.0,1477.0,1477.0,47.0,47.0,1476.0,1476.0,48.0,48.0,1,1,0,-1.0,-1.0,0.0,0,1.8,0.6,0.8,0.6,0.2,0.2,0.4,0.3,1.4,1.8,0.2,0.4,0.0,1.4,0.3,0.4,0.7,0.4,0.7,0.4,1.9
2016,8762.8,6136.0,3.0,3.0,9828.6,8671.0,1.0,1.0,1,1,0,0,-1065.800000000001,-2535.0,2.0,2.0,1886.0,1886.0,1.0,1.0,1776.0,1776.0,5.0,5.0,1,1,0,-4.0,-4.0,0.0,0,1.2,0.2,0.4,0.8,0.4,0.2,0.8,0.1,0.0,0.0,0.0,0.0,0.0,0.0,0.0,0.0,0.0,0.2,0.375,0.0,2.125
2016,1175.6,733.6,53.0,58.0,3708.7,2354.7,20.0,22.0,1,1,0,0,-2533.1,-1621.1,33.0,36.0,1679.0,1679.0,14.0,14.0,1476.0,1476.0,48.0,48.0,1,1,0,-34.0,-34.0,0.0,0,1.2,2.0,0.0,0.2,0.2,0.8,0.125,0.75,0.0,0.0,0.0,0.0,0.0,0.0,0.0,0.0,0.0,1.75,1.75,0.0,1.25
2016,5631.5,3866.7,7.0,11.0,1865.3,1424.5,41.0,36.0,1,1,0,0,3766.2,2442.2,-34.0,-25.0,1776.0,1776.0,5.0,5.0,1308.0,1308.0,80.0,80.0,1,1,0,-75.0,-75.0,0.0,0,1.0,0.4,0.6,0.6,0.2,0.2,0.5,0.2,1.4,2.0,0.4,0.6,0.2,1.5,0.5,0.4,0.4,0.0,0.0,0.25,2.75
2016,210.4,114.0,126.0,143.0,4320.6,3096.2,14.0,18.0,1,1,0,0,-4110.200000000001,-2982.2,112.0,125.0,1647.0,1647.0,17.0,17.0,1776.0,1776.0,5.0,5.0,1,1,0,12.0,12.0,0.0,0,0.0,0.0,0.0,0.0,0.0,0.0,0.0,0.0,1.0,0.4,0.6,0.2,0.6,1.125,0.625,0.125,0.125,0.0,0.0,1.75,-1.75
2016,193.0,165.0,131.0,121.0,3525.7,2837.7,22.0,19.0,1,1,0,0,-3332.7,-2672.7,109.0,102.0,1462.0,1462.0,52.0,52.0,1776.0,1776.0,5.0,5.0,1,1,0,47.0,47.0,0.0,0,0.0,0.0,0.0,0.0,0.0,0.0,0.0,0.0,0.8,1.0,0.2,0.6,0.4,1.4,0.5,0.3,0.2,0.0,0.0,1.4,-1.4
2016,1309.2,1269.2,49.0,41.0,5949.2,5502.0,6.0,4.0,1,1,0,0,-4640.0,-4232.8,43.0,37.0,1483.0,1483.0,42.0,42.0,1776.0,1776.0,5.0,5.0,1,1,0,37.0,37.0,0.0,0,0.0,0.0,0.0,0.0,0.0,0.0,0.0,0.0,1.4,1.2,0.4,0.4,0.4,0.9,0.3,0.5,0.3,0.0,0.0,1.0,-1.0
2016,4128.4,4104.4,16.0,10.0,3366.5,2094.5,25.0,28.0,1,1,0,0,761.8999999999996,2009.8999999999996,-9.0,-18.0,1568.0,1568.0,24.0,24.0,1462.0,1462.0,52.0,52.0,1,1,0,-28.0,-28.0,0.0,0,1.6,2.0,0.6,0.4,0.2,0.4,0.2,0.5,1.2,1.8,0.4,0.6,0.2,1.3333333333333333,0.5,0.5,0.3333333333333333,0.8,0.8,1.0,1.2000000000000002
2016,2064.1,1300.1,38.0,39.0,6029.4,3165.0,5.0,16.0,1,1,0,0,-3965.2999999999997,-1864.9,33.0,23.0,1483.0,1483.0,42.0,42.0,1679.0,1679.0,13.0,13.0,1,1,0,29.0,29.0,0.0,0,0.8,1.0,0.2,0.2,0.4,0.6,0.125,0.75,0.8,1.8,0.2,0.6,0.0,0.8333333333333334,0.16666666666666666,0.5,0.6666666666666666,1.25,1.25,0.3333333333333333,0.9166666666666667
2016,197.6,96.0,129.0,147.0,1849.2,1200.8,42.0,43.0,1,1,0,0,-1651.6000000000001,-1104.8,87.0,104.0,1647.0,1647.0,17.0,17.0,1568.0,1568.0,24.0,24.0,1,1,0,-7.0,-7.0,0.0,0,0.0,0.0,0.0,0.0,0.0,0.0,0.0,0.0,1.0,0.6,0.6,0.4,0.6,1.2,0.5,0.4,0.2,0.0,0.0,0.375,-0.375
2016,838.2,653.8,62.0,64.0,2855.4,1816.2,30.0,31.0,1,1,0,0,-2017.2,-1162.4,32.0,33.0,1886.0,1886.0,1.0,1.0,1679.0,1679.0,14.0,14.0,1,1,0,-13.0,-13.0,0.0,0,1.2,1.4,0.4,0.2,0.2,0.6,0.5,0.4,1.6,1.0,0.6,0.4,0.6,1.3,0.4,0.4,0.4,0.8,0.8,1.5555555555555556,0.24444444444444446
2016,5168.0,4237.6,10.0,8.0,2168.6,1377.0,37.0,38.0,1,1,0,0,2999.4,2860.6000000000004,-27.0,-30.0,1568.0,1568.0,24.0,24.0,1886.0,1886.0,1.0,1.0,1,1,0,23.0,23.0,0.0,0,0.0,0.0,0.0,0.0,0.0,0.0,0.0,0.0,0.2,0.6,0.2,0.6,0.4,1.0,0.4,0.4,0.2,0.0,0.0,0.7,-0.7
2016,3366.5,2094.5,25.0,28.0,1309.2,1269.2,49.0,41.0,1,1,0,0,2057.3,825.3,-24.0,-13.0,1462.0,1462.0,52.0,52.0,1483.0,1483.0,42.0,42.0,1,1,0,10.0,10.0,0.0,0,1.0,1.6,0.2,0.0,0.4,0.6,0.16666666666666666,0.5,2.0,1.0,0.6,0.4,0.4,2.375,0.75,0.25,0.25,0.6666666666666666,0.6666666666666666,2.25,0.08333333333333348
2016,5949.2,5502.0,6.0,4.0,4128.4,4104.4,16.0,10.0,1,1,0,0,1820.8000000000002,1397.6000000000004,-10.0,-6.0,1776.0,1776.0,5.0,5.0,1568.0,1568.0,24.0,24.0,1,1,0,-19.0,-19.0,0.0,0,1.0,0.8,0.4,0.4,0.4,0.4,0.3,0.5,0.8,1.4,0.4,0.2,0.4,1.2,0.5,0.1,0.5,1.0,1.0,1.0,1.1666666666666665
2016,5312.7,4789.9,9.0,5.0,3466.6,2435.0,23.0,21.0,1,1,0,0,1846.1,2354.8999999999996,-14.0,-16.0,1886.0,1886.0,1.0,1.0,1308.0,1308.0,80.0,80.0,1,1,0,-79.0,-79.0,0.0,0,1.2,1.4,0.4,0.2,0.4,0.4,0.2857142857142857,0.42857142857142855,1.0,2.0,0.0,1.0,0.0,1.0,0.0,1.0,1.0,1.0,1.0,0.0,2.0
2016,1293.4,469.4,51.0,72.0,7360.0,4574.8,4.0,6.0,1,1,0,0,-6066.6,-4105.400000000001,47.0,66.0,1679.0,1679.0,14.0,14.0,1886.0,1886.0,1.0,1.0,1,1,0,13.0,13.0,0.0,0,1.4,1.4,0.4,0.2,0.2,0.6,0.3,0.4,0.8,1.4,0.4,0.4,0.4,1.2,0.4,0.4,0.5,0.8,0.75,0.6,1.275
2016,26.0,22.0,222.0,175.0,8762.8,6136.0,3.0,3.0,1,1,0,0,-8736.8,-6114.0,219.0,172.0,1477.0,1477.0,47.0,47.0,1886.0,1886.0,1.0,1.0,1,1,0,46.0,46.0,0.0,0,0.0,0.0,0.0,0.0,0.0,0.0,0.0,0.0,1.4,0.4,0.4,0.0,0.8,1.6,0.5,0.1,0.2,0.0,0.0,1.375,-1.375
2016,1339.7,917.3,48.0,50.0,5521.0,3100.6,8.0,17.0,1,1,0,0,-4181.3,-2183.3,40.0,33.0,1886.0,1886.0,1.0,1.0,1679.0,1679.0,13.0,13.0,1,1,0,-12.0,-12.0,0.0,0,0.0,0.0,0.0,0.0,0.0,0.0,0.0,0.0,0.8,1.6,0.2,0.8,0.0,0.8,0.2,0.7,0.3,0.0,0.0,0.2,-0.2
2016,3708.7,2354.7,20.0,22.0,193.0,165.0,131.0,121.0,1,1,0,0,3515.7,2189.7,-111.0,-99.0,1476.0,1476.0,48.0,48.0,1462.0,1462.0,52.0,52.0,1,1,0,-4.0,-4.0,0.0,0,0.8,1.4,0.0,0.2,0.4,0.6,0.1,0.7,0.0,1.0,0.0,1.0,0.0,0.0,0.0,1.0,0.0,1.6,1.6,0.0,2.0
2016,1849.2,1200.8,42.0,43.0,1298.0,1054.0,50.0,48.0,1,1,0,0,551.2,146.79999999999995,-8.0,-5.0,1568.0,1568.0,24.0,24.0,1477.0,1477.0,47.0,47.0,1,1,0,-23.0,-23.0,0.0,0,1.0,1.4,0.4,0.4,0.4,0.2,0.4,0.3,1.4,2.0,0.2,0.4,0.2,1.3333333333333333,0.2222222222222222,0.3333333333333333,0.7777777777777778,0.2,0.625,0.5,1.875
2016,2855.4,1816.2,30.0,31.0,2064.1,1300.1,38.0,39.0,1,1,0,0,791.3000000000002,516.1000000000001,-8.0,-8.0,1679.0,1679.0,14.0,14.0,1483.0,1483.0,42.0,42.0,1,1,0,-28.0,-28.0,0.0,0,1.6,0.4,0.8,0.8,0.2,0.0,0.4,0.4,0.8,1.0,0.2,0.2,0.2,1.1111111111111112,0.2222222222222222,0.2222222222222222,0.7777777777777778,1.2,1.1111111111111112,1.25,0.3055555555555556
2016,4292.4,2211.6,15.0,26.0,197.6,96.0,129.0,147.0,1,1,0,0,4094.7999999999997,2115.6,-114.0,-121.0,1476.0,1476.0,48.0,48.0,1647.0,1647.0,17.0,17.0,1,1,0,31.0,31.0,0.0,0,1.0,2.0,0.0,0.0,0.0,1.0,0.0,1.0,4.0,2.0,1.0,0.0,0.0,4.0,1.0,0.0,1.0,0.0,0.0,0.0,0.0
2016,1309.2,1269.2,49.0,41.0,4128.4,4104.4,16.0,10.0,1,1,0,0,-2819.2,-2835.2,33.0,31.0,1483.0,1483.0,42.0,42.0,1568.0,1568.0,24.0,24.0,1,1,0,18.0,18.0,0.0,0,0.5,1.5,0.0,0.0,0.5,0.5,0.0,0.5,0.6,1.6,0.2,0.6,0.2,1.2,0.4,0.4,0.5,2.0,2.0,0.5,-0.5
2016,6029.4,3165.0,5.0,16.0,838.2,653.8,62.0,64.0,1,1,0,0,5191.2,2511.2,-57.0,-48.0,1679.0,1679.0,13.0,13.0,1886.0,1886.0,1.0,1.0,1,1,0,12.0,12.0,0.0,0,1.0,1.6,0.2,0.0,0.2,0.8,0.0,0.7142857142857143,1.0,1.6,0.4,0.6,0.2,0.8,0.2,0.3,0.4,1.3333333333333333,1.3333333333333333,1.0,0.33333333333333326
2016,1865.3,1424.5,41.0,36.0,26.0,22.0,222.0,175.0,1,1,0,0,1839.3,1402.5,-181.0,-139.0,1308.0,1308.0,80.0,80.0,1477.0,1477.0,47.0,47.0,1,1,0,33.0,33.0,0.0,0,0.2,0.8,0.2,0.4,0.8,0.0,0.3,0.2,2.0,0.0,1.0,0.0,1.0,2.0,1.0,0.0,0.0,0.4,0.3,0.0,2.2
2016,3525.7,2837.7,22.0,19.0,1175.6,733.6,53.0,58.0,1,1,0,0,2350.1,2104.1,-31.0,-39.0,1776.0,1776.0,5.0,5.0,1679.0,1679.0,14.0,14.0,1,1,0,-9.0,-9.0,0.0,0,1.0,1.6,0.2,0.0,0.4,0.6,0.1,0.4,2.2,0.4,0.6,0.0,0.8,1.7,0.5,0.1,0.2,1.4,1.4,1.5555555555555556,-0.3555555555555556
2016,4320.6,3096.2,14.0,18.0,5168.0,4237.6,10.0,8.0,1,1,0,0,-847.3999999999996,-1141.4000000000005,4.0,10.0,1776.0,1776.0,5.0,5.0,1568.0,1568.0,24.0,24.0,1,1,0,-19.0,-19.0,0.0,0,0.8,0.6,0.6,0.6,0.4,0.0,0.6666666666666666,0.1111111111111111,2.0,0.0,1.0,0.0,1.0,2.0,1.0,0.0,0.0,0.0,0.0,0.0,2.5
2016,5521.0,3100.6,8.0,17.0,8762.8,6136.0,3.0,3.0,1,1,0,0,-3241.7999999999993,-3035.4,5.0,14.0,1679.0,1679.0,13.0,13.0,1886.0,1886.0,1.0,1.0,1,1,0,12.0,12.0,0.0,0,0.2,1.0,0.2,0.4,0.8,0.0,0.5,0.2,1.4,0.6,0.6,0.2,0.6,1.6,0.6,0.3,0.3,0.2,0.2,0.9,1.1
2016,2168.6,1377.0,37.0,38.0,210.4,114.0,126.0,143.0,1,1,0,0,1958.1999999999998,1263.0,-89.0,-105.0,1886.0,1886.0,1.0,1.0,1647.0,1647.0,17.0,17.0,1,1,0,-16.0,-16.0,0.0,0,1.6,1.4,0.6,0.4,0.2,0.4,0.3,0.4,0.0,4.0,0.0,1.0,0.0,0.0,0.0,1.0,0.0,0.8,0.625,0.0,3.0
2016,9828.6,8671.0,1.0,1.0,1339.7,917.3,48.0,50.0,1,1,0,0,8488.9,7753.7,-47.0,-49.0,1776.0,1776.0,5.0,5.0,1886.0,1886.0,1.0,1.0,1,1,0,4.0,4.0,0.0,0,2.0,2.0,0.0,0.0,0.0,1.0,0.0,1.0,1.0,1.0,0.0,0.0,0.0,1.0,0.0,0.0,1.0,0.0,0.0,0.0,0.0
2016,3466.6,2435.0,23.0,21.0,1293.4,469.4,51.0,72.0,1,1,0,0,2173.2,1965.6,-28.0,-51.0,1308.0,1308.0,80.0,80.0,1679.0,1679.0,14.0,14.0,1,1,0,66.0,66.0,0.0,0,0.8,2.0,0.4,0.4,0.2,0.4,0.4,0.5,1.0,1.4,0.2,0.4,0.2,0.8571428571428571,0.2857142857142857,0.42857142857142855,0.42857142857142855,0.4,0.5,0.0,2.3333333333333335
2016,7360.0,4574.8,4.0,6.0,5312.7,4789.9,9.0,5.0,1,1,0,0,2047.3000000000002,-215.09999999999945,-5.0,1.0,1886.0,1886.0,1.0,1.0,1886.0,1886.0,1.0,1.0,1,1,0,0.0,0.0,0.0,0,1.0,0.8,0.4,0.6,0.6,0.0,0.5555555555555556,0.2222222222222222,1.4,0.8,0.4,0.2,0.4,1.5,0.5,0.2,0.5,1.0,1.0,1.3333333333333333,0.9166666666666667
2016,2855.4,1816.2,30.0,31.0,6029.4,3165.0,5.0,16.0,1,1,0,0,-3173.9999999999995,-1348.8,25.0,15.0,1679.0,1679.0,14.0,14.0,1679.0,1679.0,13.0,13.0,1,1,0,1.0,1.0,0.0,0,2.0,0.4,0.8,0.8,0.2,0.0,0.5,0.4,1.0,1.6,0.2,0.4,0.0,0.75,0.125,0.5,0.625,0.8,1.0,0.5,1.2
2016,1849.2,1200.8,42.0,43.0,4292.4,2211.6,15.0,26.0,1,1,0,0,-2443.2,-1010.8,27.0,17.0,1568.0,1568.0,24.0,24.0,1476.0,1476.0,48.0,48.0,1,1,0,-24.0,-24.0,0.0,0,1.0,1.4,0.4,0.4,0.4,0.2,0.4,0.3,0.5,2.0,0.0,1.0,0.0,0.5,0.0,1.0,0.5,0.2,0.5555555555555556,0.0,2.4444444444444446
2016,2064.1,1300.1,38.0,39.0,838.2,653.8,62.0,64.0,1,1,0,0,1225.8999999999999,646.3,-24.0,-25.0,1483.0,1483.0,42.0,42.0,1886.0,1886.0,1.0,1.0,1,1,0,41.0,41.0,0.0,0,0.4,1.4,0.0,0.2,0.6,0.4,0.1,0.7,0.6,1.4,0.4,0.6,0.4,0.9,0.3,0.3,0.4,1.2,1.2,1.3333333333333333,-0.1333333333333333
2016,1298.0,1054.0,50.0,48.0,197.6,96.0,129.0,147.0,1,1,0,0,1100.4,958.0,-79.0,-99.0,1477.0,1477.0,47.0,47.0,1647.0,1647.0,17.0,17.0,1,1,0,30.0,30.0,0.0,1,1.2,0.6,0.6,0.6,0.4,0.0,0.7,0.1,0.4,0.8,0.2,0.4,0.4,0.6,0.3,0.4,0.3,0.0,0.0,0.7,1.9000000000000001
2016,3708.7,2354.7,20.0,22.0,3525.7,2837.7,22.0,19.0,1,1,0,0,183.0,-483.0,-2.0,3.0,1476.0,1476.0,48.0,48.0,1776.0,1776.0,5.0,5.0,1,1,0,43.0,43.0,0.0,0,0.5,1.5,0.0,0.0,0.5,0.5,0.0,0.5,1.6,0.4,0.4,0.0,0.8,1.7,0.5,0.0,0.2,1.0,1.0,1.5,-0.5
2016,193.0,165.0,131.0,121.0,1175.6,733.6,53.0,58.0,1,1,0,0,-982.5999999999999,-568.6,78.0,63.0,1462.0,1462.0,52.0,52.0,1679.0,1679.0,14.0,14.0,1,1,0,38.0,38.0,0.0,0,2.0,1.0,0.5,0.5,0.0,0.5,0.5,0.5,0.6,0.8,0.2,0.4,0.2,0.7,0.1,0.6,0.4,0.0,0.0,0.3333333333333333,2.6666666666666665
2016,9828.6,8671.0,1.0,1.0,5521.0,3100.6,8.0,17.0,1,1,0,0,4307.6,5570.4,-7.0,-16.0,1776.0,1776.0,5.0,5.0,1679.0,1679.0,13.0,13.0,1,1,0,-8.0,-8.0,0.0,0,1.0,1.4,0.2,0.2,0.4,0.6,0.1,0.7,0.4,1.0,0.4,0.6,0.4,1.1,0.6,0.3,0.1,1.6,1.5,1.6666666666666667,0.4999999999999998
2016,1339.7,917.3,48.0,50.0,8762.8,6136.0,3.0,3.0,1,1,0,0,-7423.099999999999,-5218.7,45.0,47.0,1886.0,1886.0,1.0,1.0,1886.0,1886.0,1.0,1.0,1,1,0,0.0,0.0,0.0,0,1.0,1.4,0.2,0.2,0.4,0.6,0.1,0.7,3.0,1.0,1.0,0.0,0.5,3.0,1.0,0.0,0.5,1.6,1.6,3.0,-1.4
2016,4320.6,3096.2,14.0,18.0,2168.6,1377.0,37.0,38.0,1,1,0,0,2152.0000000000005,1719.1999999999998,-23.0,-20.0,1776.0,1776.0,5.0,5.0,1886.0,1886.0,1.0,1.0,1,1,0,4.0,4.0,0.0,0,0.5,1.5,0.0,0.0,0.5,0.5,0.0,0.5,1.2,0.8,0.4,0.4,0.4,1.6,0.6,0.3,0.3,1.0,1.0,0.9,-0.9
2016,8762.8,6136.0,3.0,3.0,5631.5,3866.7,7.0,11.0,1,1,0,0,3131.2999999999993,2269.3,-4.0,-8.0,1886.0,1886.0,1.0,1.0,1776.0,1776.0,5.0,5.0,1,1,0,-4.0,-4.0,0.0,0,1.4,1.2,0.2,0.6,0.4,0.4,0.7,0.3,0.6,0.6,0.4,0.4,0.4,1.2,0.6,0.3,0.2,0.6,0.5555555555555556,0.8,1.2
2016,5168.0,4237.6,10.0,8.0,210.4,114.0,126.0,143.0,1,1,0,0,4957.6,4123.6,-116.0,-135.0,1568.0,1568.0,24.0,24.0,1647.0,1647.0,17.0,17.0,1,1,0,7.0,7.0,0.0,0,1.0,2.0,0.5,0.5,0.5,0.0,0.5,0.0,1.5,0.5,0.5,0.0,0.5,1.5,0.5,0.0,0.5,0.0,0.0,1.0,2.0
2016,3366.5,2094.5,25.0,28.0,5949.2,5502.0,6.0,4.0,1,1,0,0,-2582.7,-3407.5,19.0,24.0,1462.0,1462.0,52.0,52.0,1776.0,1776.0,5.0,5.0,1,1,0,47.0,47.0,0.0,1,1.0,1.4,0.4,0.2,0.4,0.4,0.375,0.375,1.6,1.2,0.6,0.2,0.4,1.1,0.5,0.4,0.3,0.75,0.75,1.2222222222222223,1.0277777777777777
2016,3466.6,2435.0,23.0,21.0,7360.0,4574.8,4.0,6.0,1,1,0,0,-3893.4,-2139.8,19.0,15.0,1308.0,1308.0,80.0,80.0,1886.0,1886.0,1.0,1.0,1,1,0,79.0,79.0,0.0,0,1.6,1.8,0.6,0.6,0.2,0.2,0.4,0.5,0.4,0.8,0.2,0.4,0.6,1.9,0.6,0.2,0.2,0.4,0.42857142857142855,2.0,0.4285714285714284
2016,4128.4,4104.4,16.0,10.0,1309.2,1269.2,49.0,41.0,1,1,0,0,2819.2,2835.2,-33.0,-31.0,1568.0,1568.0,24.0,24.0,1483.0,1483.0,42.0,42.0,1,1,0,-18.0,-18.0,1.0,1,0.8,0.8,0.4,0.4,0.2,0.4,0.3,0.4,0.3333333333333333,1.3333333333333333,0.0,1.0,0.0,0.3333333333333333,0.0,1.0,0.3333333333333333,0.6,0.8333333333333334,0.0,2.0
2016,6029.4,3165.0,5.0,16.0,2855.4,1816.2,30.0,31.0,1,1,0,0,3173.9999999999995,1348.8,-25.0,-15.0,1679.0,1679.0,13.0,13.0,1679.0,1679.0,14.0,14.0,1,1,0,-1.0,-1.0,-2.0,1,0.6,1.8,0.0,0.0,0.4,0.6,0.0,0.5555555555555556,1.6,0.4,0.8,0.2,0.8,1.8,0.7,0.2,0.3,1.25,1.25,1.7,-0.7
2016,2168.6,1377.0,37.0,38.0,4320.6,3096.2,14.0,18.0,1,1,0,0,-2152.0000000000005,-1719.1999999999998,23.0,20.0,1886.0,1886.0,1.0,1.0,1776.0,1776.0,5.0,5.0,1,1,0,-4.0,-4.0,0.0,1,0.4,1.0,0.0,0.2,0.6,0.4,0.3,0.3,1.2,0.8,0.4,0.4,0.4,1.3,0.5,0.2,0.2,0.6,0.4,1.4,0.6000000000000001
2016,1175.6,733.6,53.0,58.0,193.0,165.0,131.0,121.0,1,1,0,0,982.5999999999999,568.6,-78.0,-63.0,1679.0,1679.0,14.0,14.0,1462.0,1462.0,52.0,52.0,1,1,0,-38.0,-38.0,1.0,1,1.6,0.6,0.6,0.4,0.4,0.4,0.4,0.4,0.6666666666666666,1.6666666666666667,0.0,1.0,0.0,0.6666666666666666,0.0,1.0,0.6666666666666666,0.2,0.7,0.0,2.1
2016,3525.7,2837.7,22.0,19.0,3708.7,2354.7,20.0,22.0,1,1,0,0,-183.0,483.0,2.0,-3.0,1776.0,1776.0,5.0,5.0,1476.0,1476.0,48.0,48.0,1,1,0,-43.0,-43.0,0.0,0,1.8,1.0,0.8,0.4,0.2,0.4,0.3,0.5,1.6,1.4,0.2,0.2,0.4,1.4,0.3,0.1,0.4,1.0,0.6666666666666666,1.5,1.5
2016,5949.2,5502.0,6.0,4.0,3366.5,2094.5,25.0,28.0,1,1,0,0,2582.7,3407.5,-19.0,-24.0,1776.0,1776.0,5.0,5.0,1462.0,1462.0,52.0,52.0,1,1,0,-47.0,-47.0,0.0,0,0.5,3.0,0.0,0.0,0.5,0.5,0.0,0.5,0.6,0.8,0.2,0.4,0.2,0.9,0.5,0.3,0.3,4.0,4.0,0.8333333333333334,-0.8333333333333334
2016,26.0,22.0,222.0,175.0,5631.5,3866.7,7.0,11.0,1,1,0,0,-5605.5,-3844.7,215.0,164.0,1477.0,1477.0,47.0,47.0,1776.0,1776.0,5.0,5.0,1,1,0,42.0,42.0,-1.0,1,0.8,1.2,0.4,0.4,0.4,0.2,0.5,0.2,1.6,1.4,0.4,0.2,0.2,1.4,0.4,0.3,0.7,0.2,0.16666666666666666,0.5,1.6666666666666665
2016,1865.3,1424.5,41.0,36.0,8762.8,6136.0,3.0,3.0,1,1,0,0,-6897.499999999999,-4711.5,38.0,33.0,1308.0,1308.0,80.0,80.0,1886.0,1886.0,1.0,1.0,1,1,0,79.0,79.0,0.0,1,1.2,1.2,0.4,0.4,0.2,0.6,0.5,0.3,0.4,1.2,0.2,0.4,0.4,1.1111111111111112,0.4444444444444444,0.3333333333333333,0.3333333333333333,0.6,0.6666666666666666,1.0,1.0
2016,197.6,96.0,129.0,147.0,1298.0,1054.0,50.0,48.0,1,1,0,0,-1100.4,-958.0,79.0,99.0,1647.0,1647.0,17.0,17.0,1477.0,1477.0,47.0,47.0,1,1,0,-30.0,-30.0,-2.0,1,2.0,1.3333333333333333,0.6666666666666666,0.3333333333333333,0.3333333333333333,0.3333333333333333,0.3333333333333333,0.3333333333333333,1.2,1.2,0.4,0.4,0.4,1.2,0.2,0.4,0.6,2.0,2.0,0.4,2.6
2016,8762.8,6136.0,3.0,3.0,1339.7,917.3,48.0,50.0,1,1,0,0,7423.099999999999,5218.7,-45.0,-47.0,1886.0,1886.0,1.0,1.0,1886.0,1886.0,1.0,1.0,1,1,0,0.0,0.0,-3.0,1,1.4,1.2,0.2,0.4,0.2,0.6,0.6,0.4,1.6666666666666667,1.3333333333333333,0.3333333333333333,0.3333333333333333,0.0,1.6666666666666667,0.3333333333333333,0.3333333333333333,0.6666666666666666,0.6,0.6,0.0,1.9
2016,1293.4,469.4,51.0,72.0,5312.7,4789.9,9.0,5.0,1,1,0,0,-4019.2999999999997,-4320.5,42.0,67.0,1679.0,1679.0,14.0,14.0,1886.0,1886.0,1.0,1.0,1,1,0,13.0,13.0,0.0,0,0.6,2.2,0.0,0.2,0.6,0.4,0.25,0.375,1.4,0.6,0.4,0.0,0.6,1.3,0.4,0.2,0.5,0.5,0.5,1.2857142857142858,0.7142857142857142
2016,4292.4,2211.6,15.0,26.0,1849.2,1200.8,42.0,43.0,1,1,0,0,2443.2,1010.8,-27.0,-17.0,1476.0,1476.0,48.0,48.0,1568.0,1568.0,24.0,24.0,1,1,0,24.0,24.0,0.0,1,1.0,2.0,0.0,0.0,0.3333333333333333,0.6666666666666666,0.0,0.6666666666666666,1.4,1.6,0.4,0.4,0.4,1.2,0.4,0.4,0.3,2.0,2.0,0.3333333333333333,-0.3333333333333333
2016,5521.0,3100.6,8.0,17.0,9828.6,8671.0,1.0,1.0,1,1,0,0,-4307.6,-5570.4,7.0,16.0,1679.0,1679.0,13.0,13.0,1776.0,1776.0,5.0,5.0,1,1,0,8.0,8.0,1.0,1,1.0,0.8,0.4,0.2,0.4,0.6,0.1,0.5,1.6666666666666667,1.3333333333333333,0.3333333333333333,0.3333333333333333,0.3333333333333333,1.6666666666666667,0.3333333333333333,0.3333333333333333,0.6666666666666666,1.4,1.1666666666666667,1.0,0.16666666666666674
2016,1298.0,1054.0,50.0,48.0,1849.2,1200.8,42.0,43.0,1,1,0,0,-551.2,-146.79999999999995,8.0,5.0,1477.0,1477.0,47.0,47.0,1568.0,1568.0,24.0,24.0,1,1,0,23.0,23.0,-2.0,1,1.4,2.0,0.4,0.2,0.2,0.6,0.2,0.6,1.6,2.4,0.2,0.6,0.2,1.3,0.4,0.5,0.3,1.4,1.3333333333333333,0.3,1.5333333333333332
2016,838.2,653.8,62.0,64.0,2064.1,1300.1,38.0,39.0,1,1,0,0,-1225.8999999999999,-646.3,24.0,25.0,1886.0,1886.0,1.0,1.0,1483.0,1483.0,42.0,42.0,1,1,0,-41.0,-41.0,-1.0,1,1.0,1.4,0.4,0.4,0.2,0.4,0.4,0.4,1.0,1.4,0.2,0.2,0.2,1.1,0.2,0.3,0.7,1.2,1.0,1.0,0.5
2016,5631.5,3866.7,7.0,11.0,26.0,22.0,222.0,175.0,1,1,0,0,5605.5,3844.7,-215.0,-164.0,1776.0,1776.0,5.0,5.0,1477.0,1477.0,47.0,47.0,1,1,0,-42.0,-42.0,0.0,1,0.8,0.8,0.2,0.2,0.2,0.6,0.3,0.4,0.6666666666666666,2.3333333333333335,0.0,0.6666666666666666,0.0,0.6666666666666666,0.0,0.6666666666666666,0.6666666666666666,0.2,0.16666666666666666,0.0,2.5
2016,210.4,114.0,126.0,143.0,5168.0,4237.6,10.0,8.0,1,1,0,0,-4957.6,-4123.6,116.0,135.0,1647.0,1647.0,17.0,17.0,1568.0,1568.0,24.0,24.0,1,1,0,-7.0,-7.0,1.0,1,1.6666666666666667,0.6666666666666666,0.6666666666666666,0.3333333333333333,0.0,0.6666666666666666,0.3333333333333333,0.6666666666666666,1.0,2.0,0.3333333333333333,0.6666666666666666,0.3333333333333333,1.0,0.3333333333333333,0.6666666666666666,0.3333333333333333,0.0,0.0,0.0,3.0
2016,197.6,96.0,129.0,147.0,4292.4,2211.6,15.0,26.0,1,1,0,0,-4094.7999999999997,-2115.6,114.0,121.0,1647.0,1647.0,17.0,17.0,1476.0,1476.0,48.0,48.0,1,1,0,-31.0,-31.0,-1.0,1,1.6,0.4,0.6,0.6,0.4,0.2,0.5,0.3,1.2,0.8,0.6,0.4,0.6,1.2,0.5,0.4,0.2,0.0,0.6,1.4285714285714286,0.6714285714285715
2016,1339.7,917.3,48.0,50.0,9828.6,8671.0,1.0,1.0,1,1,0,0,-8488.9,-7753.7,47.0,49.0,1886.0,1886.0,1.0,1.0,1776.0,1776.0,5.0,5.0,1,1,0,-4.0,-4.0,-1.0,1,1.0,0.8,0.4,0.4,0.2,0.4,0.4,0.4,1.4,0.8,0.6,0.2,0.6,1.4,0.6,0.2,0.3,0.4,0.7142857142857143,1.2,0.9428571428571428
2016,8762.8,6136.0,3.0,3.0,1865.3,1424.5,41.0,36.0,1,1,0,0,6897.499999999999,4711.5,-38.0,-33.0,1886.0,1886.0,1.0,1.0,1308.0,1308.0,80.0,80.0,1,1,0,-79.0,-79.0,2.0,1,2.5,1.25,0.75,0.25,0.25,0.5,0.25,0.5,1.75,2.0,0.25,0.5,0.0,1.75,0.25,0.5,0.75,1.5,1.5,0.5,2.5
2016,4128.4,4104.4,16.0,10.0,5949.2,5502.0,6.0,4.0,1,1,0,0,-1820.8000000000002,-1397.6000000000004,10.0,6.0,1568.0,1568.0,24.0,24.0,1776.0,1776.0,5.0,5.0,1,1,0,19.0,19.0,-2.0,1,2.0,1.25,0.5,0.0,0.25,0.75,0.0,0.75,1.25,1.25,0.25,0.5,0.25,1.25,0.25,0.5,0.5,1.0,1.0,0.5,1.5
2016,1175.6,733.6,53.0,58.0,3525.7,2837.7,22.0,19.0,1,1,0,0,-2350.1,-2104.1,31.0,39.0,1679.0,1679.0,14.0,14.0,1776.0,1776.0,5.0,5.0,1,1,0,9.0,9.0,0.0,1,0.8,1.8,0.0,0.2,0.2,0.8,0.5,0.5,1.0,0.6,0.6,0.2,0.4,1.6,0.6,0.3,0.5,1.2,0.8,0.5555555555555556,1.2444444444444445
2016,7360.0,4574.8,4.0,6.0,3466.6,2435.0,23.0,21.0,1,1,0,0,3893.4,2139.8,-19.0,-15.0,1886.0,1886.0,1.0,1.0,1308.0,1308.0,80.0,80.0,1,1,0,-79.0,-79.0,0.0,1,0.2,1.0,0.0,0.4,0.8,0.2,0.5,0.3,1.6,2.0,0.4,0.4,0.4,1.5,0.4,0.2,0.6,0.8,0.8,0.8571428571428571,1.1428571428571428
2016,1309.2,1269.2,49.0,41.0,3366.5,2094.5,25.0,28.0,1,1,0,0,-2057.3,-825.3,24.0,13.0,1483.0,1483.0,42.0,42.0,1462.0,1462.0,52.0,52.0,1,1,0,-10.0,-10.0,-1.0,1,0.25,1.5,0.0,0.0,0.75,0.25,0.0,0.25,0.4,1.2,0.2,0.4,0.4,1.0,0.4,0.4,0.3,1.5,1.5,0.8,-0.8
2016,5312.7,4789.9,9.0,5.0,1293.4,469.4,51.0,72.0,1,1,0,0,4019.2999999999997,4320.5,-42.0,-67.0,1886.0,1886.0,1.0,1.0,1679.0,1679.0,14.0,14.0,1,1,0,-13.0,-13.0,0.0,1,1.8,1.0,0.4,0.4,0.2,0.6,0.3,0.6,1.0,2.2,0.0,0.4,0.2,0.8888888888888888,0.2222222222222222,0.4444444444444444,0.4444444444444444,0.8,1.0,0.0,2.2857142857142856
2016,8762.8,6136.0,3.0,3.0,5521.0,3100.6,8.0,17.0,1,1,0,0,3241.7999999999993,3035.4,-5.0,-14.0,1886.0,1886.0,1.0,1.0,1679.0,1679.0,13.0,13.0,1,1,0,-12.0,-12.0,0.0,1,2.0,1.8,0.2,0.2,0.0,0.8,0.5,0.5,1.2,0.6,0.6,0.0,0.4,1.0,0.3,0.4,0.5,1.2,0.7,0.7142857142857143,1.2857142857142856
2016,838.2,653.8,62.0,64.0,6029.4,3165.0,5.0,16.0,1,1,0,0,-5191.2,-2511.2,57.0,48.0,1886.0,1886.0,1.0,1.0,1679.0,1679.0,13.0,13.0,1,1,0,-12.0,-12.0,-1.0,1,0.5,3.25,0.0,0.0,0.5,0.5,0.0,0.5,0.8,1.8,0.4,0.4,0.2,1.4,0.5,0.4,0.5,2.5,2.5,0.5,0.0
2016,2064.1,1300.1,38.0,39.0,2855.4,1816.2,30.0,31.0,1,1,0,0,-791.3000000000002,-516.1000000000001,8.0,8.0,1483.0,1483.0,42.0,42.0,1679.0,1679.0,14.0,14.0,1,1,0,28.0,28.0,0.0,1,1.75,0.75,0.75,0.25,0.0,0.75,0.25,0.75,0.6,1.2,0.0,0.4,0.0,0.6,0.2,0.4,0.4,0.5,0.5,0.8,2.2
2016,210.4,114.0,126.0,143.0,2168.6,1377.0,37.0,38.0,1,1,0,0,-1958.1999999999998,-1263.0,89.0,105.0,1647.0,1647.0,17.0,17.0,1886.0,1886.0,1.0,1.0,1,1,0,16.0,16.0,-3.0,1,1.4,2.2,0.2,0.0,0.2,0.8,0.1,0.7,2.4,0.0,1.0,0.0,1.0,2.1,0.8,0.2,0.2,1.4,1.3333333333333333,2.0,-0.5
2016,26.0,22.0,222.0,175.0,1865.3,1424.5,41.0,36.0,1,1,0,0,-1839.3,-1402.5,181.0,139.0,1477.0,1477.0,47.0,47.0,1308.0,1308.0,80.0,80.0,1,1,0,-33.0,-33.0,1.0,1,1.6,1.8,0.4,0.2,0.2,0.6,0.3,0.5,0.4,1.8,0.0,0.6,0.0,0.6,0.1,0.6,0.5,1.2,1.1428571428571428,0.4,1.314285714285714
2016,5312.7,4789.9,9.0,5.0,7360.0,4574.8,4.0,6.0,1,1,0,0,-2047.3000000000002,215.09999999999945,5.0,-1.0,1886.0,1886.0,1.0,1.0,1886.0,1886.0,1.0,1.0,1,1,0,0.0,0.0,0.0,1,2.2,1.0,0.6,0.4,0.2,0.6,0.3,0.6,0.8,1.0,0.2,0.2,0.4,1.9,0.5,0.2,0.3,0.8,1.125,1.8333333333333333,0.5416666666666667
2016,5168.0,4237.6,10.0,8.0,4320.6,3096.2,14.0,18.0,1,1,0,0,847.3999999999996,1141.4000000000005,-4.0,-10.0,1568.0,1568.0,24.0,24.0,1776.0,1776.0,5.0,5.0,1,1,0,19.0,19.0,-4.0,1,1.0,2.0,0.25,0.25,0.25,0.5,0.25,0.5,1.4,0.8,0.4,0.2,0.4,1.1,0.4,0.2,0.3,1.0,1.0,1.3333333333333333,0.16666666666666674
2016,5631.5,3866.7,7.0,11.0,8762.8,6136.0,3.0,3.0,1,1,0,0,-3131.2999999999993,-2269.3,4.0,8.0,1776.0,1776.0,5.0,5.0,1886.0,1886.0,1.0,1.0,1,1,0,4.0,4.0,0.0,1,1.8,0.6,0.4,0.4,0.2,0.4,0.4,0.4,2.2,1.4,0.2,0.2,0.2,1.8,0.2,0.2,0.6,0.2,0.14285714285714285,1.5,1.0714285714285716
2016,193.0,165.0,131.0,121.0,3708.7,2354.7,20.0,22.0,1,1,0,0,-3515.7,-2189.7,111.0,99.0,1462.0,1462.0,52.0,52.0,1476.0,1476.0,48.0,48.0,1,1,0,4.0,4.0,-1.0,1,0.5,2.0,0.0,0.0,0.5,0.5,0.0,0.5,1.4,1.4,0.4,0.2,0.2,1.2,0.3,0.4,0.6,1.5,1.5,0.42857142857142855,-0.42857142857142855
2016,4292.4,2211.6,15.0,26.0,1298.0,1054.0,50.0,48.0,1,1,0,0,2994.3999999999996,1157.6,-35.0,-22.0,1476.0,1476.0,48.0,48.0,1477.0,1477.0,47.0,47.0,1,1,0,1.0,1.0,-1.0,1,1.6,2.4,0.2,0.0,0.2,0.8,0.0,0.8,1.2,1.4,0.6,0.4,0.4,1.2,0.3,0.4,0.6,2.0,2.0,0.3333333333333333,1.1666666666666667
2016,1849.2,1200.8,42.0,43.0,197.6,96.0,129.0,147.0,1,1,0,0,1651.6000000000001,1104.8,-87.0,-104.0,1568.0,1568.0,24.0,24.0,1647.0,1647.0,17.0,17.0,1,1,0,7.0,7.0,-2.0,1,1.6,2.2,0.2,0.2,0.2,0.6,0.4,0.3,2.8,1.2,0.8,0.2,0.2,2.8,0.8,0.2,0.6,0.4,0.7,1.5,0.7999999999999998
2016,5949.2,5502.0,6.0,4.0,1309.2,1269.2,49.0,41.0,1,1,0,0,4640.0,4232.8,-43.0,-37.0,1776.0,1776.0,5.0,5.0,1483.0,1483.0,42.0,42.0,1,1,0,-37.0,-37.0,0.0,1,1.6,1.6,0.2,0.2,0.2,0.6,0.2,0.6,2.2,1.6,0.2,0.4,0.2,1.9,0.2,0.3,0.7,1.0,1.0,1.4,0.10000000000000009
2016,3366.5,2094.5,25.0,28.0,4128.4,4104.4,16.0,10.0,1,1,0,0,-761.8999999999996,-2009.8999999999996,9.0,18.0,1462.0,1462.0,52.0,52.0,1568.0,1568.0,24.0,24.0,1,1,0,28.0,28.0,0.0,1,1.2,0.8,0.4,0.4,0.2,0.6,0.2,0.5,2.2,1.6,0.4,0.2,0.0,2.2,0.4,0.2,0.8,1.2,1.0,1.5,-0.0714285714285714
2016,1293.4,469.4,51.0,72.0,3466.6,2435.0,23.0,21.0,1,1,0,0,-2173.2,-1965.6,28.0,51.0,1679.0,1679.0,14.0,14.0,1308.0,1308.0,80.0,80.0,1,1,0,-66.0,-66.0,-5.0,1,1.2,2.8,0.0,0.2,0.4,0.6,0.2,0.5,1.8,1.6,0.4,0.4,0.4,1.4,0.3,0.3,0.6,0.8,0.8,0.75,1.05
2016,5521.0,3100.6,8.0,17.0,1339.7,917.3,48.0,50.0,1,1,0,0,4181.3,2183.3,-40.0,-33.0,1679.0,1679.0,13.0,13.0,1886.0,1886.0,1.0,1.0,1,1,0,12.0,12.0,0.0,1,0.8,1.0,0.4,0.4,0.4,0.4,0.3,0.4,1.4,0.8,0.6,0.2,0.4,1.5,0.6,0.3,0.4,0.6,0.6,0.8571428571428571,1.1428571428571428
2016,9828.6,8671.0,1.0,1.0,8762.8,6136.0,3.0,3.0,1,1,0,0,1065.800000000001,2535.0,-2.0,-2.0,1776.0,1776.0,5.0,5.0,1886.0,1886.0,1.0,1.0,1,1,0,4.0,4.0,1.0,1,1.6,0.8,0.6,0.6,0.2,0.4,0.5,0.4,0.4,1.6,0.0,1.0,0.0,0.4,0.0,1.0,0.4,0.4,0.6,0.0,2.1
2016,2855.4,1816.2,30.0,31.0,838.2,653.8,62.0,64.0,1,1,0,0,2017.2,1162.4,-32.0,-33.0,1679.0,1679.0,14.0,14.0,1886.0,1886.0,1.0,1.0,1,1,0,13.0,13.0,2.0,1,2.4,0.0,1.0,1.0,0.0,0.0,0.8,0.1,1.4,1.4,0.4,0.4,0.4,1.3,0.4,0.4,0.5,0.6,1.0,1.1428571428571428,0.5571428571428572
2016,4320.6,3096.2,14.0,18.0,210.4,114.0,126.0,143.0,1,1,0,0,4110.200000000001,2982.2,-112.0,-125.0,1776.0,1776.0,5.0,5.0,1647.0,1647.0,17.0,17.0,1,1,0,-12.0,-12.0,-2.0,1,1.8,1.2,0.4,0.2,0.2,0.6,0.4,0.4,1.8,0.8,0.8,0.0,0.2,1.8,0.8,0.0,0.8,0.2,0.16666666666666666,2.0,0.3333333333333335
2016,6029.4,3165.0,5.0,16.0,2064.1,1300.1,38.0,39.0,1,1,0,0,3965.2999999999997,1864.9,-33.0,-23.0,1679.0,1679.0,13.0,13.0,1483.0,1483.0,42.0,42.0,1,1,0,-29.0,-29.0,0.0,1,0.2,1.6,0.0,0.2,0.8,0.2,0.1,0.4,1.2,2.2,0.2,0.6,0.0,1.0,0.2,0.4,0.6,1.8,1.8,0.8333333333333334,-0.033333333333333326
2016,2168.6,1377.0,37.0,38.0,5168.0,4237.6,10.0,8.0,1,1,0,0,-2999.4,-2860.6000000000004,27.0,30.0,1886.0,1886.0,1.0,1.0,1568.0,1568.0,24.0,24.0,1,1,0,-23.0,-23.0,-2.0,1,0.8,1.4,0.0,0.0,0.2,0.8,0.2,0.4,1.2,2.2,0.2,0.8,0.2,1.2,0.2,0.8,0.6,0.8,0.4,0.0,2.0
2016,3525.7,2837.7,22.0,19.0,193.0,165.0,131.0,121.0,1,1,0,0,3332.7,2672.7,-109.0,-102.0,1776.0,1776.0,5.0,5.0,1462.0,1462.0,52.0,52.0,1,1,0,-47.0,-47.0,1.0,1,1.4,0.8,0.6,0.6,0.0,0.4,0.5,0.2,0.8,1.6,0.2,0.8,0.2,0.8,0.2,0.8,0.4,0.2,0.14285714285714285,0.0,2.2857142857142856
2016,3708.7,2354.7,20.0,22.0,1175.6,733.6,53.0,58.0,1,1,0,0,2533.1,1621.1,-33.0,-36.0,1476.0,1476.0,48.0,48.0,1679.0,1679.0,14.0,14.0,1,1,0,34.0,34.0,0.0,1,1.0,1.4,0.4,0.2,0.6,0.4,0.1,0.6,1.2,0.6,0.4,0.2,0.4,1.5,0.6,0.2,0.3,1.8,1.5714285714285714,1.2,1.0857142857142856
2016,3466.6,2435.0,23.0,21.0,5312.7,4789.9,9.0,5.0,1,1,0,0,-1846.1,-2354.8999999999996,14.0,16.0,1308.0,1308.0,80.0,80.0,1886.0,1886.0,1.0,1.0,1,1,0,79.0,79.0,-3.0,1,1.8,1.8,0.2,0.2,0.0,0.8,0.3,0.6,2.0,1.2,0.4,0.2,0.2,1.5,0.4,0.2,0.5,0.4,0.5,1.25,1.0
2016,7360.0,4574.8,4.0,6.0,1293.4,469.4,51.0,72.0,1,1,0,0,6066.6,4105.400000000001,-47.0,-66.0,1886.0,1886.0,1.0,1.0,1679.0,1679.0,14.0,14.0,1,1,0,-13.0,-13.0,0.0,1,1.0,0.4,0.4,0.6,0.4,0.4,0.5,0.3,1.0,2.4,0.0,0.4,0.2,1.0,0.1,0.5,0.6,0.8,0.8333333333333334,0.0,2.1666666666666665
2016,8762.8,6136.0,3.0,3.0,26.0,22.0,222.0,175.0,1,1,0,0,8736.8,6114.0,-219.0,-172.0,1886.0,1886.0,1.0,1.0,1477.0,1477.0,47.0,47.0,1,1,0,-46.0,-46.0,4.0,1,2.0,2.2,0.2,0.2,0.2,0.6,0.3,0.6,0.8,2.8,0.2,0.6,0.0,0.8,0.2,0.6,0.6,1.6,0.9,0.0,1.8
2016,1865.3,1424.5,41.0,36.0,5631.5,3866.7,7.0,11.0,1,1,0,0,-3766.2,-2442.2,34.0,25.0,1308.0,1308.0,80.0,80.0,1776.0,1776.0,5.0,5.0,1,1,0,75.0,75.0,1.0,1,1.0,2.0,0.4,0.2,0.2,0.6,0.2,0.5,2.0,0.8,0.4,0.2,0.2,1.5,0.5,0.2,0.4,1.2,0.7,0.8571428571428571,1.9428571428571426
2016,1298.0,1054.0,50.0,48.0,197.6,96.0,129.0,147.0,1,1,0,0,1100.4,958.0,-79.0,-99.0,1477.0,1477.0,47.0,47.0,1647.0,1647.0,17.0,17.0,1,1,0,30.0,30.0,-1.0,1,1.4,1.0,0.4,0.6,0.4,0.4,0.4,0.4,2.0,0.0,0.8,0.0,1.0,1.8,0.8,0.1,0.0,1.0,1.0,2.0,-0.375
2016,838.2,653.8,62.0,64.0,2855.4,1816.2,30.0,31.0,1,1,0,0,-2017.2,-1162.4,32.0,33.0,1886.0,1886.0,1.0,1.0,1679.0,1679.0,14.0,14.0,1,1,0,-13.0,-13.0,-0.5,1,0.8,2.0,0.4,0.4,0.4,0.2,0.3,0.5,2.6,1.2,0.8,0.2,0.2,2.8333333333333335,0.8333333333333334,0.16666666666666666,0.6666666666666666,0.4,1.1428571428571428,2.0,0.0
2016,5312.7,4789.9,9.0,5.0,5949.2,5502.0,6.0,4.0,1,1,0,0,-636.5,-712.1000000000004,3.0,1.0,1886.0,1886.0,1.0,1.0,1776.0,1776.0,5.0,5.0,1,1,0,-4.0,-4.0,0.0,0,2.0,0.8,0.6,0.4,0.0,0.6,0.5,0.3,2.4,1.4,0.6,0.2,0.2,2.1666666666666665,0.5,0.16666666666666666,0.6666666666666666,0.2,0.14285714285714285,2.0,0.4285714285714284
2016,4320.6,3096.2,14.0,18.0,1339.7,917.3,48.0,50.0,1,1,0,0,2980.9000000000005,2178.8999999999996,-34.0,-32.0,1776.0,1776.0,5.0,5.0,1886.0,1886.0,1.0,1.0,1,1,0,4.0,4.0,0.0,0,1.0,1.0,0.4,0.4,0.4,0.4,0.2,0.5,2.4,0.8,0.6,0.2,0.6,1.3,0.4,0.4,0.2,1.4,1.125,1.375,-0.125
2016,5521.0,3100.6,8.0,17.0,3525.7,2837.7,22.0,19.0,1,1,0,0,1995.3000000000002,262.9000000000001,-14.0,-2.0,1679.0,1679.0,13.0,13.0,1776.0,1776.0,5.0,5.0,1,1,0,8.0,8.0,0.0,0,1.4,1.2,0.2,0.2,0.4,0.6,0.3,0.5,2.0,0.6,0.6,0.2,0.8,1.7,0.5,0.3,0.4,0.8,1.1111111111111112,0.9,1.2111111111111112
2016,5631.5,3866.7,7.0,11.0,210.4,114.0,126.0,143.0,1,1,0,0,5421.1,3752.7,-119.0,-132.0,1776.0,1776.0,5.0,5.0,1647.0,1647.0,17.0,17.0,1,1,0,-12.0,-12.0,0.0,0,2.2,0.8,0.4,0.2,0.0,0.8,0.3,0.5,1.4,1.0,0.6,0.2,0.0,1.5,0.6666666666666666,0.16666666666666666,0.6666666666666666,0.4,0.25,1.3333333333333333,1.2916666666666667
2016,3708.7,2354.7,20.0,22.0,7360.0,4574.8,4.0,6.0,1,1,0,0,-3651.3,-2220.1000000000004,16.0,16.0,1476.0,1476.0,48.0,48.0,1886.0,1886.0,1.0,1.0,1,1,0,47.0,47.0,0.0,0,1.2,1.4,0.6,0.2,0.4,0.4,0.2,0.5,2.2,0.8,0.6,0.0,0.4,1.6,0.5,0.2,0.3,1.4,1.375,2.0,0.375
2016,4128.4,4104.4,16.0,10.0,8762.8,6136.0,3.0,3.0,1,1,0,0,-4634.4,-2031.6000000000004,13.0,7.0,1568.0,1568.0,24.0,24.0,1886.0,1886.0,1.0,1.0,1,1,0,23.0,23.0,0.0,0,1.2,0.6,0.6,0.6,0.4,0.2,0.5,0.3,2.6,2.2,0.4,0.4,0.2,1.7,0.2,0.4,0.7,0.6,0.875,1.1,1.15
2016,197.6,96.0,129.0,147.0,1298.0,1054.0,50.0,48.0,1,1,0,0,-1100.4,-958.0,79.0,99.0,1647.0,1647.0,17.0,17.0,1477.0,1477.0,47.0,47.0,1,1,0,-30.0,-30.0,0.0,1,2.2,1.4,0.6,0.0,0.4,0.6,0.14285714285714285,0.5714285714285714,1.0,1.6,0.6,0.4,0.6,1.0,0.4,0.4,0.4,1.3333333333333333,1.3333333333333333,0.2857142857142857,2.7142857142857144
2016,2855.4,1816.2,30.0,31.0,838.2,653.8,62.0,64.0,1,1,0,0,2017.2,1162.4,-32.0,-33.0,1679.0,1679.0,14.0,14.0,1886.0,1886.0,1.0,1.0,1,1,0,13.0,13.0,0.6666666666666666,1,1.4,0.0,0.6,1.0,0.4,0.0,0.9,0.0,1.2,1.0,0.2,0.2,0.6,0.9,0.3,0.4,0.3,0.0,0.8,1.125,0.575
2016,5949.2,5502.0,6.0,4.0,5312.7,4789.9,9.0,5.0,1,1,0,0,636.5,712.1000000000004,-3.0,-1.0,1776.0,1776.0,5.0,5.0,1886.0,1886.0,1.0,1.0,1,1,0,4.0,4.0,0.0,1,1.8,0.6,0.4,0.8,0.4,0.2,0.6,0.4,1.4,1.2,0.2,0.2,0.2,1.4,0.3,0.1,0.5,0.4,0.5,1.2222222222222223,0.8777777777777778
2016,3525.7,2837.7,22.0,19.0,5521.0,3100.6,8.0,17.0,1,1,0,0,-1995.3000000000002,-262.9000000000001,14.0,2.0,1776.0,1776.0,5.0,5.0,1679.0,1679.0,13.0,13.0,1,1,0,-8.0,-8.0,0.0,1,2.2,0.8,0.4,0.6,0.2,0.4,0.5,0.2,1.0,1.0,0.4,0.2,0.4,0.8,0.3,0.3,0.4,0.2,0.125,0.75,1.625
2016,8762.8,6136.0,3.0,3.0,4128.4,4104.4,16.0,10.0,1,1,0,0,4634.4,2031.6000000000004,-13.0,-7.0,1886.0,1886.0,1.0,1.0,1568.0,1568.0,24.0,24.0,1,1,0,-23.0,-23.0,-2.0,1,1.4,2.6,0.2,0.0,0.4,0.6,0.1,0.7,1.6,0.4,0.8,0.0,0.8,1.1,0.5,0.3,0.3,1.8,1.2,0.875,0.925
2016,210.4,114.0,126.0,143.0,5631.5,3866.7,7.0,11.0,1,1,0,0,-5421.1,-3752.7,119.0,132.0,1647.0,1647.0,17.0,17.0,1776.0,1776.0,5.0,5.0,1,1,0,12.0,12.0,-4.0,1,1.2,1.6,0.6,0.0,0.4,0.6,0.14285714285714285,0.5714285714285714,2.8,0.6,0.6,0.0,0.4,1.7,0.4,0.2,0.5,0.6666666666666666,0.6666666666666666,0.875,2.125
2016,7360.0,4574.8,4.0,6.0,3708.7,2354.7,20.0,22.0,1,1,0,0,3651.3,2220.1000000000004,-16.0,-16.0,1886.0,1886.0,1.0,1.0,1476.0,1476.0,48.0,48.0,1,1,0,-47.0,-47.0,1.0,1,2.6,1.0,0.8,0.4,0.0,0.6,0.2857142857142857,0.5714285714285714,1.2,1.0,0.4,0.2,0.2,1.2,0.5,0.3,0.3,1.6666666666666667,1.6666666666666667,1.5714285714285714,0.09523809523809534
2016,1339.7,917.3,48.0,50.0,4320.6,3096.2,14.0,18.0,1,1,0,0,-2980.9000000000005,-2178.8999999999996,34.0,32.0,1886.0,1886.0,1.0,1.0,1776.0,1776.0,5.0,5.0,1,1,0,-4.0,-4.0,1.0,1,2.6,1.0,0.8,0.2,0.0,0.8,0.4,0.4,1.0,1.6,0.4,0.6,0.2,1.0,0.3,0.5,0.5,1.2,1.0,0.375,1.9107142857142856
2016,5631.5,3866.7,7.0,11.0,5949.2,5502.0,6.0,4.0,1,1,0,0,-317.6999999999998,-1635.3000000000002,1.0,7.0,1776.0,1776.0,5.0,5.0,1776.0,1776.0,5.0,5.0,1,1,0,0.0,0.0,0.0,0,2.8,1.0,0.6,0.4,0.0,0.6,0.3,0.6,2.2,0.8,0.6,0.2,0.6,1.7,0.5,0.2,0.5,0.4,0.2222222222222222,0.9,1.7666666666666666
2016,5521.0,3100.6,8.0,17.0,7360.0,4574.8,4.0,6.0,1,1,0,0,-1839.0,-1474.2000000000003,4.0,11.0,1679.0,1679.0,13.0,13.0,1886.0,1886.0,1.0,1.0,1,1,0,12.0,12.0,0.0,0,1.0,1.2,0.2,0.4,0.4,0.4,0.3,0.5,3.0,1.0,1.0,0.0,0.2,1.6,0.5,0.2,0.5,0.6,1.0,2.125,-0.9027777777777777
2016,1339.7,917.3,48.0,50.0,2855.4,1816.2,30.0,31.0,1,1,0,0,-1515.7,-898.9000000000001,18.0,19.0,1886.0,1886.0,1.0,1.0,1679.0,1679.0,14.0,14.0,1,1,0,-13.0,-13.0,0.0,0,2.4,0.8,0.8,0.6,0.0,0.4,0.375,0.5,1.8,0.4,0.6,0.0,0.8,1.7,0.7,0.1,0.1,1.25,1.25,1.8,0.19999999999999996
2016,4128.4,4104.4,16.0,10.0,197.6,96.0,129.0,147.0,1,1,0,0,3930.7999999999997,4008.3999999999996,-113.0,-137.0,1568.0,1568.0,24.0,24.0,1647.0,1647.0,17.0,17.0,1,1,0,7.0,7.0,0.0,0,1.4,0.6,0.6,0.6,0.4,0.2,0.5,0.3,2.6,1.0,0.8,0.2,0.2,2.375,0.75,0.25,0.5,0.6,0.7777777777777778,1.5,0.8333333333333335
2016,5949.2,5502.0,6.0,4.0,5631.5,3866.7,7.0,11.0,1,1,0,0,317.6999999999998,1635.3000000000002,-1.0,-7.0,1776.0,1776.0,5.0,5.0,1776.0,1776.0,5.0,5.0,1,1,0,0.0,0.0,-1.0,1,1.6,1.0,0.4,0.4,0.4,0.4,0.5,0.4,1.8,1.0,0.6,0.2,0.4,1.8,0.5,0.2,0.5,0.6,0.5,0.7777777777777778,1.5222222222222221
2016,7360.0,4574.8,4.0,6.0,5521.0,3100.6,8.0,17.0,1,1,0,0,1839.0,1474.2000000000003,-4.0,-11.0,1886.0,1886.0,1.0,1.0,1679.0,1679.0,13.0,13.0,1,1,0,-12.0,-12.0,0.0,1,2.6,1.0,0.8,0.2,0.0,0.8,0.3,0.6,1.0,1.4,0.0,0.2,0.2,1.1,0.3,0.1,0.6,1.4,1.0,0.7777777777777778,1.5972222222222223
2016,2855.4,1816.2,30.0,31.0,1339.7,917.3,48.0,50.0,1,1,0,0,1515.7,898.9000000000001,-18.0,-19.0,1679.0,1679.0,14.0,14.0,1886.0,1886.0,1.0,1.0,1,1,0,13.0,13.0,-1.0,1,1.0,0.6,0.4,0.6,0.6,0.2,0.8,0.1,2.0,0.6,0.8,0.0,0.8,2.0,0.6666666666666666,0.1111111111111111,0.4444444444444444,0.4,0.8,2.25,-0.25
2016,197.6,96.0,129.0,147.0,4128.4,4104.4,16.0,10.0,1,1,0,0,-3930.7999999999997,-4008.3999999999996,113.0,137.0,1647.0,1647.0,17.0,17.0,1568.0,1568.0,24.0,24.0,1,1,0,-7.0,-7.0,-1.0,1,2.0,1.2,0.6,0.2,0.2,0.6,0.2222222222222222,0.5555555555555556,1.4,0.8,0.6,0.2,0.4,1.2,0.5,0.3,0.4,1.0,1.0,0.7777777777777778,2.2222222222222223
2017,5631.5,3866.7,7.0,11.0,2855.4,1816.2,30.0,31.0,1,1,0,0,2776.1,2050.5,-23.0,-20.0,1776.0,1776.0,5.0,5.0,1679.0,1679.0,14.0,14.0,1,1,0,-9.0,-9.0,0.0,0,1.6,1.2,0.4,0.4,0.0,0.6,0.3,0.6,1.4,0.8,0.4,0.2,0.4,1.9,0.7,0.1,0.2,0.4,0.2,1.7,1.0000000000000002
2017,4128.4,4104.4,16.0,10.0,7360.0,4574.8,4.0,6.0,1,1,0,0,-3231.6000000000004,-470.40000000000055,12.0,4.0,1568.0,1568.0,24.0,24.0,1886.0,1886.0,1.0,1.0,1,1,0,23.0,23.0,0.0,0,1.0,0.8,0.4,0.4,0.4,0.4,0.4,0.4,2.6,1.2,0.6,0.0,0.0,1.8,0.5,0.0,0.7,0.8,0.8,2.0,0.3999999999999999
2017,2855.4,1816.2,30.0,31.0,5631.5,3866.7,7.0,11.0,1,1,0,0,-2776.1,-2050.5,23.0,20.0,1679.0,1679.0,14.0,14.0,1776.0,1776.0,5.0,5.0,1,1,0,9.0,9.0,2.0,1,1.8,0.8,0.6,0.4,0.4,0.4,0.7,0.2,1.4,1.4,0.4,0.6,0.4,1.8,0.4,0.3,0.6,0.6,0.9,0.7,1.3
2017,7360.0,4574.8,4.0,6.0,4128.4,4104.4,16.0,10.0,1,1,0,0,3231.6000000000004,470.40000000000055,-12.0,-4.0,1886.0,1886.0,1.0,1.0,1568.0,1568.0,24.0,24.0,1,1,0,-23.0,-23.0,-1.0,1,1.6,1.2,0.4,0.0,0.0,1.0,0.2,0.8,1.4,1.0,0.6,0.4,0.2,1.3,0.6,0.3,0.4,1.0,1.0,0.7,1.5222222222222224
2017,4128.4,4104.4,16.0,10.0,2855.4,1816.2,30.0,31.0,1,1,0,0,1272.9999999999995,2288.2,-14.0,-21.0,1568.0,1568.0,24.0,24.0,1679.0,1679.0,14.0,14.0,1,1,0,10.0,10.0,0.0,0,1.6,1.4,0.6,0.0,0.2,0.8,0.4,0.5,2.2,1.0,0.8,0.2,0.2,1.8,0.7,0.1,0.3,0.8,0.7,2.0,0.6000000000000001
2017,2855.4,1816.2,30.0,31.0,4128.4,4104.4,16.0,10.0,1,1,0,0,-1272.9999999999995,-2288.2,14.0,21.0,1679.0,1679.0,14.0,14.0,1568.0,1568.0,24.0,24.0,1,1,0,-10.0,-10.0,0.0,1,1.6,0.8,0.6,0.2,0.2,0.6,0.5,0.4,1.8,1.4,0.6,0.2,0.0,1.6,0.6,0.2,0.6,0.8,0.8,1.0,1.2999999999999998
2017,4517.1,4227.9,12.0,9.0,2187.3,1070.5,35.0,47.0,1,1,0,0,2329.8,3157.3999999999996,-23.0,-38.0,1776.0,1776.0,5.0,5.0,1462.0,1462.0,52.0,52.0,1,1,0,-47.0,-47.0,0.0,0,1.2,1.4,0.4,0.4,0.2,0.4,0.375,0.5,0.0,0.0,0.0,0.0,0.0,0.0,0.0,0.0,0.0,1.0,1.0,0.0,2.25
2017,244.0,236.0,118.0,105.0,138.0,0.0,152.0,224.0,1,1,0,0,106.0,236.0,-34.0,-119.0,1462.0,1462.0,52.0,52.0,1776.0,1776.0,5.0,5.0,1,1,0,47.0,47.0,0.0,0,0.0,0.0,0.0,0.0,0.0,0.0,0.0,0.0,0.6,1.0,0.2,0.4,0.2,1.0,0.5,0.2,0.3,0.0,0.0,0.75,-0.75
2017,1069.7,747.7,55.0,57.0,6029.4,3165.0,5.0,16.0,1,1,0,0,-4959.7,-2417.3,50.0,41.0,1308.0,1308.0,80.0,80.0,1679.0,1679.0,13.0,13.0,1,1,0,67.0,67.0,0.0,0,0.0,0.0,0.0,0.0,0.0,0.0,0.0,0.0,0.8,2.0,0.2,0.6,0.2,0.9,0.2,0.5,0.5,0.0,0.0,0.5,-0.5
2017,168.4,168.4,141.0,120.0,214.8,205.2,125.0,112.0,1,1,0,0,-46.400000000000006,-36.79999999999998,16.0,8.0,1477.0,1477.0,47.0,47.0,1776.0,1776.0,5.0,5.0,1,1,0,42.0,42.0,0.0,0,0.0,0.0,0.0,0.0,0.0,0.0,0.0,0.0,0.0,0.0,0.0,0.0,0.0,0.0,0.0,0.0,0.0,0.0,0.0,0.0,0.0
2017,62.5,10.5,189.0,190.0,4007.8,3412.2,17.0,13.0,1,1,0,0,-3945.3,-3401.7,172.0,177.0,1483.0,1483.0,42.0,42.0,1476.0,1476.0,48.0,48.0,1,1,0,-6.0,-6.0,0.0,0,0.0,0.0,0.0,0.0,0.0,0.0,0.0,0.0,0.6,1.2,0.4,0.4,0.4,0.8333333333333334,0.3333333333333333,0.3333333333333333,0.3333333333333333,0.0,0.0,1.0,-1.0
2017,711.3,670.5,67.0,62.0,5949.2,5502.0,6.0,4.0,1,1,0,0,-5237.9,-4831.5,61.0,58.0,1886.0,1886.0,1.0,1.0,1776.0,1776.0,5.0,5.0,1,1,0,-4.0,-4.0,0.0,0,0.0,0.0,0.0,0.0,0.0,0.0,0.0,0.0,1.6,0.6,0.6,0.2,0.4,1.6,0.6,0.2,0.4,0.0,0.0,0.8,-0.8
2017,337.6,337.6,103.0,89.0,9828.6,8671.0,1.0,1.0,1,1,0,0,-9491.0,-8333.4,102.0,88.0,1886.0,1886.0,1.0,1.0,1776.0,1776.0,5.0,5.0,1,1,0,-4.0,-4.0,0.0,0,0.0,0.0,0.0,0.0,0.0,0.0,0.0,0.0,2.0,1.2,0.4,0.4,0.4,2.0,0.3333333333333333,0.3333333333333333,0.5,0.0,0.0,0.6666666666666666,-0.6666666666666666
2017,9303.1,8609.1,2.0,2.0,2168.6,1377.0,37.0,38.0,1,1,0,0,7134.5,7232.1,-35.0,-36.0,1776.0,1776.0,5.0,5.0,1886.0,1886.0,1.0,1.0,1,1,0,4.0,4.0,0.0,0,1.8,1.6,0.4,0.0,0.2,0.8,0.0,0.8333333333333334,1.0,1.2,0.0,0.2,0.0,0.6,0.1,0.4,0.5,2.0,2.0,0.7,0.6333333333333333
2017,3658.9,3372.1,21.0,14.0,5521.0,3100.6,8.0,17.0,1,1,0,0,-1862.1,271.5,13.0,-3.0,1886.0,1886.0,1.0,1.0,1679.0,1679.0,13.0,13.0,1,1,0,-12.0,-12.0,0.0,0,0.2,3.6,0.0,0.0,0.8,0.2,0.1,0.4,1.0,1.4,0.4,0.4,0.2,1.1,0.4,0.4,0.3,2.0,1.8333333333333333,1.375,-0.375
2017,2064.1,1300.1,38.0,39.0,3238.2,2061.8,27.0,29.0,1,1,0,0,-1174.1,-761.7000000000003,11.0,10.0,1483.0,1483.0,42.0,42.0,1776.0,1776.0,5.0,5.0,1,1,0,37.0,37.0,0.0,0,1.0,2.2,0.2,0.0,0.2,0.8,0.2,0.6,1.2,0.8,0.4,0.4,0.2,1.3,0.5,0.3,0.3,1.2,0.8,1.2,1.4000000000000001
2017,1865.3,1424.5,41.0,36.0,1175.6,733.6,53.0,58.0,1,1,0,0,689.7,690.9,-12.0,-22.0,1308.0,1308.0,80.0,80.0,1679.0,1679.0,14.0,14.0,1,1,0,66.0,66.0,0.0,0,1.6,2.8,0.2,0.0,0.4,0.6,0.1,0.6,0.0,0.0,0.0,0.0,0.0,0.0,0.0,0.0,0.0,1.4,1.2857142857142858,0.0,1.2857142857142858
2017,169.5,145.5,139.0,127.0,4320.6,3096.2,14.0,18.0,1,1,0,0,-4151.1,-2950.7,125.0,109.0,1477.0,1477.0,47.0,47.0,1776.0,1776.0,5.0,5.0,1,1,0,42.0,42.0,0.0,0,1.0,0.6,0.4,0.4,0.4,0.4,0.5,0.4,0.8,1.2,0.0,0.2,0.2,1.0,0.2,0.1,0.6,0.4,0.3333333333333333,0.8,1.5333333333333334
2017,3176.6,2162.6,28.0,27.0,2855.4,1816.2,30.0,31.0,1,1,0,0,321.1999999999998,346.39999999999986,-2.0,-4.0,1568.0,1568.0,24.0,24.0,1679.0,1679.0,14.0,14.0,1,1,0,10.0,10.0,0.0,1,1.0,1.6,0.2,0.0,0.4,0.6,0.0,0.5,1.8,0.6,0.8,0.0,0.4,1.4,0.6,0.1,0.4,1.6666666666666667,1.6666666666666667,2.0,-2.0
2017,3716.6,3501.4,19.0,12.0,3905.4,2618.6,18.0,20.0,1,1,0,0,-188.80000000000018,882.8000000000002,1.0,-8.0,1776.0,1776.0,5.0,5.0,1886.0,1886.0,1.0,1.0,1,1,0,4.0,4.0,0.0,0,0.6,1.4,0.2,0.2,0.4,0.4,0.375,0.25,1.0,0.8,0.6,0.4,0.4,1.3,0.5,0.4,0.2,0.25,0.25,0.8,1.45
2017,1309.2,1269.2,49.0,41.0,1849.2,1200.8,42.0,43.0,1,1,0,0,-540.0,68.40000000000009,7.0,-2.0,1483.0,1483.0,42.0,42.0,1568.0,1568.0,24.0,24.0,1,1,0,18.0,18.0,0.0,0,0.2,2.0,0.0,0.0,0.8,0.2,0.0,0.3333333333333333,1.6,2.0,0.2,0.6,0.2,1.3,0.3,0.6,0.4,1.6666666666666667,1.6666666666666667,0.3,-0.3
2017,2168.6,1377.0,37.0,38.0,4517.1,4227.9,12.0,9.0,1,1,0,0,-2348.5000000000005,-2850.8999999999996,25.0,29.0,1886.0,1886.0,1.0,1.0,1776.0,1776.0,5.0,5.0,1,1,0,-4.0,-4.0,0.0,0,0.8,1.8,0.0,0.0,0.2,0.8,0.2,0.5,1.6,1.4,0.4,0.4,0.4,1.3333333333333333,0.4444444444444444,0.4444444444444444,0.5555555555555556,0.8,0.5,0.75,1.05
2017,2187.3,1070.5,35.0,47.0,9303.1,8609.1,2.0,2.0,1,1,0,0,-7115.8,-7538.6,33.0,45.0,1462.0,1462.0,52.0,52.0,1776.0,1776.0,5.0,5.0,1,1,0,47.0,47.0,0.0,0,2.0,2.0,0.0,0.0,0.0,1.0,0.0,1.0,2.0,1.4,0.4,0.4,0.2,2.0,0.42857142857142855,0.42857142857142855,0.7142857142857143,0.0,0.0,1.0,-1.0
2017,9828.6,8671.0,1.0,1.0,1069.7,747.7,55.0,57.0,1,1,0,0,8758.9,7923.3,-54.0,-56.0,1776.0,1776.0,5.0,5.0,1308.0,1308.0,80.0,80.0,1,1,0,-75.0,-75.0,0.0,0,1.8,1.4,0.2,0.2,0.2,0.6,0.2857142857142857,0.5714285714285714,6.0,2.0,1.0,0.0,0.0,6.0,1.0,0.0,1.0,0.6666666666666666,0.6666666666666666,0.0,2.0
2017,5521.0,3100.6,8.0,17.0,168.4,168.4,141.0,120.0,1,1,0,0,5352.6,2932.2,-133.0,-103.0,1679.0,1679.0,13.0,13.0,1477.0,1477.0,47.0,47.0,1,1,0,-34.0,-34.0,0.0,0,1.0,0.8,0.2,0.4,0.2,0.6,0.4,0.5,1.0,2.0,0.0,1.0,0.0,1.0,0.0,1.0,1.0,0.6,1.0,0.0,1.2
2017,1506.8,1280.8,45.0,40.0,8762.8,6136.0,3.0,3.0,1,1,0,0,-7255.999999999999,-4855.2,42.0,37.0,1679.0,1679.0,14.0,14.0,1886.0,1886.0,1.0,1.0,1,1,0,13.0,13.0,0.0,0,0.0,0.0,0.0,0.0,0.0,0.0,0.0,0.0,1.2,2.2,0.4,0.6,0.2,1.7,0.3,0.4,0.6,0.0,0.0,0.8,-0.8
2017,6029.4,3165.0,5.0,16.0,337.6,337.6,103.0,89.0,1,1,0,0,5691.799999999999,2827.4,-98.0,-73.0,1679.0,1679.0,13.0,13.0,1886.0,1886.0,1.0,1.0,1,1,0,12.0,12.0,0.0,0,1.2,1.0,0.4,0.2,0.4,0.4,0.3,0.3,1.8,2.4,0.2,0.6,0.0,1.1,0.1,0.5,0.6,0.2,0.5,0.7142857142857143,1.3857142857142857
2017,214.8,205.2,125.0,112.0,3658.9,3372.1,21.0,14.0,1,1,0,0,-3444.1,-3166.9,104.0,98.0,1776.0,1776.0,5.0,5.0,1886.0,1886.0,1.0,1.0,1,1,0,4.0,4.0,0.0,0,1.0,1.0,0.0,0.0,0.0,1.0,0.0,1.0,1.0,2.0,0.2,0.4,0.2,1.4,0.5,0.3,0.5,0.0,0.0,0.5,-0.5
2017,3238.2,2061.8,27.0,29.0,1865.3,1424.5,41.0,36.0,1,1,0,0,1372.8999999999999,637.3000000000002,-14.0,-7.0,1776.0,1776.0,5.0,5.0,1308.0,1308.0,80.0,80.0,1,1,0,-75.0,-75.0,0.0,0,1.2,3.0,0.2,0.2,0.6,0.4,0.1,0.6,1.0,1.0,0.0,0.0,0.0,1.0,0.0,0.0,1.0,2.0,2.0,0.0,1.1666666666666667
2017,1175.6,733.6,53.0,58.0,2064.1,1300.1,38.0,39.0,1,1,0,0,-888.5,-566.4999999999999,15.0,19.0,1679.0,1679.0,14.0,14.0,1483.0,1483.0,42.0,42.0,1,1,0,-28.0,-28.0,0.0,0,2.0,1.0,1.0,0.0,0.0,1.0,0.0,1.0,1.0,0.8,0.4,0.4,0.2,1.1,0.4,0.4,0.4,0.0,0.0,1.1666666666666667,-1.1666666666666667
2017,3905.4,2618.6,18.0,20.0,3176.6,2162.6,28.0,27.0,1,1,0,0,728.8000000000002,456.0,-10.0,-7.0,1886.0,1886.0,1.0,1.0,1568.0,1568.0,24.0,24.0,1,1,0,-23.0,-23.0,2.5,1,1.0,1.2,0.4,0.2,0.4,0.4,0.4,0.3,1.4,1.6,0.4,0.4,0.0,1.0,0.2857142857142857,0.5714285714285714,0.5714285714285714,0.4,0.4,1.3333333333333333,1.0666666666666667
2017,4320.6,3096.2,14.0,18.0,244.0,236.0,118.0,105.0,1,1,0,0,4076.6000000000004,2860.2,-104.0,-87.0,1776.0,1776.0,5.0,5.0,1462.0,1462.0,52.0,52.0,1,1,0,-47.0,-47.0,0.0,0,1.2,1.2,0.6,0.4,0.4,0.2,0.4,0.3,0.0,1.0,0.0,1.0,0.0,0.0,0.0,1.0,0.0,0.4,0.25,0.0,2.125
2017,4007.8,3412.2,17.0,13.0,711.3,670.5,67.0,62.0,1,1,0,0,3296.5,2741.7,-50.0,-49.0,1476.0,1476.0,48.0,48.0,1886.0,1886.0,1.0,1.0,1,1,0,47.0,47.0,0.0,0,1.0,1.8,0.2,0.2,0.4,0.4,0.2857142857142857,0.42857142857142855,1.0,1.0,0.0,0.0,0.0,1.0,0.0,0.0,1.0,1.0,1.0,0.0,1.6666666666666667
2017,1069.7,747.7,55.0,57.0,337.6,337.6,103.0,89.0,1,1,0,0,732.1,410.1,-48.0,-32.0,1308.0,1308.0,80.0,80.0,1886.0,1886.0,1.0,1.0,1,1,0,79.0,79.0,0.0,0,3.0,1.5,0.5,0.0,0.5,0.5,0.0,0.5,1.0,1.5,0.0,0.5,0.0,1.0,0.0,0.5,1.0,2.0,2.0,0.0,3.0
2017,2187.3,1070.5,35.0,47.0,2168.6,1377.0,37.0,38.0,1,1,0,0,18.700000000000273,-306.5,-2.0,9.0,1462.0,1462.0,52.0,52.0,1886.0,1886.0,1.0,1.0,1,1,0,51.0,51.0,0.0,0,1.5,1.0,0.5,0.5,0.0,0.5,0.5,0.5,0.6,1.8,0.0,0.6,0.0,0.5,0.0,0.5,0.5,0.0,0.0,0.7,2.3
2017,9828.6,8671.0,1.0,1.0,6029.4,3165.0,5.0,16.0,1,1,0,0,3799.2000000000007,5506.0,-4.0,-15.0,1776.0,1776.0,5.0,5.0,1679.0,1679.0,13.0,13.0,1,1,0,-8.0,-8.0,0.0,0,1.8,1.0,0.4,0.4,0.2,0.4,0.375,0.5,1.6,2.8,0.4,0.4,0.2,1.1,0.2,0.5,0.6,0.5,0.5,0.42857142857142855,1.8214285714285714
2017,9303.1,8609.1,2.0,2.0,4517.1,4227.9,12.0,9.0,1,1,0,0,4786.0,4381.200000000001,-10.0,-7.0,1776.0,1776.0,5.0,5.0,1776.0,1776.0,5.0,5.0,1,1,0,0.0,0.0,0.0,0,1.6,1.2,0.4,0.2,0.4,0.4,0.125,0.625,1.6,1.4,0.4,0.4,0.4,1.3,0.5,0.4,0.5,1.5,1.5,1.2,0.55
2017,138.0,0.0,152.0,224.0,169.5,145.5,139.0,127.0,1,1,0,0,-31.5,-145.5,13.0,97.0,1776.0,1776.0,5.0,5.0,1477.0,1477.0,47.0,47.0,1,1,0,-42.0,-42.0,0.0,0,0.8,1.0,0.4,0.2,0.4,0.4,0.5,0.3,0.2,3.8,0.0,1.0,0.0,0.7,0.1,0.8,0.3,0.4,1.125,0.16666666666666666,1.9583333333333333
2017,5949.2,5502.0,6.0,4.0,62.5,10.5,189.0,190.0,1,1,0,0,5886.7,5491.5,-183.0,-186.0,1776.0,1776.0,5.0,5.0,1483.0,1483.0,42.0,42.0,1,1,0,-37.0,-37.0,0.0,0,1.6,2.0,0.6,0.2,0.4,0.4,0.2,0.6,0.4,1.8,0.2,0.8,0.2,0.42857142857142855,0.14285714285714285,0.8571428571428571,0.2857142857142857,1.6,1.1,0.0,2.1
2017,2855.4,1816.2,30.0,31.0,3716.6,3501.4,19.0,12.0,1,1,0,0,-861.1999999999998,-1685.2,11.0,19.0,1679.0,1679.0,14.0,14.0,1776.0,1776.0,5.0,5.0,1,1,0,9.0,9.0,0.0,0,1.2,2.2,0.0,0.0,0.4,0.6,0.2,0.4,1.0,3.0,0.0,1.0,0.0,1.0,0.0,1.0,1.0,1.0,0.9,0.0,2.0
2017,1849.2,1200.8,42.0,43.0,1506.8,1280.8,45.0,40.0,1,1,0,0,342.4000000000001,-80.0,-3.0,3.0,1568.0,1568.0,24.0,24.0,1679.0,1679.0,14.0,14.0,1,1,0,10.0,10.0,0.0,0,1.4,0.8,0.6,0.4,0.0,0.6,0.4,0.5,0.8,1.4,0.4,0.6,0.2,1.2222222222222223,0.4444444444444444,0.4444444444444444,0.3333333333333333,0.8,0.7,0.25,2.25
2017,8762.8,6136.0,3.0,3.0,1309.2,1269.2,49.0,41.0,1,1,0,0,7453.599999999999,4866.8,-46.0,-38.0,1886.0,1886.0,1.0,1.0,1483.0,1483.0,42.0,42.0,1,1,0,-41.0,-41.0,0.0,0,1.0,0.8,0.4,0.2,0.4,0.6,0.5,0.4,3.0,3.0,0.0,0.0,0.0,3.0,0.0,0.0,1.0,0.4,0.6,0.0,2.3
2017,214.8,205.2,125.0,112.0,5521.0,3100.6,8.0,17.0,1,1,0,0,-5306.2,-2895.4,117.0,95.0,1776.0,1776.0,5.0,5.0,1679.0,1679.0,13.0,13.0,1,1,0,-8.0,-8.0,0.0,0,1.5,2.0,0.5,0.0,0.0,1.0,0.0,1.0,1.0,1.0,0.2,0.2,0.2,1.0,0.3,0.2,0.5,3.0,3.0,1.1,-1.1
2017,3658.9,3372.1,21.0,14.0,168.4,168.4,141.0,120.0,1,1,0,0,3490.5,3203.7,-120.0,-106.0,1886.0,1886.0,1.0,1.0,1477.0,1477.0,47.0,47.0,1,1,0,-46.0,-46.0,0.0,0,1.2,0.8,0.4,0.2,0.4,0.4,0.4,0.4,1.0,1.0,0.5,0.5,0.5,1.0,0.5,0.5,0.5,0.6,0.42857142857142855,3.0,-1.0
2017,2064.1,1300.1,38.0,39.0,1865.3,1424.5,41.0,36.0,1,1,0,0,198.79999999999995,-124.40000000000009,-3.0,3.0,1483.0,1483.0,42.0,42.0,1308.0,1308.0,80.0,80.0,1,1,0,-38.0,-38.0,0.0,0,1.2,2.6,0.0,0.0,0.4,0.6,0.1,0.6,0.8,2.2,0.2,0.6,0.2,0.9,0.4,0.4,0.4,1.2,1.25,0.5,0.75
2017,4007.8,3412.2,17.0,13.0,5949.2,5502.0,6.0,4.0,1,1,0,0,-1941.3999999999996,-2089.8,11.0,9.0,1476.0,1476.0,48.0,48.0,1776.0,1776.0,5.0,5.0,1,1,0,43.0,43.0,0.0,0,1.0,2.2,0.0,0.0,0.4,0.6,0.25,0.5,2.0,1.2,0.6,0.2,0.0,1.9,0.5,0.2,0.5,1.25,1.25,0.9,0.35
2017,3905.4,2618.6,18.0,20.0,2855.4,1816.2,30.0,31.0,1,1,0,0,1050.0,802.3999999999999,-12.0,-11.0,1886.0,1886.0,1.0,1.0,1679.0,1679.0,14.0,14.0,1,1,0,-13.0,-13.0,-0.5,1,1.0,1.4,0.4,0.2,0.4,0.4,0.3,0.3,1.0,1.2,0.4,0.4,0.2,1.4,0.5,0.3,0.5,0.8,0.6666666666666666,1.7,0.30000000000000004
2017,1175.6,733.6,53.0,58.0,3238.2,2061.8,27.0,29.0,1,1,0,0,-2062.6,-1328.2000000000003,26.0,29.0,1679.0,1679.0,14.0,14.0,1776.0,1776.0,5.0,5.0,1,1,0,9.0,9.0,0.0,0,1.4,0.8,0.4,0.4,0.4,0.2,0.4,0.3,1.5,0.5,0.5,0.0,0.5,1.5,0.5,0.0,0.5,0.2,0.4,1.0,1.2999999999999998
2017,169.5,145.5,139.0,127.0,244.0,236.0,118.0,105.0,1,1,0,0,-74.5,-90.5,21.0,22.0,1477.0,1477.0,47.0,47.0,1462.0,1462.0,52.0,52.0,1,1,0,-5.0,-5.0,0.0,0,0.4,3.4,0.0,0.0,0.6,0.4,0.1,0.3,1.0,2.0,0.0,1.0,0.0,1.0,0.0,1.0,0.5,2.2,1.8571428571428572,0.0,0.8571428571428571
2017,138.0,0.0,152.0,224.0,4320.6,3096.2,14.0,18.0,1,1,0,0,-4182.6,-3096.2,138.0,206.0,1776.0,1776.0,5.0,5.0,1776.0,1776.0,5.0,5.0,1,1,0,0.0,0.0,0.0,0,1.6,1.2,0.6,0.2,0.2,0.6,0.125,0.5,1.0,1.0,0.6,0.4,0.4,1.3,0.5,0.4,0.3,1.5,1.5,0.8,-0.050000000000000044
2017,1506.8,1280.8,45.0,40.0,1309.2,1269.2,49.0,41.0,1,1,0,0,197.5999999999999,11.599999999999909,-4.0,-1.0,1679.0,1679.0,14.0,14.0,1483.0,1483.0,42.0,42.0,1,1,0,-28.0,-28.0,0.0,0,1.5,1.0,0.5,0.0,0.0,1.0,0.0,1.0,2.5,4.0,0.0,0.5,0.0,2.5,0.0,0.5,1.0,1.0,1.0,0.0,1.0
2017,711.3,670.5,67.0,62.0,62.5,10.5,189.0,190.0,1,1,0,0,648.8,660.0,-122.0,-128.0,1886.0,1886.0,1.0,1.0,1483.0,1483.0,42.0,42.0,1,1,0,-41.0,-41.0,0.0,0,1.4,0.8,0.6,0.2,0.2,0.6,0.5,0.3,1.2,1.2,0.6,0.4,0.4,1.5,0.5,0.3,0.4,0.6,1.1111111111111112,1.5555555555555556,0.6666666666666667
2017,3176.6,2162.6,28.0,27.0,3716.6,3501.4,19.0,12.0,1,1,0,0,-540.0,-1338.8000000000002,9.0,15.0,1568.0,1568.0,24.0,24.0,1776.0,1776.0,5.0,5.0,1,1,0,19.0,19.0,0.0,0,0.5,2.0,0.0,0.0,0.5,0.5,0.0,0.5,0.8,2.4,0.2,0.8,0.2,0.625,0.125,0.875,0.375,3.0,3.0,0.0,0.0
2017,2168.6,1377.0,37.0,38.0,2187.3,1070.5,35.0,47.0,1,1,0,0,-18.700000000000273,306.5,2.0,-9.0,1886.0,1886.0,1.0,1.0,1462.0,1462.0,52.0,52.0,1,1,0,-51.0,-51.0,0.0,1,0.6,1.8,0.0,0.0,0.4,0.6,0.0,0.6,1.3333333333333333,1.0,0.3333333333333333,0.0,0.3333333333333333,1.3333333333333333,0.3333333333333333,0.0,0.6666666666666666,1.0,0.6,1.0,0.5
2017,337.6,337.6,103.0,89.0,1069.7,747.7,55.0,57.0,1,1,0,0,-732.1,-410.1,48.0,32.0,1886.0,1886.0,1.0,1.0,1308.0,1308.0,80.0,80.0,1,1,0,-79.0,-79.0,-1.0,1,1.0,1.6666666666666667,0.0,0.0,0.0,1.0,0.0,1.0,2.6666666666666665,1.3333333333333333,0.6666666666666666,0.3333333333333333,0.0,2.6666666666666665,0.6666666666666666,0.3333333333333333,0.6666666666666666,1.0,1.0,0.0,1.0
2017,244.0,236.0,118.0,105.0,169.5,145.5,139.0,127.0,1,1,0,0,74.5,90.5,-21.0,-22.0,1462.0,1462.0,52.0,52.0,1477.0,1477.0,47.0,47.0,1,1,0,5.0,5.0,3.0,1,2.0,1.6666666666666667,0.3333333333333333,0.0,0.3333333333333333,0.6666666666666666,0.0,0.6666666666666666,0.4,3.2,0.0,1.0,0.0,0.5,0.0,1.0,0.4,1.0,1.0,0.14285714285714285,-0.14285714285714285
2017,1309.2,1269.2,49.0,41.0,1506.8,1280.8,45.0,40.0,1,1,0,0,-197.5999999999999,-11.599999999999909,4.0,1.0,1483.0,1483.0,42.0,42.0,1679.0,1679.0,14.0,14.0,1,1,0,28.0,28.0,-2.0,1,0.8,2.4,0.2,0.2,0.4,0.4,0.1111111111111111,0.3333333333333333,1.0,1.3333333333333333,0.3333333333333333,0.6666666666666666,0.3333333333333333,1.0,0.3333333333333333,0.6666666666666666,0.3333333333333333,1.25,1.25,0.0,0.75
2017,6029.4,3165.0,5.0,16.0,9828.6,8671.0,1.0,1.0,1,1,0,0,-3799.2000000000007,-5506.0,4.0,15.0,1679.0,1679.0,13.0,13.0,1776.0,1776.0,5.0,5.0,1,1,0,8.0,8.0,-1.0,1,2.0,2.6,0.4,0.2,0.2,0.8,0.1,0.6,2.4,1.2,0.6,0.0,0.4,1.8888888888888888,0.4444444444444444,0.2222222222222222,0.5555555555555556,2.0,1.8571428571428572,0.75,0.6785714285714286
2017,4517.1,4227.9,12.0,9.0,9303.1,8609.1,2.0,2.0,1,1,0,0,-4786.0,-4381.200000000001,10.0,7.0,1776.0,1776.0,5.0,5.0,1776.0,1776.0,5.0,5.0,1,1,0,0.0,0.0,-1.0,1,1.2,1.8,0.2,0.2,0.0,0.8,0.4,0.5,2.0,1.2,0.6,0.4,0.2,1.7777777777777777,0.4444444444444444,0.4444444444444444,0.6666666666666666,1.2,1.2,0.75,1.25
2017,5949.2,5502.0,6.0,4.0,4007.8,3412.2,17.0,13.0,1,1,0,0,1941.3999999999996,2089.8,-11.0,-9.0,1776.0,1776.0,5.0,5.0,1476.0,1476.0,48.0,48.0,1,1,0,-43.0,-43.0,-1.0,1,1.6,1.2,0.4,0.0,0.4,0.6,0.3,0.5,1.2,2.0,0.2,0.4,0.2,1.1111111111111112,0.3333333333333333,0.3333333333333333,0.4444444444444444,0.8,0.7,1.0,1.5
2017,168.4,168.4,141.0,120.0,3658.9,3372.1,21.0,14.0,1,1,0,0,-3490.5,-3203.7,120.0,106.0,1477.0,1477.0,47.0,47.0,1886.0,1886.0,1.0,1.0,1,1,0,46.0,46.0,-5.0,1,0.6666666666666666,2.3333333333333335,0.3333333333333333,0.3333333333333333,0.3333333333333333,0.3333333333333333,0.3333333333333333,0.3333333333333333,1.8,0.8,0.4,0.4,0.2,1.7,0.6,0.2,0.3,2.0,2.0,1.4285714285714286,-1.4285714285714286
2017,62.5,10.5,189.0,190.0,711.3,670.5,67.0,62.0,1,1,0,0,-648.8,-660.0,122.0,128.0,1483.0,1483.0,42.0,42.0,1886.0,1886.0,1.0,1.0,1,1,0,41.0,41.0,-2.0,1,1.6666666666666667,3.3333333333333335,0.0,0.0,0.3333333333333333,0.6666666666666666,0.0,0.6666666666666666,1.6666666666666667,0.6666666666666666,0.6666666666666666,0.0,0.3333333333333333,1.6666666666666667,0.6666666666666666,0.0,0.6666666666666666,3.0,3.0,3.0,-2.0
2017,1849.2,1200.8,42.0,43.0,8762.8,6136.0,3.0,3.0,1,1,0,0,-6913.599999999999,-4935.2,39.0,40.0,1568.0,1568.0,24.0,24.0,1886.0,1886.0,1.0,1.0,1,1,0,23.0,23.0,0.0,0,1.0,1.8,0.2,0.2,0.4,0.4,0.3,0.4,2.4,1.6,0.8,0.2,0.2,2.2,0.5,0.4,0.6,1.0,0.8,1.0,1.0
2017,4320.6,3096.2,14.0,18.0,138.0,0.0,152.0,224.0,1,1,0,0,4182.6,3096.2,-138.0,-206.0,1776.0,1776.0,5.0,5.0,1776.0,1776.0,5.0,5.0,1,1,0,0.0,0.0,0.0,1,1.2,1.4,0.4,0.2,0.4,0.4,0.3,0.5,1.4,0.8,0.6,0.2,0.2,1.0,0.5,0.2,0.4,0.8,0.4444444444444444,1.0,1.2222222222222223
2017,5521.0,3100.6,8.0,17.0,214.8,205.2,125.0,112.0,1,1,0,0,5306.2,2895.4,-117.0,-95.0,1679.0,1679.0,13.0,13.0,1776.0,1776.0,5.0,5.0,1,1,0,8.0,8.0,0.0,1,0.8,0.8,0.2,0.2,0.2,0.6,0.3,0.5,1.3333333333333333,1.6666666666666667,0.3333333333333333,0.3333333333333333,0.0,1.3333333333333333,0.3333333333333333,0.3333333333333333,1.0,0.8,1.1,3.0,-2.1
2017,337.6,337.6,103.0,89.0,6029.4,3165.0,5.0,16.0,1,1,0,0,-5691.799999999999,-2827.4,98.0,73.0,1886.0,1886.0,1.0,1.0,1679.0,1679.0,13.0,13.0,1,1,0,-12.0,-12.0,-1.0,1,1.25,1.5,0.25,0.0,0.0,1.0,0.0,1.0,2.4,3.2,0.4,0.6,0.0,1.3,0.2,0.6,0.6,1.0,1.0,0.375,1.625
2017,2855.4,1816.2,30.0,31.0,3905.4,2618.6,18.0,20.0,1,1,0,0,-1050.0,-802.3999999999999,12.0,11.0,1679.0,1679.0,14.0,14.0,1886.0,1886.0,1.0,1.0,1,1,0,13.0,13.0,0.0,1,0.6,1.2,0.2,0.2,0.4,0.4,0.2,0.5,0.8,1.4,0.4,0.6,0.2,0.8,0.4,0.5,0.3,1.2,0.6,0.6666666666666666,1.8333333333333335
2017,3716.6,3501.4,19.0,12.0,3176.6,2162.6,28.0,27.0,1,1,0,0,540.0,1338.8000000000002,-9.0,-15.0,1776.0,1776.0,5.0,5.0,1568.0,1568.0,24.0,24.0,1,1,0,-19.0,-19.0,0.0,1,1.0,1.2,0.4,0.2,0.4,0.4,0.4,0.4,1.2,1.0,0.4,0.2,0.2,1.1111111111111112,0.3333333333333333,0.4444444444444444,0.5555555555555556,0.4,0.4,1.75,0.6499999999999999
2017,62.5,10.5,189.0,190.0,5949.2,5502.0,6.0,4.0,1,1,0,0,-5886.7,-5491.5,183.0,186.0,1483.0,1483.0,42.0,42.0,1776.0,1776.0,5.0,5.0,1,1,0,37.0,37.0,1.0,1,1.4,1.4,0.4,0.2,0.0,0.8,0.4,0.5,0.8,1.6,0.2,0.4,0.0,0.8,0.1,0.4,0.7,1.2,1.1666666666666667,0.7,1.4666666666666666
2017,9303.1,8609.1,2.0,2.0,2187.3,1070.5,35.0,47.0,1,1,0,0,7115.8,7538.6,-33.0,-45.0,1776.0,1776.0,5.0,5.0,1462.0,1462.0,52.0,52.0,1,1,0,-47.0,-47.0,-1.0,1,2.5,2.0,0.5,0.0,0.25,0.75,0.0,0.75,2.0,1.4,0.6,0.2,0.2,1.6,0.5,0.2,0.6,2.0,2.0,1.5,0.0
2017,244.0,236.0,118.0,105.0,4320.6,3096.2,14.0,18.0,1,1,0,0,-4076.6000000000004,-2860.2,104.0,87.0,1462.0,1462.0,52.0,52.0,1776.0,1776.0,5.0,5.0,1,1,0,47.0,47.0,-1.0,1,2.25,1.5,0.5,0.0,0.25,0.75,0.0,0.75,2.4,1.0,0.8,0.0,0.4,2.0,0.5,0.2,0.6,1.5,1.5,1.2,1.8
2017,4517.1,4227.9,12.0,9.0,2168.6,1377.0,37.0,38.0,1,1,0,0,2348.5000000000005,2850.8999999999996,-25.0,-29.0,1776.0,1776.0,5.0,5.0,1886.0,1886.0,1.0,1.0,1,1,0,4.0,4.0,-3.0,1,1.5,3.25,0.0,0.0,0.25,0.75,0.0,0.75,2.0,1.0,0.6,0.2,0.2,1.8,0.5,0.3,0.5,3.0,3.0,0.9,-0.4
2017,1069.7,747.7,55.0,57.0,9828.6,8671.0,1.0,1.0,1,1,0,0,-8758.9,-7923.3,54.0,56.0,1308.0,1308.0,80.0,80.0,1776.0,1776.0,5.0,5.0,1,1,0,75.0,75.0,-1.0,1,1.8,1.4,0.4,0.2,0.2,0.6,0.1,0.7,1.25,1.25,0.25,0.25,0.25,1.25,0.25,0.25,0.75,1.4,1.4,0.5,1.5
2017,711.3,670.5,67.0,62.0,4007.8,3412.2,17.0,13.0,1,1,0,0,-3296.5,-2741.7,50.0,49.0,1886.0,1886.0,1.0,1.0,1476.0,1476.0,48.0,48.0,1,1,0,-47.0,-47.0,0.0,1,0.8,1.0,0.2,0.4,0.4,0.4,0.3,0.4,0.8,1.8,0.0,0.6,0.2,1.1,0.1,0.5,0.6,0.6,0.8,0.625,1.975
2017,3238.2,2061.8,27.0,29.0,1175.6,733.6,53.0,58.0,1,1,0,0,2062.6,1328.2000000000003,-26.0,-29.0,1776.0,1776.0,5.0,5.0,1679.0,1679.0,14.0,14.0,1,1,0,-9.0,-9.0,-2.0,1,1.0,3.2,0.0,0.0,0.4,0.6,0.0,0.5,1.6,1.4,0.6,0.2,0.2,1.0,0.4,0.3,0.5,3.0,2.125,0.9,-0.15000000000000002
2017,1865.3,1424.5,41.0,36.0,2064.1,1300.1,38.0,39.0,1,1,0,0,-198.79999999999995,124.40000000000009,3.0,-3.0,1308.0,1308.0,80.0,80.0,1483.0,1483.0,42.0,42.0,1,1,0,38.0,38.0,1.0,1,2.0,0.75,0.75,0.25,0.0,0.75,0.25,0.75,1.0,2.2,0.2,0.6,0.2,1.0,0.3,0.4,0.4,0.5,0.5,0.8,1.2
2017,169.5,145.5,139.0,127.0,138.0,0.0,152.0,224.0,1,1,0,0,31.5,145.5,-13.0,-97.0,1477.0,1477.0,47.0,47.0,1776.0,1776.0,5.0,5.0,1,1,0,42.0,42.0,0.0,1,1.0,0.3333333333333333,0.3333333333333333,0.6666666666666666,0.3333333333333333,0.3333333333333333,0.6666666666666666,0.3333333333333333,0.8,0.8,0.2,0.4,0.4,1.2,0.4,0.3,0.2,0.0,0.0,1.2,1.8
2017,8762.8,6136.0,3.0,3.0,1849.2,1200.8,42.0,43.0,1,1,0,0,6913.599999999999,4935.2,-39.0,-40.0,1886.0,1886.0,1.0,1.0,1568.0,1568.0,24.0,24.0,1,1,0,-23.0,-23.0,1.0,1,2.0,1.2,0.8,0.2,0.2,0.6,0.2,0.6,0.8,1.4,0.2,0.8,0.2,1.2,0.2,0.7,0.5,1.4,1.3,0.3,1.8
2017,4007.8,3412.2,17.0,13.0,62.5,10.5,189.0,190.0,1,1,0,0,3945.3,3401.7,-172.0,-177.0,1476.0,1476.0,48.0,48.0,1483.0,1483.0,42.0,42.0,1,1,0,6.0,6.0,0.0,1,1.2,1.6,0.2,0.2,0.2,0.6,0.3,0.4,1.4,3.6,0.0,0.8,0.0,1.4,0.0,0.8,0.8,1.0,1.0,0.0,1.6
2017,5949.2,5502.0,6.0,4.0,711.3,670.5,67.0,62.0,1,1,0,0,5237.9,4831.5,-61.0,-58.0,1776.0,1776.0,5.0,5.0,1886.0,1886.0,1.0,1.0,1,1,0,4.0,4.0,0.0,1,2.6,1.0,0.6,0.2,0.2,0.6,0.3,0.5,1.8,0.8,0.6,0.0,0.2,1.8,0.6,0.0,0.8,0.8,0.6,3.0,-0.20000000000000018
2017,1506.8,1280.8,45.0,40.0,1849.2,1200.8,42.0,43.0,1,1,0,0,-342.4000000000001,80.0,3.0,-3.0,1679.0,1679.0,14.0,14.0,1568.0,1568.0,24.0,24.0,1,1,0,-10.0,-10.0,-1.0,1,1.25,1.25,0.5,0.25,0.25,0.5,0.25,0.5,1.0,1.4,0.2,0.6,0.2,1.3,0.2,0.6,0.6,1.5,1.5,0.4,1.1
2017,168.4,168.4,141.0,120.0,5521.0,3100.6,8.0,17.0,1,1,0,0,-5352.6,-2932.2,133.0,103.0,1477.0,1477.0,47.0,47.0,1679.0,1679.0,13.0,13.0,1,1,0,34.0,34.0,1.0,1,0.75,2.0,0.25,0.25,0.25,0.5,0.25,0.5,1.2,0.6,0.4,0.2,0.4,1.1,0.2,0.2,0.5,1.5,1.5,1.2,-0.7
2017,2187.3,1070.5,35.0,47.0,4517.1,4227.9,12.0,9.0,1,1,0,0,-2329.8,-3157.3999999999996,23.0,38.0,1462.0,1462.0,52.0,52.0,1776.0,1776.0,5.0,5.0,1,1,0,47.0,47.0,0.0,1,1.2,1.6,0.2,0.2,0.0,0.8,0.2,0.8,1.2,1.6,0.4,0.4,0.2,1.2,0.4,0.5,0.5,0.5,0.5,1.0,1.0
2017,1865.3,1424.5,41.0,36.0,3238.2,2061.8,27.0,29.0,1,1,0,0,-1372.8999999999999,-637.3000000000002,14.0,7.0,1308.0,1308.0,80.0,80.0,1776.0,1776.0,5.0,5.0,1,1,0,75.0,75.0,-2.0,1,1.6,0.8,0.4,0.4,0.4,0.4,0.3,0.5,1.5,0.75,0.5,0.0,0.5,1.5,0.5,0.0,0.5,0.8,0.8,1.0,1.6
2017,2168.6,1377.0,37.0,38.0,9303.1,8609.1,2.0,2.0,1,1,0,0,-7134.5,-7232.1,35.0,36.0,1886.0,1886.0,1.0,1.0,1776.0,1776.0,5.0,5.0,1,1,0,-4.0,-4.0,-4.0,1,1.2,1.4,0.4,0.2,0.4,0.4,0.1,0.7,2.0,1.0,0.6,0.4,0.2,1.9,0.5,0.4,0.7,1.0,0.7,0.6,0.9
2017,2064.1,1300.1,38.0,39.0,1175.6,733.6,53.0,58.0,1,1,0,0,888.5,566.4999999999999,-15.0,-19.0,1483.0,1483.0,42.0,42.0,1679.0,1679.0,14.0,14.0,1,1,0,28.0,28.0,-3.0,1,1.0,2.6,0.0,0.2,0.4,0.6,0.1,0.6,1.0,1.2,0.2,0.6,0.4,1.1,0.3,0.4,0.3,1.0,1.1111111111111112,0.9,0.3222222222222223
2017,3658.9,3372.1,21.0,14.0,214.8,205.2,125.0,112.0,1,1,0,0,3444.1,3166.9,-104.0,-98.0,1886.0,1886.0,1.0,1.0,1776.0,1776.0,5.0,5.0,1,1,0,-4.0,-4.0,2.0,1,1.8,0.8,0.4,0.2,0.4,0.4,0.4,0.4,1.0,2.0,0.25,0.5,0.0,1.0,0.25,0.5,0.75,0.6,0.375,1.5,0.625
2017,3716.6,3501.4,19.0,12.0,2855.4,1816.2,30.0,31.0,1,1,0,0,861.1999999999998,1685.2,-11.0,-19.0,1776.0,1776.0,5.0,5.0,1679.0,1679.0,14.0,14.0,1,1,0,-9.0,-9.0,-1.0,1,1.4,0.8,0.6,0.4,0.2,0.4,0.2,0.5,0.6,2.0,0.2,0.8,0.2,0.8,0.4,0.6,0.3,1.4,1.4,0.5714285714285714,0.22857142857142865
2017,1309.2,1269.2,49.0,41.0,8762.8,6136.0,3.0,3.0,1,1,0,0,-7453.599999999999,-4866.8,46.0,38.0,1483.0,1483.0,42.0,42.0,1886.0,1886.0,1.0,1.0,1,1,0,41.0,41.0,2.0,1,1.0,1.4,0.4,0.2,0.4,0.4,0.3,0.4,1.2,1.2,0.4,0.6,0.2,1.4,0.5,0.4,0.5,0.8,0.6666666666666666,1.4,0.6000000000000001
2017,3176.6,2162.6,28.0,27.0,3905.4,2618.6,18.0,20.0,1,1,0,0,-728.8000000000002,-456.0,10.0,7.0,1568.0,1568.0,24.0,24.0,1886.0,1886.0,1.0,1.0,1,1,0,23.0,23.0,-2.0,1,0.8,2.4,0.2,0.2,0.4,0.4,0.1,0.4,2.2,1.0,0.8,0.0,0.2,1.8,0.5,0.3,0.7,1.4,1.4,1.2,-0.6
2017,214.8,205.2,125.0,112.0,168.4,168.4,141.0,120.0,1,1,0,0,46.400000000000006,36.79999999999998,-16.0,-8.0,1776.0,1776.0,5.0,5.0,1477.0,1477.0,47.0,47.0,1,1,0,-42.0,-42.0,1.0,1,0.8,2.2,0.2,0.0,0.4,0.6,0.0,0.6,0.6,1.6,0.2,0.4,0.4,0.6,0.2,0.4,0.4,2.0,2.0,1.5,-1.0
2017,5521.0,3100.6,8.0,17.0,3658.9,3372.1,21.0,14.0,1,1,0,0,1862.1,-271.5,-13.0,3.0,1679.0,1679.0,13.0,13.0,1886.0,1886.0,1.0,1.0,1,1,0,12.0,12.0,1.0,1,1.0,0.4,0.4,0.6,0.4,0.2,0.4,0.4,2.4,0.6,0.6,0.2,0.4,1.7,0.5,0.2,0.4,0.8,1.0,1.375,-0.17500000000000004
2017,1175.6,733.6,53.0,58.0,1865.3,1424.5,41.0,36.0,1,1,0,0,-689.7,-690.9,12.0,22.0,1679.0,1679.0,14.0,14.0,1308.0,1308.0,80.0,80.0,1,1,0,-66.0,-66.0,-2.0,1,1.4,1.0,0.4,0.6,0.4,0.2,0.4,0.3,1.6,0.8,0.4,0.2,0.4,1.3,0.3,0.3,0.6,0.2,0.3,0.5,1.6
2017,3238.2,2061.8,27.0,29.0,2064.1,1300.1,38.0,39.0,1,1,0,0,1174.1,761.7000000000003,-11.0,-10.0,1776.0,1776.0,5.0,5.0,1483.0,1483.0,42.0,42.0,1,1,0,-37.0,-37.0,0.0,1,1.4,0.8,0.4,0.4,0.2,0.6,0.4,0.6,0.4,2.2,0.0,0.6,0.2,1.0,0.1,0.7,0.5,1.0,1.0,0.5555555555555556,2.4444444444444446
2017,9828.6,8671.0,1.0,1.0,337.6,337.6,103.0,89.0,1,1,0,0,9491.0,8333.4,-102.0,-88.0,1776.0,1776.0,5.0,5.0,1886.0,1886.0,1.0,1.0,1,1,0,4.0,4.0,0.0,1,2.0,1.6,0.6,0.2,0.0,0.8,0.3,0.6,1.4,1.4,0.4,0.4,0.0,1.4,0.4,0.4,1.0,0.8,0.8,0.0,2.4
2017,6029.4,3165.0,5.0,16.0,1069.7,747.7,55.0,57.0,1,1,0,0,4959.7,2417.3,-50.0,-41.0,1679.0,1679.0,13.0,13.0,1308.0,1308.0,80.0,80.0,1,1,0,-67.0,-67.0,-4.0,1,1.8,3.0,0.2,0.0,0.0,1.0,0.1,0.6,2.4,1.6,0.6,0.4,0.0,2.4,0.6,0.4,0.8,2.4,2.0,0.0,1.25
2017,8762.8,6136.0,3.0,3.0,1506.8,1280.8,45.0,40.0,1,1,0,0,7255.999999999999,4855.2,-42.0,-37.0,1886.0,1886.0,1.0,1.0,1679.0,1679.0,14.0,14.0,1,1,0,-13.0,-13.0,-1.0,1,1.2,1.6,0.4,0.4,0.2,0.4,0.4,0.3,1.2,0.8,0.6,0.2,0.4,0.9,0.4,0.4,0.4,0.8,0.5714285714285714,0.8333333333333334,1.3095238095238093
2017,1849.2,1200.8,42.0,43.0,1309.2,1269.2,49.0,41.0,1,1,0,0,540.0,-68.40000000000009,-7.0,2.0,1568.0,1568.0,24.0,24.0,1483.0,1483.0,42.0,42.0,1,1,0,-18.0,-18.0,1.0,1,1.8,1.4,0.6,0.2,0.0,0.8,0.2,0.6,2.4,1.8,0.6,0.4,0.0,2.4,0.6,0.4,0.8,0.8,1.1,1.5,0.6000000000000001
2017,138.0,0.0,152.0,224.0,244.0,236.0,118.0,105.0,1,1,0,0,-106.0,-236.0,34.0,119.0,1776.0,1776.0,5.0,5.0,1462.0,1462.0,52.0,52.0,1,1,0,-47.0,-47.0,2.0,1,2.2,1.2,0.6,0.2,0.0,0.8,0.2,0.6,1.2,3.2,0.0,1.0,0.0,0.7,0.0,1.0,0.5,1.0,0.5,0.125,2.175
2017,2855.4,1816.2,30.0,31.0,3176.6,2162.6,28.0,27.0,1,1,0,0,-321.1999999999998,-346.39999999999986,2.0,4.0,1679.0,1679.0,14.0,14.0,1568.0,1568.0,24.0,24.0,1,1,0,-10.0,-10.0,-0.3333333333333333,1,1.0,1.4,0.2,0.0,0.6,0.4,0.2,0.5,1.4,1.0,0.6,0.2,0.4,1.2,0.4,0.4,0.5,1.0,0.7,2.0,0.5
2017,4320.6,3096.2,14.0,18.0,169.5,145.5,139.0,127.0,1,1,0,0,4151.1,2950.7,-125.0,-109.0,1776.0,1776.0,5.0,5.0,1477.0,1477.0,47.0,47.0,1,1,0,-42.0,-42.0,-1.0,1,1.0,1.0,0.4,0.2,0.2,0.6,0.2,0.6,1.2,2.2,0.2,0.8,0.2,0.7,0.1,0.9,0.4,1.4,0.8,0.0,2.0
2017,3905.4,2618.6,18.0,20.0,3716.6,3501.4,19.0,12.0,1,1,0,0,188.80000000000018,-882.8000000000002,-1.0,8.0,1886.0,1886.0,1.0,1.0,1776.0,1776.0,5.0,5.0,1,1,0,-4.0,-4.0,2.0,1,2.6,1.4,0.8,0.0,0.0,1.0,0.1,0.7,1.2,1.4,0.4,0.6,0.2,1.2,0.4,0.6,0.6,1.6,1.4,1.5,0.3999999999999999
2018,711.3,670.5,67.0,62.0,4320.6,3096.2,14.0,18.0,1,1,0,0,-3609.3,-2425.7,53.0,44.0,1886.0,1886.0,1.0,1.0,1776.0,1776.0,5.0,5.0,1,1,0,-4.0,-4.0,0.0,0,1.8,1.4,0.6,0.2,0.0,0.8,0.16666666666666666,0.8333333333333334,2.6,1.2,0.6,0.2,0.2,1.9,0.6,0.3,0.5,0.6666666666666666,0.6666666666666666,1.2,0.4666666666666668
2018,138.0,0.0,152.0,224.0,8762.8,6136.0,3.0,3.0,1,1,0,0,-8624.8,-6136.0,149.0,221.0,1776.0,1776.0,5.0,5.0,1886.0,1886.0,1.0,1.0,1,1,0,4.0,4.0,-1.0,1,1.6,1.4,0.4,0.2,0.2,0.8,0.2,0.6,2.2,1.6,0.6,0.2,0.0,1.9,0.6,0.3,0.7,0.8,0.8,1.4,0.8000000000000003
2018,1069.7,747.7,55.0,57.0,5949.2,5502.0,6.0,4.0,1,1,0,0,-4879.5,-4754.3,49.0,53.0,1308.0,1308.0,80.0,80.0,1776.0,1776.0,5.0,5.0,1,1,0,75.0,75.0,0.0,0,1.2,1.6,0.4,0.0,0.4,0.6,0.0,0.6666666666666666,3.2,1.0,0.8,0.2,0.2,2.1,0.6,0.2,0.6,1.6666666666666667,1.6666666666666667,0.9,2.1
2018,4517.1,4227.9,12.0,9.0,3238.2,2061.8,27.0,29.0,1,1,0,0,1278.9000000000005,2166.0999999999995,-15.0,-20.0,1776.0,1776.0,5.0,5.0,1776.0,1776.0,5.0,5.0,1,1,0,0.0,0.0,0.0,0,1.4,1.6,0.6,0.2,0.2,0.6,0.3,0.6,2.0,0.6,0.6,0.0,0.6,1.8333333333333333,0.5,0.0,0.5,1.8,1.4285714285714286,1.0,0.8571428571428572
2018,3176.6,2162.6,28.0,27.0,9828.6,8671.0,1.0,1.0,1,1,0,0,-6652.0,-6508.4,27.0,26.0,1568.0,1568.0,24.0,24.0,1776.0,1776.0,5.0,5.0,1,1,0,19.0,19.0,0.0,0,1.2,1.4,0.4,0.4,0.2,0.4,0.2,0.6,2.4,1.6,0.8,0.2,0.2,2.1,0.5,0.3,0.7,1.8,1.6666666666666667,1.0,-0.33333333333333337
2018,1865.3,1424.5,41.0,36.0,3658.9,3372.1,21.0,14.0,1,1,0,0,-1793.6000000000001,-1947.6,20.0,22.0,1308.0,1308.0,80.0,80.0,1886.0,1886.0,1.0,1.0,1,1,0,79.0,79.0,0.0,0,1.4,1.0,0.2,0.2,0.4,0.6,0.2,0.6,2.6,0.4,0.8,0.0,0.6,1.8,0.6,0.2,0.4,0.8,0.9,1.5555555555555556,0.8444444444444443
2018,1849.2,1200.8,42.0,43.0,2168.6,1377.0,37.0,38.0,1,1,0,0,-319.39999999999986,-176.20000000000005,5.0,5.0,1568.0,1568.0,24.0,24.0,1886.0,1886.0,1.0,1.0,1,1,0,23.0,23.0,0.0,0,1.6,0.8,0.6,0.4,0.0,0.6,0.2,0.6,1.6,0.8,0.6,0.2,0.2,1.2,0.3,0.3,0.7,1.4,0.8,1.0,1.0
2018,5521.0,3100.6,8.0,17.0,3716.6,3501.4,19.0,12.0,1,1,0,0,1804.4,-400.8000000000002,-11.0,5.0,1679.0,1679.0,13.0,13.0,1776.0,1776.0,5.0,5.0,1,1,0,8.0,8.0,0.0,0,0.8,0.6,0.2,0.4,0.6,0.2,0.4,0.4,0.8,0.8,0.4,0.4,0.4,0.8,0.4,0.5,0.3,0.6,1.0,0.7142857142857143,0.48571428571428565
2018,3658.9,3372.1,21.0,14.0,1865.3,1424.5,41.0,36.0,1,1,0,0,1793.6000000000001,1947.6,-20.0,-22.0,1886.0,1886.0,1.0,1.0,1308.0,1308.0,80.0,80.0,1,1,0,-79.0,-79.0,1.3333333333333333,1,1.8,1.2,0.6,0.2,0.0,0.8,0.2,0.7,1.0,1.6,0.2,0.4,0.2,1.2,0.4,0.3,0.6,1.6,1.6,1.2,0.40000000000000013
2018,8762.8,6136.0,3.0,3.0,138.0,0.0,152.0,224.0,1,1,0,0,8624.8,6136.0,-149.0,-221.0,1886.0,1886.0,1.0,1.0,1776.0,1776.0,5.0,5.0,1,1,0,-4.0,-4.0,0.0,1,2.2,0.4,0.6,0.6,0.0,0.4,0.4,0.4,1.6,0.8,0.2,0.0,0.2,1.2,0.2,0.3,0.6,0.6,0.3333333333333333,0.6,1.6222222222222222
2018,5949.2,5502.0,6.0,4.0,1069.7,747.7,55.0,57.0,1,1,0,0,4879.5,4754.3,-49.0,-53.0,1776.0,1776.0,5.0,5.0,1308.0,1308.0,80.0,80.0,1,1,0,-75.0,-75.0,-1.0,1,2.2,0.8,0.6,0.2,0.4,0.4,0.1,0.6,1.4,1.4,0.6,0.4,0.2,1.8571428571428572,0.5714285714285714,0.42857142857142855,0.5714285714285714,1.0,0.7,0.0,2.8
2018,4320.6,3096.2,14.0,18.0,711.3,670.5,67.0,62.0,1,1,0,0,3609.3,2425.7,-53.0,-44.0,1776.0,1776.0,5.0,5.0,1886.0,1886.0,1.0,1.0,1,1,0,4.0,4.0,1.0,1,2.2,0.8,0.6,0.4,0.0,0.6,0.4,0.4,1.4,1.4,0.4,0.4,0.2,1.4285714285714286,0.42857142857142855,0.2857142857142857,0.7142857142857143,0.8,0.5,2.0,0.2999999999999998
2018,9828.6,8671.0,1.0,1.0,3176.6,2162.6,28.0,27.0,1,1,0,0,6652.0,6508.4,-27.0,-26.0,1776.0,1776.0,5.0,5.0,1568.0,1568.0,24.0,24.0,1,1,0,-19.0,-19.0,-1.0,1,2.2,1.8,0.6,0.0,0.2,0.8,0.2,0.6,1.0,1.4,0.4,0.4,0.4,1.3,0.5,0.3,0.5,1.0,0.8333333333333334,1.6666666666666667,0.8333333333333333
2018,3716.6,3501.4,19.0,12.0,5521.0,3100.6,8.0,17.0,1,1,0,0,-1804.4,400.8000000000002,11.0,-5.0,1776.0,1776.0,5.0,5.0,1679.0,1679.0,13.0,13.0,1,1,0,-8.0,-8.0,1.0,1,0.6,0.8,0.4,0.4,0.4,0.2,0.4,0.2,0.8,0.6,0.2,0.4,0.4,0.9,0.2,0.3,0.4,0.8,0.5714285714285714,1.2,0.9428571428571428
2018,2168.6,1377.0,37.0,38.0,1849.2,1200.8,42.0,43.0,1,1,0,0,319.39999999999986,176.20000000000005,-5.0,-5.0,1886.0,1886.0,1.0,1.0,1568.0,1568.0,24.0,24.0,1,1,0,-23.0,-23.0,1.0,1,1.8,0.6,0.8,0.4,0.0,0.6,0.2,0.6,1.4,1.0,0.4,0.4,0.2,1.2,0.3,0.6,0.5,1.0,0.8,0.4,1.1
2018,3238.2,2061.8,27.0,29.0,4517.1,4227.9,12.0,9.0,1,1,0,0,-1278.9000000000005,-2166.0999999999995,15.0,20.0,1776.0,1776.0,5.0,5.0,1776.0,1776.0,5.0,5.0,1,1,0,0.0,0.0,1.0,1,2.2,1.0,0.6,0.4,0.2,0.6,0.42857142857142855,0.5714285714285714,1.6,2.2,0.4,0.6,0.0,1.6,0.4,0.5,0.7,0.6666666666666666,0.6666666666666666,1.2857142857142858,1.7142857142857142
2018,3716.6,3501.4,19.0,12.0,4320.6,3096.2,14.0,18.0,1,1,0,0,-604.0000000000005,405.2000000000003,5.0,-6.0,1776.0,1776.0,5.0,5.0,1776.0,1776.0,5.0,5.0,1,1,0,0.0,0.0,0.0,0,0.8,0.6,0.6,0.6,0.4,0.0,0.4,0.2,2.4,0.8,0.8,0.2,0.4,1.8,0.6,0.3,0.5,0.8,0.5,1.4,0.8500000000000001
2018,2168.6,1377.0,37.0,38.0,3658.9,3372.1,21.0,14.0,1,1,0,0,-1490.3000000000002,-1995.1,16.0,24.0,1886.0,1886.0,1.0,1.0,1886.0,1886.0,1.0,1.0,1,1,0,0.0,0.0,0.0,0,1.6,0.6,0.8,0.4,0.2,0.4,0.2,0.5,1.4,0.4,0.6,0.0,0.6,1.6,0.5,0.2,0.4,1.0,0.9,1.5,-0.30000000000000004
2018,3176.6,2162.6,28.0,27.0,3238.2,2061.8,27.0,29.0,1,1,0,0,-61.59999999999991,100.79999999999973,1.0,-2.0,1568.0,1568.0,24.0,24.0,1776.0,1776.0,5.0,5.0,1,1,0,19.0,19.0,0.0,0,0.8,1.4,0.4,0.4,0.4,0.2,0.3,0.4,2.4,1.0,0.8,0.0,0.4,1.875,0.625,0.0,0.5,1.4,1.4285714285714286,1.5,-0.5
2018,1069.7,747.7,55.0,57.0,8762.8,6136.0,3.0,3.0,1,1,0,0,-7693.099999999999,-5388.3,52.0,54.0,1308.0,1308.0,80.0,80.0,1886.0,1886.0,1.0,1.0,1,1,0,79.0,79.0,0.0,0,1.0,1.2,0.4,0.4,0.4,0.4,0.25,0.5,1.6,1.2,0.4,0.2,0.2,1.8,0.6,0.2,0.7,1.25,1.25,1.4,1.6
2018,4320.6,3096.2,14.0,18.0,3716.6,3501.4,19.0,12.0,1,1,0,0,604.0000000000005,-405.2000000000003,-5.0,6.0,1776.0,1776.0,5.0,5.0,1776.0,1776.0,5.0,5.0,1,1,0,0.0,0.0,0.0,1,1.6,0.6,0.6,0.6,0.2,0.4,0.4,0.5,0.8,0.2,0.6,0.2,0.8,0.9,0.5,0.3,0.2,1.0,0.6,1.0,1.5
2018,3238.2,2061.8,27.0,29.0,3176.6,2162.6,28.0,27.0,1,1,0,0,61.59999999999991,-100.79999999999973,-1.0,2.0,1776.0,1776.0,5.0,5.0,1568.0,1568.0,24.0,24.0,1,1,0,-19.0,-19.0,0.0,1,2.0,0.8,0.6,0.4,0.0,0.6,0.4444444444444444,0.5555555555555556,0.6,1.6,0.2,0.6,0.2,1.0,0.4,0.4,0.4,0.5,0.5,1.4285714285714286,1.5714285714285714
2018,3658.9,3372.1,21.0,14.0,2168.6,1377.0,37.0,38.0,1,1,0,0,1490.3000000000002,1995.1,-16.0,-24.0,1886.0,1886.0,1.0,1.0,1886.0,1886.0,1.0,1.0,1,1,0,0.0,0.0,-3.0,1,1.4,1.6,0.4,0.2,0.2,0.6,0.2,0.7,1.4,0.8,0.6,0.2,0.6,1.7777777777777777,0.5555555555555556,0.3333333333333333,0.4444444444444444,1.2,1.5,0.25,1.35
2018,8762.8,6136.0,3.0,3.0,1069.7,747.7,55.0,57.0,1,1,0,0,7693.099999999999,5388.3,-52.0,-54.0,1886.0,1886.0,1.0,1.0,1308.0,1308.0,80.0,80.0,1,1,0,-79.0,-79.0,-2.0,1,1.2,0.6,0.6,0.6,0.2,0.2,0.4,0.3,1.6,0.4,0.8,0.2,0.6,1.2,0.5,0.3,0.4,0.4,0.3,1.2,1.0999999999999999
2018,8762.8,6136.0,3.0,3.0,3658.9,3372.1,21.0,14.0,1,1,0,0,5103.9,2763.9,-18.0,-11.0,1886.0,1886.0,1.0,1.0,1886.0,1886.0,1.0,1.0,1,1,0,0.0,0.0,0.0,0,2.4,1.2,0.4,0.4,0.2,0.4,0.2,0.7,1.0,0.6,0.6,0.2,0.6,1.7,0.6,0.2,0.3,1.2,1.4,1.2,0.6000000000000001
2018,3176.6,2162.6,28.0,27.0,4320.6,3096.2,14.0,18.0,1,1,0,0,-1144.0000000000005,-933.5999999999999,14.0,9.0,1568.0,1568.0,24.0,24.0,1776.0,1776.0,5.0,5.0,1,1,0,19.0,19.0,0.0,0,0.8,1.0,0.4,0.4,0.2,0.4,0.4,0.4,1.6,0.2,0.8,0.0,0.8,1.9,0.7,0.1,0.5,1.2,1.375,1.2,-0.19999999999999996
2018,3658.9,3372.1,21.0,14.0,8762.8,6136.0,3.0,3.0,1,1,0,0,-5103.9,-2763.9,18.0,11.0,1886.0,1886.0,1.0,1.0,1886.0,1886.0,1.0,1.0,1,1,0,0.0,0.0,-1.0,1,0.8,0.8,0.4,0.4,0.4,0.2,0.5,0.3,2.4,0.8,0.6,0.2,0.6,2.3,0.6,0.2,0.6,0.2,0.3,1.3,0.9999999999999998
2018,4320.6,3096.2,14.0,18.0,3176.6,2162.6,28.0,27.0,1,1,0,0,1144.0000000000005,933.5999999999999,-14.0,-9.0,1776.0,1776.0,5.0,5.0,1568.0,1568.0,24.0,24.0,1,1,0,-19.0,-19.0,3.0,1,1.4,0.2,0.8,0.8,0.2,0.2,0.5,0.5,0.6,1.0,0.4,0.4,0.4,0.9,0.4,0.4,0.3,0.8,0.6,1.625,0.875
2018,4320.6,3096.2,14.0,18.0,3658.9,3372.1,21.0,14.0,1,1,0,0,661.7000000000003,-275.9000000000001,-7.0,4.0,1776.0,1776.0,5.0,5.0,1886.0,1886.0,1.0,1.0,1,1,0,4.0,4.0,0.0,0,1.2,0.4,0.6,0.6,0.4,0.2,0.5,0.4,1.4,1.0,0.6,0.4,0.4,1.8,0.6,0.2,0.3,0.6,0.7,1.2,1.0000000000000002
2018,3658.9,3372.1,21.0,14.0,4320.6,3096.2,14.0,18.0,1,1,0,0,-661.7000000000003,275.9000000000001,7.0,-4.0,1886.0,1886.0,1.0,1.0,1776.0,1776.0,5.0,5.0,1,1,0,-4.0,-4.0,-1.0,1,1.2,1.2,0.4,0.2,0.6,0.2,0.4,0.3,1.0,0.2,0.6,0.2,0.8,1.7,0.7,0.2,0.3,0.4,0.5,1.5,1.0
2018,5312.7,4789.9,9.0,5.0,2951.0,1698.2,29.0,32.0,1,1,0,0,2361.7,3091.7,-20.0,-27.0,1886.0,1886.0,1.0,1.0,1776.0,1776.0,5.0,5.0,1,1,0,-4.0,-4.0,0.0,0,1.2,1.2,0.2,0.2,0.4,0.6,0.3,0.6,0.8,0.8,0.6,0.4,0.6,1.0,0.5,0.3,0.1,0.8,1.0,1.3,0.7
2018,320.5,320.5,105.0,91.0,3708.7,2354.7,20.0,22.0,1,1,0,0,-3388.2,-2034.1999999999998,85.0,69.0,1477.0,1477.0,47.0,47.0,1476.0,1476.0,48.0,48.0,1,1,0,-1.0,-1.0,0.0,0,0.0,0.0,0.0,0.0,0.0,0.0,0.0,0.0,0.6,1.8,0.2,0.8,0.2,1.1,0.3,0.5,0.6,0.0,0.0,0.3333333333333333,-0.3333333333333333
2018,3366.5,2094.5,25.0,28.0,2855.4,1816.2,30.0,31.0,1,1,0,0,511.0999999999999,278.29999999999995,-5.0,-3.0,1462.0,1462.0,52.0,52.0,1679.0,1679.0,14.0,14.0,1,1,0,38.0,38.0,0.0,0,0.6,0.8,0.4,0.6,0.6,0.2,0.4,0.3,1.4,1.2,0.4,0.6,0.0,1.4,0.5,0.4,0.5,0.6,0.5,1.4,0.43333333333333335
2018,538.6,143.0,80.0,129.0,4320.6,3096.2,14.0,18.0,1,1,0,0,-3782.0000000000005,-2953.2,66.0,111.0,1679.0,1679.0,13.0,13.0,1776.0,1776.0,5.0,5.0,1,1,0,8.0,8.0,0.0,0,1.2,0.4,0.8,0.8,0.2,0.0,0.6,0.2,1.4,0.4,0.8,0.2,0.6,1.5,0.7,0.2,0.3,0.2,0.3333333333333333,1.8,0.8666666666666665
2018,539.6,539.6,79.0,70.0,3466.6,2435.0,23.0,21.0,1,1,0,0,-2927.0,-1895.4,56.0,49.0,1568.0,1568.0,24.0,24.0,1308.0,1308.0,80.0,80.0,1,1,0,-56.0,-56.0,0.0,0,0.6,0.8,0.2,0.4,0.8,0.0,0.3,0.3,1.2,1.2,0.6,0.4,0.6,1.1,0.5,0.5,0.3,0.8,0.7,0.875,0.32499999999999996
2018,9303.1,8609.1,2.0,2.0,8762.8,6136.0,3.0,3.0,1,1,0,0,540.3000000000011,2473.1000000000004,-1.0,-1.0,1776.0,1776.0,5.0,5.0,1886.0,1886.0,1.0,1.0,1,1,0,4.0,4.0,0.0,0,0.0,0.0,0.0,0.0,0.0,0.0,0.0,0.0,2.2,0.6,0.4,0.0,0.6,1.5,0.4,0.3,0.3,0.0,0.0,1.3333333333333333,-1.3333333333333333
2018,1132.1,609.3,54.0,65.0,3525.7,2837.7,22.0,19.0,1,1,0,0,-2393.6,-2228.3999999999996,32.0,46.0,1679.0,1679.0,14.0,14.0,1776.0,1776.0,5.0,5.0,1,1,0,9.0,9.0,0.0,0,1.4,1.4,0.4,0.0,0.2,0.8,0.1,0.7,2.4,1.6,0.4,0.4,0.4,2.1,0.5,0.3,0.6,1.4,1.3333333333333333,1.3,0.8666666666666665
2018,5521.0,3100.6,8.0,17.0,3905.4,2618.6,18.0,20.0,1,1,0,0,1615.6,482.0,-10.0,-3.0,1679.0,1679.0,13.0,13.0,1886.0,1886.0,1.0,1.0,1,1,0,12.0,12.0,0.0,0,0.0,0.0,0.0,0.0,0.0,0.0,0.0,0.0,1.8,1.2,0.2,0.2,0.2,1.3,0.3,0.3,0.6,0.0,0.0,0.7777777777777778,-0.7777777777777778
2018,175.5,175.5,136.0,119.0,3238.2,2061.8,27.0,29.0,1,1,0,0,-3062.7,-1886.3000000000002,109.0,90.0,1483.0,1483.0,42.0,42.0,1776.0,1776.0,5.0,5.0,1,1,0,37.0,37.0,0.0,0,0.4,2.4,0.0,0.0,0.6,0.4,0.0,0.5,1.8,0.8,0.6,0.2,0.4,1.6,0.5,0.1,0.5,1.6666666666666667,1.6666666666666667,1.4,-0.3999999999999999
2018,2209.0,1851.0,34.0,30.0,9828.6,8671.0,1.0,1.0,1,1,0,0,-7619.6,-6820.0,33.0,29.0,1679.0,1679.0,14.0,14.0,1776.0,1776.0,5.0,5.0,1,1,0,9.0,9.0,0.0,0,0.0,0.0,0.0,0.0,0.0,0.0,0.0,0.0,1.8,1.4,0.6,0.4,0.2,2.1,0.6,0.2,0.6,0.0,0.0,0.8571428571428571,-0.8571428571428571
2018,1175.6,733.6,53.0,58.0,1849.2,1200.8,42.0,43.0,1,1,0,0,-673.6000000000001,-467.19999999999993,11.0,15.0,1679.0,1679.0,14.0,14.0,1568.0,1568.0,24.0,24.0,1,1,0,-10.0,-10.0,0.0,0,1.6,0.8,0.4,0.6,0.2,0.4,0.4,0.4,1.4,0.6,0.6,0.2,0.4,1.1,0.4,0.5,0.4,0.4,0.3,0.7,1.5000000000000002
2018,1879.8,1411.0,40.0,37.0,7360.0,4574.8,4.0,6.0,1,1,0,0,-5480.2,-3163.8,36.0,31.0,1483.0,1483.0,42.0,42.0,1886.0,1886.0,1.0,1.0,1,1,0,41.0,41.0,0.0,0,0.0,2.0,0.0,0.5,1.0,0.0,0.5,0.0,1.6,1.6,0.2,0.4,0.0,2.1,0.5,0.2,0.9,4.0,4.0,1.8,-1.8
2018,234.0,222.0,122.0,110.0,4128.4,4104.4,16.0,10.0,1,1,0,0,-3894.3999999999996,-3882.3999999999996,106.0,100.0,1477.0,1477.0,47.0,47.0,1568.0,1568.0,24.0,24.0,1,1,0,23.0,23.0,0.0,0,0.0,0.0,0.0,0.0,0.0,0.0,0.0,0.0,1.4,1.4,0.4,0.4,0.0,1.4,0.5,0.3,0.6,0.0,0.0,1.0,-1.0
2018,337.6,337.6,103.0,89.0,4007.8,3412.2,17.0,13.0,1,1,0,0,-3670.2000000000003,-3074.6,86.0,76.0,1886.0,1886.0,1.0,1.0,1476.0,1476.0,48.0,48.0,1,1,0,-47.0,-47.0,0.0,0,1.4,1.8,0.4,0.0,0.0,1.0,0.0,1.0,0.8,1.2,0.2,0.4,0.2,0.9,0.2,0.4,0.5,1.0,1.0,0.8333333333333334,1.5
2018,3708.7,2354.7,20.0,22.0,538.6,143.0,80.0,129.0,1,1,0,0,3170.1,2211.7,-60.0,-107.0,1476.0,1476.0,48.0,48.0,1679.0,1679.0,13.0,13.0,1,1,0,35.0,35.0,0.0,0,1.0,1.4,0.4,0.4,0.2,0.4,0.3,0.5,1.0,0.6,0.6,0.2,0.6,1.2,0.5,0.2,0.3,1.4,1.4444444444444444,1.1666666666666667,0.9444444444444444
2018,885.1,427.5,61.0,80.0,1885.6,1082.0,39.0,45.0,1,1,0,0,-1000.4999999999999,-654.5,22.0,35.0,1776.0,1776.0,5.0,5.0,1462.0,1462.0,52.0,52.0,1,1,0,-47.0,-47.0,0.0,0,0.0,0.0,0.0,0.0,0.0,0.0,0.0,0.0,0.6,2.6,0.0,0.8,0.2,0.8,0.1,0.7,0.4,0.0,0.0,0.875,-0.875
2018,3466.6,2435.0,23.0,21.0,3366.5,2094.5,25.0,28.0,1,1,0,0,100.09999999999991,340.5,-2.0,-7.0,1308.0,1308.0,80.0,80.0,1462.0,1462.0,52.0,52.0,1,1,0,28.0,28.0,0.0,0,1.6,0.8,0.6,0.2,0.4,0.4,0.2,0.5,1.0,1.0,0.0,0.0,0.0,1.0,0.0,0.0,1.0,1.0,0.8,0.0,2.5
2018,3905.4,2618.6,18.0,20.0,175.5,175.5,136.0,119.0,1,1,0,0,3729.9,2443.1,-118.0,-99.0,1886.0,1886.0,1.0,1.0,1483.0,1483.0,42.0,42.0,1,1,0,-41.0,-41.0,-1.5,1,1.4,0.6,0.6,0.4,0.2,0.4,0.3,0.5,1.8,1.6,0.4,0.4,0.0,1.7,0.4,0.5,0.7,1.2,0.8,0.5,1.4
2018,3525.7,2837.7,22.0,19.0,234.0,222.0,122.0,110.0,1,1,0,0,3291.7,2615.7,-100.0,-91.0,1776.0,1776.0,5.0,5.0,1477.0,1477.0,47.0,47.0,1,1,0,-42.0,-42.0,0.0,0,1.2,0.8,0.6,0.8,0.2,0.2,0.5,0.3,0.6,1.6,0.2,0.8,0.2,0.8571428571428571,0.2857142857142857,0.7142857142857143,0.42857142857142855,0.8,0.5,0.0,2.25
2018,1849.2,1200.8,42.0,43.0,9303.1,8609.1,2.0,2.0,1,1,0,0,-7453.900000000001,-7408.3,40.0,41.0,1568.0,1568.0,24.0,24.0,1776.0,1776.0,5.0,5.0,1,1,0,19.0,19.0,0.0,0,1.0,1.4,0.0,0.0,0.0,1.0,0.3,0.6,0.4,1.0,0.2,0.4,0.4,0.7,0.3,0.4,0.3,0.4,0.5555555555555556,1.1666666666666667,0.9444444444444444
2018,2855.4,1816.2,30.0,31.0,539.6,539.6,79.0,70.0,1,1,0,0,2315.8,1276.6,-49.0,-39.0,1679.0,1679.0,14.0,14.0,1568.0,1568.0,24.0,24.0,1,1,0,-10.0,-10.0,0.0,0,1.8,0.6,0.2,0.6,0.4,0.4,0.6,0.3,1.0,0.0,1.0,0.0,1.0,1.0,1.0,0.0,0.0,0.6,0.3333333333333333,0.0,2.2222222222222223
2018,1865.3,1424.5,41.0,36.0,6029.4,3165.0,5.0,16.0,1,1,0,0,-4164.099999999999,-1740.5,36.0,20.0,1308.0,1308.0,80.0,80.0,1679.0,1679.0,13.0,13.0,1,1,0,67.0,67.0,0.0,0,1.6,1.0,0.2,0.0,0.2,0.8,0.2,0.6,1.8,1.8,0.4,0.6,0.2,1.5,0.3,0.6,0.6,0.8,1.0,0.3333333333333333,1.866666666666667
2018,4128.4,4104.4,16.0,10.0,1132.1,609.3,54.0,65.0,1,1,0,0,2996.2999999999997,3495.0999999999995,-38.0,-55.0,1568.0,1568.0,24.0,24.0,1679.0,1679.0,14.0,14.0,1,1,0,10.0,10.0,0.0,0,1.2,1.2,0.4,0.0,0.4,0.6,0.2,0.5,0.0,0.0,0.0,0.0,1.0,0.0,0.0,0.0,0.0,1.0,0.7,0.0,2.4
2018,3238.2,2061.8,27.0,29.0,5521.0,3100.6,8.0,17.0,1,1,0,0,-2282.8,-1038.7999999999997,19.0,12.0,1776.0,1776.0,5.0,5.0,1679.0,1679.0,13.0,13.0,1,1,0,-8.0,-8.0,0.0,0,1.0,1.2,0.4,0.2,0.4,0.4,0.4,0.4,0.0,0.8,0.0,0.6,0.4,0.6,0.2,0.4,0.2,0.6,0.6,1.2,1.2
2018,4007.8,3412.2,17.0,13.0,1865.3,1424.5,41.0,36.0,1,1,0,0,2142.5,1987.6999999999998,-24.0,-23.0,1476.0,1476.0,48.0,48.0,1308.0,1308.0,80.0,80.0,1,1,0,-32.0,-32.0,0.0,0,1.0,0.8,0.4,0.4,0.2,0.4,0.2,0.5,0.8,0.8,0.2,0.2,0.2,1.2,0.3,0.2,0.5,0.8,1.0,0.5,1.0
2018,9828.6,8671.0,1.0,1.0,1879.8,1411.0,40.0,37.0,1,1,0,0,7948.8,7260.0,-39.0,-36.0,1776.0,1776.0,5.0,5.0,1483.0,1483.0,42.0,42.0,1,1,0,-37.0,-37.0,0.0,0,1.8,1.0,0.6,0.4,0.2,0.4,0.4,0.5,0.0,1.3333333333333333,0.0,0.3333333333333333,0.6666666666666666,0.0,0.0,0.3333333333333333,0.0,0.6,0.7142857142857143,1.0,1.5714285714285716
2018,175.5,175.5,136.0,119.0,5521.0,3100.6,8.0,17.0,1,1,0,0,-5345.5,-2925.1,128.0,102.0,1483.0,1483.0,42.0,42.0,1679.0,1679.0,13.0,13.0,1,1,0,29.0,29.0,0.0,0,0.4,1.8,0.2,0.2,0.8,0.0,0.125,0.375,0.2,1.4,0.0,0.8,0.2,0.6,0.2,0.5,0.2,1.25,1.25,1.2,0.30000000000000004
2018,1885.6,1082.0,39.0,45.0,5312.7,4789.9,9.0,5.0,1,1,0,0,-3427.1,-3707.8999999999996,30.0,40.0,1462.0,1462.0,52.0,52.0,1886.0,1886.0,1.0,1.0,1,1,0,51.0,51.0,0.0,0,0.2,1.6,0.2,0.4,0.8,0.0,0.2,0.4,1.2,1.2,0.2,0.4,0.2,1.7,0.4,0.2,0.6,1.6,1.0,1.1,0.5249999999999999
2018,7360.0,4574.8,4.0,6.0,2209.0,1851.0,34.0,30.0,1,1,0,0,5151.0,2723.8,-30.0,-24.0,1886.0,1886.0,1.0,1.0,1679.0,1679.0,14.0,14.0,1,1,0,-13.0,-13.0,0.0,0,1.4,0.6,0.6,0.4,0.2,0.4,0.6,0.3,0.0,2.0,0.0,1.0,0.0,0.0,0.0,1.0,0.0,0.4,0.7,0.0,2.2
2018,6029.4,3165.0,5.0,16.0,337.6,337.6,103.0,89.0,1,1,0,0,5691.799999999999,2827.4,-98.0,-73.0,1679.0,1679.0,13.0,13.0,1886.0,1886.0,1.0,1.0,1,1,0,12.0,12.0,0.0,0,0.8,1.6,0.4,0.4,0.4,0.2,0.6,0.2,0.0,1.0,0.0,1.0,0.0,0.0,0.0,1.0,0.0,0.6,0.8,0.0,1.9
2018,4320.6,3096.2,14.0,18.0,320.5,320.5,105.0,91.0,1,1,0,0,4000.1000000000004,2775.7,-91.0,-73.0,1776.0,1776.0,5.0,5.0,1477.0,1477.0,47.0,47.0,1,1,0,-42.0,-42.0,0.0,1,1.4,1.8,0.2,0.2,0.2,0.6,0.2,0.6,1.2,1.8,0.4,0.6,0.0,1.1428571428571428,0.2857142857142857,0.5714285714285714,0.8571428571428571,2.2,1.7777777777777777,0.0,1.4444444444444444
2018,2951.0,1698.2,29.0,32.0,885.1,427.5,61.0,80.0,1,1,0,0,2065.9,1270.7,-32.0,-48.0,1776.0,1776.0,5.0,5.0,1776.0,1776.0,5.0,5.0,1,1,0,0.0,0.0,0.0,0,1.0,1.4,0.0,0.2,0.2,0.8,0.2,0.8,0.0,3.0,0.0,1.0,0.0,0.0,0.0,1.0,0.0,1.6,1.2,0.0,2.0
2018,3466.6,2435.0,23.0,21.0,2855.4,1816.2,30.0,31.0,1,1,0,0,611.1999999999998,618.8,-7.0,-10.0,1308.0,1308.0,80.0,80.0,1679.0,1679.0,14.0,14.0,1,1,0,66.0,66.0,0.0,0,1.0,1.4,0.0,0.0,0.0,1.0,0.2,0.7,2.4,0.6,0.8,0.2,0.4,1.5,0.5,0.4,0.4,0.6,0.6,1.4,0.6000000000000001
2018,3366.5,2094.5,25.0,28.0,539.6,539.6,79.0,70.0,1,1,0,0,2826.9,1554.9,-54.0,-42.0,1462.0,1462.0,52.0,52.0,1568.0,1568.0,24.0,24.0,1,1,0,28.0,28.0,0.0,0,0.6,1.2,0.2,0.2,0.6,0.4,0.3,0.3,0.5,2.5,0.0,0.5,0.0,0.5,0.0,0.5,0.5,0.8,0.5714285714285714,0.0,1.5714285714285714
2018,3905.4,2618.6,18.0,20.0,3238.2,2061.8,27.0,29.0,1,1,0,0,667.2000000000003,556.7999999999997,-9.0,-9.0,1886.0,1886.0,1.0,1.0,1776.0,1776.0,5.0,5.0,1,1,0,-4.0,-4.0,0.0,0,1.6,0.8,0.6,0.8,0.2,0.2,0.5,0.3,1.0,1.0,0.4,0.4,0.2,1.6,0.5,0.2,0.5,0.6,0.4444444444444444,1.1666666666666667,1.1666666666666667
2018,8762.8,6136.0,3.0,3.0,1175.6,733.6,53.0,58.0,1,1,0,0,7587.199999999999,5402.4,-50.0,-55.0,1886.0,1886.0,1.0,1.0,1679.0,1679.0,14.0,14.0,1,1,0,-13.0,-13.0,0.0,0,2.6,1.8,0.4,0.4,0.2,0.4,0.3,0.6,1.2,1.0,0.2,0.2,0.4,1.3,0.3,0.3,0.4,0.8,1.1,1.2,0.9000000000000001
2018,9828.6,8671.0,1.0,1.0,7360.0,4574.8,4.0,6.0,1,1,0,0,2468.6000000000004,4096.2,-3.0,-5.0,1776.0,1776.0,5.0,5.0,1886.0,1886.0,1.0,1.0,1,1,0,4.0,4.0,0.0,0,1.8,0.4,0.8,0.6,0.2,0.2,0.4,0.5,1.0,1.2,0.2,0.4,0.4,1.8,0.5,0.2,0.7,0.6,0.625,1.6,1.025
2018,538.6,143.0,80.0,129.0,320.5,320.5,105.0,91.0,1,1,0,0,218.10000000000002,-177.5,-25.0,38.0,1679.0,1679.0,13.0,13.0,1477.0,1477.0,47.0,47.0,1,1,0,-34.0,-34.0,0.0,0,0.8,1.0,0.4,0.4,0.2,0.4,0.5,0.3,0.0,3.0,0.0,1.0,0.0,0.0,0.0,1.0,0.0,0.4,0.42857142857142855,0.0,2.4285714285714284
2018,1132.1,609.3,54.0,65.0,234.0,222.0,122.0,110.0,1,1,0,0,898.0999999999999,387.29999999999995,-68.0,-45.0,1679.0,1679.0,14.0,14.0,1477.0,1477.0,47.0,47.0,1,1,0,-33.0,-33.0,0.0,0,0.0,0.5,0.0,0.5,1.0,0.0,0.5,0.0,0.5,1.0,0.5,0.5,0.5,0.5,0.5,0.5,0.0,0.0,0.0,0.0,1.0
2018,3708.7,2354.7,20.0,22.0,4320.6,3096.2,14.0,18.0,1,1,0,0,-611.9000000000005,-741.5,6.0,4.0,1476.0,1476.0,48.0,48.0,1776.0,1776.0,5.0,5.0,1,1,0,43.0,43.0,0.0,0,1.4,1.2,0.6,0.4,0.0,0.6,0.3,0.5,1.6,0.6,0.6,0.2,0.4,1.5,0.7,0.1,0.3,1.2,1.4,1.8,0.40000000000000013
2018,1865.3,1424.5,41.0,36.0,337.6,337.6,103.0,89.0,1,1,0,0,1527.6999999999998,1086.9,-62.0,-53.0,1308.0,1308.0,80.0,80.0,1886.0,1886.0,1.0,1.0,1,1,0,79.0,79.0,0.0,0,1.8,1.6,0.4,0.0,0.0,1.0,0.1,0.8,1.2,1.0,0.2,0.2,0.4,1.0,0.2,0.3,0.4,1.4,1.4285714285714286,1.0,1.0
2018,4007.8,3412.2,17.0,13.0,6029.4,3165.0,5.0,16.0,1,1,0,0,-2021.5999999999995,247.19999999999982,12.0,-3.0,1476.0,1476.0,48.0,48.0,1679.0,1679.0,13.0,13.0,1,1,0,35.0,35.0,0.0,0,1.0,1.0,0.4,0.2,0.4,0.4,0.2,0.5,2.0,0.4,0.4,0.0,0.8,1.7,0.5,0.1,0.3,0.6,0.6,1.3,1.3
2018,4128.4,4104.4,16.0,10.0,3525.7,2837.7,22.0,19.0,1,1,0,0,602.6999999999998,1266.6999999999998,-6.0,-9.0,1568.0,1568.0,24.0,24.0,1776.0,1776.0,5.0,5.0,1,1,0,19.0,19.0,0.0,0,0.6,1.2,0.2,0.2,0.4,0.4,0.3,0.4,1.2,2.0,0.4,0.6,0.0,1.125,0.25,0.625,0.875,0.6,0.9,0.0,2.2
2018,9303.1,8609.1,2.0,2.0,1175.6,733.6,53.0,58.0,1,1,0,0,8127.5,7875.5,-51.0,-56.0,1776.0,1776.0,5.0,5.0,1679.0,1679.0,14.0,14.0,1,1,0,-9.0,-9.0,0.0,0,1.4,0.8,0.4,0.4,0.2,0.4,0.3,0.5,1.6,1.4,0.4,0.6,0.2,1.8,0.4,0.5,0.7,0.8,0.8571428571428571,0.3,1.4142857142857141
2018,5312.7,4789.9,9.0,5.0,885.1,427.5,61.0,80.0,1,1,0,0,4427.599999999999,4362.4,-52.0,-75.0,1886.0,1886.0,1.0,1.0,1776.0,1776.0,5.0,5.0,1,1,0,-4.0,-4.0,0.0,0,1.4,1.2,0.2,0.2,0.2,0.8,0.2,0.7,0.0,0.5,0.0,0.5,0.5,0.0,0.0,0.5,0.0,1.2,1.1,1.0,1.0
2018,1885.6,1082.0,39.0,45.0,2951.0,1698.2,29.0,32.0,1,1,0,0,-1065.4,-616.2,10.0,13.0,1462.0,1462.0,52.0,52.0,1776.0,1776.0,5.0,5.0,1,1,0,47.0,47.0,-3.0,1,0.4,1.0,0.2,0.4,0.6,0.2,0.2,0.4,0.8,1.4,0.4,0.4,0.6,1.2,0.5,0.4,0.2,1.4,1.0,1.3,0.25555555555555554
2018,1879.8,1411.0,40.0,37.0,2209.0,1851.0,34.0,30.0,1,1,0,0,-329.20000000000005,-440.0,6.0,7.0,1483.0,1483.0,42.0,42.0,1679.0,1679.0,14.0,14.0,1,1,0,28.0,28.0,0.0,0,0.0,1.5,0.0,0.5,1.0,0.0,0.5,0.0,0.0,2.0,0.0,1.0,0.0,0.0,0.0,1.0,0.0,2.0,2.0,0.0,0.5
2018,1849.2,1200.8,42.0,43.0,8762.8,6136.0,3.0,3.0,1,1,0,0,-6913.599999999999,-4935.2,39.0,40.0,1568.0,1568.0,24.0,24.0,1886.0,1886.0,1.0,1.0,1,1,0,23.0,23.0,-0.5,1,1.2,0.8,0.4,0.4,0.2,0.4,0.3,0.5,2.6,1.2,0.4,0.2,0.6,2.0,0.4,0.3,0.5,1.0,1.0,1.3,0.30000000000000004
2018,3238.2,2061.8,27.0,29.0,3905.4,2618.6,18.0,20.0,1,1,0,0,-667.2000000000003,-556.7999999999997,9.0,9.0,1776.0,1776.0,5.0,5.0,1886.0,1886.0,1.0,1.0,1,1,0,4.0,4.0,1.0,1,1.0,1.0,0.4,0.2,0.4,0.4,0.3,0.5,1.4,0.2,0.6,0.2,0.8,1.0,0.4,0.5,0.2,0.8,0.6666666666666666,0.8888888888888888,1.6111111111111112
2018,234.0,222.0,122.0,110.0,1132.1,609.3,54.0,65.0,1,1,0,0,-898.0999999999999,-387.29999999999995,68.0,45.0,1477.0,1477.0,47.0,47.0,1679.0,1679.0,14.0,14.0,1,1,0,33.0,33.0,-4.0,1,0.3333333333333333,2.0,0.3333333333333333,0.3333333333333333,0.6666666666666666,0.0,0.3333333333333333,0.0,1.3333333333333333,0.3333333333333333,0.3333333333333333,0.3333333333333333,0.6666666666666666,1.3333333333333333,0.3333333333333333,0.3333333333333333,0.0,0.0,0.0,0.0,3.0
2018,2855.4,1816.2,30.0,31.0,3466.6,2435.0,23.0,21.0,1,1,0,0,-611.1999999999998,-618.8,7.0,10.0,1679.0,1679.0,14.0,14.0,1308.0,1308.0,80.0,80.0,1,1,0,-66.0,-66.0,-1.0,1,1.6,0.6,0.6,0.4,0.4,0.2,0.3,0.3,1.0,0.8,0.2,0.0,0.2,1.4,0.3,0.2,0.7,0.8,0.8,0.8,1.7
2018,7360.0,4574.8,4.0,6.0,9828.6,8671.0,1.0,1.0,1,1,0,0,-2468.6000000000004,-4096.2,3.0,5.0,1886.0,1886.0,1.0,1.0,1776.0,1776.0,5.0,5.0,1,1,0,-4.0,-4.0,-2.0,1,0.3333333333333333,3.0,0.0,0.0,0.6666666666666666,0.3333333333333333,0.0,0.3333333333333333,1.2,1.2,0.4,0.4,0.2,1.2,0.5,0.3,0.4,2.0,2.0,1.0,-1.0
2018,5521.0,3100.6,8.0,17.0,175.5,175.5,136.0,119.0,1,1,0,0,5345.5,2925.1,-128.0,-102.0,1679.0,1679.0,13.0,13.0,1483.0,1483.0,42.0,42.0,1,1,0,-29.0,-29.0,1.0,1,1.2,2.0,0.4,0.0,0.2,0.8,0.0,0.8888888888888888,0.6,1.4,0.2,0.6,0.2,1.0,0.2,0.4,0.5,1.25,1.25,0.5,1.25
2018,337.6,337.6,103.0,89.0,1865.3,1424.5,41.0,36.0,1,1,0,0,-1527.6999999999998,-1086.9,62.0,53.0,1886.0,1886.0,1.0,1.0,1308.0,1308.0,80.0,80.0,1,1,0,-79.0,-79.0,0.0,1,1.0,0.6,0.2,0.4,0.2,0.6,0.4,0.4,1.8,1.4,0.4,0.2,0.0,1.8,0.4,0.4,0.8,0.6,0.3,0.8571428571428571,1.1428571428571428
2018,1175.6,733.6,53.0,58.0,9303.1,8609.1,2.0,2.0,1,1,0,0,-8127.5,-7875.5,51.0,56.0,1679.0,1679.0,14.0,14.0,1776.0,1776.0,5.0,5.0,1,1,0,9.0,9.0,0.0,1,1.0,1.2,0.2,0.4,0.2,0.6,0.2,0.8,1.4,0.4,0.6,0.2,0.6,1.9,0.7,0.2,0.5,1.4,1.1,1.125,0.875
2018,320.5,320.5,105.0,91.0,538.6,143.0,80.0,129.0,1,1,0,0,-218.10000000000002,177.5,25.0,-38.0,1477.0,1477.0,47.0,47.0,1679.0,1679.0,13.0,13.0,1,1,0,34.0,34.0,0.0,1,0.2,1.2,0.0,0.4,0.8,0.2,0.4,0.2,0.4,1.6,0.2,0.6,0.4,0.6666666666666666,0.2222222222222222,0.6666666666666666,0.3333333333333333,0.6,0.6,0.0,1.0
2018,885.1,427.5,61.0,80.0,5312.7,4789.9,9.0,5.0,1,1,0,0,-4427.599999999999,-4362.4,52.0,75.0,1776.0,1776.0,5.0,5.0,1886.0,1886.0,1.0,1.0,1,1,0,4.0,4.0,-4.0,1,0.0,1.6666666666666667,0.0,0.3333333333333333,1.0,0.0,0.3333333333333333,0.0,2.0,1.0,0.4,0.2,0.4,1.7,0.3,0.2,0.6,1.0,1.0,0.9,-0.9
2018,6029.4,3165.0,5.0,16.0,4007.8,3412.2,17.0,13.0,1,1,0,0,2021.5999999999995,-247.19999999999982,-12.0,3.0,1679.0,1679.0,13.0,13.0,1476.0,1476.0,48.0,48.0,1,1,0,-35.0,-35.0,-1.0,1,1.4,1.2,0.4,0.2,0.2,0.6,0.1,0.8,1.8,0.6,0.6,0.0,0.4,1.4,0.4,0.3,0.5,1.6,1.7,1.1428571428571428,0.4571428571428573
2018,8762.8,6136.0,3.0,3.0,1849.2,1200.8,42.0,43.0,1,1,0,0,6913.599999999999,4935.2,-39.0,-40.0,1886.0,1886.0,1.0,1.0,1568.0,1568.0,24.0,24.0,1,1,0,-23.0,-23.0,0.6666666666666666,1,1.2,1.2,0.4,0.6,0.2,0.4,0.5,0.4,0.6,1.0,0.2,0.6,0.2,1.1,0.4,0.4,0.5,0.6,1.1,0.8,1.0999999999999999
2018,2951.0,1698.2,29.0,32.0,1885.6,1082.0,39.0,45.0,1,1,0,0,1065.4,616.2,-10.0,-13.0,1776.0,1776.0,5.0,5.0,1462.0,1462.0,52.0,52.0,1,1,0,-47.0,-47.0,2.0,1,0.6,1.4,0.2,0.6,0.6,0.2,0.6,0.2,0.4,0.6,0.2,0.2,0.6,0.9,0.2,0.5,0.4,0.6,0.7,1.1111111111111112,0.5888888888888888
2018,2209.0,1851.0,34.0,30.0,1879.8,1411.0,40.0,37.0,1,1,0,0,329.20000000000005,440.0,-6.0,-7.0,1679.0,1679.0,14.0,14.0,1483.0,1483.0,42.0,42.0,1,1,0,-28.0,-28.0,2.0,1,0.6666666666666666,1.3333333333333333,0.3333333333333333,0.3333333333333333,0.6666666666666666,0.0,0.3333333333333333,0.0,0.0,1.6,0.0,0.6,0.4,0.0,0.0,0.6,0.0,3.0,3.0,0.5,-0.5
2018,4320.6,3096.2,14.0,18.0,3708.7,2354.7,20.0,22.0,1,1,0,0,611.9000000000005,741.5,-6.0,-4.0,1776.0,1776.0,5.0,5.0,1476.0,1476.0,48.0,48.0,1,1,0,-43.0,-43.0,0.0,1,1.6,0.4,0.6,0.6,0.2,0.4,0.6,0.3,1.2,1.2,0.4,0.4,0.4,1.2,0.5,0.4,0.5,0.4,0.6,0.6,1.7999999999999998
2018,5521.0,3100.6,8.0,17.0,3238.2,2061.8,27.0,29.0,1,1,0,0,2282.8,1038.7999999999997,-19.0,-12.0,1679.0,1679.0,13.0,13.0,1776.0,1776.0,5.0,5.0,1,1,0,8.0,8.0,-2.0,1,1.0,1.0,0.2,0.6,0.6,0.2,0.5,0.2,1.2,0.8,0.6,0.4,0.4,1.6,0.6,0.2,0.4,0.4,0.6,1.4285714285714286,-0.22857142857142865
2018,175.5,175.5,136.0,119.0,3905.4,2618.6,18.0,20.0,1,1,0,0,-3729.9,-2443.1,118.0,99.0,1483.0,1483.0,42.0,42.0,1886.0,1886.0,1.0,1.0,1,1,0,41.0,41.0,-3.0,1,0.4,2.0,0.2,0.4,0.8,0.0,0.2,0.3,0.8,0.6,0.4,0.4,0.6,1.0,0.4,0.5,0.2,1.0,1.0,0.8,0.5999999999999999
2018,3525.7,2837.7,22.0,19.0,4128.4,4104.4,16.0,10.0,1,1,0,0,-602.6999999999998,-1266.6999999999998,6.0,9.0,1776.0,1776.0,5.0,5.0,1568.0,1568.0,24.0,24.0,1,1,0,-19.0,-19.0,-0.6666666666666666,1,1.4,1.8,0.4,0.2,0.2,0.6,0.1,0.8,1.6,0.8,0.6,0.4,0.4,1.7,0.4,0.6,0.7,1.0,1.0,0.2,1.8
2018,885.1,427.5,61.0,80.0,2951.0,1698.2,29.0,32.0,1,1,0,0,-2065.9,-1270.7,32.0,48.0,1776.0,1776.0,5.0,5.0,1776.0,1776.0,5.0,5.0,1,1,0,0.0,0.0,-1.0,1,0.75,1.0,0.5,0.5,0.5,0.0,0.5,0.0,0.8,1.2,0.2,0.4,0.4,1.2,0.3,0.3,0.7,1.5,1.5,1.4,0.10000000000000009
2018,539.6,539.6,79.0,70.0,3366.5,2094.5,25.0,28.0,1,1,0,0,-2826.9,-1554.9,54.0,42.0,1568.0,1568.0,24.0,24.0,1462.0,1462.0,52.0,52.0,1,1,0,-28.0,-28.0,0.0,1,0.25,1.5,0.0,0.25,0.75,0.25,0.25,0.25,1.8,1.4,0.2,0.4,0.6,1.4,0.4,0.4,0.2,1.0,1.0,1.4,-0.8999999999999999
2018,2209.0,1851.0,34.0,30.0,7360.0,4574.8,4.0,6.0,1,1,0,0,-5151.0,-2723.8,30.0,24.0,1679.0,1679.0,14.0,14.0,1886.0,1886.0,1.0,1.0,1,1,0,13.0,13.0,1.0,1,1.0,0.4,0.4,0.8,0.4,0.2,0.7,0.3,0.4,0.8,0.2,0.6,0.2,1.0,0.4,0.5,0.5,0.4,0.3,0.7,1.5999999999999999
2018,337.6,337.6,103.0,89.0,6029.4,3165.0,5.0,16.0,1,1,0,0,-5691.799999999999,-2827.4,98.0,73.0,1886.0,1886.0,1.0,1.0,1679.0,1679.0,13.0,13.0,1,1,0,-12.0,-12.0,2.0,1,1.0,1.6666666666666667,0.3333333333333333,0.3333333333333333,0.3333333333333333,0.3333333333333333,0.3333333333333333,0.3333333333333333,0.6,1.0,0.2,0.4,0.2,0.5,0.2,0.4,0.3,1.0,1.0,1.1428571428571428,-0.1428571428571428
2018,1175.6,733.6,53.0,58.0,8762.8,6136.0,3.0,3.0,1,1,0,0,-7587.199999999999,-5402.4,50.0,55.0,1679.0,1679.0,14.0,14.0,1886.0,1886.0,1.0,1.0,1,1,0,13.0,13.0,0.0,1,0.6,0.6,0.0,0.4,0.4,0.6,0.5,0.4,1.4,1.4,0.4,0.2,0.4,1.9,0.5,0.2,0.4,0.4,0.3,1.6,0.19999999999999996
2018,1865.3,1424.5,41.0,36.0,4007.8,3412.2,17.0,13.0,1,1,0,0,-2142.5,-1987.6999999999998,24.0,23.0,1308.0,1308.0,80.0,80.0,1476.0,1476.0,48.0,48.0,1,1,0,32.0,32.0,-3.0,1,0.4,1.8,0.2,0.2,0.6,0.2,0.2,0.5,1.6,0.8,0.6,0.2,0.4,1.4,0.4,0.3,0.5,1.0,0.8,1.0,0.8999999999999999
2018,1879.8,1411.0,40.0,37.0,9828.6,8671.0,1.0,1.0,1,1,0,0,-7948.8,-7260.0,39.0,36.0,1483.0,1483.0,42.0,42.0,1776.0,1776.0,5.0,5.0,1,1,0,37.0,37.0,-2.0,1,0.0,1.0,0.0,0.4,1.0,0.0,0.3333333333333333,0.0,1.8,0.2,0.8,0.0,0.8,2.0,0.7,0.2,0.5,2.0,2.0,1.3333333333333333,-1.0
2018,5312.7,4789.9,9.0,5.0,1885.6,1082.0,39.0,45.0,1,1,0,0,3427.1,3707.8999999999996,-30.0,-40.0,1886.0,1886.0,1.0,1.0,1462.0,1462.0,52.0,52.0,1,1,0,-51.0,-51.0,0.0,1,2.2,1.2,0.4,0.2,0.0,0.8,0.2,0.7,0.4,1.6,0.2,0.2,0.6,0.8,0.2,0.5,0.3,1.0,0.9,1.0,1.2999999999999998
2018,539.6,539.6,79.0,70.0,2855.4,1816.2,30.0,31.0,1,1,0,0,-2315.8,-1276.6,49.0,39.0,1568.0,1568.0,24.0,24.0,1679.0,1679.0,14.0,14.0,1,1,0,10.0,10.0,-1.0,1,1.2,1.0,0.4,0.2,0.2,0.6,0.4,0.3,1.0,1.8,0.4,0.4,0.4,1.0,0.4,0.5,0.4,0.4,0.5,0.6,1.9
2018,320.5,320.5,105.0,91.0,4320.6,3096.2,14.0,18.0,1,1,0,0,-4000.1000000000004,-2775.7,91.0,73.0,1477.0,1477.0,47.0,47.0,1776.0,1776.0,5.0,5.0,1,1,0,42.0,42.0,-4.0,1,1.0,1.75,0.25,0.25,0.25,0.5,0.25,0.5,2.4,0.6,0.8,0.2,0.4,1.7,0.5,0.5,0.4,1.5,1.5,1.1,-0.6000000000000001
2018,3366.5,2094.5,25.0,28.0,3466.6,2435.0,23.0,21.0,1,1,0,0,-100.09999999999991,-340.5,2.0,7.0,1462.0,1462.0,52.0,52.0,1308.0,1308.0,80.0,80.0,1,1,0,-28.0,-28.0,-4.0,1,0.5,2.25,0.25,0.25,0.5,0.25,0.25,0.25,2.4,0.4,0.6,0.0,0.6,1.7,0.6,0.1,0.2,1.0,1.0,1.6,-0.10000000000000009
2018,538.6,143.0,80.0,129.0,3708.7,2354.7,20.0,22.0,1,1,0,0,-3170.1,-2211.7,60.0,107.0,1679.0,1679.0,13.0,13.0,1476.0,1476.0,48.0,48.0,1,1,0,-35.0,-35.0,0.0,1,0.6,1.0,0.2,0.2,0.6,0.4,0.3,0.4,1.0,1.4,0.2,0.2,0.2,1.4,0.2,0.3,0.8,0.6,0.75,0.8,0.575
2018,9303.1,8609.1,2.0,2.0,1849.2,1200.8,42.0,43.0,1,1,0,0,7453.900000000001,7408.3,-40.0,-41.0,1776.0,1776.0,5.0,5.0,1568.0,1568.0,24.0,24.0,1,1,0,-19.0,-19.0,0.0,1,0.6,0.8,0.2,0.4,0.4,0.4,0.2,0.7,0.2,1.6,0.0,0.8,0.2,0.14285714285714285,0.0,0.7142857142857143,0.14285714285714285,1.4,1.3,0.3333333333333333,1.3666666666666667
2018,9828.6,8671.0,1.0,1.0,2209.0,1851.0,34.0,30.0,1,1,0,0,7619.6,6820.0,-33.0,-29.0,1776.0,1776.0,5.0,5.0,1679.0,1679.0,14.0,14.0,1,1,0,-9.0,-9.0,1.3333333333333333,1,1.2,1.2,0.2,0.2,0.2,0.8,0.2,0.7,0.8,1.2,0.2,0.6,0.2,1.1,0.3,0.5,0.6,1.0,1.375,0.8,1.075
2018,7360.0,4574.8,4.0,6.0,1879.8,1411.0,40.0,37.0,1,1,0,0,5480.2,3163.8,-36.0,-31.0,1886.0,1886.0,1.0,1.0,1483.0,1483.0,42.0,42.0,1,1,0,-41.0,-41.0,3.0,1,2.2,0.4,0.8,0.6,0.0,0.4,0.4,0.5,0.8,1.0,0.4,0.4,0.4,0.8,0.4,0.4,0.2,0.8,0.6666666666666666,1.5,0.9444444444444446
2018,1132.1,609.3,54.0,65.0,4128.4,4104.4,16.0,10.0,1,1,0,0,-2996.2999999999997,-3495.0999999999995,38.0,55.0,1679.0,1679.0,14.0,14.0,1568.0,1568.0,24.0,24.0,1,1,0,-10.0,-10.0,-1.0,1,1.25,0.75,0.25,0.5,0.5,0.25,0.5,0.25,0.6,0.8,0.4,0.6,0.2,1.2,0.5,0.4,0.6,0.0,0.0,1.0,1.0
2018,6029.4,3165.0,5.0,16.0,1865.3,1424.5,41.0,36.0,1,1,0,0,4164.099999999999,1740.5,-36.0,-20.0,1679.0,1679.0,13.0,13.0,1308.0,1308.0,80.0,80.0,1,1,0,-67.0,-67.0,-1.0,1,1.2,1.0,0.4,0.2,0.4,0.4,0.2,0.6,0.6,2.2,0.2,0.8,0.2,1.1,0.2,0.5,0.6,1.0,1.5,0.5,1.4
2018,234.0,222.0,122.0,110.0,3525.7,2837.7,22.0,19.0,1,1,0,0,-3291.7,-2615.7,100.0,91.0,1477.0,1477.0,47.0,47.0,1776.0,1776.0,5.0,5.0,1,1,0,42.0,42.0,-2.0,1,0.75,1.75,0.5,0.25,0.5,0.25,0.25,0.25,1.2,0.8,0.4,0.2,0.6,1.7,0.4,0.2,0.4,0.5,0.5,1.5,1.5
2018,4007.8,3412.2,17.0,13.0,337.6,337.6,103.0,89.0,1,1,0,0,3670.2000000000003,3074.6,-86.0,-76.0,1476.0,1476.0,48.0,48.0,1886.0,1886.0,1.0,1.0,1,1,0,47.0,47.0,2.0,1,2.0,0.8,0.8,0.4,0.2,0.4,0.3,0.5,1.4,1.2,0.6,0.4,0.4,1.4,0.5,0.5,0.7,0.8,0.875,0.6,1.275
2018,2951.0,1698.2,29.0,32.0,5312.7,4789.9,9.0,5.0,1,1,0,0,-2361.7,-3091.7,20.0,27.0,1776.0,1776.0,5.0,5.0,1886.0,1886.0,1.0,1.0,1,1,0,4.0,4.0,-2.0,1,2.6,0.8,0.4,0.8,0.4,0.2,0.7,0.1,2.2,0.8,0.6,0.0,0.4,1.7,0.4,0.2,0.6,0.6,0.5,0.7,1.2
2018,1885.6,1082.0,39.0,45.0,885.1,427.5,61.0,80.0,1,1,0,0,1000.4999999999999,654.5,-22.0,-35.0,1462.0,1462.0,52.0,52.0,1776.0,1776.0,5.0,5.0,1,1,0,47.0,47.0,1.0,1,0.4,1.8,0.2,0.4,0.6,0.2,0.3,0.2,0.2,2.0,0.0,0.6,0.2,0.2,0.0,0.6,0.2,1.2,0.9,0.5,1.0
2018,3708.7,2354.7,20.0,22.0,320.5,320.5,105.0,91.0,1,1,0,0,3388.2,2034.1999999999998,-85.0,-69.0,1476.0,1476.0,48.0,48.0,1477.0,1477.0,47.0,47.0,1,1,0,1.0,1.0,0.0,1,1.2,0.6,0.6,0.6,0.2,0.4,0.5,0.4,1.4,0.8,0.4,0.0,0.4,1.4,0.4,0.3,0.7,0.4,1.0,0.875,1.225
2018,1849.2,1200.8,42.0,43.0,1175.6,733.6,53.0,58.0,1,1,0,0,673.6000000000001,467.19999999999993,-11.0,-15.0,1568.0,1568.0,24.0,24.0,1679.0,1679.0,14.0,14.0,1,1,0,10.0,10.0,0.0,1,2.4,0.4,0.6,0.6,0.2,0.4,0.6,0.3,1.0,1.2,0.2,0.6,0.0,1.1,0.5,0.4,0.3,0.2,0.6,0.875,1.525
2018,4320.6,3096.2,14.0,18.0,538.6,143.0,80.0,129.0,1,1,0,0,3782.0000000000005,2953.2,-66.0,-111.0,1776.0,1776.0,5.0,5.0,1679.0,1679.0,13.0,13.0,1,1,0,-8.0,-8.0,0.0,1,0.6,1.6,0.0,0.0,0.4,0.6,0.2,0.5,0.4,0.6,0.0,0.2,0.4,1.0,0.2,0.2,0.4,1.2,1.1,1.1,0.19999999999999996
2018,8762.8,6136.0,3.0,3.0,9303.1,8609.1,2.0,2.0,1,1,0,0,-540.3000000000011,-2473.1000000000004,1.0,1.0,1886.0,1886.0,1.0,1.0,1776.0,1776.0,5.0,5.0,1,1,0,-4.0,-4.0,2.0,1,1.0,1.2,0.6,0.6,0.4,0.2,0.4,0.3,0.6,2.2,0.2,0.8,0.2,0.6,0.2,0.8,0.4,1.0,1.3,0.0,2.0
2018,4128.4,4104.4,16.0,10.0,234.0,222.0,122.0,110.0,1,1,0,0,3894.3999999999996,3882.3999999999996,-106.0,-100.0,1568.0,1568.0,24.0,24.0,1477.0,1477.0,47.0,47.0,1,1,0,-23.0,-23.0,-1.0,1,0.8,0.8,0.4,0.2,0.4,0.4,0.1,0.6,1.0,2.8,0.4,0.6,0.2,1.0,0.4,0.6,0.4,0.8,0.7,0.0,2.3
2018,2855.4,1816.2,30.0,31.0,3366.5,2094.5,25.0,28.0,1,1,0,0,-511.0999999999999,-278.29999999999995,5.0,3.0,1679.0,1679.0,14.0,14.0,1462.0,1462.0,52.0,52.0,1,1,0,-38.0,-38.0,1.0,1,1.8,0.6,0.6,0.4,0.4,0.2,0.2,0.3,1.0,1.0,0.4,0.4,0.2,0.8,0.4,0.3,0.3,1.0,0.9,1.375,1.125
2018,3466.6,2435.0,23.0,21.0,539.6,539.6,79.0,70.0,1,1,0,0,2927.0,1895.4,-56.0,-49.0,1308.0,1308.0,80.0,80.0,1568.0,1568.0,24.0,24.0,1,1,0,56.0,56.0,0.0,1,0.8,1.6,0.2,0.2,0.2,0.6,0.2,0.7,1.0,1.4,0.4,0.4,0.4,1.0,0.4,0.4,0.4,0.6,0.5,1.5,0.7000000000000002
2018,3525.7,2837.7,22.0,19.0,1132.1,609.3,54.0,65.0,1,1,0,0,2393.6,2228.3999999999996,-32.0,-46.0,1776.0,1776.0,5.0,5.0,1679.0,1679.0,14.0,14.0,1,1,0,-9.0,-9.0,0.0,1,2.2,0.8,0.6,0.6,0.2,0.4,0.6,0.4,1.2,0.8,0.2,0.4,0.4,1.2,0.2,0.4,0.4,0.8,0.5,0.0,2.0
2018,3905.4,2618.6,18.0,20.0,5521.0,3100.6,8.0,17.0,1,1,0,0,-1615.6,-482.0,10.0,3.0,1886.0,1886.0,1.0,1.0,1679.0,1679.0,13.0,13.0,1,1,0,-12.0,-12.0,0.0,1,0.6,0.6,0.2,0.6,0.8,0.0,0.6,0.1,1.2,0.6,0.4,0.2,0.8,0.9,0.3,0.4,0.1,0.6,0.5,1.2,0.9000000000000001
2018,3238.2,2061.8,27.0,29.0,175.5,175.5,136.0,119.0,1,1,0,0,3062.7,1886.3000000000002,-109.0,-90.0,1776.0,1776.0,5.0,5.0,1483.0,1483.0,42.0,42.0,1,1,0,-37.0,-37.0,-2.0,1,1.2,0.8,0.6,0.4,0.4,0.2,0.4,0.3,0.4,1.4,0.2,0.4,0.6,0.4,0.1,0.7,0.2,0.4,0.5714285714285714,0.0,2.5714285714285716
2019,3905.4,2618.6,18.0,20.0,4320.6,3096.2,14.0,18.0,1,1,0,0,-415.2000000000003,-477.5999999999999,4.0,2.0,1886.0,1886.0,1.0,1.0,1776.0,1776.0,5.0,5.0,1,1,0,-4.0,-4.0,0.0,0,1.2,0.8,0.4,0.4,0.6,0.2,0.6,0.2,2.4,0.2,0.8,0.0,0.8,1.9,0.7,0.1,0.3,0.4,0.6,1.9,0.20000000000000018
2019,9303.1,8609.1,2.0,2.0,2951.0,1698.2,29.0,32.0,1,1,0,0,6352.1,6910.900000000001,-27.0,-30.0,1776.0,1776.0,5.0,5.0,1776.0,1776.0,5.0,5.0,1,1,0,0.0,0.0,0.0,0,1.6,0.8,0.4,0.4,0.2,0.4,0.3,0.6,1.6,0.8,0.6,0.2,0.4,1.3,0.5,0.2,0.4,1.2,1.3,1.2222222222222223,0.47777777777777763
2019,7360.0,4574.8,4.0,6.0,4007.8,3412.2,17.0,13.0,1,1,0,0,3352.2,1162.6000000000004,-13.0,-7.0,1886.0,1886.0,1.0,1.0,1476.0,1476.0,48.0,48.0,1,1,0,-47.0,-47.0,0.0,0,1.0,0.8,0.4,0.4,0.4,0.4,0.4,0.3,2.2,1.0,0.6,0.4,0.4,2.0,0.4,0.2,0.4,0.6,0.6666666666666666,1.5,0.05555555555555558
2019,3366.5,2094.5,25.0,28.0,3525.7,2837.7,22.0,19.0,1,1,0,0,-159.19999999999982,-743.1999999999998,3.0,9.0,1462.0,1462.0,52.0,52.0,1776.0,1776.0,5.0,5.0,1,1,0,47.0,47.0,0.0,0,1.0,0.4,0.4,0.6,0.4,0.4,0.3,0.7,2.6,0.2,0.6,0.0,0.8,1.7,0.5,0.3,0.2,1.0,1.2222222222222223,1.4,0.6000000000000001
2019,337.6,337.6,103.0,89.0,2855.4,1816.2,30.0,31.0,1,1,0,0,-2517.8,-1478.6,73.0,58.0,1886.0,1886.0,1.0,1.0,1679.0,1679.0,14.0,14.0,1,1,0,-13.0,-13.0,0.0,0,1.4,0.8,0.6,0.6,0.2,0.4,0.3,0.6,1.6,0.6,0.4,0.4,0.4,1.6,0.5,0.4,0.3,0.8,0.8333333333333334,0.8,1.3666666666666665
2019,3708.7,2354.7,20.0,22.0,9828.6,8671.0,1.0,1.0,1,1,0,0,-6119.900000000001,-6316.3,19.0,21.0,1476.0,1476.0,48.0,48.0,1776.0,1776.0,5.0,5.0,1,1,0,43.0,43.0,0.0,0,1.2,1.6,0.6,0.4,0.4,0.4,0.4,0.4,2.2,0.6,0.8,0.0,0.4,2.0,0.7,0.2,0.5,1.0,1.4,1.5,0.5
2019,5312.7,4789.9,9.0,5.0,8762.8,6136.0,3.0,3.0,1,1,0,0,-3450.0999999999995,-1346.1000000000004,6.0,2.0,1886.0,1886.0,1.0,1.0,1886.0,1886.0,1.0,1.0,1,1,0,0.0,0.0,0.0,0,1.6,0.8,0.4,0.4,0.0,0.6,0.3,0.6,0.8,0.2,0.6,0.0,0.8,1.7,0.5,0.2,0.3,0.6,0.7,1.9,0.3999999999999999
2019,4128.4,4104.4,16.0,10.0,3238.2,2061.8,27.0,29.0,1,1,0,0,890.1999999999998,2042.5999999999995,-11.0,-19.0,1568.0,1568.0,24.0,24.0,1776.0,1776.0,5.0,5.0,1,1,0,19.0,19.0,0.0,0,1.2,0.6,0.6,0.4,0.2,0.4,0.2,0.5,1.2,0.4,0.6,0.2,0.6,1.1,0.5,0.3,0.3,0.6,0.7,1.25,1.0499999999999998
2019,2855.4,1816.2,30.0,31.0,337.6,337.6,103.0,89.0,1,1,0,0,2517.8,1478.6,-73.0,-58.0,1679.0,1679.0,14.0,14.0,1886.0,1886.0,1.0,1.0,1,1,0,13.0,13.0,-2.0,1,0.8,1.0,0.2,0.2,0.8,0.2,0.3,0.3,1.6,0.2,0.8,0.0,0.8,1.4,0.6,0.3,0.5,0.6,0.9,0.6666666666666666,1.8333333333333335
2019,4320.6,3096.2,14.0,18.0,3905.4,2618.6,18.0,20.0,1,1,0,0,415.2000000000003,477.5999999999999,-4.0,-2.0,1776.0,1776.0,5.0,5.0,1886.0,1886.0,1.0,1.0,1,1,0,4.0,4.0,-1.0,1,1.8,0.6,0.6,0.6,0.2,0.4,0.5,0.4,1.0,1.0,0.4,0.4,0.2,1.3,0.5,0.3,0.3,0.2,0.5,0.9,1.8000000000000003
2019,3238.2,2061.8,27.0,29.0,4128.4,4104.4,16.0,10.0,1,1,0,0,-890.1999999999998,-2042.5999999999995,11.0,19.0,1776.0,1776.0,5.0,5.0,1568.0,1568.0,24.0,24.0,1,1,0,-19.0,-19.0,-3.0,1,0.6,0.8,0.4,0.6,0.6,0.0,0.4,0.2,1.6,0.6,0.6,0.2,0.4,1.3,0.5,0.3,0.4,0.4,0.5,1.1,1.275
2019,2951.0,1698.2,29.0,32.0,9303.1,8609.1,2.0,2.0,1,1,0,0,-6352.1,-6910.900000000001,27.0,30.0,1776.0,1776.0,5.0,5.0,1776.0,1776.0,5.0,5.0,1,1,0,0.0,0.0,0.0,1,0.8,0.2,0.6,0.8,0.4,0.2,0.7,0.3,1.4,0.6,0.4,0.2,0.6,1.4,0.3,0.2,0.6,0.2,0.7,0.7,1.2
2019,3525.7,2837.7,22.0,19.0,3366.5,2094.5,25.0,28.0,1,1,0,0,159.19999999999982,743.1999999999998,-3.0,-9.0,1776.0,1776.0,5.0,5.0,1462.0,1462.0,52.0,52.0,1,1,0,-47.0,-47.0,2.0,1,3.0,0.2,0.8,0.8,0.2,0.2,0.7,0.2,0.6,0.6,0.2,0.2,0.6,1.2,0.3,0.3,0.6,0.8,0.6,0.8888888888888888,1.011111111111111
2019,8762.8,6136.0,3.0,3.0,5312.7,4789.9,9.0,5.0,1,1,0,0,3450.0999999999995,1346.1000000000004,-6.0,-2.0,1886.0,1886.0,1.0,1.0,1886.0,1886.0,1.0,1.0,1,1,0,0.0,0.0,-1.0,1,1.8,1.2,0.4,0.2,0.4,0.4,0.5,0.3,1.0,0.6,0.6,0.2,0.6,0.8,0.4,0.3,0.3,1.0,0.6,1.3333333333333333,0.3666666666666667
2019,4007.8,3412.2,17.0,13.0,7360.0,4574.8,4.0,6.0,1,1,0,0,-3352.2,-1162.6000000000004,13.0,7.0,1476.0,1476.0,48.0,48.0,1886.0,1886.0,1.0,1.0,1,1,0,47.0,47.0,2.0,1,2.2,0.6,0.8,0.4,0.0,0.6,0.5,0.4,0.8,1.8,0.4,0.4,0.4,1.1,0.5,0.4,0.4,0.6,0.7,0.8,1.7
2019,9828.6,8671.0,1.0,1.0,3708.7,2354.7,20.0,22.0,1,1,0,0,6119.900000000001,6316.3,-19.0,-21.0,1776.0,1776.0,5.0,5.0,1476.0,1476.0,48.0,48.0,1,1,0,-43.0,-43.0,-2.0,1,1.0,1.2,0.4,0.2,0.6,0.4,0.3,0.4,1.8,0.8,0.4,0.2,0.4,1.4,0.3,0.3,0.5,0.4,0.7777777777777778,1.2,0.5777777777777777
2019,337.6,337.6,103.0,89.0,4320.6,3096.2,14.0,18.0,1,1,0,0,-3983.0000000000005,-2758.6,89.0,71.0,1886.0,1886.0,1.0,1.0,1776.0,1776.0,5.0,5.0,1,1,0,-4.0,-4.0,0.0,0,1.2,0.2,0.6,0.8,0.4,0.0,0.4,0.4,2.2,0.8,0.8,0.2,0.4,1.9,0.7,0.1,0.5,0.6,0.7142857142857143,1.6,0.6857142857142855
2019,7360.0,4574.8,4.0,6.0,2951.0,1698.2,29.0,32.0,1,1,0,0,4409.0,2876.6000000000004,-25.0,-26.0,1886.0,1886.0,1.0,1.0,1776.0,1776.0,5.0,5.0,1,1,0,-4.0,-4.0,0.0,0,2.4,1.0,0.6,0.4,0.2,0.4,0.4,0.5,3.0,0.4,0.8,0.2,0.6,1.8,0.5,0.3,0.2,1.0,1.0,1.4,0.6000000000000001
2019,4128.4,4104.4,16.0,10.0,8762.8,6136.0,3.0,3.0,1,1,0,0,-4634.4,-2031.6000000000004,13.0,7.0,1568.0,1568.0,24.0,24.0,1886.0,1886.0,1.0,1.0,1,1,0,23.0,23.0,0.5,1,1.6,0.4,0.6,0.6,0.2,0.4,0.4,0.3,1.2,0.2,0.6,0.0,0.8,1.2,0.5,0.1,0.3,0.4,0.6,2.0,0.5
2019,3366.5,2094.5,25.0,28.0,9828.6,8671.0,1.0,1.0,1,1,0,0,-6462.1,-6576.5,24.0,27.0,1462.0,1462.0,52.0,52.0,1776.0,1776.0,5.0,5.0,1,1,0,47.0,47.0,0.0,0,1.2,0.6,0.6,0.6,0.2,0.4,0.4,0.4,2.0,0.6,0.8,0.2,0.4,1.7,0.7,0.2,0.3,0.6,0.6,1.7,0.0
2019,4320.6,3096.2,14.0,18.0,337.6,337.6,103.0,89.0,1,1,0,0,3983.0000000000005,2758.6,-89.0,-71.0,1776.0,1776.0,5.0,5.0,1886.0,1886.0,1.0,1.0,1,1,0,4.0,4.0,2.0,1,1.6,0.8,0.8,0.4,0.0,0.6,0.5,0.5,0.6,0.6,0.4,0.4,0.6,1.0,0.4,0.5,0.3,0.2,0.4,0.5714285714285714,2.128571428571429
2019,8762.8,6136.0,3.0,3.0,4128.4,4104.4,16.0,10.0,1,1,0,0,4634.4,2031.6000000000004,-13.0,-7.0,1886.0,1886.0,1.0,1.0,1568.0,1568.0,24.0,24.0,1,1,0,-23.0,-23.0,-0.3333333333333333,1,0.8,0.0,0.4,1.0,0.6,0.0,0.7,0.3,1.2,0.2,0.4,0.0,0.8,0.9,0.4,0.3,0.2,0.2,0.7,1.2,0.7
2019,9828.6,8671.0,1.0,1.0,3366.5,2094.5,25.0,28.0,1,1,0,0,6462.1,6576.5,-24.0,-27.0,1776.0,1776.0,5.0,5.0,1462.0,1462.0,52.0,52.0,1,1,0,-47.0,-47.0,2.0,1,2.0,0.6,0.8,0.4,0.2,0.4,0.6,0.3,0.8,0.8,0.4,0.4,0.6,0.7,0.3,0.4,0.3,0.6,0.8,1.2,1.0000000000000002
2019,2951.0,1698.2,29.0,32.0,7360.0,4574.8,4.0,6.0,1,1,0,0,-4409.0,-2876.6000000000004,25.0,26.0,1776.0,1776.0,5.0,5.0,1886.0,1886.0,1.0,1.0,1,1,0,4.0,4.0,-2.0,1,1.6,0.8,0.6,0.4,0.4,0.2,0.5,0.2,2.8,0.6,0.8,0.0,0.6,1.8,0.5,0.2,0.4,1.0,0.6,1.5,0.30000000000000004
2019,8762.8,6136.0,3.0,3.0,4320.6,3096.2,14.0,18.0,1,1,0,0,4442.199999999999,3039.8,-11.0,-15.0,1886.0,1886.0,1.0,1.0,1776.0,1776.0,5.0,5.0,1,1,0,-4.0,-4.0,0.0,0,1.2,0.2,0.4,0.8,0.6,0.2,0.7,0.3,2.0,0.6,0.8,0.2,0.6,2.2,0.7,0.1,0.4,0.4,0.6,1.8,0.09999999999999987
2019,7360.0,4574.8,4.0,6.0,9828.6,8671.0,1.0,1.0,1,1,0,0,-2468.6000000000004,-4096.2,3.0,5.0,1886.0,1886.0,1.0,1.0,1776.0,1776.0,5.0,5.0,1,1,0,-4.0,-4.0,-1.0,1,2.8,0.6,0.8,0.6,0.0,0.4,0.5,0.4,1.8,0.4,0.8,0.2,0.6,2.0,0.8,0.1,0.3,0.4,1.0,2.0,0.20000000000000018
2019,4320.6,3096.2,14.0,18.0,8762.8,6136.0,3.0,3.0,1,1,0,0,-4442.199999999999,-3039.8,11.0,15.0,1776.0,1776.0,5.0,5.0,1886.0,1886.0,1.0,1.0,1,1,0,4.0,4.0,1.0,1,2.0,0.6,0.8,0.6,0.0,0.4,0.7,0.3,1.2,0.4,0.4,0.2,0.6,1.0,0.5,0.1,0.2,0.2,0.3,1.8,0.9000000000000001
2019,9828.6,8671.0,1.0,1.0,7360.0,4574.8,4.0,6.0,1,1,0,0,2468.6000000000004,4096.2,-3.0,-5.0,1776.0,1776.0,5.0,5.0,1886.0,1886.0,1.0,1.0,1,1,0,4.0,4.0,0.0,1,1.2,0.6,0.6,0.6,0.4,0.0,0.5,0.3,2.2,0.6,0.8,0.0,0.6,1.9,0.6,0.1,0.4,0.6,0.6,1.5,1.0
2019,7360.0,4574.8,4.0,6.0,8762.8,6136.0,3.0,3.0,1,1,0,0,-1402.7999999999993,-1561.1999999999998,1.0,3.0,1886.0,1886.0,1.0,1.0,1886.0,1886.0,1.0,1.0,1,1,0,0.0,0.0,-2.0,1,2.2,1.0,0.6,0.4,0.0,0.6,0.4,0.5,1.6,0.6,0.6,0.2,0.4,1.2,0.6,0.1,0.3,0.4,0.9,1.8,0.40000000000000013
2019,8762.8,6136.0,3.0,3.0,7360.0,4574.8,4.0,6.0,1,1,0,0,1402.7999999999993,1561.1999999999998,-1.0,-3.0,1886.0,1886.0,1.0,1.0,1886.0,1886.0,1.0,1.0,1,1,0,0.0,0.0,1.3333333333333333,1,1.4,1.0,0.4,0.2,0.4,0.6,0.5,0.4,1.8,1.0,0.4,0.0,0.4,2.1,0.5,0.1,0.5,0.6,0.6,1.5,0.30000000000000004
2019,1057.7,854.9,57.0,52.0,4517.1,4227.9,12.0,9.0,1,1,0,0,-3459.4000000000005,-3372.9999999999995,45.0,43.0,1679.0,1679.0,14.0,14.0,1776.0,1776.0,5.0,5.0,1,1,0,9.0,9.0,0.0,0,0.0,0.0,0.0,0.0,0.0,0.0,0.0,0.0,1.4,2.0,0.4,0.6,0.0,1.3,0.3,0.6,0.7,0.0,0.0,1.125,-1.125
2019,711.3,670.5,67.0,62.0,4292.4,2211.6,15.0,26.0,1,1,0,0,-3581.0999999999995,-1541.1,52.0,36.0,1886.0,1886.0,1.0,1.0,1476.0,1476.0,48.0,48.0,1,1,0,-47.0,-47.0,0.0,0,1.2,1.8,0.2,0.0,0.2,0.8,0.125,0.75,2.2,2.0,0.4,0.4,0.2,2.0,0.3333333333333333,0.5,0.6666666666666666,0.75,0.75,0.3333333333333333,0.9166666666666667
2019,4007.8,3412.2,17.0,13.0,2187.3,1070.5,35.0,47.0,1,1,0,0,1820.5,2341.7,-18.0,-34.0,1476.0,1476.0,48.0,48.0,1462.0,1462.0,52.0,52.0,1,1,0,-4.0,-4.0,0.0,0,1.0,1.8,0.2,0.2,0.6,0.4,0.3,0.5,1.2,1.8,0.2,0.6,0.2,1.3333333333333333,0.16666666666666666,0.5,0.8333333333333334,1.2,1.1,0.3333333333333333,1.2666666666666668
2019,1309.2,1269.2,49.0,41.0,2168.6,1377.0,37.0,38.0,1,1,0,0,-859.3999999999999,-107.79999999999995,12.0,3.0,1483.0,1483.0,42.0,42.0,1886.0,1886.0,1.0,1.0,1,1,0,41.0,41.0,0.0,0,1.0,2.8,0.0,0.0,0.4,0.6,0.1,0.4,1.0,0.8,0.6,0.4,0.4,1.1,0.5,0.4,0.3,1.6,1.6666666666666667,0.9,-0.4
2019,201.3,112.5,127.0,144.0,9303.1,8609.1,2.0,2.0,1,1,0,0,-9101.800000000001,-8496.6,125.0,142.0,1308.0,1308.0,80.0,80.0,1776.0,1776.0,5.0,5.0,1,1,0,75.0,75.0,0.0,0,0.2,2.2,0.0,0.0,0.8,0.2,0.16666666666666666,0.16666666666666666,0.6,0.4,0.4,0.2,0.8,1.2,0.4,0.2,0.5,0.6666666666666666,0.6666666666666666,1.1,0.23333333333333317
2019,1069.7,747.7,55.0,57.0,7360.0,4574.8,4.0,6.0,1,1,0,0,-6290.3,-3827.1000000000004,51.0,51.0,1308.0,1308.0,80.0,80.0,1886.0,1886.0,1.0,1.0,1,1,0,79.0,79.0,0.0,0,0.8,2.0,0.4,0.6,0.6,0.0,0.3,0.4,1.6,1.6,0.2,0.2,0.2,2.2,0.5,0.1,0.6,1.0,1.0,1.2,1.8
2019,169.5,145.5,139.0,127.0,5521.0,3100.6,8.0,17.0,1,1,0,0,-5351.5,-2955.1,131.0,110.0,1477.0,1477.0,47.0,47.0,1679.0,1679.0,13.0,13.0,1,1,0,34.0,34.0,0.0,0,1.2,0.8,0.4,0.4,0.4,0.2,0.375,0.25,1.6,1.2,0.6,0.4,0.2,1.9,0.6,0.2,0.6,0.75,0.75,0.8333333333333334,0.9166666666666666
2019,2223.4,1698.2,33.0,32.0,2064.1,1300.1,38.0,39.0,0,1,1,0,159.30000000000018,398.10000000000014,-5.0,-7.0,1679.0,1679.0,14.0,14.0,1483.0,1483.0,42.0,42.0,0,1,1,-28.0,-28.0,0.0,0,2.2,0.6,0.6,0.4,0.4,0.4,0.2,0.5,1.0,1.8,0.6,0.4,0.4,1.1,0.5,0.4,0.4,0.8,0.7,1.1,1.5
2019,2209.0,1851.0,34.0,30.0,9828.6,8671.0,1.0,1.0,1,1,0,0,-7619.6,-6820.0,33.0,29.0,1679.0,1679.0,14.0,14.0,1776.0,1776.0,5.0,5.0,1,1,0,9.0,9.0,2.0,1,1.6,0.6,0.8,0.8,0.0,0.2,0.4,0.5,2.0,0.6,0.8,0.2,0.6,1.9,0.7,0.2,0.4,1.0,1.0,2.1,0.10000000000000009
2019,1339.7,917.3,48.0,50.0,4320.6,3096.2,14.0,18.0,1,1,0,0,-2980.9000000000005,-2178.8999999999996,34.0,32.0,1886.0,1886.0,1.0,1.0,1776.0,1776.0,5.0,5.0,1,1,0,-4.0,-4.0,0.0,0,0.2,2.6,0.0,0.0,0.8,0.2,0.25,0.125,2.0,1.2,0.6,0.2,0.0,1.4,0.5,0.1,0.4,2.25,2.25,1.6,-1.35
2019,1879.8,1411.0,40.0,37.0,8762.8,6136.0,3.0,3.0,1,1,0,0,-6882.999999999999,-4725.0,37.0,34.0,1483.0,1483.0,42.0,42.0,1886.0,1886.0,1.0,1.0,1,1,0,41.0,41.0,-2.5,1,1.0,1.0,0.4,0.4,0.2,0.4,0.3333333333333333,0.3333333333333333,1.2,1.0,0.4,0.4,0.4,1.7,0.6,0.2,0.4,1.3333333333333333,1.3333333333333333,1.9,-0.5666666666666667
2019,5949.2,5502.0,6.0,4.0,3708.7,2354.7,20.0,22.0,1,1,0,0,2240.5,3147.3,-14.0,-18.0,1776.0,1776.0,5.0,5.0,1476.0,1476.0,48.0,48.0,1,1,0,-43.0,-43.0,0.0,0,0.0,0.0,0.0,0.0,0.0,0.0,0.0,0.0,0.2,2.8,0.0,0.8,0.2,1.0,0.1,0.7,0.5,0.0,0.0,0.5,-0.5
2019,1257.1,1127.1,52.0,44.0,4408.1,3289.3,13.0,15.0,1,1,0,0,-3151.0000000000005,-2162.2000000000003,39.0,29.0,1462.0,1462.0,52.0,52.0,1776.0,1776.0,5.0,5.0,1,1,0,47.0,47.0,0.0,0,1.2,3.6,0.0,0.0,0.2,0.8,0.0,0.5,1.4,1.2,0.4,0.4,0.6,0.7,0.2,0.5,0.2,3.4,2.2222222222222223,0.9,-0.2333333333333334
2019,838.2,653.8,62.0,64.0,2951.0,1698.2,29.0,32.0,1,1,0,0,-2112.8,-1044.4,33.0,32.0,1886.0,1886.0,1.0,1.0,1776.0,1776.0,5.0,5.0,1,1,0,-4.0,-4.0,1.0,1,1.2,1.2,0.2,0.6,0.6,0.4,0.5,0.4,1.0,1.0,0.4,0.4,0.2,1.8,0.4,0.3,0.3,0.8,0.8888888888888888,1.4,0.15555555555555567
2019,5168.0,4237.6,10.0,8.0,6029.4,3165.0,5.0,16.0,1,1,0,0,-861.3999999999996,1072.6000000000004,5.0,-8.0,1568.0,1568.0,24.0,24.0,1679.0,1679.0,13.0,13.0,1,1,0,11.0,11.0,0.0,0,1.0,2.4,0.0,0.0,0.2,0.8,0.16666666666666666,0.6666666666666666,1.6,0.8,0.6,0.4,0.4,1.5,0.4,0.6,0.5,1.6666666666666667,1.6666666666666667,0.2,0.8
2019,234.0,222.0,122.0,110.0,1849.2,1200.8,42.0,43.0,1,1,0,0,-1615.2,-978.8,80.0,67.0,1477.0,1477.0,47.0,47.0,1568.0,1568.0,24.0,24.0,1,1,0,23.0,23.0,0.0,0,0.8,3.2,0.2,0.0,0.6,0.4,0.16666666666666666,0.3333333333333333,0.4,2.0,0.0,1.0,0.0,0.9,0.3,0.6,0.4,2.6666666666666665,2.6666666666666665,0.8,1.2
2019,9828.6,8671.0,1.0,1.0,1309.2,1269.2,49.0,41.0,1,1,0,0,8519.4,7401.8,-48.0,-40.0,1776.0,1776.0,5.0,5.0,1483.0,1483.0,42.0,42.0,1,1,0,-37.0,-37.0,0.0,0,1.6,0.8,0.6,0.6,0.2,0.2,0.5,0.3,0.6,2.0,0.0,0.8,0.2,0.7,0.1,0.8,0.4,1.0,0.8,0.0,2.3
2019,5521.0,3100.6,8.0,17.0,5949.2,5502.0,6.0,4.0,1,1,0,0,-428.1999999999998,-2401.4,2.0,13.0,1679.0,1679.0,13.0,13.0,1776.0,1776.0,5.0,5.0,1,1,0,8.0,8.0,0.0,0,1.4,0.6,0.6,0.8,0.2,0.2,0.5,0.2,1.8,0.8,0.4,0.4,0.2,1.9,0.5,0.3,0.5,0.4,0.6,0.9,0.29999999999999993
2019,2064.1,1300.1,38.0,39.0,711.3,670.5,67.0,62.0,1,1,0,0,1352.8,629.5999999999999,-29.0,-23.0,1483.0,1483.0,42.0,42.0,1886.0,1886.0,1.0,1.0,1,1,0,41.0,41.0,0.0,0,1.0,3.2,0.0,0.2,0.6,0.4,0.1,0.5,0.6,1.6,0.0,0.6,0.2,1.2222222222222223,0.3333333333333333,0.3333333333333333,0.6666666666666666,1.2,1.2,1.5,-0.3999999999999999
2019,4292.4,2211.6,15.0,26.0,2209.0,1698.2,34.0,32.0,1,0,0,1,2083.3999999999996,513.3999999999999,-19.0,-6.0,1476.0,1476.0,48.0,48.0,1679.0,1679.0,14.0,14.0,1,0,1,34.0,34.0,0.0,0,2.2,1.6,0.4,0.4,0.2,0.6,0.2857142857142857,0.5714285714285714,5.0,4.0,1.0,0.0,0.0,5.0,1.0,0.0,1.0,1.3333333333333333,1.3333333333333333,0.0,2.0
2019,7360.0,4574.8,4.0,6.0,1057.7,854.9,57.0,52.0,1,1,0,0,6302.3,3719.9,-53.0,-46.0,1886.0,1886.0,1.0,1.0,1679.0,1679.0,14.0,14.0,1,1,0,-13.0,-13.0,0.0,0,1.4,1.4,0.2,0.4,0.2,0.6,0.5,0.5,1.0,0.0,1.0,0.0,1.0,1.0,1.0,0.0,0.0,0.4,0.9,0.0,2.0
2019,4320.6,3096.2,14.0,18.0,4007.8,3412.2,17.0,13.0,1,1,0,0,312.8000000000002,-316.0,-3.0,5.0,1776.0,1776.0,5.0,5.0,1476.0,1476.0,48.0,48.0,1,1,0,-43.0,-43.0,0.0,0,1.8,0.6,0.6,0.6,0.0,0.4,0.5,0.5,1.8,1.6,0.4,0.4,0.2,1.7,0.5,0.3,0.5,0.6,0.5,1.1,1.2999999999999998
2019,4408.1,3289.3,13.0,15.0,1879.8,1411.0,40.0,37.0,1,1,0,0,2528.3,1878.3000000000002,-27.0,-22.0,1776.0,1776.0,5.0,5.0,1483.0,1483.0,42.0,42.0,1,1,0,-37.0,-37.0,0.0,0,1.6,1.2,0.4,0.0,0.2,0.8,0.4,0.5,1.0,1.0,0.2,0.6,0.2,0.8888888888888888,0.3333333333333333,0.5555555555555556,0.2222222222222222,0.6,0.5,0.75,1.35
2019,9303.1,8609.1,2.0,2.0,5168.0,4237.6,10.0,8.0,1,1,0,0,4135.1,4371.5,-8.0,-6.0,1776.0,1776.0,5.0,5.0,1568.0,1568.0,24.0,24.0,1,1,0,-19.0,-19.0,0.0,0,0.6,0.6,0.4,0.6,0.6,0.0,0.4,0.3,1.0,1.2,0.4,0.4,0.4,0.7142857142857143,0.2857142857142857,0.5714285714285714,0.2857142857142857,0.8,0.8,1.0,0.5
2019,3708.7,2354.7,20.0,22.0,169.5,145.5,139.0,127.0,1,1,0,0,3539.2,2209.2,-119.0,-105.0,1476.0,1476.0,48.0,48.0,1477.0,1477.0,47.0,47.0,1,1,0,1.0,1.0,0.0,0,1.2,2.6,0.0,0.0,0.0,1.0,0.14285714285714285,0.8571428571428571,1.4,0.8,0.6,0.2,0.6,1.9,0.6,0.2,0.5,1.3333333333333333,1.3333333333333333,1.8,-0.4666666666666668
2019,2187.3,1070.5,35.0,47.0,1339.7,917.3,48.0,50.0,1,1,0,0,847.6000000000001,153.20000000000005,-13.0,-3.0,1462.0,1462.0,52.0,52.0,1886.0,1886.0,1.0,1.0,1,1,0,51.0,51.0,0.0,0,1.2,1.0,0.6,0.4,0.2,0.4,0.4,0.5,0.4,2.4,0.0,0.8,0.0,0.2222222222222222,0.0,0.6666666666666666,0.2222222222222222,0.8,0.8333333333333334,0.25,2.75
2019,2168.6,1377.0,37.0,38.0,2209.0,1851.0,34.0,30.0,1,1,0,0,-40.40000000000009,-474.0,3.0,8.0,1886.0,1886.0,1.0,1.0,1679.0,1679.0,14.0,14.0,1,1,0,-13.0,-13.0,0.0,0,0.8,0.4,0.6,0.8,0.4,0.0,0.5,0.4,1.4,1.6,0.2,0.6,0.2,1.2857142857142858,0.2857142857142857,0.5714285714285714,0.5714285714285714,1.2,1.3,0.3333333333333333,1.4666666666666668
2019,8762.8,6136.0,3.0,3.0,1257.1,1127.1,52.0,44.0,1,1,0,0,7505.699999999999,5008.9,-49.0,-41.0,1886.0,1886.0,1.0,1.0,1462.0,1462.0,52.0,52.0,1,1,0,-51.0,-51.0,0.0,0,1.2,0.8,0.8,0.6,0.2,0.2,0.5,0.3,1.0,3.2,0.0,1.0,0.0,0.7,0.0,1.0,0.5,1.4,1.4,0.1111111111111111,1.5888888888888888
2019,6029.4,3165.0,5.0,16.0,201.3,112.5,127.0,144.0,1,1,0,0,5828.099999999999,3052.5,-122.0,-128.0,1679.0,1679.0,13.0,13.0,1308.0,1308.0,80.0,80.0,1,1,0,-67.0,-67.0,0.0,0,1.0,1.0,0.4,0.4,0.4,0.2,0.3,0.4,0.2,2.0,0.0,0.8,0.0,0.42857142857142855,0.14285714285714285,0.7142857142857143,0.14285714285714285,0.8,1.4,0.0,1.9
2019,1849.2,1200.8,42.0,43.0,838.2,653.8,62.0,64.0,1,1,0,0,1011.0,547.0,-20.0,-21.0,1568.0,1568.0,24.0,24.0,1886.0,1886.0,1.0,1.0,1,1,0,23.0,23.0,0.0,0,0.2,1.6,0.0,0.2,0.8,0.2,0.3,0.3,0.4,1.0,0.0,0.4,0.6,1.0,0.2,0.5,0.4,1.4,1.4,1.0,0.0
2019,4517.1,4227.9,12.0,9.0,1069.7,747.7,55.0,57.0,1,1,0,0,3447.4000000000005,3480.2,-43.0,-48.0,1776.0,1776.0,5.0,5.0,1308.0,1308.0,80.0,80.0,1,1,0,-75.0,-75.0,0.0,0,1.0,2.0,0.2,0.0,0.6,0.4,0.1,0.6,0.8,1.6,0.4,0.2,0.8,1.0,0.4,0.4,0.3,2.4,1.625,0.2,1.425
2019,2951.0,1698.2,29.0,32.0,234.0,222.0,122.0,110.0,1,1,0,0,2717.0,1476.2,-93.0,-78.0,1776.0,1776.0,5.0,5.0,1477.0,1477.0,47.0,47.0,1,1,0,-42.0,-42.0,0.0,0,0.8,0.8,0.4,0.4,0.4,0.2,0.6,0.2,0.8,2.8,0.2,0.6,0.2,0.7142857142857143,0.2857142857142857,0.5714285714285714,0.2857142857142857,0.6,0.6,0.0,1.8
2019,4517.1,4227.9,12.0,9.0,7360.0,4574.8,4.0,6.0,1,1,0,0,-2842.8999999999996,-346.90000000000055,8.0,3.0,1776.0,1776.0,5.0,5.0,1886.0,1886.0,1.0,1.0,1,1,0,4.0,4.0,0.0,0,0.2,2.6,0.0,0.0,0.8,0.2,0.125,0.125,1.4,1.8,0.2,0.6,0.2,1.25,0.25,0.625,0.625,0.75,0.75,0.25,0.75
2019,1309.2,1269.2,49.0,41.0,2209.0,1851.0,34.0,30.0,1,1,0,0,-899.8,-581.8,15.0,11.0,1483.0,1483.0,42.0,42.0,1679.0,1679.0,14.0,14.0,1,1,0,28.0,28.0,0.0,0,1.0,0.8,0.2,0.4,0.6,0.2,0.4,0.2,0.4,2.4,0.0,0.8,0.0,0.2,0.0,0.7,0.2,0.8,0.8,0.2,1.2
2019,3708.7,2354.7,20.0,22.0,5521.0,3100.6,8.0,17.0,1,1,0,0,-1812.3000000000002,-745.9000000000001,12.0,5.0,1476.0,1476.0,48.0,48.0,1679.0,1679.0,13.0,13.0,1,1,0,35.0,35.0,0.0,0,0.6,0.6,0.4,0.6,0.6,0.0,0.5,0.3,1.8,0.8,0.6,0.2,0.6,1.9,0.7,0.2,0.3,0.6,0.8,2.1,-0.6000000000000001
2019,2168.6,1377.0,37.0,38.0,9828.6,8671.0,1.0,1.0,1,1,0,0,-7660.0,-7294.0,36.0,37.0,1886.0,1886.0,1.0,1.0,1776.0,1776.0,5.0,5.0,1,1,0,-4.0,-4.0,0.0,0,0.6,2.2,0.0,0.2,0.6,0.4,0.2,0.4,0.6,1.4,0.2,0.6,0.2,0.625,0.25,0.625,0.25,1.4,1.4285714285714286,0.75,-0.1785714285714286
2019,201.3,112.5,127.0,144.0,5168.0,4237.6,10.0,8.0,1,1,0,0,-4966.7,-4125.1,117.0,136.0,1308.0,1308.0,80.0,80.0,1568.0,1568.0,24.0,24.0,1,1,0,56.0,56.0,0.0,0,1.8,1.4,0.4,0.2,0.4,0.4,0.2,0.5,1.6,1.4,0.2,0.2,0.4,1.9,0.5,0.1,0.5,1.8,1.4444444444444444,1.0,0.7777777777777777
2019,1257.1,1127.1,52.0,44.0,1879.8,1411.0,40.0,37.0,1,1,0,0,-622.7,-283.9000000000001,12.0,7.0,1462.0,1462.0,52.0,52.0,1483.0,1483.0,42.0,42.0,1,1,0,10.0,10.0,0.0,0,1.4,1.0,0.8,0.4,0.2,0.4,0.5,0.3,1.6,0.6,0.8,0.2,0.8,0.9,0.4,0.4,0.2,1.2,1.3,1.1,0.8999999999999999
2019,5949.2,5502.0,6.0,4.0,169.5,145.5,139.0,127.0,1,1,0,0,5779.7,5356.5,-133.0,-123.0,1776.0,1776.0,5.0,5.0,1477.0,1477.0,47.0,47.0,1,1,0,-42.0,-42.0,0.0,0,0.5,1.5,0.5,0.5,0.5,0.0,0.5,0.0,0.6,2.4,0.2,0.4,0.6,1.0,0.4,0.4,0.3,0.0,0.0,0.16666666666666666,2.8333333333333335
2019,234.0,222.0,122.0,110.0,838.2,653.8,62.0,64.0,1,1,0,0,-604.2,-431.79999999999995,60.0,46.0,1477.0,1477.0,47.0,47.0,1886.0,1886.0,1.0,1.0,1,1,0,46.0,46.0,1.0,1,0.8,0.8,0.2,0.2,0.8,0.2,0.2,0.4,1.0,2.8,0.0,1.0,0.0,0.7,0.0,1.0,0.5,0.8,0.6,0.1,2.4
2019,2223.4,1698.2,33.0,32.0,711.3,670.5,67.0,62.0,0,1,1,0,1512.1000000000001,1027.7,-34.0,-30.0,1679.0,1679.0,14.0,14.0,1886.0,1886.0,1.0,1.0,0,1,1,13.0,13.0,0.0,0,0.8,2.4,0.2,0.2,0.6,0.4,0.25,0.25,0.4,1.0,0.0,0.4,0.6,0.9,0.2,0.4,0.3,2.0,2.0,1.0,0.75
2019,4408.1,3289.3,13.0,15.0,8762.8,6136.0,3.0,3.0,1,1,0,0,-4354.699999999999,-2846.7,10.0,12.0,1776.0,1776.0,5.0,5.0,1886.0,1886.0,1.0,1.0,1,1,0,4.0,4.0,0.0,0,3.0,2.5,0.5,0.0,0.0,1.0,0.0,1.0,0.6,1.6,0.0,0.6,0.2,1.2,0.3,0.3,0.7,4.0,4.0,1.4,1.6
2019,1849.2,1200.8,42.0,43.0,2951.0,1698.2,29.0,32.0,1,1,0,0,-1101.8,-497.4000000000001,13.0,11.0,1568.0,1568.0,24.0,24.0,1776.0,1776.0,5.0,5.0,1,1,0,19.0,19.0,0.0,0,1.6,0.8,0.8,0.6,0.0,0.4,0.5,0.4,1.6,1.0,0.4,0.0,0.2,1.4,0.4,0.1,0.5,0.4,0.7142857142857143,1.4,1.6
2019,9303.1,8609.1,2.0,2.0,6029.4,3165.0,5.0,16.0,1,1,0,0,3273.7000000000007,5444.1,-3.0,-14.0,1776.0,1776.0,5.0,5.0,1679.0,1679.0,13.0,13.0,1,1,0,-8.0,-8.0,0.0,0,0.2,1.4,0.0,0.4,0.8,0.2,0.3,0.3,0.8,0.8,0.4,0.4,0.4,1.9,0.6,0.2,0.2,1.4,1.4,1.6,-0.8
2019,1057.7,854.9,57.0,52.0,1069.7,747.7,55.0,57.0,1,1,0,0,-12.0,107.19999999999993,2.0,-5.0,1679.0,1679.0,14.0,14.0,1308.0,1308.0,80.0,80.0,1,1,0,-66.0,-66.0,0.0,0,1.0,0.6,0.6,0.6,0.4,0.2,0.5,0.4,1.6,0.6,0.6,0.4,0.6,1.5,0.5,0.5,0.3,1.2,1.3,0.2,1.6
2019,4007.8,3412.2,17.0,13.0,1339.7,917.3,48.0,50.0,1,1,0,0,2668.1000000000004,2494.8999999999996,-31.0,-37.0,1476.0,1476.0,48.0,48.0,1886.0,1886.0,1.0,1.0,1,1,0,47.0,47.0,0.0,0,1.4,2.6,0.2,0.0,0.0,1.0,0.125,0.875,1.4,0.8,0.4,0.4,0.4,1.5,0.6,0.3,0.5,1.25,1.25,1.9,-0.1499999999999999
2019,2064.1,1300.1,38.0,39.0,4292.4,2211.6,15.0,26.0,1,1,0,0,-2228.2999999999997,-911.5,23.0,13.0,1483.0,1483.0,42.0,42.0,1476.0,1476.0,48.0,48.0,1,1,0,-6.0,-6.0,0.0,0,1.2,3.4,0.0,0.0,0.4,0.6,0.1,0.5,2.0,1.4,0.4,0.2,0.4,1.625,0.25,0.375,0.625,1.0,1.2,0.5,0.4
2019,2187.3,1070.5,35.0,47.0,4320.6,3096.2,14.0,18.0,1,1,0,0,-2133.3,-2025.6999999999998,21.0,29.0,1462.0,1462.0,52.0,52.0,1776.0,1776.0,5.0,5.0,1,1,0,47.0,47.0,0.0,0,1.4,1.4,0.4,0.4,0.4,0.4,0.4,0.4,1.4,1.2,0.4,0.4,0.4,2.0,0.6,0.2,0.6,1.2,1.0,1.5,0.30000000000000004
2019,4408.1,3289.3,13.0,15.0,1257.1,1127.1,52.0,44.0,1,1,0,0,3151.0000000000005,2162.2000000000003,-39.0,-29.0,1776.0,1776.0,5.0,5.0,1462.0,1462.0,52.0,52.0,1,1,0,-47.0,-47.0,0.0,1,1.8,1.0,0.4,0.6,0.2,0.4,0.3333333333333333,0.5555555555555556,0.4,0.8,0.0,0.4,0.4,1.1,0.3,0.3,0.6,1.25,1.25,1.3333333333333333,0.41666666666666674
2019,6029.4,3165.0,5.0,16.0,5168.0,4237.6,10.0,8.0,1,1,0,0,861.3999999999996,-1072.6000000000004,-5.0,8.0,1679.0,1679.0,13.0,13.0,1568.0,1568.0,24.0,24.0,1,1,0,-11.0,-11.0,1.0,1,1.6,1.2,0.6,0.4,0.0,0.6,0.4,0.5,1.4,0.6,0.4,0.4,0.6,1.0,0.3,0.5,0.2,0.8,0.875,0.8,1.95
2019,2168.6,1377.0,37.0,38.0,1309.2,1269.2,49.0,41.0,1,1,0,0,859.3999999999999,107.79999999999995,-12.0,-3.0,1886.0,1886.0,1.0,1.0,1483.0,1483.0,42.0,42.0,1,1,0,-41.0,-41.0,-2.0,1,1.4,0.6,0.6,0.6,0.4,0.0,0.5,0.2,1.8,2.0,0.2,0.4,0.2,1.4444444444444444,0.2222222222222222,0.5555555555555556,0.6666666666666666,0.2,1.3,0.4,1.7000000000000002
2019,4517.1,4227.9,12.0,9.0,1057.7,854.9,57.0,52.0,1,1,0,0,3459.4000000000005,3372.9999999999995,-45.0,-43.0,1776.0,1776.0,5.0,5.0,1679.0,1679.0,14.0,14.0,1,1,0,-9.0,-9.0,0.0,1,0.8,0.4,0.6,0.8,0.4,0.0,0.6,0.2,0.6,1.8,0.2,0.6,0.4,0.7,0.2,0.7,0.3,0.4,0.7,0.0,1.8
2019,4292.4,2211.6,15.0,26.0,711.3,670.5,67.0,62.0,1,1,0,0,3581.0999999999995,1541.1,-52.0,-36.0,1476.0,1476.0,48.0,48.0,1886.0,1886.0,1.0,1.0,1,1,0,47.0,47.0,-1.0,1,1.8,1.0,0.4,0.4,0.4,0.2,0.3,0.4,1.0,1.6666666666666667,0.3333333333333333,0.3333333333333333,0.3333333333333333,1.0,0.3333333333333333,0.3333333333333333,0.3333333333333333,1.4,1.3,0.0,1.9
2019,2064.1,1300.1,38.0,39.0,2209.0,1698.2,34.0,32.0,1,0,0,1,-144.9000000000001,-398.10000000000014,4.0,7.0,1483.0,1483.0,42.0,42.0,1679.0,1679.0,14.0,14.0,1,0,1,28.0,28.0,-0.3333333333333333,1,1.0,0.6,0.6,0.6,0.2,0.2,0.6,0.2,0.6,1.4,0.0,0.6,0.4,1.0,0.2,0.4,0.4,0.6,0.6,0.7,1.3
2019,9828.6,8671.0,1.0,1.0,2209.0,1851.0,34.0,30.0,1,1,0,0,7619.6,6820.0,-33.0,-29.0,1776.0,1776.0,5.0,5.0,1679.0,1679.0,14.0,14.0,1,1,0,-9.0,-9.0,-1.3333333333333333,1,0.6,1.0,0.2,0.2,0.4,0.4,0.4,0.4,0.8,1.6,0.2,0.6,0.2,1.6,0.5,0.3,0.5,0.8,0.5,1.2857142857142858,0.8142857142857143
2019,2187.3,1070.5,35.0,47.0,4007.8,3412.2,17.0,13.0,1,1,0,0,-1820.5,-2341.7,18.0,34.0,1462.0,1462.0,52.0,52.0,1476.0,1476.0,48.0,48.0,1,1,0,4.0,4.0,1.0,1,1.0,0.6,0.8,0.6,0.2,0.2,0.5,0.3,0.6,1.0,0.2,0.6,0.2,1.9,0.5,0.4,0.4,1.0,1.1,0.9,1.3000000000000003
2019,5521.0,3100.6,8.0,17.0,169.5,145.5,139.0,127.0,1,1,0,0,5351.5,2955.1,-131.0,-110.0,1679.0,1679.0,13.0,13.0,1477.0,1477.0,47.0,47.0,1,1,0,-34.0,-34.0,0.0,1,1.2,1.6,0.2,0.4,0.4,0.4,0.4,0.5,1.0,2.8,0.2,0.4,0.4,1.0,0.3,0.4,0.3,0.4,0.8,0.2857142857142857,1.7142857142857144
2019,7360.0,4574.8,4.0,6.0,1069.7,747.7,55.0,57.0,1,1,0,0,6290.3,3827.1000000000004,-51.0,-51.0,1886.0,1886.0,1.0,1.0,1308.0,1308.0,80.0,80.0,1,1,0,-79.0,-79.0,1.0,1,0.8,0.8,0.6,0.6,0.2,0.2,0.6,0.2,0.8,2.6,0.0,1.0,0.0,0.9,0.0,1.0,0.6,0.2,0.4,0.1,1.4
2019,4320.6,3096.2,14.0,18.0,1339.7,917.3,48.0,50.0,1,1,0,0,2980.9000000000005,2178.8999999999996,-34.0,-32.0,1776.0,1776.0,5.0,5.0,1886.0,1886.0,1.0,1.0,1,1,0,4.0,4.0,-3.0,1,1.4,2.2,0.4,0.2,0.0,0.8,0.2222222222222222,0.7777777777777778,1.8,1.4,0.6,0.4,0.4,1.7,0.6,0.3,0.4,1.0,1.0,1.1,0.8999999999999999
2019,2951.0,1698.2,29.0,32.0,838.2,653.8,62.0,64.0,1,1,0,0,2112.8,1044.4,-33.0,-32.0,1776.0,1776.0,5.0,5.0,1886.0,1886.0,1.0,1.0,1,1,0,4.0,4.0,2.3333333333333335,1,1.4,1.0,0.4,0.4,0.4,0.2,0.5,0.2,0.4,1.6,0.0,0.8,0.0,0.5555555555555556,0.2222222222222222,0.6666666666666666,0.2222222222222222,0.8,0.8,0.6,1.6999999999999997
2019,3708.7,2354.7,20.0,22.0,5949.2,5502.0,6.0,4.0,1,1,0,0,-2240.5,-3147.3,14.0,18.0,1476.0,1476.0,48.0,48.0,1776.0,1776.0,5.0,5.0,1,1,0,43.0,43.0,-1.0,1,1.0,3.0,0.0,0.0,0.6,0.4,0.1,0.5,2.0,1.6666666666666667,0.3333333333333333,0.0,0.3333333333333333,2.0,0.3333333333333333,0.0,0.6666666666666666,1.4,1.4,1.0,-0.19999999999999996
2019,9303.1,8609.1,2.0,2.0,201.3,112.5,127.0,144.0,1,1,0,0,9101.800000000001,8496.6,-125.0,-142.0,1776.0,1776.0,5.0,5.0,1308.0,1308.0,80.0,80.0,1,1,0,-75.0,-75.0,1.0,1,1.0,0.8,0.6,0.4,0.4,0.2,0.5,0.3,0.8,2.4,0.0,0.6,0.0,0.6666666666666666,0.1111111111111111,0.6666666666666666,0.2222222222222222,1.0,1.2,0.0,1.7
2019,1849.2,1200.8,42.0,43.0,234.0,222.0,122.0,110.0,1,1,0,0,1615.2,978.8,-80.0,-67.0,1568.0,1568.0,24.0,24.0,1477.0,1477.0,47.0,47.0,1,1,0,-23.0,-23.0,0.0,1,0.0,1.2,0.0,0.4,1.0,0.0,0.3,0.3,0.8,2.4,0.2,0.6,0.2,0.7777777777777778,0.3333333333333333,0.5555555555555556,0.3333333333333333,1.4,1.3,0.0,0.7
2019,8762.8,6136.0,3.0,3.0,1879.8,1411.0,40.0,37.0,1,1,0,0,6882.999999999999,4725.0,-37.0,-34.0,1886.0,1886.0,1.0,1.0,1483.0,1483.0,42.0,42.0,1,1,0,-41.0,-41.0,0.0,1,1.6,1.2,0.2,0.2,0.2,0.8,0.3,0.6,0.4,2.8,0.0,0.8,0.0,0.2,0.0,0.7,0.2,0.6,0.4,0.16666666666666666,1.9333333333333333
2019,4007.8,3412.2,17.0,13.0,4320.6,3096.2,14.0,18.0,1,1,0,0,-312.8000000000002,316.0,3.0,-5.0,1476.0,1476.0,48.0,48.0,1776.0,1776.0,5.0,5.0,1,1,0,43.0,43.0,0.0,1,0.6,1.0,0.0,0.4,0.4,0.6,0.3,0.6,1.4,2.6,0.2,0.6,0.2,0.9,0.1,0.6,0.4,0.6,0.6,0.5,0.7
2019,838.2,653.8,62.0,64.0,1849.2,1200.8,42.0,43.0,1,1,0,0,-1011.0,-547.0,20.0,21.0,1886.0,1886.0,1.0,1.0,1568.0,1568.0,24.0,24.0,1,1,0,-23.0,-23.0,-2.0,1,0.8,1.4,0.2,0.2,0.6,0.4,0.2,0.4,1.8,0.2,0.8,0.0,0.8,1.7,0.7,0.2,0.2,1.8,1.8,1.6,0.3999999999999999
2019,2223.4,1698.2,33.0,32.0,4292.4,2211.6,15.0,26.0,0,1,1,0,-2068.9999999999995,-513.3999999999999,18.0,6.0,1679.0,1679.0,14.0,14.0,1476.0,1476.0,48.0,48.0,0,1,1,-34.0,-34.0,-1.0,1,0.8,1.6,0.2,0.2,0.6,0.4,0.2,0.4,0.8,0.8,0.6,0.4,0.6,1.0,0.5,0.3,0.2,0.8,0.8,1.0,1.5
2019,234.0,222.0,122.0,110.0,2951.0,1698.2,29.0,32.0,1,1,0,0,-2717.0,-1476.2,93.0,78.0,1477.0,1477.0,47.0,47.0,1776.0,1776.0,5.0,5.0,1,1,0,42.0,42.0,0.0,1,0.6,2.2,0.0,0.2,0.6,0.4,0.4,0.4,0.4,1.2,0.0,0.4,0.4,0.5,0.0,0.6,0.4,1.0,0.9,0.9,0.4999999999999999
2019,711.3,670.5,67.0,62.0,2064.1,1300.1,38.0,39.0,1,1,0,0,-1352.8,-629.5999999999999,29.0,23.0,1886.0,1886.0,1.0,1.0,1483.0,1483.0,42.0,42.0,1,1,0,-41.0,-41.0,1.0,1,2.4,1.4,0.8,0.4,0.0,0.6,0.3,0.5,1.0,1.2,0.2,0.6,0.0,1.5,0.5,0.4,0.5,1.2,1.0,1.8,0.0
2019,5949.2,5502.0,6.0,4.0,5521.0,3100.6,8.0,17.0,1,1,0,0,428.1999999999998,2401.4,-2.0,-13.0,1776.0,1776.0,5.0,5.0,1679.0,1679.0,13.0,13.0,1,1,0,-8.0,-8.0,0.0,1,1.5,1.75,0.25,0.25,0.5,0.5,0.25,0.5,2.0,0.4,0.6,0.0,0.6,1.8,0.4,0.3,0.6,2.0,2.0,1.0,1.0
2019,1879.8,1411.0,40.0,37.0,4408.1,3289.3,13.0,15.0,1,1,0,0,-2528.3,-1878.3000000000002,27.0,22.0,1483.0,1483.0,42.0,42.0,1776.0,1776.0,5.0,5.0,1,1,0,37.0,37.0,-2.0,1,0.2,2.8,0.0,0.0,0.8,0.2,0.1,0.2,1.8,1.4,0.6,0.2,0.4,1.8,0.6,0.2,0.6,2.0,2.0,1.1428571428571428,-0.7428571428571428
2019,1057.7,854.9,57.0,52.0,7360.0,4574.8,4.0,6.0,1,1,0,0,-6302.3,-3719.9,53.0,46.0,1679.0,1679.0,14.0,14.0,1886.0,1886.0,1.0,1.0,1,1,0,13.0,13.0,-3.0,1,0.75,1.5,0.25,0.25,0.5,0.25,0.25,0.25,1.6,1.2,0.4,0.4,0.6,1.7,0.4,0.2,0.4,1.0,1.0,0.9,1.1
2019,1257.1,1127.1,52.0,44.0,8762.8,6136.0,3.0,3.0,1,1,0,0,-7505.699999999999,-5008.9,49.0,41.0,1462.0,1462.0,52.0,52.0,1886.0,1886.0,1.0,1.0,1,1,0,51.0,51.0,0.0,1,1.0,1.2,0.2,0.4,0.6,0.2,0.4,0.2,1.8,0.8,0.4,0.0,0.4,1.6,0.4,0.1,0.6,0.8,0.6666666666666666,1.5,0.16666666666666674
2019,1339.7,917.3,48.0,50.0,2187.3,1070.5,35.0,47.0,1,1,0,0,-847.6000000000001,-153.20000000000005,13.0,3.0,1886.0,1886.0,1.0,1.0,1462.0,1462.0,52.0,52.0,1,1,0,-51.0,-51.0,-1.0,1,0.8,2.2,0.0,0.0,0.2,0.8,0.4,0.5,1.6,2.2,0.4,0.6,0.2,1.4,0.3,0.5,0.8,1.0,1.0,0.25,1.75
2019,201.3,112.5,127.0,144.0,6029.4,3165.0,5.0,16.0,1,1,0,0,-5828.099999999999,-3052.5,122.0,128.0,1308.0,1308.0,80.0,80.0,1679.0,1679.0,13.0,13.0,1,1,0,67.0,67.0,-4.0,1,0.8,3.4,0.0,0.0,0.6,0.4,0.1,0.3,1.6,0.4,0.8,0.2,0.8,1.4,0.6,0.4,0.2,1.2,1.2,0.4,0.6
2019,1069.7,747.7,55.0,57.0,4517.1,4227.9,12.0,9.0,1,1,0,0,-3447.4000000000005,-3480.2,43.0,48.0,1308.0,1308.0,80.0,80.0,1776.0,1776.0,5.0,5.0,1,1,0,75.0,75.0,-4.0,1,0.4,3.6,0.0,0.2,0.8,0.2,0.4,0.2,1.6,0.4,0.6,0.4,0.6,1.6,0.5,0.5,0.4,0.6,0.8333333333333334,1.0,1.6666666666666665
2019,2209.0,1851.0,34.0,30.0,2168.6,1377.0,37.0,38.0,1,1,0,0,40.40000000000009,474.0,-3.0,-8.0,1679.0,1679.0,14.0,14.0,1886.0,1886.0,1.0,1.0,1,1,0,13.0,13.0,-1.0,1,0.2,2.0,0.0,0.0,0.8,0.2,0.2,0.2,0.8,0.4,0.6,0.2,0.8,1.2,0.7,0.2,0.1,1.5,1.5,1.0,0.0
2019,5168.0,4237.6,10.0,8.0,9303.1,8609.1,2.0,2.0,1,1,0,0,-4135.1,-4371.5,8.0,6.0,1568.0,1568.0,24.0,24.0,1776.0,1776.0,5.0,5.0,1,1,0,19.0,19.0,-2.0,1,1.4,1.6,0.2,0.2,0.2,0.6,0.2,0.6,2.2,0.6,0.8,0.2,0.4,1.4,0.5,0.2,0.3,1.25,1.25,1.4,0.10000000000000009
2019,1309.2,1269.2,49.0,41.0,9828.6,8671.0,1.0,1.0,1,1,0,0,-8519.4,-7401.8,48.0,40.0,1483.0,1483.0,42.0,42.0,1776.0,1776.0,5.0,5.0,1,1,0,37.0,37.0,-3.0,1,0.2,1.6,0.2,0.4,0.8,0.0,0.3,0.3,2.0,0.6,0.6,0.2,0.6,1.6,0.6,0.3,0.1,1.0,1.25,1.8,-0.925
2019,169.5,145.5,139.0,127.0,3708.7,2354.7,20.0,22.0,1,1,0,0,-3539.2,-2209.2,119.0,105.0,1477.0,1477.0,47.0,47.0,1476.0,1476.0,48.0,48.0,1,1,0,-1.0,-1.0,-1.0,1,0.6,2.2,0.0,0.0,0.6,0.4,0.0,0.6,1.8,0.4,1.0,0.0,0.6,1.3,0.7,0.2,0.3,2.6,2.1,1.3,-0.7000000000000001
2019,169.5,145.5,139.0,127.0,5949.2,5502.0,6.0,4.0,1,1,0,0,-5779.7,-5356.5,133.0,123.0,1477.0,1477.0,47.0,47.0,1776.0,1776.0,5.0,5.0,1,1,0,42.0,42.0,-3.0,1,0.2,2.0,0.0,0.0,0.8,0.2,0.0,0.2,1.0,1.2,0.2,0.6,0.4,1.1,0.3,0.5,0.2,1.4,1.8333333333333333,0.6666666666666666,-0.3333333333333333
2019,5521.0,3100.6,8.0,17.0,3708.7,2354.7,20.0,22.0,1,1,0,0,1812.3000000000002,745.9000000000001,-12.0,-5.0,1679.0,1679.0,13.0,13.0,1476.0,1476.0,48.0,48.0,1,1,0,-35.0,-35.0,0.0,1,1.6,0.6,0.4,0.6,0.2,0.4,0.3,0.6,1.8,0.8,0.8,0.0,0.6,1.7,0.7,0.2,0.5,0.6,0.4,1.375,0.7250000000000001
2019,8762.8,6136.0,3.0,3.0,4408.1,3289.3,13.0,15.0,1,1,0,0,4354.699999999999,2846.7,-10.0,-12.0,1886.0,1886.0,1.0,1.0,1776.0,1776.0,5.0,5.0,1,1,0,-4.0,-4.0,-1.0,1,1.0,1.6,0.2,0.0,0.4,0.6,0.0,0.7,0.8,1.8,0.2,0.8,0.0,1.5,0.4,0.5,0.4,2.2,2.1,0.6,0.30000000000000004
2019,1879.8,1411.0,40.0,37.0,1257.1,1127.1,52.0,44.0,1,1,0,0,622.7,283.9000000000001,-12.0,-7.0,1483.0,1483.0,42.0,42.0,1462.0,1462.0,52.0,52.0,1,1,0,-10.0,-10.0,-1.0,1,0.8,0.2,0.8,0.8,0.2,0.0,0.7,0.2,1.8,0.8,0.8,0.2,0.4,1.4,0.7,0.3,0.4,0.0,0.4,1.3,0.3999999999999999
2019,6029.4,3165.0,5.0,16.0,9303.1,8609.1,2.0,2.0,1,1,0,0,-3273.7000000000007,-5444.1,3.0,14.0,1679.0,1679.0,13.0,13.0,1776.0,1776.0,5.0,5.0,1,1,0,8.0,8.0,-1.0,1,2.4,0.2,0.8,0.8,0.2,0.0,0.6,0.1,0.8,0.2,0.6,0.2,0.8,0.9,0.6,0.3,0.1,0.6,0.6,0.9,1.4
2019,1339.7,917.3,48.0,50.0,4007.8,3412.2,17.0,13.0,1,1,0,0,-2668.1000000000004,-2494.8999999999996,31.0,37.0,1886.0,1886.0,1.0,1.0,1476.0,1476.0,48.0,48.0,1,1,0,-47.0,-47.0,1.0,1,1.4,1.0,0.6,0.6,0.2,0.2,0.5,0.3,2.2,1.0,0.6,0.4,0.2,1.4,0.5,0.3,0.3,0.2,1.2,1.4,1.0
2019,2951.0,1698.2,29.0,32.0,1849.2,1200.8,42.0,43.0,1,1,0,0,1101.8,497.4000000000001,-13.0,-11.0,1776.0,1776.0,5.0,5.0,1568.0,1568.0,24.0,24.0,1,1,0,-19.0,-19.0,-2.0,1,0.8,1.8,0.0,0.0,0.2,0.8,0.4,0.5,2.0,1.0,0.8,0.2,0.4,1.5,0.5,0.4,0.4,1.0,1.0,1.4,0.4571428571428573
2019,4320.6,3096.2,14.0,18.0,2187.3,1070.5,35.0,47.0,1,1,0,0,2133.3,2025.6999999999998,-21.0,-29.0,1776.0,1776.0,5.0,5.0,1462.0,1462.0,52.0,52.0,1,1,0,-47.0,-47.0,1.0,1,2.0,0.0,1.0,1.0,0.0,0.0,0.6,0.2,0.8,0.8,0.2,0.2,0.4,0.6,0.1,0.6,0.4,0.6,0.6,1.2,0.8
2019,838.2,653.8,62.0,64.0,234.0,222.0,122.0,110.0,1,1,0,0,604.2,431.79999999999995,-60.0,-46.0,1886.0,1886.0,1.0,1.0,1477.0,1477.0,47.0,47.0,1,1,0,-46.0,-46.0,-1.0,1,1.2,0.8,0.4,0.2,0.4,0.4,0.4,0.4,1.4,1.8,0.4,0.4,0.2,1.3,0.3,0.5,0.8,1.0,0.6,0.4,1.7000000000000002
2019,2209.0,1851.0,34.0,30.0,1309.2,1269.2,49.0,41.0,1,1,0,0,899.8,581.8,-15.0,-11.0,1679.0,1679.0,14.0,14.0,1483.0,1483.0,42.0,42.0,1,1,0,-28.0,-28.0,-1.0,1,0.4,1.8,0.0,0.2,0.6,0.4,0.4,0.4,0.8,1.4,0.2,0.4,0.2,0.8,0.2,0.6,0.4,1.0,1.1,0.2,1.1
2019,5168.0,4237.6,10.0,8.0,201.3,112.5,127.0,144.0,1,1,0,0,4966.7,4125.1,-117.0,-136.0,1568.0,1568.0,24.0,24.0,1308.0,1308.0,80.0,80.0,1,1,0,-56.0,-56.0,-1.0,1,0.2,1.4,0.2,0.2,0.8,0.0,0.3,0.2,0.2,1.8,0.2,0.6,0.4,0.6,0.1,0.8,0.3,1.2,1.2,0.0,1.4
2019,9828.6,8671.0,1.0,1.0,2168.6,1377.0,37.0,38.0,1,1,0,0,7660.0,7294.0,-36.0,-37.0,1776.0,1776.0,5.0,5.0,1886.0,1886.0,1.0,1.0,1,1,0,4.0,4.0,0.0,1,1.6,1.6,0.4,0.2,0.2,0.6,0.1,0.7,1.4,3.0,0.2,0.6,0.0,0.8,0.1,0.7,0.4,1.2,1.2,0.0,1.8
2019,1069.7,747.7,55.0,57.0,1057.7,854.9,57.0,52.0,1,1,0,0,12.0,-107.19999999999993,-2.0,5.0,1308.0,1308.0,80.0,80.0,1679.0,1679.0,14.0,14.0,1,1,0,66.0,66.0,3.0,1,1.8,1.0,0.4,0.4,0.2,0.6,0.3,0.6,1.4,2.2,0.2,0.6,0.2,0.8,0.1,0.7,0.3,1.2,1.2,0.4,1.6
2019,711.3,670.5,67.0,62.0,2209.0,1698.2,34.0,32.0,1,0,0,1,-1497.7,-1027.7,33.0,30.0,1886.0,1886.0,1.0,1.0,1679.0,1679.0,14.0,14.0,1,0,1,-13.0,-13.0,-3.0,1,1.8,1.0,0.4,0.6,0.4,0.2,0.4,0.5,2.0,0.8,0.6,0.4,0.6,1.7,0.5,0.5,0.4,0.4,0.7,0.9,1.3000000000000003
2019,7360.0,4574.8,4.0,6.0,4517.1,4227.9,12.0,9.0,1,1,0,0,2842.8999999999996,346.90000000000055,-8.0,-3.0,1886.0,1886.0,1.0,1.0,1776.0,1776.0,5.0,5.0,1,1,0,-4.0,-4.0,0.0,1,1.0,2.4,0.2,0.2,0.6,0.4,0.4,0.2,1.0,1.6,0.2,0.4,0.2,1.0,0.2,0.4,0.4,0.8,1.0,0.0,2.7142857142857144
2019,4292.4,2211.6,15.0,26.0,2064.1,1300.1,38.0,39.0,1,1,0,0,2228.2999999999997,911.5,-23.0,-13.0,1476.0,1476.0,48.0,48.0,1483.0,1483.0,42.0,42.0,1,1,0,6.0,6.0,0.0,1,0.8,0.6,0.2,0.6,0.4,0.4,0.3,0.6,1.8,2.0,0.2,0.2,0.2,1.8,0.2,0.2,0.6,0.4,0.5,0.5,1.0
2020,5168.0,4237.6,10.0,8.0,4292.4,2211.6,15.0,26.0,1,1,0,0,875.6000000000004,2026.0000000000005,-5.0,-18.0,1568.0,1568.0,24.0,24.0,1476.0,1476.0,48.0,48.0,1,1,0,-24.0,-24.0,0.0,0,1.0,0.6,0.4,0.6,0.2,0.4,0.4,0.5,2.2,0.2,0.8,0.2,0.8,1.9,0.7,0.2,0.1,0.4,0.42857142857142855,2.1,-0.3857142857142859
2020,8762.8,6136.0,3.0,3.0,2951.0,1698.2,29.0,32.0,1,1,0,0,5811.799999999999,4437.8,-26.0,-29.0,1886.0,1886.0,1.0,1.0,1776.0,1776.0,5.0,5.0,1,1,0,-4.0,-4.0,0.0,0,2.0,1.6,0.4,0.2,0.2,0.6,0.2,0.7,1.8,1.2,0.4,0.2,0.2,2.0,0.4,0.2,0.6,1.2,1.0,1.0,1.0
2020,711.3,670.5,67.0,62.0,9828.6,8671.0,1.0,1.0,1,1,0,0,-9117.300000000001,-8000.5,66.0,61.0,1886.0,1886.0,1.0,1.0,1776.0,1776.0,5.0,5.0,1,1,0,-4.0,-4.0,1.0,1,1.8,0.8,0.4,0.6,0.2,0.4,0.3,0.6,2.0,0.4,0.8,0.2,0.8,1.4,0.6,0.3,0.2,0.8,0.6,1.9,0.0
2020,5521.0,3100.6,8.0,17.0,4408.1,3289.3,13.0,15.0,1,1,0,0,1112.8999999999996,-188.70000000000027,-5.0,2.0,1679.0,1679.0,13.0,13.0,1776.0,1776.0,5.0,5.0,1,1,0,8.0,8.0,1.0,1,2.2,1.0,0.6,0.6,0.0,0.4,0.3,0.4,2.2,1.2,0.6,0.2,0.4,1.8,0.4,0.2,0.5,1.2,1.2,1.0,0.8999999999999999
2020,4517.1,4227.9,12.0,9.0,7360.0,4574.8,4.0,6.0,1,1,0,0,-2842.8999999999996,-346.90000000000055,8.0,3.0,1776.0,1776.0,5.0,5.0,1886.0,1886.0,1.0,1.0,1,1,0,4.0,4.0,-1.5,1,1.2,1.0,0.4,0.2,0.4,0.6,0.2,0.4,2.0,1.0,0.4,0.4,0.2,1.4,0.5,0.3,0.3,1.4,1.2,1.2,-0.3999999999999999
2020,1849.2,1200.8,42.0,43.0,9303.1,8609.1,2.0,2.0,1,1,0,0,-7453.900000000001,-7408.3,40.0,41.0,1568.0,1568.0,24.0,24.0,1776.0,1776.0,5.0,5.0,1,1,0,19.0,19.0,0.0,0,0.8,0.4,0.6,0.6,0.2,0.2,0.7,0.2,2.0,1.2,0.6,0.0,0.4,1.6,0.6,0.2,0.5,0.2,0.4,1.3333333333333333,0.3666666666666667
2020,2168.6,1377.0,37.0,38.0,3708.7,2354.7,20.0,22.0,1,1,0,0,-1540.1,-977.6999999999998,17.0,16.0,1886.0,1886.0,1.0,1.0,1476.0,1476.0,48.0,48.0,1,1,0,-47.0,-47.0,0.0,0,0.8,0.4,0.6,0.6,0.4,0.0,0.6,0.0,1.8,1.0,0.6,0.2,0.2,1.5,0.7,0.2,0.5,0.2,0.6,1.3,0.7
2020,4320.6,3096.2,14.0,18.0,4007.8,3412.2,17.0,13.0,1,1,0,0,312.8000000000002,-316.0,-3.0,5.0,1776.0,1776.0,5.0,5.0,1476.0,1476.0,48.0,48.0,1,1,0,-43.0,-43.0,0.5,1,1.4,0.6,0.6,0.4,0.4,0.2,0.5,0.3,1.4,1.2,0.6,0.4,0.4,1.6,0.5,0.4,0.5,0.8,0.5,1.4,1.0
2020,9828.6,8671.0,1.0,1.0,711.3,670.5,67.0,62.0,1,1,0,0,9117.300000000001,8000.5,-66.0,-61.0,1776.0,1776.0,5.0,5.0,1886.0,1886.0,1.0,1.0,1,1,0,4.0,4.0,-0.6666666666666666,1,1.6,0.4,0.6,0.8,0.2,0.2,0.6,0.2,1.8,0.8,0.4,0.0,0.6,1.7,0.4,0.0,0.6,0.8,0.8,1.8,-0.10000000000000009
2020,2951.0,1698.2,29.0,32.0,8762.8,6136.0,3.0,3.0,1,1,0,0,-5811.799999999999,-4437.8,26.0,29.0,1776.0,1776.0,5.0,5.0,1886.0,1886.0,1.0,1.0,1,1,0,4.0,4.0,-2.0,1,1.8,1.6,0.4,0.2,0.2,0.6,0.3,0.6,2.4,1.2,0.6,0.2,0.2,1.9,0.4,0.4,0.7,1.0,1.1666666666666667,0.3333333333333333,1.3333333333333335
2020,4292.4,2211.6,15.0,26.0,5168.0,4237.6,10.0,8.0,1,1,0,0,-875.6000000000004,-2026.0000000000005,5.0,18.0,1476.0,1476.0,48.0,48.0,1568.0,1568.0,24.0,24.0,1,1,0,24.0,24.0,0.0,1,2.0,0.6,0.6,0.6,0.2,0.2,0.6,0.2,1.2,0.8,0.4,0.2,0.6,0.9,0.2,0.4,0.5,0.4,0.5,1.1428571428571428,1.157142857142857
2020,4408.1,3289.3,13.0,15.0,5521.0,3100.6,8.0,17.0,1,1,0,0,-1112.8999999999996,188.70000000000027,5.0,-2.0,1776.0,1776.0,5.0,5.0,1679.0,1679.0,13.0,13.0,1,1,0,-8.0,-8.0,-0.3333333333333333,1,1.8,1.2,0.6,0.4,0.2,0.4,0.4,0.5,1.4,1.2,0.4,0.6,0.4,1.6,0.4,0.6,0.4,0.6,0.5,0.9,1.6
2020,9303.1,8609.1,2.0,2.0,1849.2,1200.8,42.0,43.0,1,1,0,0,7453.900000000001,7408.3,-40.0,-41.0,1776.0,1776.0,5.0,5.0,1568.0,1568.0,24.0,24.0,1,1,0,-19.0,-19.0,0.0,1,1.4,0.8,0.4,0.4,0.2,0.6,0.4,0.5,0.6,0.4,0.4,0.4,0.6,0.6,0.4,0.4,0.0,1.2,1.1,0.9,1.3000000000000003
2020,7360.0,4574.8,4.0,6.0,4517.1,4227.9,12.0,9.0,1,1,0,0,2842.8999999999996,346.90000000000055,-8.0,-3.0,1886.0,1886.0,1.0,1.0,1776.0,1776.0,5.0,5.0,1,1,0,-4.0,-4.0,1.0,1,1.8,1.2,0.6,0.4,0.0,0.6,0.5,0.5,0.6,0.6,0.4,0.4,0.4,1.1,0.6,0.3,0.2,1.0,1.0,1.2,1.5777777777777777
2020,3708.7,2354.7,20.0,22.0,2168.6,1377.0,37.0,38.0,1,1,0,0,1540.1,977.6999999999998,-17.0,-16.0,1476.0,1476.0,48.0,48.0,1886.0,1886.0,1.0,1.0,1,1,0,47.0,47.0,0.8,1,1.4,1.2,0.2,0.2,0.6,0.4,0.4,0.3,1.6,1.0,0.6,0.2,0.2,0.9,0.3,0.4,0.4,1.0,1.0,1.5,0.5
2020,4007.8,3412.2,17.0,13.0,4320.6,3096.2,14.0,18.0,1,1,0,0,-312.8000000000002,316.0,3.0,-5.0,1476.0,1476.0,48.0,48.0,1776.0,1776.0,5.0,5.0,1,1,0,43.0,43.0,-1.0,1,1.2,1.6,0.4,0.2,0.4,0.4,0.3,0.4,1.8,0.4,0.8,0.2,0.6,1.6,0.6,0.3,0.3,1.4,1.1,1.8,-0.10000000000000009
2020,4320.6,3096.2,14.0,18.0,9828.6,8671.0,1.0,1.0,1,1,0,0,-5508.0,-5574.8,13.0,17.0,1776.0,1776.0,5.0,5.0,1776.0,1776.0,5.0,5.0,1,1,0,0.0,0.0,0.0,0,2.4,0.2,1.0,0.8,0.0,0.2,0.5,0.3,2.8,0.4,0.8,0.0,0.8,2.1,0.6,0.2,0.2,0.8,0.5,2.2,0.19999999999999973
2020,9303.1,8609.1,2.0,2.0,4408.1,3289.3,13.0,15.0,1,1,0,0,4895.0,5319.8,-11.0,-13.0,1776.0,1776.0,5.0,5.0,1776.0,1776.0,5.0,5.0,1,1,0,0.0,0.0,0.0,0,1.8,1.0,0.4,0.4,0.4,0.4,0.4,0.3,1.8,0.8,0.8,0.0,0.6,1.7,0.7,0.1,0.5,1.0,1.0,1.5,0.5
2020,5168.0,4237.6,10.0,8.0,7360.0,4574.8,4.0,6.0,1,1,0,0,-2192.0,-337.1999999999998,6.0,2.0,1568.0,1568.0,24.0,24.0,1886.0,1886.0,1.0,1.0,1,1,0,23.0,23.0,0.0,0,2.0,0.8,0.6,0.2,0.2,0.6,0.2,0.7,2.2,0.6,0.8,0.0,0.6,1.7,0.5,0.2,0.4,1.0,1.0,1.2,0.9428571428571428
2020,8762.8,6136.0,3.0,3.0,3708.7,2354.7,20.0,22.0,1,1,0,0,5054.099999999999,3781.3,-17.0,-19.0,1886.0,1886.0,1.0,1.0,1476.0,1476.0,48.0,48.0,1,1,0,-47.0,-47.0,0.0,0,1.4,0.4,0.4,0.8,0.4,0.2,0.5,0.5,1.6,1.0,0.4,0.2,0.2,1.3,0.6,0.2,0.5,0.6,0.6,1.4,0.5
2020,9828.6,8671.0,1.0,1.0,4320.6,3096.2,14.0,18.0,1,1,0,0,5508.0,5574.8,-13.0,-17.0,1776.0,1776.0,5.0,5.0,1776.0,1776.0,5.0,5.0,1,1,0,0.0,0.0,1.0,1,2.4,0.4,0.8,0.8,0.0,0.2,0.7,0.2,1.8,0.2,0.8,0.2,0.8,1.4,0.5,0.4,0.3,0.4,0.5,1.8,0.4999999999999998
2020,4408.1,3289.3,13.0,15.0,9303.1,8609.1,2.0,2.0,1,1,0,0,-4895.0,-5319.8,11.0,13.0,1776.0,1776.0,5.0,5.0,1776.0,1776.0,5.0,5.0,1,1,0,0.0,0.0,-2.0,1,1.2,0.8,0.6,0.6,0.2,0.2,0.5,0.4,1.0,0.8,0.4,0.4,0.6,1.6,0.6,0.3,0.3,1.0,0.9,1.2,1.5999999999999999
2020,7360.0,4574.8,4.0,6.0,5168.0,4237.6,10.0,8.0,1,1,0,0,2192.0,337.1999999999998,-6.0,-2.0,1886.0,1886.0,1.0,1.0,1568.0,1568.0,24.0,24.0,1,1,0,-23.0,-23.0,3.0,1,2.0,0.6,0.8,0.6,0.0,0.4,0.6,0.3,2.0,1.2,0.6,0.2,0.2,1.7,0.4,0.3,0.6,0.6,0.5,0.42857142857142855,2.0714285714285716
2020,3708.7,2354.7,20.0,22.0,8762.8,6136.0,3.0,3.0,1,1,0,0,-5054.099999999999,-3781.3,17.0,19.0,1476.0,1476.0,48.0,48.0,1886.0,1886.0,1.0,1.0,1,1,0,47.0,47.0,-2.0,1,0.8,1.2,0.2,0.2,0.4,0.6,0.4,0.5,1.2,0.4,0.4,0.0,0.8,1.5,0.4,0.0,0.4,1.0,1.0,1.8,0.40000000000000013
2020,8762.8,6136.0,3.0,3.0,7360.0,4574.8,4.0,6.0,1,1,0,0,1402.7999999999993,1561.1999999999998,-1.0,-3.0,1886.0,1886.0,1.0,1.0,1886.0,1886.0,1.0,1.0,1,1,0,0.0,0.0,1.5,1,1.0,0.6,0.2,0.6,0.4,0.4,0.6,0.4,1.6,0.2,0.8,0.0,0.8,1.7,0.6,0.1,0.2,0.4,0.5,1.4,0.5
2020,4320.6,3096.2,14.0,18.0,9303.1,8609.1,2.0,2.0,1,1,0,0,-4982.5,-5512.900000000001,12.0,16.0,1776.0,1776.0,5.0,5.0,1776.0,1776.0,5.0,5.0,1,1,0,0.0,0.0,0.0,0,1.8,0.4,0.8,0.6,0.2,0.2,0.4,0.3,1.0,0.6,0.4,0.2,0.6,1.6,0.5,0.3,0.4,0.6,0.6,1.3,0.8
2020,7360.0,4574.8,4.0,6.0,8762.8,6136.0,3.0,3.0,1,1,0,0,-1402.7999999999993,-1561.1999999999998,1.0,3.0,1886.0,1886.0,1.0,1.0,1886.0,1886.0,1.0,1.0,1,1,0,0.0,0.0,-1.6,1,1.2,0.4,0.6,0.8,0.4,0.0,0.6,0.2,1.0,0.2,0.4,0.0,0.8,1.4,0.4,0.0,0.3,0.2,0.3,1.6,1.0
2020,9303.1,8609.1,2.0,2.0,4320.6,3096.2,14.0,18.0,1,1,0,0,4982.5,5512.900000000001,-12.0,-16.0,1776.0,1776.0,5.0,5.0,1776.0,1776.0,5.0,5.0,1,1,0,0.0,0.0,0.0,1,1.2,0.8,0.4,0.4,0.2,0.4,0.3,0.5,1.6,0.6,0.6,0.2,0.4,1.5,0.6,0.3,0.3,0.6,0.9,2.0,0.0
2020,9303.1,8609.1,2.0,2.0,8762.8,6136.0,3.0,3.0,1,1,0,0,540.3000000000011,2473.1000000000004,-1.0,-1.0,1776.0,1776.0,5.0,5.0,1886.0,1886.0,1.0,1.0,1,1,0,4.0,4.0,0.0,1,2.2,0.4,0.6,0.6,0.0,0.4,0.4,0.4,1.0,0.4,0.4,0.2,0.6,1.4,0.4,0.1,0.3,0.4,0.8,1.3,0.7
2020,2177.3,756.5,36.0,56.0,4320.6,3096.2,14.0,18.0,1,1,0,0,-2143.3,-2339.7,22.0,38.0,1679.0,1679.0,14.0,14.0,1776.0,1776.0,5.0,5.0,1,1,0,9.0,9.0,0.0,0,0.0,0.0,0.0,0.0,0.0,0.0,0.0,0.0,1.2,1.6,0.4,0.4,0.2,1.5,0.6,0.3,0.3,0.0,0.0,1.9,-1.9
2020,4517.1,4227.9,12.0,9.0,6029.4,3165.0,5.0,16.0,1,1,0,0,-1512.2999999999993,1062.8999999999996,7.0,-7.0,1776.0,1776.0,5.0,5.0,1679.0,1679.0,13.0,13.0,1,1,0,-8.0,-8.0,0.0,0,0.8,1.6,0.2,0.2,0.4,0.4,0.3,0.3,1.4,0.6,0.6,0.2,0.8,1.2,0.5,0.4,0.2,0.8,1.3,0.4,1.2000000000000002
2020,1065.1,837.1,56.0,53.0,7360.0,4574.8,4.0,6.0,1,1,0,0,-6294.9,-3737.7000000000003,52.0,47.0,1477.0,1477.0,47.0,47.0,1886.0,1886.0,1.0,1.0,1,1,0,46.0,46.0,0.0,0,0.5,1.25,0.25,0.0,0.75,0.25,0.0,0.25,1.2,0.4,0.6,0.2,0.8,1.5,0.6,0.2,0.2,1.5,1.5,1.3,0.19999999999999996
2020,2223.4,2223.4,33.0,25.0,3238.2,2061.8,27.0,29.0,1,1,0,0,-1014.7999999999997,161.5999999999999,6.0,-4.0,1886.0,1886.0,1.0,1.0,1776.0,1776.0,5.0,5.0,1,1,0,-4.0,-4.0,0.0,0,0.0,0.0,0.0,0.0,0.0,0.0,0.0,0.0,0.4,0.8,0.2,0.4,0.6,0.7,0.3,0.4,0.2,0.0,0.0,1.1111111111111112,-1.1111111111111112
2020,1506.8,1280.8,45.0,40.0,4007.8,3412.2,17.0,13.0,1,1,0,0,-2501.0,-2131.3999999999996,28.0,27.0,1679.0,1679.0,14.0,14.0,1476.0,1476.0,48.0,48.0,1,1,0,-34.0,-34.0,0.0,0,1.4,1.0,0.6,0.2,0.2,0.6,0.16666666666666666,0.6666666666666666,0.8,2.2,0.2,0.8,0.0,1.3,0.4,0.6,0.4,1.6666666666666667,1.6666666666666667,1.3,-0.30000000000000004
2020,4408.1,3289.3,13.0,15.0,2187.3,1070.5,35.0,47.0,1,1,0,0,2220.8,2218.8,-22.0,-32.0,1776.0,1776.0,5.0,5.0,1462.0,1462.0,52.0,52.0,1,1,0,-47.0,-47.0,0.0,0,1.2,1.0,0.4,0.4,0.2,0.4,0.5,0.4,1.2,1.4,0.4,0.4,0.2,1.2,0.2,0.6,0.8,1.0,0.9,0.3333333333333333,2.2666666666666666
2020,5168.0,4237.6,10.0,8.0,8762.8,6136.0,3.0,3.0,1,1,0,0,-3594.7999999999993,-1898.3999999999996,7.0,5.0,1568.0,1568.0,24.0,24.0,1886.0,1886.0,1.0,1.0,1,1,0,23.0,23.0,0.0,0,0.6,1.0,0.4,0.4,0.4,0.2,0.4,0.3,1.2,0.6,0.4,0.2,0.8,1.0,0.4,0.3,0.3,1.6,1.5555555555555556,0.9,-0.011111111111111183
2020,1069.7,747.7,55.0,57.0,3366.5,2094.5,25.0,28.0,1,1,0,0,-2296.8,-1346.8,30.0,29.0,1308.0,1308.0,80.0,80.0,1462.0,1462.0,52.0,52.0,1,1,0,28.0,28.0,0.0,0,0.2,1.2,0.2,0.2,0.8,0.0,0.3,0.2,2.2,0.6,0.6,0.0,0.4,2.0,0.5,0.2,0.5,0.8,1.1666666666666667,1.4,-0.23333333333333317
2020,138.0,0.0,152.0,224.0,3466.6,2435.0,23.0,21.0,1,1,0,0,-3328.6,-2435.0,129.0,203.0,1776.0,1776.0,5.0,5.0,1308.0,1308.0,80.0,80.0,1,1,0,-75.0,-75.0,0.0,0,0.0,0.0,0.0,0.0,0.0,0.0,0.0,0.0,1.8,0.8,0.6,0.2,0.6,2.1,0.7,0.2,0.2,0.0,0.0,2.2,-2.2
2020,397.2,300.4,97.0,95.0,9828.6,8671.0,1.0,1.0,1,1,0,0,-9431.4,-8370.6,96.0,94.0,1886.0,1886.0,1.0,1.0,1776.0,1776.0,5.0,5.0,1,1,0,-4.0,-4.0,0.0,0,1.0,1.6,0.4,0.4,0.2,0.4,0.3333333333333333,0.5,1.4,1.8,0.2,0.4,0.0,1.6,0.3,0.3,0.6,1.0,1.0,0.8571428571428571,0.47619047619047616
2020,539.6,539.6,79.0,70.0,4292.4,2211.6,15.0,26.0,1,1,0,0,-3752.7999999999997,-1672.0,64.0,44.0,1568.0,1568.0,24.0,24.0,1476.0,1476.0,48.0,48.0,1,1,0,-24.0,-24.0,0.0,0,1.0,2.8,0.2,0.0,0.6,0.4,0.4,0.2,0.4,1.2,0.2,0.6,0.4,0.7,0.3,0.5,0.3,0.8,1.125,1.2,1.175
2020,2209.0,1851.0,34.0,30.0,9303.1,8609.1,2.0,2.0,1,1,0,0,-7094.1,-6758.1,32.0,28.0,1679.0,1679.0,14.0,14.0,1776.0,1776.0,5.0,5.0,1,1,0,9.0,9.0,0.0,0,1.6,1.0,0.4,0.4,0.4,0.4,0.3,0.5,1.2,0.8,0.4,0.4,0.4,1.3,0.4,0.2,0.3,1.0,1.25,1.2,0.675
2020,3176.6,2162.6,28.0,27.0,4128.4,4104.4,16.0,10.0,1,1,0,0,-951.7999999999997,-1941.7999999999997,12.0,17.0,1568.0,1568.0,24.0,24.0,1568.0,1568.0,24.0,24.0,1,1,0,0.0,0.0,0.0,0,1.0,1.6,0.2,0.2,0.4,0.6,0.2,0.6,1.0,1.6,0.4,0.4,0.2,1.0,0.2,0.3,0.8,1.0,0.8,0.7,1.4000000000000001
2020,1879.8,1411.0,40.0,37.0,5521.0,3100.6,8.0,17.0,1,1,0,0,-3641.2,-1689.6,32.0,20.0,1483.0,1483.0,42.0,42.0,1679.0,1679.0,13.0,13.0,1,1,0,29.0,29.0,0.0,0,0.2,2.2,0.0,0.0,0.8,0.2,0.0,0.3,0.6,0.8,0.4,0.4,0.4,0.7,0.5,0.4,0.2,1.8,1.8571428571428572,0.9,-0.6142857142857143
2020,128.0,128.0,159.0,135.0,5631.5,3866.7,7.0,11.0,1,1,0,0,-5503.5,-3738.7,152.0,124.0,1483.0,1483.0,42.0,42.0,1776.0,1776.0,5.0,5.0,1,1,0,37.0,37.0,0.0,0,0.0,0.0,0.0,0.0,0.0,0.0,0.0,0.0,0.8,1.8,0.2,0.8,0.2,1.8,0.4,0.4,0.6,0.0,0.0,0.7,-0.7
2020,344.9,236.9,102.0,104.0,5312.7,4789.9,9.0,5.0,1,1,0,0,-4967.8,-4553.0,93.0,99.0,1477.0,1477.0,47.0,47.0,1886.0,1886.0,1.0,1.0,1,1,0,46.0,46.0,0.0,0,0.0,0.0,0.0,0.0,0.0,0.0,0.0,0.0,0.6,1.2,0.2,0.4,0.4,1.3,0.3,0.3,0.5,0.0,0.0,0.6,-0.6
2020,9828.6,8671.0,1.0,1.0,138.0,0.0,152.0,224.0,1,1,0,0,9690.6,8671.0,-151.0,-223.0,1776.0,1776.0,5.0,5.0,1776.0,1776.0,5.0,5.0,1,1,0,0.0,0.0,0.0,0,0.8,1.8,0.4,0.2,0.4,0.4,0.1,0.7,0.0,2.0,0.0,1.0,0.0,0.0,0.0,1.0,0.0,0.8,0.6,0.0,2.2
2020,2187.3,1070.5,35.0,47.0,2177.3,756.5,36.0,56.0,1,1,0,0,10.0,314.0,-1.0,-9.0,1462.0,1462.0,52.0,52.0,1679.0,1679.0,14.0,14.0,1,1,0,38.0,38.0,0.0,0,0.6,2.0,0.2,0.0,0.6,0.4,0.2,0.5,0.6,1.2,0.2,0.6,0.0,0.6,0.2,0.6,0.4,2.0,1.2,0.0,1.7
2020,3238.2,2061.8,27.0,29.0,539.6,539.6,79.0,70.0,1,1,0,0,2698.6,1522.2000000000003,-52.0,-41.0,1776.0,1776.0,5.0,5.0,1568.0,1568.0,24.0,24.0,1,1,0,-19.0,-19.0,0.0,0,1.0,0.6,0.4,0.6,0.4,0.2,0.6,0.3,1.6,1.2,0.6,0.4,0.2,1.2857142857142858,0.42857142857142855,0.5714285714285714,0.7142857142857143,0.2,0.3,2.0,0.6000000000000001
2020,7360.0,4574.8,4.0,6.0,1506.8,1280.8,45.0,40.0,1,1,0,0,5853.2,3294.0,-41.0,-34.0,1886.0,1886.0,1.0,1.0,1679.0,1679.0,14.0,14.0,1,1,0,-13.0,-13.0,0.0,0,0.8,1.8,0.2,0.2,0.4,0.4,0.1,0.7,0.0,2.0,0.0,1.0,0.0,0.0,0.0,1.0,0.0,1.6,1.3333333333333333,0.0,1.6666666666666667
2020,4007.8,3412.2,17.0,13.0,1065.1,837.1,56.0,53.0,1,1,0,0,2942.7000000000003,2575.1,-39.0,-40.0,1476.0,1476.0,48.0,48.0,1477.0,1477.0,47.0,47.0,1,1,0,1.0,1.0,0.0,0,2.0,0.8,0.6,0.6,0.0,0.4,0.7,0.2,1.2,0.8,0.4,0.2,0.4,1.4,0.5,0.2,0.6,0.4,0.7,1.3,0.7
2020,3466.6,2435.0,23.0,21.0,397.2,300.4,97.0,95.0,1,1,0,0,3069.4,2134.6,-74.0,-74.0,1308.0,1308.0,80.0,80.0,1886.0,1886.0,1.0,1.0,1,1,0,79.0,79.0,0.0,0,0.4,1.0,0.2,0.4,0.8,0.2,0.4,0.2,1.2,1.0,0.4,0.4,0.4,1.0,0.2857142857142857,0.42857142857142855,0.5714285714285714,0.4,0.4444444444444444,1.0,1.2222222222222223
2020,8762.8,6136.0,3.0,3.0,128.0,128.0,159.0,135.0,1,1,0,0,8634.8,6008.0,-156.0,-132.0,1886.0,1886.0,1.0,1.0,1483.0,1483.0,42.0,42.0,1,1,0,-41.0,-41.0,-1.0,1,0.6,0.8,0.4,0.6,0.4,0.2,0.6,0.1,1.4,2.0,0.4,0.4,0.2,1.0,0.3,0.4,0.2,0.0,0.8,0.25,2.25
2020,5631.5,3866.7,7.0,11.0,5168.0,4237.6,10.0,8.0,1,1,0,0,463.5,-370.90000000000055,-3.0,3.0,1776.0,1776.0,5.0,5.0,1568.0,1568.0,24.0,24.0,1,1,0,-19.0,-19.0,0.0,0,0.8,1.4,0.2,0.2,0.4,0.4,0.5,0.3,2.0,1.0,1.0,0.0,0.0,2.0,1.0,0.0,1.0,0.4,0.5,0.0,2.1
2020,4292.4,2211.6,15.0,26.0,2223.4,2223.4,33.0,25.0,1,1,0,0,2068.9999999999995,-11.800000000000182,-18.0,1.0,1476.0,1476.0,48.0,48.0,1886.0,1886.0,1.0,1.0,1,1,0,47.0,47.0,0.0,0,0.8,1.6,0.2,0.2,0.2,0.6,0.3,0.6,1.4,1.0,0.4,0.2,0.4,1.7,0.4,0.3,0.5,0.6,0.4,0.5,1.9
2020,3366.5,2094.5,25.0,28.0,4517.1,4227.9,12.0,9.0,1,1,0,0,-1150.6000000000004,-2133.3999999999996,13.0,19.0,1462.0,1462.0,52.0,52.0,1776.0,1776.0,5.0,5.0,1,1,0,47.0,47.0,0.0,0,1.2,1.8,0.0,0.0,0.2,0.8,0.3,0.6,1.0,2.0,0.0,1.0,0.0,1.0,0.0,1.0,1.0,0.8,1.1428571428571428,0.0,1.5714285714285714
2020,9303.1,8609.1,2.0,2.0,3176.6,2162.6,28.0,27.0,1,1,0,0,6126.5,6446.5,-26.0,-25.0,1776.0,1776.0,5.0,5.0,1568.0,1568.0,24.0,24.0,1,1,0,-19.0,-19.0,0.0,0,0.4,1.6,0.2,0.2,0.6,0.2,0.3,0.3,0.8,1.6,0.2,0.8,0.2,1.2,0.4,0.6,0.2,1.0,0.8,0.9,0.4999999999999999
2020,4128.4,4104.4,16.0,10.0,2209.0,1851.0,34.0,30.0,1,1,0,0,1919.3999999999996,2253.3999999999996,-18.0,-20.0,1568.0,1568.0,24.0,24.0,1679.0,1679.0,14.0,14.0,1,1,0,10.0,10.0,0.0,0,2.2,0.8,0.6,0.2,0.0,0.8,0.4,0.5,0.6,1.4,0.4,0.4,0.4,0.7,0.4,0.5,0.2,0.4,0.7,1.7777777777777777,0.4222222222222225
2020,6029.4,3165.0,5.0,16.0,1069.7,747.7,55.0,57.0,1,1,0,0,4959.7,2417.3,-50.0,-41.0,1679.0,1679.0,13.0,13.0,1308.0,1308.0,80.0,80.0,1,1,0,-67.0,-67.0,0.0,0,1.4,0.6,0.4,0.8,0.4,0.2,0.6,0.3,0.4,1.4,0.2,0.8,0.2,0.5,0.2,0.7,0.3,0.2,0.6,0.5,1.7999999999999998
2020,5521.0,3100.6,8.0,17.0,344.9,236.9,102.0,104.0,1,1,0,0,5176.1,2863.7,-94.0,-87.0,1679.0,1679.0,13.0,13.0,1477.0,1477.0,47.0,47.0,1,1,0,-34.0,-34.0,0.0,0,0.8,1.2,0.4,0.4,0.4,0.4,0.3,0.6,0.2,2.0,0.0,1.0,0.0,0.3,0.0,0.9,0.3,0.4,0.6,0.14285714285714285,1.9571428571428573
2020,5312.7,4789.9,9.0,5.0,1879.8,1411.0,40.0,37.0,1,1,0,0,3432.8999999999996,3378.8999999999996,-31.0,-32.0,1886.0,1886.0,1.0,1.0,1483.0,1483.0,42.0,42.0,1,1,0,-41.0,-41.0,0.0,0,1.0,1.6,0.4,0.2,0.4,0.4,0.5,0.3,1.4,0.6,0.6,0.2,0.6,1.7,0.6,0.1,0.4,0.6,0.7,1.5,0.3999999999999999
2020,4320.6,3096.2,14.0,18.0,4408.1,3289.3,13.0,15.0,1,1,0,0,-87.5,-193.10000000000036,1.0,3.0,1776.0,1776.0,5.0,5.0,1776.0,1776.0,5.0,5.0,1,1,0,0.0,0.0,0.0,0,0.6,0.8,0.4,0.4,0.4,0.2,0.5,0.2,1.0,2.0,0.0,1.0,0.0,1.0,0.0,1.0,1.0,0.4,0.4,0.0,1.7
2021,128.0,128.0,159.0,135.0,5168.0,4237.6,10.0,8.0,1,1,0,0,-5040.0,-4109.6,149.0,127.0,1483.0,1483.0,42.0,42.0,1568.0,1568.0,24.0,24.0,1,1,0,18.0,18.0,-1.5,1,1.0,1.8,0.4,0.2,0.6,0.2,0.3,0.2,0.4,1.2,0.2,0.8,0.2,1.2,0.4,0.6,0.2,0.8,1.0,0.6,1.8444444444444446
2021,3366.5,2094.5,25.0,28.0,6029.4,3165.0,5.0,16.0,1,1,0,0,-2662.8999999999996,-1070.5,20.0,12.0,1462.0,1462.0,52.0,52.0,1679.0,1679.0,13.0,13.0,1,1,0,39.0,39.0,0.0,0,0.6,0.8,0.4,0.6,0.6,0.2,0.5,0.2,1.0,1.4,0.2,0.4,0.0,1.4,0.3,0.2,0.7,0.2,0.4,0.875,1.4249999999999998
2021,3238.2,2061.8,27.0,29.0,4292.4,2211.6,15.0,26.0,1,1,0,0,-1054.1999999999998,-149.79999999999973,12.0,3.0,1776.0,1776.0,5.0,5.0,1476.0,1476.0,48.0,48.0,1,1,0,-43.0,-43.0,0.0,0,0.4,1.6,0.2,0.2,0.6,0.2,0.4,0.2,0.6,0.8,0.4,0.4,0.6,1.0,0.5,0.4,0.1,0.8,0.8,0.3,1.0999999999999999
2021,1069.7,747.7,55.0,57.0,4517.1,4227.9,12.0,9.0,1,1,0,0,-3447.4000000000005,-3480.2,43.0,48.0,1308.0,1308.0,80.0,80.0,1776.0,1776.0,5.0,5.0,1,1,0,75.0,75.0,0.0,0,1.0,4.5,0.5,0.0,0.5,0.5,0.0,0.5,0.8,1.4,0.2,0.4,0.4,1.6,0.4,0.3,0.4,1.0,1.0,0.4444444444444444,2.5555555555555554
2021,4408.1,3289.3,13.0,15.0,2177.3,756.5,36.0,56.0,1,1,0,0,2230.8,2532.8,-23.0,-41.0,1776.0,1776.0,5.0,5.0,1679.0,1679.0,14.0,14.0,1,1,0,-9.0,-9.0,0.0,0,1.2,0.6,0.4,0.6,0.4,0.2,0.5,0.4,1.0,1.5,0.5,0.5,0.0,1.0,0.5,0.5,0.5,1.0,0.7,3.0,-0.3999999999999999
2021,3466.6,2435.0,23.0,21.0,9828.6,8671.0,1.0,1.0,1,1,0,0,-6362.0,-6236.0,22.0,20.0,1308.0,1308.0,80.0,80.0,1776.0,1776.0,5.0,5.0,1,1,0,75.0,75.0,0.0,0,1.0,1.8,0.4,0.2,0.4,0.4,0.2,0.6,2.2,0.6,0.8,0.2,0.6,2.1,0.7,0.2,0.3,0.6,0.5,2.2,0.0
2021,344.9,236.9,102.0,104.0,1879.8,1411.0,40.0,37.0,1,1,0,0,-1534.9,-1174.1,62.0,67.0,1477.0,1477.0,47.0,47.0,1483.0,1483.0,42.0,42.0,1,1,0,5.0,5.0,0.0,0,0.5,1.5,0.0,0.0,0.5,0.5,0.0,0.5,0.2,1.6,0.0,1.0,0.0,0.3,0.0,0.9,0.3,2.0,2.0,0.125,-0.125
2021,1506.8,1280.8,45.0,40.0,1065.1,837.1,56.0,53.0,1,1,0,0,441.70000000000005,443.69999999999993,-11.0,-13.0,1679.0,1679.0,14.0,14.0,1477.0,1477.0,47.0,47.0,1,1,0,-33.0,-33.0,0.0,0,1.2,1.8,0.4,0.0,0.2,0.8,0.125,0.625,1.0,1.4,0.2,0.6,0.0,0.8333333333333334,0.16666666666666666,0.6666666666666666,0.5,1.75,1.75,0.0,0.75
2021,2187.3,1070.5,35.0,47.0,4320.6,3096.2,14.0,18.0,1,1,0,0,-2133.3,-2025.6999999999998,21.0,29.0,1462.0,1462.0,52.0,52.0,1776.0,1776.0,5.0,5.0,1,1,0,47.0,47.0,-0.5,1,0.8,2.2,0.0,0.0,0.4,0.6,0.1,0.7,1.0,1.4,0.4,0.2,0.4,1.4,0.6,0.2,0.2,1.8,1.4285714285714286,1.9,-0.4714285714285713
2021,4007.8,3412.2,17.0,13.0,7360.0,4574.8,4.0,6.0,1,1,0,0,-3352.2,-1162.6000000000004,13.0,7.0,1476.0,1476.0,48.0,48.0,1886.0,1886.0,1.0,1.0,1,1,0,47.0,47.0,0.0,0,1.4,0.6,0.4,0.8,0.4,0.2,0.6,0.3,2.6,0.6,0.8,0.0,0.4,1.8,0.6,0.1,0.4,0.2,0.4,1.4,0.8999999999999999
2021,5312.7,4789.9,9.0,5.0,5521.0,3100.6,8.0,17.0,1,1,0,0,-208.30000000000018,1689.2999999999997,1.0,-12.0,1886.0,1886.0,1.0,1.0,1679.0,1679.0,13.0,13.0,1,1,0,-12.0,-12.0,0.0,0,0.4,1.8,0.4,0.4,0.6,0.0,0.3,0.2,0.4,1.8,0.2,0.8,0.2,0.4,0.1,0.8,0.3,2.0,1.7,0.42857142857142855,0.3714285714285715
2021,138.0,0.0,152.0,224.0,397.2,300.4,97.0,95.0,1,1,0,0,-259.2,-300.4,55.0,129.0,1776.0,1776.0,5.0,5.0,1886.0,1886.0,1.0,1.0,1,1,0,4.0,4.0,0.5,1,1.2,1.6,0.2,0.2,0.2,0.6,0.3,0.6,2.2,1.2,0.4,0.6,0.4,1.6,0.3,0.3,0.3,0.6,0.4,1.1,1.2999999999999998
2021,5631.5,3866.7,7.0,11.0,8762.8,6136.0,3.0,3.0,1,1,0,0,-3131.2999999999993,-2269.3,4.0,8.0,1776.0,1776.0,5.0,5.0,1886.0,1886.0,1.0,1.0,1,1,0,4.0,4.0,0.0,0,1.0,2.0,0.0,0.0,0.0,1.0,0.0,1.0,0.8,1.2,0.2,0.6,0.2,0.875,0.25,0.5,0.5,2.0,2.0,0.75,-0.75
2021,2223.4,2223.4,33.0,25.0,539.6,539.6,79.0,70.0,1,1,0,0,1683.8000000000002,1683.8000000000002,-46.0,-45.0,1886.0,1886.0,1.0,1.0,1568.0,1568.0,24.0,24.0,1,1,0,-23.0,-23.0,0.0,0,0.8,1.2,0.4,0.4,0.4,0.4,0.4,0.5,0.6,0.8,0.4,0.4,0.4,0.7,0.6,0.3,0.1,0.4,0.6,1.1,1.1999999999999997
2021,3176.6,2162.6,28.0,27.0,2209.0,1851.0,34.0,30.0,1,1,0,0,967.5999999999999,311.5999999999999,-6.0,-3.0,1568.0,1568.0,24.0,24.0,1679.0,1679.0,14.0,14.0,1,1,0,10.0,10.0,-2.0,1,1.2,2.0,0.4,0.0,0.4,0.6,0.2,0.5,1.0,0.6,0.4,0.2,0.6,1.5,0.6,0.1,0.3,1.6,1.4,1.1,0.5999999999999999
2021,4128.4,4104.4,16.0,10.0,9303.1,8609.1,2.0,2.0,1,1,0,0,-5174.700000000001,-4504.700000000001,14.0,8.0,1568.0,1568.0,24.0,24.0,1776.0,1776.0,5.0,5.0,1,1,0,19.0,19.0,0.0,0,0.8,1.2,0.2,0.4,0.4,0.4,0.3,0.6,0.0,2.0,0.0,1.0,0.0,0.0,0.0,1.0,0.0,0.8,0.6,0.0,2.1
2021,3176.6,2162.6,28.0,27.0,9303.1,8609.1,2.0,2.0,1,1,0,0,-6126.5,-6446.5,26.0,25.0,1568.0,1568.0,24.0,24.0,1776.0,1776.0,5.0,5.0,1,1,0,19.0,19.0,-3.0,1,0.4,2.2,0.2,0.2,0.6,0.2,0.3,0.3,2.4,1.4,0.8,0.2,0.4,1.8,0.6,0.2,0.4,1.8,1.8,1.3,-0.5
2021,128.0,128.0,159.0,135.0,8762.8,6136.0,3.0,3.0,1,1,0,0,-8634.8,-6008.0,156.0,132.0,1483.0,1483.0,42.0,42.0,1886.0,1886.0,1.0,1.0,1,1,0,41.0,41.0,-8.0,1,0.6666666666666666,3.3333333333333335,0.3333333333333333,0.0,0.6666666666666666,0.3333333333333333,0.0,0.3333333333333333,2.2,1.6,0.2,0.6,0.2,1.6,0.3,0.3,0.3,1.0,1.0,0.9,0.6
2021,344.9,236.9,102.0,104.0,5521.0,3100.6,8.0,17.0,1,1,0,0,-5176.1,-2863.7,94.0,87.0,1477.0,1477.0,47.0,47.0,1679.0,1679.0,13.0,13.0,1,1,0,34.0,34.0,-1.0,1,1.3333333333333333,1.6666666666666667,0.3333333333333333,0.0,0.3333333333333333,0.6666666666666666,0.0,0.6666666666666666,0.6,0.6,0.6,0.4,0.6,0.7,0.6,0.3,0.1,2.0,2.0,1.3,0.19999999999999996
2021,2209.0,1851.0,34.0,30.0,4128.4,4104.4,16.0,10.0,1,1,0,0,-1919.3999999999996,-2253.3999999999996,18.0,20.0,1679.0,1679.0,14.0,14.0,1568.0,1568.0,24.0,24.0,1,1,0,-10.0,-10.0,-3.0,1,0.8,1.4,0.4,0.2,0.4,0.4,0.1,0.3,2.4,0.6,0.6,0.2,0.8,2.0,0.6,0.1,0.3,1.2,1.2857142857142858,1.1,-0.10000000000000009
2021,5168.0,4237.6,10.0,8.0,5631.5,3866.7,7.0,11.0,1,1,0,0,-463.5,370.90000000000055,3.0,-3.0,1568.0,1568.0,24.0,24.0,1776.0,1776.0,5.0,5.0,1,1,0,19.0,19.0,-3.0,1,0.8,1.2,0.4,0.6,0.6,0.0,0.4,0.3,1.4,1.6,0.2,0.6,0.2,1.5,0.3,0.5,0.6,1.0,1.1111111111111112,0.7,1.3
2021,397.2,300.4,97.0,95.0,3466.6,2435.0,23.0,21.0,1,1,0,0,-3069.4,-2134.6,74.0,74.0,1886.0,1886.0,1.0,1.0,1308.0,1308.0,80.0,80.0,1,1,0,-79.0,-79.0,-2.0,1,0.3333333333333333,2.6666666666666665,0.0,0.0,0.6666666666666666,0.3333333333333333,0.0,0.3333333333333333,1.0,1.4,0.4,0.6,0.2,1.0,0.3,0.4,0.6,2.0,2.0,0.4,-0.4
2021,2223.4,2223.4,33.0,25.0,4292.4,2211.6,15.0,26.0,1,1,0,0,-2068.9999999999995,11.800000000000182,18.0,-1.0,1886.0,1886.0,1.0,1.0,1476.0,1476.0,48.0,48.0,1,1,0,-47.0,-47.0,-1.0,1,0.6,1.6,0.0,0.0,0.6,0.4,0.0,0.3,0.6,1.0,0.4,0.4,0.4,1.1,0.4,0.3,0.4,1.6,1.75,0.9,-0.65
2021,4408.1,3289.3,13.0,15.0,4320.6,3096.2,14.0,18.0,1,1,0,0,87.5,193.10000000000036,-1.0,-3.0,1776.0,1776.0,5.0,5.0,1776.0,1776.0,5.0,5.0,1,1,0,0.0,0.0,-1.0,1,0.8,1.2,0.4,0.2,0.6,0.2,0.4,0.3,0.6,1.4,0.4,0.6,0.2,0.9,0.5,0.4,0.3,0.2,1.3,0.9,0.7000000000000001
2021,138.0,0.0,152.0,224.0,9828.6,8671.0,1.0,1.0,1,1,0,0,-9690.6,-8671.0,151.0,223.0,1776.0,1776.0,5.0,5.0,1776.0,1776.0,5.0,5.0,1,1,0,0.0,0.0,-1.0,1,1.6,1.6,0.4,0.0,0.2,0.8,0.0,0.5714285714285714,1.0,2.0,0.4,0.6,0.0,1.2,0.5,0.5,0.4,1.3333333333333333,1.3333333333333333,1.6,-0.26666666666666683
2021,2177.3,756.5,36.0,56.0,2187.3,1070.5,35.0,47.0,1,1,0,0,-10.0,-314.0,1.0,9.0,1679.0,1679.0,14.0,14.0,1462.0,1462.0,52.0,52.0,1,1,0,-38.0,-38.0,1.0,1,1.6666666666666667,2.3333333333333335,0.3333333333333333,0.0,0.3333333333333333,0.6666666666666666,0.0,0.6666666666666666,0.8,1.6,0.2,0.6,0.2,1.2,0.3,0.6,0.6,2.0,2.0,0.2857142857142857,-0.2857142857142857
2021,1879.8,1411.0,40.0,37.0,5312.7,4789.9,9.0,5.0,1,1,0,0,-3432.8999999999996,-3378.8999999999996,31.0,32.0,1483.0,1483.0,42.0,42.0,1886.0,1886.0,1.0,1.0,1,1,0,41.0,41.0,-2.0,1,1.6,1.4,0.4,0.2,0.2,0.6,0.2,0.7,1.8,0.8,0.8,0.2,0.4,2.3,0.8,0.1,0.4,0.8,0.7,2.2,-0.10000000000000009
2021,1065.1,837.1,56.0,53.0,4007.8,3412.2,17.0,13.0,1,1,0,0,-2942.7000000000003,-2575.1,39.0,40.0,1477.0,1477.0,47.0,47.0,1476.0,1476.0,48.0,48.0,1,1,0,-1.0,-1.0,0.0,1,1.6,1.2,0.4,0.4,0.4,0.4,0.5,0.4,0.6,1.6,0.2,0.4,0.4,1.2,0.5,0.3,0.2,1.2,1.0,1.9,0.7000000000000002
2021,4517.1,4227.9,12.0,9.0,3366.5,2094.5,25.0,28.0,1,1,0,0,1150.6000000000004,2133.3999999999996,-13.0,-19.0,1776.0,1776.0,5.0,5.0,1462.0,1462.0,52.0,52.0,1,1,0,-47.0,-47.0,-1.0,1,1.6666666666666667,1.3333333333333333,0.3333333333333333,0.3333333333333333,0.0,0.6666666666666666,0.3333333333333333,0.6666666666666666,1.0,1.2,0.2,0.2,0.2,1.4,0.3,0.2,0.7,1.0,1.0,0.8888888888888888,0.6111111111111112
2021,539.6,539.6,79.0,70.0,3238.2,2061.8,27.0,29.0,1,1,0,0,-2698.6,-1522.2000000000003,52.0,41.0,1568.0,1568.0,24.0,24.0,1776.0,1776.0,5.0,5.0,1,1,0,19.0,19.0,-1.0,1,0.6,1.4,0.2,0.2,0.4,0.4,0.2222222222222222,0.4444444444444444,0.6,0.8,0.4,0.2,0.6,0.9,0.5,0.2,0.2,1.0,1.0,1.3,-0.050000000000000044
2021,1506.8,1280.8,45.0,40.0,7360.0,4574.8,4.0,6.0,1,1,0,0,-5853.2,-3294.0,41.0,34.0,1679.0,1679.0,14.0,14.0,1886.0,1886.0,1.0,1.0,1,1,0,13.0,13.0,-3.0,1,1.2,2.2,0.2,0.0,0.2,0.8,0.1111111111111111,0.6666666666666666,1.4,0.6,0.6,0.2,0.6,1.5,0.7,0.1,0.2,2.0,2.0,1.3,-0.7000000000000001
2021,1069.7,747.7,55.0,57.0,6029.4,3165.0,5.0,16.0,1,1,0,0,-4959.7,-2417.3,50.0,41.0,1308.0,1308.0,80.0,80.0,1679.0,1679.0,13.0,13.0,1,1,0,67.0,67.0,0.3333333333333333,1,1.4,1.6,0.4,0.2,0.4,0.4,0.2,0.3,0.6,1.2,0.2,0.6,0.4,1.1,0.5,0.4,0.2,1.4,1.2,0.3,1.9000000000000001
2021,5168.0,4237.6,10.0,8.0,128.0,128.0,159.0,135.0,1,1,0,0,5040.0,4109.6,-149.0,-127.0,1568.0,1568.0,24.0,24.0,1483.0,1483.0,42.0,42.0,1,1,0,-18.0,-18.0,-1.0,1,1.5,2.0,0.25,0.0,0.25,0.75,0.0,0.75,1.6,1.0,0.4,0.2,0.4,1.4,0.5,0.2,0.3,1.5,1.5,1.5,-1.0
2021,4320.6,3096.2,14.0,18.0,2187.3,1070.5,35.0,47.0,1,1,0,0,2133.3,2025.6999999999998,-21.0,-29.0,1776.0,1776.0,5.0,5.0,1462.0,1462.0,52.0,52.0,1,1,0,-47.0,-47.0,1.3333333333333333,1,1.2,1.0,0.6,0.4,0.4,0.2,0.4,0.3,1.4,1.4,0.4,0.6,0.2,1.2,0.3,0.5,0.4,0.2,1.0,0.2222222222222222,1.6777777777777776
2021,6029.4,3165.0,5.0,16.0,3366.5,2094.5,25.0,28.0,1,1,0,0,2662.8999999999996,1070.5,-20.0,-12.0,1679.0,1679.0,13.0,13.0,1462.0,1462.0,52.0,52.0,1,1,0,-39.0,-39.0,2.0,1,1.6,0.2,0.8,0.8,0.0,0.2,0.8,0.1,1.2,2.0,0.4,0.6,0.0,1.2,0.4,0.6,0.5,0.2,0.3,1.5,1.1
2021,4517.1,4227.9,12.0,9.0,1069.7,747.7,55.0,57.0,1,1,0,0,3447.4000000000005,3480.2,-43.0,-48.0,1776.0,1776.0,5.0,5.0,1308.0,1308.0,80.0,80.0,1,1,0,-75.0,-75.0,-0.3333333333333333,1,0.6,1.4,0.4,0.6,0.6,0.0,0.5,0.2,0.8,1.6,0.2,0.6,0.2,1.1,0.3,0.5,0.6,0.4,0.7,0.375,1.325
2021,2177.3,756.5,36.0,56.0,4408.1,3289.3,13.0,15.0,1,1,0,0,-2230.8,-2532.8,23.0,41.0,1679.0,1679.0,14.0,14.0,1776.0,1776.0,5.0,5.0,1,1,0,9.0,9.0,1.0,1,1.6,1.0,0.6,0.6,0.4,0.2,0.4,0.4,0.5,4.0,0.25,0.75,0.0,0.5,0.25,0.75,0.25,1.2,1.2,0.0,2.1
2021,7360.0,4574.8,4.0,6.0,4007.8,3412.2,17.0,13.0,1,1,0,0,3352.2,1162.6000000000004,-13.0,-7.0,1886.0,1886.0,1.0,1.0,1476.0,1476.0,48.0,48.0,1,1,0,-47.0,-47.0,-1.0,1,0.6,1.2,0.2,0.4,0.4,0.4,0.5,0.3,0.6,1.4,0.4,0.6,0.2,0.7,0.4,0.5,0.2,0.0,0.5,0.9,1.6
2021,1879.8,1411.0,40.0,37.0,344.9,236.9,102.0,104.0,1,1,0,0,1534.9,1174.1,-62.0,-67.0,1483.0,1483.0,42.0,42.0,1477.0,1477.0,47.0,47.0,1,1,0,-5.0,-5.0,-1.0,1,0.6,1.8,0.0,0.0,0.6,0.4,0.0,0.3,1.25,2.0,0.25,0.75,0.0,1.25,0.25,0.75,0.75,1.4,1.7777777777777777,0.0,0.2222222222222222
2021,1065.1,837.1,56.0,53.0,1506.8,1280.8,45.0,40.0,1,1,0,0,-441.70000000000005,-443.69999999999993,11.0,13.0,1477.0,1477.0,47.0,47.0,1679.0,1679.0,14.0,14.0,1,1,0,33.0,33.0,1.0,1,2.0,1.6,0.6,0.0,0.0,1.0,0.0,0.625,1.0,2.0,0.2,0.8,0.0,1.1,0.3,0.7,0.6,1.25,1.25,1.5,0.25
2021,9303.1,8609.1,2.0,2.0,4128.4,4104.4,16.0,10.0,1,1,0,0,5174.700000000001,4504.700000000001,-14.0,-8.0,1776.0,1776.0,5.0,5.0,1568.0,1568.0,24.0,24.0,1,1,0,-19.0,-19.0,-5.0,1,1.8,1.6,0.8,0.2,0.2,0.6,0.4,0.5,2.6,1.4,0.6,0.4,0.6,1.9,0.5,0.2,0.3,0.2,0.6,1.1,1.2999999999999998
2021,2209.0,1851.0,34.0,30.0,3176.6,2162.6,28.0,27.0,1,1,0,0,-967.5999999999999,-311.5999999999999,6.0,3.0,1679.0,1679.0,14.0,14.0,1568.0,1568.0,24.0,24.0,1,1,0,-10.0,-10.0,1.0,1,1.4,1.6,0.4,0.0,0.4,0.6,0.1,0.3,0.6,2.0,0.2,0.8,0.2,0.6,0.3,0.6,0.3,1.2,1.25,1.6,-0.3500000000000001
2021,5521.0,3100.6,8.0,17.0,5312.7,4789.9,9.0,5.0,1,1,0,0,208.30000000000018,-1689.2999999999997,-1.0,12.0,1679.0,1679.0,13.0,13.0,1886.0,1886.0,1.0,1.0,1,1,0,12.0,12.0,1.0,1,1.2,0.6,0.8,0.6,0.2,0.2,0.5,0.2,1.0,1.0,0.6,0.4,0.4,1.2,0.5,0.3,0.3,0.4,0.4,1.1,0.5999999999999999
2021,9828.6,8671.0,1.0,1.0,3466.6,2435.0,23.0,21.0,1,1,0,0,6362.0,6236.0,-22.0,-20.0,1776.0,1776.0,5.0,5.0,1308.0,1308.0,80.0,80.0,1,1,0,-75.0,-75.0,1.0,1,1.6,0.8,0.6,0.4,0.2,0.6,0.6,0.4,1.2,1.2,0.4,0.4,0.2,1.0,0.3,0.4,0.6,0.6,0.7,0.4,1.8000000000000003
2021,8762.8,6136.0,3.0,3.0,5631.5,3866.7,7.0,11.0,1,1,0,0,3131.2999999999993,2269.3,-4.0,-8.0,1886.0,1886.0,1.0,1.0,1776.0,1776.0,5.0,5.0,1,1,0,-4.0,-4.0,-0.3333333333333333,1,3.4,1.4,0.4,0.4,0.2,0.4,0.5,0.3,1.8,2.0,0.2,0.6,0.2,1.6,0.3,0.6,0.6,0.4,0.5,0.4,1.7000000000000002
2021,4292.4,2211.6,15.0,26.0,3238.2,2061.8,27.0,29.0,1,1,0,0,1054.1999999999998,149.79999999999973,-12.0,-3.0,1476.0,1476.0,48.0,48.0,1776.0,1776.0,5.0,5.0,1,1,0,43.0,43.0,-3.0,1,0.6,1.8,0.0,0.0,0.4,0.6,0.2,0.5,1.75,1.25,0.5,0.5,0.25,1.75,0.5,0.5,0.75,1.2,1.2,0.0,1.0
2021,539.6,539.6,79.0,70.0,2223.4,2223.4,33.0,25.0,1,1,0,0,-1683.8000000000002,-1683.8000000000002,46.0,45.0,1568.0,1568.0,24.0,24.0,1886.0,1886.0,1.0,1.0,1,1,0,23.0,23.0,0.0,1,1.0,1.0,0.2,0.2,0.2,0.8,0.2,0.7,1.0,0.4,0.6,0.0,0.6,0.8,0.5,0.2,0.2,1.0,1.125,1.5,0.25
2021,397.2,300.4,97.0,95.0,138.0,0.0,152.0,224.0,1,1,0,0,259.2,300.4,-55.0,-129.0,1886.0,1886.0,1.0,1.0,1776.0,1776.0,5.0,5.0,1,1,0,-4.0,-4.0,-3.0,1,0.5,2.25,0.0,0.0,0.5,0.5,0.0,0.5,1.6,1.0,0.4,0.2,0.4,1.3,0.3,0.3,0.6,1.5,1.5,1.2,-0.7
2021,8762.8,6136.0,3.0,3.0,5168.0,4237.6,10.0,8.0,1,1,0,0,3594.7999999999993,1898.3999999999996,-7.0,-5.0,1886.0,1886.0,1.0,1.0,1568.0,1568.0,24.0,24.0,1,1,0,-23.0,-23.0,-2.0,1,0.6,1.6,0.4,0.2,0.6,0.2,0.3,0.2,1.4,1.0,0.4,0.4,0.4,1.2,0.3,0.5,0.4,0.6,0.6,0.3,1.4
2021,3238.2,2061.8,27.0,29.0,2223.4,2223.4,33.0,25.0,1,1,0,0,1014.7999999999997,-161.5999999999999,-6.0,4.0,1776.0,1776.0,5.0,5.0,1886.0,1886.0,1.0,1.0,1,1,0,4.0,4.0,0.0,1,1.2,1.4,0.2,0.2,0.2,0.8,0.1,0.8,1.0,1.4,0.2,0.6,0.2,1.0,0.3,0.6,0.4,1.4,1.3333333333333333,0.6,0.9555555555555556
2021,5631.5,3866.7,7.0,11.0,128.0,128.0,159.0,135.0,1,1,0,0,5503.5,3738.7,-152.0,-124.0,1776.0,1776.0,5.0,5.0,1483.0,1483.0,42.0,42.0,1,1,0,-37.0,-37.0,-1.0,1,1.2,1.2,0.4,0.4,0.2,0.4,0.6,0.3,1.2,0.6,0.6,0.2,0.6,1.0,0.4,0.5,0.3,0.0,0.4,0.9,1.6
2021,4292.4,2211.6,15.0,26.0,539.6,539.6,79.0,70.0,1,1,0,0,3752.7999999999997,1672.0,-64.0,-44.0,1476.0,1476.0,48.0,48.0,1568.0,1568.0,24.0,24.0,1,1,0,24.0,24.0,1.0,1,1.6,0.8,0.8,0.4,0.2,0.6,0.5,0.3,1.4,1.6,0.4,0.6,0.2,1.4,0.4,0.6,0.6,0.0,0.4,0.0,2.1
2021,6029.4,3165.0,5.0,16.0,4517.1,4227.9,12.0,9.0,1,1,0,0,1512.2999999999993,-1062.8999999999996,-7.0,7.0,1679.0,1679.0,13.0,13.0,1776.0,1776.0,5.0,5.0,1,1,0,8.0,8.0,-3.0,1,3.6,1.2,0.6,0.4,0.2,0.4,0.4,0.4,2.4,1.0,0.8,0.2,0.6,2.0,0.6,0.2,0.3,0.2,0.5,0.7,1.4000000000000001
2021,3366.5,2094.5,25.0,28.0,1069.7,747.7,55.0,57.0,1,1,0,0,2296.8,1346.8,-30.0,-29.0,1462.0,1462.0,52.0,52.0,1308.0,1308.0,80.0,80.0,1,1,0,-28.0,-28.0,-1.0,1,1.8,2.0,0.2,0.2,0.0,0.8,0.2,0.7,0.4,4.0,0.2,0.8,0.0,0.4,0.2,0.8,0.2,0.8,0.6,0.0,2.2
2021,3466.6,2435.0,23.0,21.0,138.0,0.0,152.0,224.0,1,1,0,0,3328.6,2435.0,-129.0,-203.0,1308.0,1308.0,80.0,80.0,1776.0,1776.0,5.0,5.0,1,1,0,75.0,75.0,-2.0,1,0.8,2.0,0.2,0.2,0.4,0.4,0.2,0.5,2.0,1.0,0.6,0.2,0.4,1.5,0.4,0.3,0.6,0.8,0.6,1.4,0.7000000000000002
2021,9303.1,8609.1,2.0,2.0,2209.0,1851.0,34.0,30.0,1,1,0,0,7094.1,6758.1,-32.0,-28.0,1776.0,1776.0,5.0,5.0,1679.0,1679.0,14.0,14.0,1,1,0,-9.0,-9.0,1.0,1,2.2,1.4,0.8,0.4,0.2,0.4,0.4,0.5,1.4,1.8,0.4,0.6,0.0,0.8,0.3,0.7,0.3,0.2,0.6,0.75,1.65
2021,4128.4,4104.4,16.0,10.0,3176.6,2162.6,28.0,27.0,1,1,0,0,951.7999999999997,1941.7999999999997,-12.0,-17.0,1568.0,1568.0,24.0,24.0,1568.0,1568.0,24.0,24.0,1,1,0,0.0,0.0,3.0,1,2.4,1.6,0.6,0.6,0.2,0.2,0.7,0.2,0.8,2.0,0.2,0.8,0.2,0.7,0.3,0.6,0.3,0.0,0.4,1.9,0.3999999999999999
2021,5521.0,3100.6,8.0,17.0,1879.8,1411.0,40.0,37.0,1,1,0,0,3641.2,1689.6,-32.0,-20.0,1679.0,1679.0,13.0,13.0,1483.0,1483.0,42.0,42.0,1,1,0,-29.0,-29.0,1.0,1,1.4,0.6,0.8,0.6,0.0,0.4,0.5,0.3,0.8,1.8,0.0,0.8,0.0,0.5,0.0,0.9,0.3,0.8,0.5,0.1111111111111111,1.5888888888888888
2021,9828.6,8671.0,1.0,1.0,397.2,300.4,97.0,95.0,1,1,0,0,9431.4,8370.6,-96.0,-94.0,1776.0,1776.0,5.0,5.0,1886.0,1886.0,1.0,1.0,1,1,0,4.0,4.0,2.0,1,2.4,0.4,0.8,0.6,0.2,0.4,0.6,0.4,0.6,2.4,0.0,0.8,0.0,0.6,0.0,0.8,0.6,0.6,0.6,0.0,2.2
2021,5312.7,4789.9,9.0,5.0,344.9,236.9,102.0,104.0,1,1,0,0,4967.8,4553.0,-93.0,-99.0,1886.0,1886.0,1.0,1.0,1477.0,1477.0,47.0,47.0,1,1,0,-46.0,-46.0,1.0,1,1.4,0.6,0.8,0.4,0.2,0.4,0.4,0.4,1.4,2.0,0.2,0.6,0.0,1.4,0.2,0.6,0.8,0.2,0.7,0.5,1.5
2021,4007.8,3412.2,17.0,13.0,1506.8,1280.8,45.0,40.0,1,1,0,0,2501.0,2131.3999999999996,-28.0,-27.0,1476.0,1476.0,48.0,48.0,1679.0,1679.0,14.0,14.0,1,1,0,34.0,34.0,2.0,1,1.0,0.4,0.6,0.8,0.4,0.0,0.5,0.2,1.2,1.6,0.2,0.4,0.2,1.2,0.2,0.4,0.6,0.4,0.6,1.5,0.19999999999999996
2021,2187.3,1070.5,35.0,47.0,4408.1,3289.3,13.0,15.0,1,1,0,0,-2220.8,-2218.8,22.0,32.0,1462.0,1462.0,52.0,52.0,1776.0,1776.0,5.0,5.0,1,1,0,47.0,47.0,0.0,1,1.4,0.2,0.6,0.8,0.2,0.2,0.8,0.1,1.6,1.8,0.4,0.4,0.0,1.1111111111111112,0.3333333333333333,0.5555555555555556,0.5555555555555556,0.0,0.3,0.75,1.65
2021,7360.0,4574.8,4.0,6.0,1065.1,837.1,56.0,53.0,1,1,0,0,6294.9,3737.7000000000003,-52.0,-47.0,1886.0,1886.0,1.0,1.0,1477.0,1477.0,47.0,47.0,1,1,0,-46.0,-46.0,1.0,1,1.2,1.4,0.4,0.2,0.4,0.6,0.1,0.5,1.0,1.8,0.2,0.8,0.2,1.2,0.4,0.6,0.5,1.8,1.5,1.8,-0.19999999999999996
2021,4320.6,3096.2,14.0,18.0,2177.3,756.5,36.0,56.0,1,1,0,0,2143.3,2339.7,-22.0,-38.0,1776.0,1776.0,5.0,5.0,1679.0,1679.0,14.0,14.0,1,1,0,-9.0,-9.0,-3.0,1,0.8,1.6,0.2,0.2,0.4,0.4,0.2,0.5,1.4,0.8,0.4,0.2,0.6,1.3,0.4,0.2,0.3,1.2,1.25,1.3,0.32499999999999996
2021,5312.7,4789.9,9.0,5.0,9303.1,8609.1,2.0,2.0,1,1,0,0,-3990.4000000000005,-3819.2000000000007,7.0,3.0,1886.0,1886.0,1.0,1.0,1776.0,1776.0,5.0,5.0,1,1,0,-4.0,-4.0,0.0,0,1.4,1.2,0.4,0.4,0.4,0.4,0.3,0.4,4.2,0.6,0.8,0.0,0.6,2.5,0.5,0.3,0.4,0.2,0.8,1.1,0.7999999999999998
2021,4517.1,4227.9,12.0,9.0,8762.8,6136.0,3.0,3.0,1,1,0,0,-4245.699999999999,-1908.1000000000004,9.0,6.0,1776.0,1776.0,5.0,5.0,1886.0,1886.0,1.0,1.0,1,1,0,4.0,4.0,0.0,0,1.8,1.6,0.6,0.4,0.4,0.2,0.4,0.3,1.6,0.8,0.8,0.0,0.4,1.0,0.5,0.2,0.4,1.2,1.2,1.7,0.40000000000000013
2021,5168.0,4237.6,10.0,8.0,3238.2,2061.8,27.0,29.0,1,1,0,0,1929.8000000000002,2175.8,-17.0,-21.0,1568.0,1568.0,24.0,24.0,1776.0,1776.0,5.0,5.0,1,1,0,19.0,19.0,0.0,0,1.4,0.6,0.8,0.4,0.2,0.4,0.4,0.4,2.4,1.4,0.8,0.2,0.4,2.3,0.7,0.1,0.6,0.4,0.7,1.5,0.5
2021,539.6,539.6,79.0,70.0,9828.6,8671.0,1.0,1.0,1,1,0,0,-9289.0,-8131.4,78.0,69.0,1568.0,1568.0,24.0,24.0,1776.0,1776.0,5.0,5.0,1,1,0,19.0,19.0,0.0,0,1.0,1.2,0.4,0.4,0.4,0.2,0.4,0.4,3.0,0.4,0.8,0.0,0.6,2.5,0.7,0.1,0.4,1.0,1.0,2.0,-0.6666666666666667
2021,4128.4,4104.4,16.0,10.0,5521.0,3100.6,8.0,17.0,1,1,0,0,-1392.6000000000004,1003.7999999999997,8.0,-7.0,1568.0,1568.0,24.0,24.0,1679.0,1679.0,13.0,13.0,1,1,0,11.0,11.0,0.0,0,2.2,1.6,0.6,0.6,0.2,0.2,0.7,0.2,1.6,0.6,0.8,0.2,0.6,1.1,0.6,0.3,0.3,0.0,0.3,1.6,0.6999999999999997
2021,4007.8,3412.2,17.0,13.0,1069.7,747.7,55.0,57.0,1,1,0,0,2938.1000000000004,2664.5,-38.0,-44.0,1476.0,1476.0,48.0,48.0,1308.0,1308.0,80.0,80.0,1,1,0,-32.0,-32.0,0.0,0,1.2,2.0,0.2,0.2,0.4,0.6,0.1,0.5,1.2,1.0,0.4,0.4,0.4,1.3,0.4,0.4,0.4,2.6,1.9,0.6,0.7000000000000001
2021,138.0,0.0,152.0,224.0,4320.6,3096.2,14.0,18.0,1,1,0,0,-4182.6,-3096.2,138.0,206.0,1776.0,1776.0,5.0,5.0,1776.0,1776.0,5.0,5.0,1,1,0,0.0,0.0,-1.5,1,2.2,1.4,0.6,0.2,0.2,0.8,0.3,0.6,0.8,0.6,0.4,0.2,0.6,0.9,0.4,0.3,0.3,0.6,0.7,1.9,0.0
2021,8762.8,6136.0,3.0,3.0,4517.1,4227.9,12.0,9.0,1,1,0,0,4245.699999999999,1908.1000000000004,-9.0,-6.0,1886.0,1886.0,1.0,1.0,1776.0,1776.0,5.0,5.0,1,1,0,-4.0,-4.0,0.0,1,2.0,1.6,0.6,0.2,0.2,0.6,0.3,0.6,1.4,0.8,0.6,0.2,0.2,1.1,0.5,0.3,0.5,0.4,0.5,1.3,1.4000000000000001
2021,3238.2,2061.8,27.0,29.0,5168.0,4237.6,10.0,8.0,1,1,0,0,-1929.8000000000002,-2175.8,17.0,21.0,1776.0,1776.0,5.0,5.0,1568.0,1568.0,24.0,24.0,1,1,0,-19.0,-19.0,0.0,1,2.8,0.8,0.6,0.4,0.0,0.6,0.4,0.4,1.6,1.2,0.4,0.2,0.4,1.0,0.3,0.5,0.4,0.2,0.4,0.6,1.7999999999999998
2021,9303.1,8609.1,2.0,2.0,5312.7,4789.9,9.0,5.0,1,1,0,0,3990.4000000000005,3819.2000000000007,-7.0,-3.0,1776.0,1776.0,5.0,5.0,1886.0,1886.0,1.0,1.0,1,1,0,4.0,4.0,1.0,1,1.8,1.0,0.8,0.2,0.2,0.8,0.4,0.5,2.0,1.4,0.6,0.4,0.4,1.4,0.4,0.4,0.3,0.2,0.3,0.7,1.4000000000000001
2021,9828.6,8671.0,1.0,1.0,539.6,539.6,79.0,70.0,1,1,0,0,9289.0,8131.4,-78.0,-69.0,1776.0,1776.0,5.0,5.0,1568.0,1568.0,24.0,24.0,1,1,0,-19.0,-19.0,0.0,0,1.0,1.2,0.2,0.4,0.6,0.4,0.5,0.3,1.8,0.0,0.8,0.0,1.0,1.4,0.6,0.1,0.1,1.0,1.0,1.5,0.7999999999999998
2021,1069.7,747.7,55.0,57.0,4007.8,3412.2,17.0,13.0,1,1,0,0,-2938.1000000000004,-2664.5,38.0,44.0,1308.0,1308.0,80.0,80.0,1476.0,1476.0,48.0,48.0,1,1,0,32.0,32.0,0.0,1,1.4,0.6,0.6,0.6,0.2,0.4,0.5,0.3,1.6,1.6,0.4,0.4,0.6,1.5,0.4,0.3,0.2,0.8,0.4,1.1,0.8999999999999999
2021,5521.0,3100.6,8.0,17.0,4128.4,4104.4,16.0,10.0,1,1,0,0,1392.6000000000004,-1003.7999999999997,-8.0,7.0,1679.0,1679.0,13.0,13.0,1568.0,1568.0,24.0,24.0,1,1,0,-11.0,-11.0,2.0,1,3.0,0.4,0.8,0.6,0.2,0.4,0.6,0.4,1.2,1.6,0.4,0.6,0.4,1.0,0.3,0.6,0.5,0.6,0.5,1.0,1.5
2021,4408.1,3289.3,13.0,15.0,7360.0,4574.8,4.0,6.0,1,1,0,0,-2951.8999999999996,-1285.5,9.0,9.0,1776.0,1776.0,5.0,5.0,1886.0,1886.0,1.0,1.0,1,1,0,4.0,4.0,-2.0,1,1.4,1.4,0.4,0.4,0.2,0.6,0.3,0.4,1.2,1.8,0.2,0.6,0.2,1.2,0.3,0.6,0.6,1.6,1.1,1.3,0.9000000000000001
2021,4320.6,3096.2,14.0,18.0,138.0,0.0,152.0,224.0,1,1,0,0,4182.6,3096.2,-138.0,-206.0,1776.0,1776.0,5.0,5.0,1776.0,1776.0,5.0,5.0,1,1,0,0.0,0.0,1.6666666666666667,1,1.2,0.6,0.6,0.6,0.2,0.2,0.5,0.3,2.0,1.2,0.6,0.2,0.2,1.4,0.4,0.3,0.5,0.6,0.7,1.4,0.10000000000000009
2021,4007.8,3412.2,17.0,13.0,9828.6,8671.0,1.0,1.0,1,1,0,0,-5820.8,-5258.8,16.0,12.0,1476.0,1476.0,48.0,48.0,1776.0,1776.0,5.0,5.0,1,1,0,43.0,43.0,0.0,0,1.6,1.4,0.4,0.4,0.2,0.6,0.2,0.5,3.6,0.2,0.8,0.0,0.8,2.7,0.8,0.1,0.4,2.4,1.9,2.0,-0.7
2021,7360.0,4574.8,4.0,6.0,4408.1,3289.3,13.0,15.0,1,1,0,0,2951.8999999999996,1285.5,-9.0,-9.0,1886.0,1886.0,1.0,1.0,1776.0,1776.0,5.0,5.0,1,1,0,-4.0,-4.0,1.0,1,1.4,0.0,0.8,1.0,0.2,0.0,0.8,0.1,1.0,1.4,0.2,0.6,0.2,1.1,0.3,0.4,0.3,0.0,0.3,1.2,1.2
2021,4320.6,3096.2,14.0,18.0,3238.2,2061.8,27.0,29.0,1,1,0,0,1082.4000000000005,1034.3999999999996,-13.0,-11.0,1776.0,1776.0,5.0,5.0,1776.0,1776.0,5.0,5.0,1,1,0,0.0,0.0,0.0,0,1.6,0.2,0.8,0.8,0.0,0.2,0.6,0.2,1.8,1.2,0.8,0.2,0.0,1.2,0.6,0.2,0.5,0.4,0.5,1.9,-0.09999999999999987
2021,8762.8,6136.0,3.0,3.0,5521.0,3100.6,8.0,17.0,1,1,0,0,3241.7999999999993,3035.4,-5.0,-14.0,1886.0,1886.0,1.0,1.0,1679.0,1679.0,13.0,13.0,1,1,0,-12.0,-12.0,0.0,1,2.6,0.4,0.8,0.6,0.0,0.4,0.4,0.4,1.2,0.6,0.4,0.2,0.6,0.9,0.5,0.3,0.2,0.2,0.3,1.7,0.7
2021,9828.6,8671.0,1.0,1.0,4007.8,3412.2,17.0,13.0,1,1,0,0,5820.8,5258.8,-16.0,-12.0,1776.0,1776.0,5.0,5.0,1476.0,1476.0,48.0,48.0,1,1,0,-43.0,-43.0,0.0,1,3.8,0.4,0.8,0.6,0.0,0.4,0.5,0.5,1.6,1.2,0.4,0.2,0.4,1.4,0.4,0.4,0.6,0.6,0.5,1.6,0.8999999999999999
2021,3238.2,2061.8,27.0,29.0,4320.6,3096.2,14.0,18.0,1,1,0,0,-1082.4000000000005,-1034.3999999999996,13.0,11.0,1776.0,1776.0,5.0,5.0,1776.0,1776.0,5.0,5.0,1,1,0,0.0,0.0,0.0,1,1.6,1.2,0.6,0.0,0.2,0.8,0.3,0.6,1.6,0.4,0.6,0.0,0.6,1.1,0.5,0.2,0.2,0.4,0.4,1.9,-0.09999999999999987
2021,5312.7,4789.9,9.0,5.0,7360.0,4574.8,4.0,6.0,1,1,0,0,-2047.3000000000002,215.09999999999945,5.0,-1.0,1886.0,1886.0,1.0,1.0,1886.0,1886.0,1.0,1.0,1,1,0,0.0,0.0,-0.5,1,1.6,0.8,0.6,0.2,0.0,0.8,0.3,0.5,1.0,0.2,0.6,0.2,0.8,1.2,0.6,0.2,0.1,0.6,0.6,1.8,0.0
2021,5521.0,3100.6,8.0,17.0,8762.8,6136.0,3.0,3.0,1,1,0,0,-3241.7999999999993,-3035.4,5.0,14.0,1679.0,1679.0,13.0,13.0,1886.0,1886.0,1.0,1.0,1,1,0,12.0,12.0,-0.6666666666666666,1,0.6,0.8,0.2,0.6,0.6,0.2,0.6,0.2,1.8,0.4,0.8,0.0,0.6,2.6,0.6,0.2,0.4,0.6,0.4,1.1,0.8999999999999999
2021,7360.0,4574.8,4.0,6.0,5312.7,4789.9,9.0,5.0,1,1,0,0,2047.3000000000002,-215.09999999999945,-5.0,1.0,1886.0,1886.0,1.0,1.0,1886.0,1886.0,1.0,1.0,1,1,0,0.0,0.0,0.0,1,0.8,0.4,0.4,0.6,0.6,0.0,0.7,0.1,1.4,0.8,0.6,0.0,0.2,1.2,0.6,0.2,0.5,0.2,0.2,1.3,0.9999999999999998
2021,8762.8,6136.0,3.0,3.0,9828.6,8671.0,1.0,1.0,1,1,0,0,-1065.800000000001,-2535.0,2.0,2.0,1886.0,1886.0,1.0,1.0,1776.0,1776.0,5.0,5.0,1,1,0,-4.0,-4.0,-2.0,1,2.6,0.6,0.8,0.6,0.0,0.4,0.5,0.4,3.4,0.4,0.8,0.0,0.6,2.9,0.8,0.0,0.4,0.2,0.3,2.1,0.5
2021,7360.0,4574.8,4.0,6.0,3238.2,2061.8,27.0,29.0,1,1,0,0,4121.8,2513.0,-23.0,-23.0,1886.0,1886.0,1.0,1.0,1776.0,1776.0,5.0,5.0,1,1,0,-4.0,-4.0,0.0,0,1.2,0.4,0.6,0.6,0.4,0.0,0.7,0.1,1.8,1.0,0.6,0.2,0.0,1.7,0.7,0.1,0.7,0.2,0.2,1.7,0.5999999999999999
2021,9828.6,8671.0,1.0,1.0,8762.8,6136.0,3.0,3.0,1,1,0,0,1065.800000000001,2535.0,-2.0,-2.0,1776.0,1776.0,5.0,5.0,1886.0,1886.0,1.0,1.0,1,1,0,4.0,4.0,2.3333333333333335,1,3.0,0.4,0.8,0.6,0.0,0.4,0.6,0.4,2.0,1.2,0.6,0.2,0.4,3.1,0.7,0.1,0.4,0.2,0.3,1.3,1.4000000000000001
2021,3238.2,2061.8,27.0,29.0,7360.0,4574.8,4.0,6.0,1,1,0,0,-4121.8,-2513.0,23.0,23.0,1776.0,1776.0,5.0,5.0,1886.0,1886.0,1.0,1.0,1,1,0,4.0,4.0,0.0,1,1.4,0.8,0.4,0.2,0.4,0.6,0.3,0.6,0.6,0.4,0.4,0.4,0.6,1.2,0.6,0.2,0.0,0.6,0.5,1.7,0.10000000000000009
2021,9828.6,8671.0,1.0,1.0,3238.2,2061.8,27.0,29.0,1,1,0,0,6590.400000000001,6609.2,-26.0,-28.0,1776.0,1776.0,5.0,5.0,1776.0,1776.0,5.0,5.0,1,1,0,0.0,0.0,0.0,0,2.4,0.6,0.6,0.6,0.2,0.2,0.6,0.3,1.6,0.6,0.4,0.2,0.4,1.7,0.6,0.1,0.6,0.4,0.5,1.7,0.7
2021,815.0,811.0,64.0,54.0,4408.1,3289.3,13.0,15.0,1,1,0,0,-3593.1000000000004,-2478.3,51.0,39.0,1308.0,1308.0,80.0,80.0,1776.0,1776.0,5.0,5.0,1,1,0,75.0,75.0,0.0,0,0.0,0.0,0.0,0.0,0.0,0.0,0.0,0.0,0.4,0.8,0.2,0.6,0.4,1.0,0.3,0.4,0.3,0.0,0.0,1.5,-1.5
2021,1343.1,1024.3,47.0,49.0,5521.0,3100.6,8.0,17.0,1,1,0,0,-4177.9,-2076.3,39.0,32.0,1886.0,1886.0,1.0,1.0,1679.0,1679.0,13.0,13.0,1,1,0,-12.0,-12.0,0.0,0,0.0,0.0,0.0,0.0,0.0,0.0,0.0,0.0,0.8,1.6,0.2,0.4,0.6,1.1,0.5,0.3,0.3,0.0,0.0,1.6,-1.6
2021,1298.0,1054.0,50.0,48.0,4292.4,2211.6,15.0,26.0,1,1,0,0,-2994.3999999999996,-1157.6,35.0,22.0,1477.0,1477.0,47.0,47.0,1476.0,1476.0,48.0,48.0,1,1,0,-1.0,-1.0,-1.5,1,0.6,2.0,0.4,0.4,0.4,0.2,0.4,0.3,1.0,1.4,0.2,0.6,0.2,1.1,0.1,0.5,0.7,0.2,1.0,0.8,1.325
2021,3238.2,2061.8,27.0,29.0,3176.6,2162.6,28.0,27.0,1,1,0,0,61.59999999999991,-100.79999999999973,-1.0,2.0,1776.0,1776.0,5.0,5.0,1568.0,1568.0,24.0,24.0,1,1,0,-19.0,-19.0,-0.5,1,1.6,0.6,0.4,0.4,0.4,0.4,0.2,0.6,0.8,1.8,0.2,0.8,0.2,0.7,0.3,0.6,0.3,0.6,0.4,1.6,0.5
2021,2064.1,1300.1,38.0,39.0,5631.5,3866.7,7.0,11.0,1,1,0,0,-3567.4,-2566.6,31.0,28.0,1483.0,1483.0,42.0,42.0,1776.0,1776.0,5.0,5.0,1,1,0,37.0,37.0,0.0,0,0.8,1.2,0.4,0.4,0.4,0.2,0.3,0.3,2.6,1.8,0.4,0.4,0.2,1.7,0.3,0.6,0.7,1.2,1.2,0.4,0.7000000000000001
2021,3261.3,2334.5,26.0,23.0,9303.1,8609.1,2.0,2.0,1,1,0,0,-6041.8,-6274.6,24.0,21.0,1886.0,1886.0,1.0,1.0,1776.0,1776.0,5.0,5.0,1,1,0,-4.0,-4.0,0.0,0,1.6,0.8,0.6,0.4,0.2,0.4,0.5,0.25,2.2,0.8,0.6,0.0,0.2,2.3,0.7,0.1,0.6,0.5,0.5,1.3,1.2
2021,494.7,494.7,81.0,71.0,5168.0,4237.6,10.0,8.0,1,1,0,0,-4673.3,-3742.9000000000005,71.0,63.0,1462.0,1462.0,52.0,52.0,1568.0,1568.0,24.0,24.0,1,1,0,28.0,28.0,0.0,0,0.0,0.0,0.0,0.0,0.0,0.0,0.0,0.0,1.2,1.8,0.4,0.6,0.0,1.5,0.4,0.5,0.5,0.0,0.0,0.8,-0.8
2021,2177.3,756.5,36.0,56.0,3708.7,2354.7,20.0,22.0,1,1,0,0,-1531.3999999999996,-1598.1999999999998,16.0,34.0,1679.0,1679.0,14.0,14.0,1476.0,1476.0,48.0,48.0,1,1,0,-34.0,-34.0,0.0,0,1.0,1.2,0.2,0.2,0.2,0.6,0.4,0.4,1.6,0.6,0.6,0.2,0.6,2.6,0.7,0.1,0.2,1.0,1.0,2.1,-1.2428571428571429
2021,1865.3,1424.5,41.0,36.0,7360.0,4574.8,4.0,6.0,1,1,0,0,-5494.7,-3150.3,37.0,30.0,1308.0,1308.0,80.0,80.0,1886.0,1886.0,1.0,1.0,1,1,0,79.0,79.0,0.0,0,0.6,1.6,0.2,0.6,0.6,0.2,0.7,0.2,1.4,1.6,0.4,0.6,0.2,1.3333333333333333,0.3333333333333333,0.6666666666666666,0.6666666666666666,0.0,0.2,0.0,2.1
2021,132.0,132.0,158.0,133.0,5312.7,4789.9,9.0,5.0,1,1,0,0,-5180.7,-4657.9,149.0,128.0,1679.0,1679.0,13.0,13.0,1886.0,1886.0,1.0,1.0,1,1,0,12.0,12.0,0.0,0,1.4,1.4,0.2,0.2,0.2,0.8,0.16666666666666666,0.6666666666666666,0.8,1.0,0.2,0.2,0.2,1.3,0.5,0.2,0.6,1.0,1.0,1.4,-0.7333333333333333
2021,4128.4,4104.4,16.0,10.0,2223.4,2223.4,33.0,25.0,1,1,0,0,1904.9999999999995,1880.9999999999995,-17.0,-15.0,1568.0,1568.0,24.0,24.0,1886.0,1886.0,1.0,1.0,1,1,0,23.0,23.0,0.0,0,0.4,2.6,0.0,0.0,0.6,0.4,0.1,0.5,0.4,1.0,0.2,0.6,0.4,0.9,0.5,0.3,0.0,1.4,1.1,1.7,-0.09999999999999987
2021,272.3,272.3,114.0,99.0,5949.2,5502.0,6.0,4.0,1,1,0,0,-5676.9,-5229.7,108.0,95.0,1477.0,1477.0,47.0,47.0,1776.0,1776.0,5.0,5.0,1,1,0,42.0,42.0,0.0,0,0.0,0.0,0.0,0.0,0.0,0.0,0.0,0.0,2.0,1.4,0.6,0.4,0.4,1.4,0.5,0.4,0.2,0.0,0.0,1.0,-1.0
2021,2247.0,1267.4,32.0,42.0,9828.6,8671.0,1.0,1.0,1,1,0,0,-7581.6,-7403.6,31.0,41.0,1483.0,1483.0,42.0,42.0,1776.0,1776.0,5.0,5.0,1,1,0,37.0,37.0,0.0,0,0.0,0.0,0.0,0.0,0.0,0.0,0.0,0.0,1.0,1.0,0.4,0.2,0.2,1.2,0.6,0.2,0.5,0.0,0.0,1.2,-1.2
2021,2855.4,1816.2,30.0,31.0,2187.3,1070.5,35.0,47.0,1,1,0,0,668.0999999999999,745.7,-5.0,-16.0,1679.0,1679.0,14.0,14.0,1462.0,1462.0,52.0,52.0,1,1,0,-38.0,-38.0,0.0,0,1.0,0.8,0.4,0.4,0.6,0.2,0.4,0.2,1.2,1.2,0.4,0.4,0.2,1.0,0.3,0.5,0.5,0.4,0.7,0.3333333333333333,2.1666666666666665
2021,4968.5,4537.3,11.0,7.0,8762.8,6136.0,3.0,3.0,1,1,0,0,-3794.2999999999993,-1598.6999999999998,8.0,4.0,1776.0,1776.0,5.0,5.0,1886.0,1886.0,1.0,1.0,1,1,0,4.0,4.0,0.0,0,0.0,0.0,0.0,0.0,0.0,0.0,0.0,0.0,2.2,1.0,0.8,0.2,0.6,2.5,0.7,0.1,0.4,0.0,0.0,1.3,-1.3
2021,2209.0,1851.0,34.0,30.0,1175.6,733.6,53.0,58.0,1,1,0,0,1033.4,1117.4,-19.0,-28.0,1679.0,1679.0,14.0,14.0,1679.0,1679.0,14.0,14.0,1,1,0,0.0,0.0,0.0,0,1.4,2.0,0.4,0.0,0.4,0.6,0.1,0.4,0.8,0.4,0.2,0.2,0.6,1.0,0.2,0.2,0.4,1.2,1.3333333333333333,1.4,-0.28888888888888875
2021,5168.0,4237.6,10.0,8.0,3261.3,2334.5,26.0,23.0,1,1,0,0,1906.6999999999998,1903.1000000000004,-16.0,-15.0,1568.0,1568.0,24.0,24.0,1886.0,1886.0,1.0,1.0,1,1,0,23.0,23.0,0.0,0,1.6,1.4,0.4,0.4,0.2,0.4,0.5,0.3,1.6,1.4,0.4,0.4,0.2,1.4444444444444444,0.5555555555555556,0.3333333333333333,0.3333333333333333,1.4,1.2,1.5,0.6000000000000001
2021,9828.6,8671.0,1.0,1.0,4128.4,4104.4,16.0,10.0,1,1,0,0,5700.200000000001,4566.6,-15.0,-9.0,1776.0,1776.0,5.0,5.0,1568.0,1568.0,24.0,24.0,1,1,0,-19.0,-19.0,0.0,0,2.0,0.8,0.8,0.6,0.2,0.2,0.6,0.3,0.6,1.0,0.2,0.2,0.6,1.6,0.4,0.3,0.3,0.4,0.5,0.9,1.5
2021,4408.1,3289.3,13.0,15.0,1298.0,1054.0,50.0,48.0,1,1,0,0,3110.1000000000004,2235.3,-37.0,-33.0,1776.0,1776.0,5.0,5.0,1477.0,1477.0,47.0,47.0,1,1,0,-42.0,-42.0,0.0,0,0.4,1.0,0.2,0.4,0.6,0.2,0.4,0.3,1.0,1.6,0.6,0.4,0.4,1.2,0.5,0.5,0.4,1.2,1.1,0.25,1.75
2021,9303.1,8609.1,2.0,2.0,494.7,494.7,81.0,71.0,1,1,0,0,8808.4,8114.400000000001,-79.0,-69.0,1776.0,1776.0,5.0,5.0,1462.0,1462.0,52.0,52.0,1,1,0,-47.0,-47.0,0.0,0,2.4,1.0,0.6,0.2,0.0,0.8,0.2,0.7,2.0,2.0,0.0,0.0,0.0,2.0,0.0,0.0,1.0,0.6,0.5,0.0,2.5
2021,7360.0,4574.8,4.0,6.0,3238.2,2061.8,27.0,29.0,1,1,0,0,4121.8,2513.0,-23.0,-23.0,1886.0,1886.0,1.0,1.0,1776.0,1776.0,5.0,5.0,1,1,0,-4.0,-4.0,-1.5,1,0.6,0.8,0.4,0.6,0.6,0.0,0.7,0.0,1.4,0.8,0.4,0.4,0.4,1.5,0.5,0.3,0.5,0.2,0.2,1.7,0.40000000000000013
2021,5949.2,5502.0,6.0,4.0,2177.3,756.5,36.0,56.0,1,1,0,0,3771.8999999999996,4745.5,-30.0,-52.0,1776.0,1776.0,5.0,5.0,1679.0,1679.0,14.0,14.0,1,1,0,-9.0,-9.0,0.0,0,1.4,1.8,0.4,0.0,0.2,0.8,0.1,0.5,1.0,1.6,0.0,0.4,0.2,1.0,0.14285714285714285,0.42857142857142855,0.5714285714285714,1.0,0.9,1.3333333333333333,0.8666666666666669
2021,2223.4,2223.4,33.0,25.0,2247.0,1267.4,32.0,42.0,1,1,0,0,-23.59999999999991,956.0,1.0,-17.0,1886.0,1886.0,1.0,1.0,1483.0,1483.0,42.0,42.0,1,1,0,-41.0,-41.0,0.0,0,1.2,1.2,0.4,0.4,0.2,0.4,0.4,0.2,0.4,2.2,0.0,1.0,0.0,0.5,0.1,0.7,0.4,2.2,1.8,0.5,0.30000000000000004
2021,3708.7,2354.7,20.0,22.0,272.3,272.3,114.0,99.0,1,1,0,0,3436.3999999999996,2082.3999999999996,-94.0,-77.0,1476.0,1476.0,48.0,48.0,1477.0,1477.0,47.0,47.0,1,1,0,1.0,1.0,0.0,0,2.2,1.2,0.6,0.4,0.2,0.4,0.5,0.4,1.6,1.6,0.4,0.4,0.0,1.0,0.3,0.6,0.5,0.8,0.6,0.6666666666666666,1.6333333333333333
2021,4292.4,2211.6,15.0,26.0,815.0,811.0,64.0,54.0,1,1,0,0,3477.3999999999996,1400.6,-49.0,-28.0,1476.0,1476.0,48.0,48.0,1308.0,1308.0,80.0,80.0,1,1,0,-32.0,-32.0,-0.5,1,0.4,2.0,0.0,0.4,0.8,0.2,0.5,0.3,0.6,0.6,0.4,0.4,0.6,1.5,0.6,0.3,0.2,1.6,1.0,0.7,1.0
2021,1175.6,733.6,53.0,58.0,4968.5,4537.3,11.0,7.0,1,1,0,0,-3792.9,-3803.7000000000003,42.0,51.0,1679.0,1679.0,14.0,14.0,1776.0,1776.0,5.0,5.0,1,1,0,9.0,9.0,0.0,0,1.4,1.4,0.4,0.2,0.2,0.6,0.14285714285714285,0.7142857142857143,1.2,1.6,0.2,0.6,0.2,0.8,0.2,0.4,0.4,1.0,1.0,0.7142857142857143,1.2857142857142856
2021,5521.0,3100.6,8.0,17.0,2855.4,1816.2,30.0,31.0,1,1,0,0,2665.6,1284.3999999999999,-22.0,-14.0,1679.0,1679.0,13.0,13.0,1679.0,1679.0,14.0,14.0,1,1,0,-1.0,-1.0,0.0,0,1.0,1.8,0.0,0.2,0.4,0.6,0.1,0.7,2.0,0.0,1.0,0.0,1.0,2.0,1.0,0.0,0.0,1.4,1.3,0.0,1.4
2021,8762.8,6136.0,3.0,3.0,2209.0,1851.0,34.0,30.0,1,1,0,0,6553.799999999999,4285.0,-31.0,-27.0,1886.0,1886.0,1.0,1.0,1679.0,1679.0,14.0,14.0,1,1,0,-13.0,-13.0,0.0,0,1.0,0.8,0.4,0.4,0.4,0.4,0.3,0.6,1.0,1.0,0.0,0.0,0.0,1.0,0.0,0.0,1.0,0.8,1.1,0.0,2.0
2021,3176.6,2162.6,28.0,27.0,1865.3,1424.5,41.0,36.0,1,1,0,0,1311.3,738.0999999999999,-13.0,-9.0,1568.0,1568.0,24.0,24.0,1308.0,1308.0,80.0,80.0,1,1,0,-56.0,-56.0,0.0,0,1.0,0.6,0.2,0.4,0.4,0.4,0.4,0.5,1.0,1.0,0.0,0.0,0.0,1.0,0.0,0.0,1.0,0.6,0.4,0.0,1.5
2021,5312.7,4789.9,9.0,5.0,2064.1,1300.1,38.0,39.0,1,1,0,0,3248.6,3489.7999999999997,-29.0,-34.0,1886.0,1886.0,1.0,1.0,1483.0,1483.0,42.0,42.0,1,1,0,-41.0,-41.0,0.5,1,0.8,1.0,0.2,0.2,0.2,0.6,0.3,0.5,0.6,1.6,0.4,0.6,0.4,0.9,0.2,0.7,0.3,0.6,0.5,0.4,1.7000000000000002
2021,5631.5,3866.7,7.0,11.0,132.0,132.0,158.0,133.0,1,1,0,0,5499.5,3734.7,-151.0,-122.0,1776.0,1776.0,5.0,5.0,1679.0,1679.0,13.0,13.0,1,1,0,-8.0,-8.0,0.0,0,2.6,1.8,0.4,0.2,0.0,0.8,0.2,0.7,1.0,1.0,0.0,0.0,0.0,1.0,0.0,0.0,1.0,1.0,0.7,0.0,2.2
2021,2187.3,1070.5,35.0,47.0,1343.1,1024.3,47.0,49.0,1,1,0,0,844.2000000000003,46.200000000000045,-12.0,-2.0,1462.0,1462.0,52.0,52.0,1886.0,1886.0,1.0,1.0,1,1,0,51.0,51.0,0.0,0,1.0,1.2,0.4,0.2,0.4,0.4,0.1,0.5,2.0,0.0,1.0,0.0,1.0,2.0,1.0,0.0,0.0,1.2,1.2222222222222223,0.0,1.7777777777777777
2021,5168.0,4237.6,10.0,8.0,9303.1,8609.1,2.0,2.0,1,1,0,0,-4135.1,-4371.5,8.0,6.0,1568.0,1568.0,24.0,24.0,1776.0,1776.0,5.0,5.0,1,1,0,19.0,19.0,-2.0,1,1.2,1.6,0.4,0.0,0.2,0.8,0.1,0.5,1.0,0.8,0.4,0.2,0.4,1.2,0.4,0.2,0.5,1.0,1.0,1.7,0.5000000000000002
2021,494.7,494.7,81.0,71.0,3261.3,2334.5,26.0,23.0,1,1,0,0,-2766.6000000000004,-1839.8,55.0,48.0,1462.0,1462.0,52.0,52.0,1886.0,1886.0,1.0,1.0,1,1,0,51.0,51.0,0.0,0,1.4,1.4,0.4,0.2,0.2,0.6,0.25,0.625,2.4,0.8,0.8,0.2,0.6,2.9,0.8,0.1,0.3,0.75,0.75,2.4,-0.1499999999999999
2021,3238.2,2061.8,27.0,29.0,1865.3,1424.5,41.0,36.0,1,1,0,0,1372.8999999999999,637.3000000000002,-14.0,-7.0,1776.0,1776.0,5.0,5.0,1308.0,1308.0,80.0,80.0,1,1,0,-75.0,-75.0,0.0,0,1.8,0.8,0.6,0.6,0.2,0.2,0.4,0.2,1.0,0.6,0.6,0.2,0.8,0.9,0.5,0.3,0.0,2.0,1.6,1.9,-0.7999999999999998
2021,3176.6,2162.6,28.0,27.0,7360.0,4574.8,4.0,6.0,1,1,0,0,-4183.4,-2412.2000000000003,24.0,21.0,1568.0,1568.0,24.0,24.0,1886.0,1886.0,1.0,1.0,1,1,0,23.0,23.0,0.0,0,1.5,3.0,0.0,0.0,0.0,1.0,0.0,1.0,1.2,1.8,0.2,0.6,0.2,1.4,0.5,0.4,0.4,2.0,2.0,1.2,-0.19999999999999996
2021,2223.4,2223.4,33.0,25.0,9828.6,8671.0,1.0,1.0,1,1,0,0,-7605.200000000001,-6447.6,32.0,24.0,1886.0,1886.0,1.0,1.0,1776.0,1776.0,5.0,5.0,1,1,0,-4.0,-4.0,-0.5,1,1.4,1.6,0.4,0.2,0.2,0.6,0.4,0.4,2.4,1.2,0.6,0.0,0.0,2.3,0.7,0.1,0.7,1.0,1.0,1.3,1.0999999999999999
2021,5949.2,5502.0,6.0,4.0,3708.7,2354.7,20.0,22.0,1,1,0,0,2240.5,3147.3,-14.0,-18.0,1776.0,1776.0,5.0,5.0,1476.0,1476.0,48.0,48.0,1,1,0,-43.0,-43.0,1.0,1,0.6,1.0,0.2,0.4,0.8,0.0,0.2,0.4,0.2,2.6,0.0,1.0,0.0,0.4,0.1,0.8,0.3,1.0,0.5,0.2,1.6
2021,4128.4,4104.4,16.0,10.0,2247.0,1267.4,32.0,42.0,1,1,0,0,1881.3999999999996,2836.9999999999995,-16.0,-32.0,1568.0,1568.0,24.0,24.0,1483.0,1483.0,42.0,42.0,1,1,0,-18.0,-18.0,0.0,0,0.6,1.2,0.2,0.6,0.6,0.2,0.6,0.2,0.8,2.2,0.0,0.8,0.0,0.8,0.2,0.4,0.4,0.2,0.2,0.625,1.475
2021,4408.1,3289.3,13.0,15.0,4292.4,2211.6,15.0,26.0,1,1,0,0,115.70000000000073,1077.7000000000003,-2.0,-11.0,1776.0,1776.0,5.0,5.0,1476.0,1476.0,48.0,48.0,1,1,0,-43.0,-43.0,0.0,0,1.2,1.0,0.4,0.4,0.4,0.2,0.5,0.2,1.4,2.0,0.2,0.8,0.0,1.2,0.2,0.5,0.8,1.0,1.0,0.8,1.2
2021,5312.7,4789.9,9.0,5.0,5631.5,3866.7,7.0,11.0,1,1,0,0,-318.8000000000002,923.1999999999998,2.0,-6.0,1886.0,1886.0,1.0,1.0,1776.0,1776.0,5.0,5.0,1,1,0,-4.0,-4.0,0.0,0,1.0,1.0,0.4,0.2,0.2,0.6,0.2,0.6,2.6,1.4,0.6,0.4,0.4,2.0,0.4,0.5,0.6,0.8,0.6,0.6,1.6999999999999997
2021,132.0,132.0,158.0,133.0,2064.1,1300.1,38.0,39.0,1,1,0,0,-1932.1,-1168.1,120.0,94.0,1679.0,1679.0,13.0,13.0,1483.0,1483.0,42.0,42.0,1,1,0,-29.0,-29.0,0.0,0,0.5,1.5,0.0,0.0,0.5,0.5,0.0,0.5,0.8,1.4,0.4,0.6,0.4,0.9,0.2,0.7,0.3,1.0,1.0,0.3,0.7
2021,2187.3,1070.5,35.0,47.0,5521.0,3100.6,8.0,17.0,1,1,0,0,-3333.7,-2030.1,27.0,30.0,1462.0,1462.0,52.0,52.0,1679.0,1679.0,13.0,13.0,1,1,0,39.0,39.0,0.0,0,0.6,1.6,0.2,0.0,0.6,0.4,0.1,0.4,1.2,2.8,0.0,0.6,0.2,1.3,0.3,0.4,0.4,1.6,1.3,1.6,0.0
2021,2209.0,1851.0,34.0,30.0,4968.5,4537.3,11.0,7.0,1,1,0,0,-2759.5,-2686.3,23.0,23.0,1679.0,1679.0,14.0,14.0,1776.0,1776.0,5.0,5.0,1,1,0,9.0,9.0,0.0,0,1.5,1.0,0.5,0.5,0.0,0.5,0.5,0.5,0.8,2.4,0.4,0.6,0.2,1.0,0.5,0.5,0.3,0.0,0.0,0.2222222222222222,2.7777777777777777
2021,2855.4,1816.2,30.0,31.0,1343.1,1024.3,47.0,49.0,1,1,0,0,1512.3000000000002,791.9000000000001,-17.0,-18.0,1679.0,1679.0,14.0,14.0,1886.0,1886.0,1.0,1.0,1,1,0,13.0,13.0,-0.5,1,1.0,0.8,0.2,0.4,0.4,0.4,0.4,0.5,2.2,1.4,0.6,0.2,0.2,2.0,0.7,0.1,0.5,1.0,0.6,1.3,-0.10000000000000009
2021,1175.6,733.6,53.0,58.0,8762.8,6136.0,3.0,3.0,1,1,0,0,-7587.199999999999,-5402.4,50.0,55.0,1679.0,1679.0,14.0,14.0,1886.0,1886.0,1.0,1.0,1,1,0,13.0,13.0,0.0,0,0.5,0.5,0.0,0.5,0.5,0.5,0.5,0.5,0.6,1.2,0.0,0.4,0.2,1.0,0.125,0.5,0.625,1.0,1.0,1.0,0.0
2021,272.3,272.3,114.0,99.0,2177.3,756.5,36.0,56.0,1,1,0,0,-1905.0000000000002,-484.2,78.0,43.0,1477.0,1477.0,47.0,47.0,1679.0,1679.0,14.0,14.0,1,1,0,33.0,33.0,0.0,0,1.4,1.8,0.2,0.0,0.2,0.8,0.1,0.6,1.5,1.0,0.5,0.0,0.0,1.5,0.5,0.0,1.0,1.4,1.3,3.0,-1.9
2021,815.0,811.0,64.0,54.0,1298.0,1054.0,50.0,48.0,1,1,0,0,-483.0,-243.0,14.0,6.0,1308.0,1308.0,80.0,80.0,1477.0,1477.0,47.0,47.0,1,1,0,33.0,33.0,0.0,0,1.4,1.2,0.4,0.6,0.4,0.2,0.5,0.2,2.0,0.0,1.0,0.0,1.0,2.0,1.0,0.0,0.0,0.2,0.6,3.0,-0.5
2021,1298.0,1054.0,50.0,48.0,4408.1,3289.3,13.0,15.0,1,1,0,0,-3110.1000000000004,-2235.3,37.0,33.0,1477.0,1477.0,47.0,47.0,1776.0,1776.0,5.0,5.0,1,1,0,42.0,42.0,-4.0,1,0.8,2.0,0.4,0.2,0.6,0.2,0.3,0.2,2.2,0.8,0.6,0.4,0.4,1.6,0.4,0.4,0.3,0.6,1.1111111111111112,1.5,0.7222222222222223
2021,4128.4,4104.4,16.0,10.0,9828.6,8671.0,1.0,1.0,1,1,0,0,-5700.200000000001,-4566.6,15.0,9.0,1568.0,1568.0,24.0,24.0,1776.0,1776.0,5.0,5.0,1,1,0,19.0,19.0,-5.0,1,1.0,1.2,0.2,0.6,0.6,0.2,0.6,0.2,2.2,1.0,0.8,0.2,0.4,2.6,0.8,0.1,0.4,0.2,0.2,2.4,-0.2999999999999998
2021,3238.2,2061.8,27.0,29.0,7360.0,4574.8,4.0,6.0,1,1,0,0,-4121.8,-2513.0,23.0,23.0,1776.0,1776.0,5.0,5.0,1886.0,1886.0,1.0,1.0,1,1,0,4.0,4.0,0.3333333333333333,1,1.6,1.0,0.4,0.4,0.6,0.0,0.3,0.3,0.6,0.8,0.4,0.4,0.6,0.9,0.5,0.4,0.0,0.8,0.5,1.6,0.19999999999999996
2021,2064.1,1300.1,38.0,39.0,5312.7,4789.9,9.0,5.0,1,1,0,0,-3248.6,-3489.7999999999997,29.0,34.0,1483.0,1483.0,42.0,42.0,1886.0,1886.0,1.0,1.0,1,1,0,41.0,41.0,-0.6666666666666666,1,0.4,1.4,0.2,0.4,0.6,0.2,0.3,0.3,0.8,0.8,0.4,0.2,0.4,1.2,0.5,0.1,0.6,1.8,1.4,1.3,-0.30000000000000004
2021,1865.3,1424.5,41.0,36.0,3176.6,2162.6,28.0,27.0,1,1,0,0,-1311.3,-738.0999999999999,13.0,9.0,1308.0,1308.0,80.0,80.0,1568.0,1568.0,24.0,24.0,1,1,0,56.0,56.0,-4.0,1,0.2,3.0,0.0,0.0,0.8,0.2,0.1,0.2,1.8,0.4,0.8,0.2,0.8,1.2,0.5,0.5,0.2,1.4,1.1,1.8,-0.5
2021,494.7,494.7,81.0,71.0,9303.1,8609.1,2.0,2.0,1,1,0,0,-8808.4,-8114.400000000001,79.0,69.0,1462.0,1462.0,52.0,52.0,1776.0,1776.0,5.0,5.0,1,1,0,47.0,47.0,-3.0,1,1.0,2.6666666666666665,0.0,0.0,0.3333333333333333,0.6666666666666666,0.0,0.6666666666666666,2.4,1.4,0.6,0.0,0.0,2.4,0.7,0.1,0.7,2.0,2.0,1.6,-1.1
2021,132.0,132.0,158.0,133.0,5631.5,3866.7,7.0,11.0,1,1,0,0,-5499.5,-3734.7,151.0,122.0,1679.0,1679.0,13.0,13.0,1776.0,1776.0,5.0,5.0,1,1,0,8.0,8.0,1.0,1,1.3333333333333333,1.0,0.3333333333333333,0.0,0.0,1.0,0.0,1.0,1.0,0.8,0.2,0.4,0.4,0.8,0.1,0.2,0.5,1.0,1.0,1.2,-0.19999999999999996
2021,2247.0,1267.4,32.0,42.0,2223.4,2223.4,33.0,25.0,1,1,0,0,23.59999999999991,-956.0,-1.0,17.0,1483.0,1483.0,42.0,42.0,1886.0,1886.0,1.0,1.0,1,1,0,41.0,41.0,2.0,1,2.0,0.0,1.0,1.0,0.0,0.0,1.0,0.0,1.0,1.6,0.4,0.6,0.0,0.9,0.3,0.6,0.4,0.0,0.0,0.3,2.7
2021,2209.0,1851.0,34.0,30.0,8762.8,6136.0,3.0,3.0,1,1,0,0,-6553.799999999999,-4285.0,31.0,27.0,1679.0,1679.0,14.0,14.0,1886.0,1886.0,1.0,1.0,1,1,0,13.0,13.0,0.3333333333333333,1,1.4,1.6,0.4,0.4,0.4,0.2,0.4,0.2,1.4,3.4,0.0,0.8,0.0,1.3,0.2,0.5,0.5,0.6,0.7,1.3,0.9000000000000001
2021,272.3,272.3,114.0,99.0,3708.7,2354.7,20.0,22.0,1,1,0,0,-3436.3999999999996,-2082.3999999999996,94.0,77.0,1477.0,1477.0,47.0,47.0,1476.0,1476.0,48.0,48.0,1,1,0,-1.0,-1.0,0.0,1,0.3333333333333333,0.3333333333333333,0.0,0.6666666666666666,0.6666666666666666,0.3333333333333333,0.6666666666666666,0.3333333333333333,0.6,1.4,0.2,0.4,0.4,1.1,0.3,0.3,0.5,0.5,0.5,1.4,-0.3999999999999999
2021,2855.4,1816.2,30.0,31.0,5521.0,3100.6,8.0,17.0,1,1,0,0,-2665.6,-1284.3999999999999,22.0,14.0,1679.0,1679.0,14.0,14.0,1679.0,1679.0,13.0,13.0,1,1,0,1.0,1.0,-1.0,1,0.8,1.8,0.0,0.0,0.2,0.8,0.0,0.7,1.0,1.0,0.4,0.2,0.4,1.8,0.6,0.1,0.4,1.4,1.1,1.3,-0.10000000000000009
2021,4968.5,4537.3,11.0,7.0,1175.6,733.6,53.0,58.0,1,1,0,0,3792.9,3803.7000000000003,-42.0,-51.0,1776.0,1776.0,5.0,5.0,1679.0,1679.0,14.0,14.0,1,1,0,-9.0,-9.0,-3.0,1,0.8,2.6,0.0,0.0,0.4,0.6,0.3,0.4,1.2,1.6,0.2,0.6,0.2,1.4444444444444444,0.3333333333333333,0.5555555555555556,0.6666666666666666,1.0,1.25,0.25,0.5
2021,1343.1,1024.3,47.0,49.0,2187.3,1070.5,35.0,47.0,1,1,0,0,-844.2000000000003,-46.200000000000045,12.0,2.0,1886.0,1886.0,1.0,1.0,1462.0,1462.0,52.0,52.0,1,1,0,-51.0,-51.0,-2.0,1,0.3333333333333333,1.0,0.0,0.3333333333333333,0.6666666666666666,0.3333333333333333,0.3333333333333333,0.3333333333333333,2.2,0.6,0.6,0.2,0.6,2.0,0.4,0.4,0.6,0.5,0.5,0.6,0.4
2021,815.0,811.0,64.0,54.0,4292.4,2211.6,15.0,26.0,1,1,0,0,-3477.3999999999996,-1400.6,49.0,28.0,1308.0,1308.0,80.0,80.0,1476.0,1476.0,48.0,48.0,1,1,0,32.0,32.0,-1.0,1,1.6666666666666667,0.6666666666666666,0.6666666666666666,0.6666666666666666,0.0,0.3333333333333333,0.6666666666666666,0.3333333333333333,1.4,2.8,0.2,0.8,0.0,1.2,0.2,0.5,0.8,0.0,0.0,0.7,2.3
2021,2177.3,756.5,36.0,56.0,5949.2,5502.0,6.0,4.0,1,1,0,0,-3771.8999999999996,-4745.5,30.0,52.0,1679.0,1679.0,14.0,14.0,1776.0,1776.0,5.0,5.0,1,1,0,9.0,9.0,-1.0,1,0.4,1.0,0.0,0.4,0.6,0.4,0.2222222222222222,0.5555555555555556,1.8,0.8,0.6,0.2,0.2,1.3,0.4,0.4,0.5,1.25,1.25,0.9,-0.4
2021,3261.3,2334.5,26.0,23.0,5168.0,4237.6,10.0,8.0,1,1,0,0,-1906.6999999999998,-1903.1000000000004,16.0,15.0,1886.0,1886.0,1.0,1.0,1568.0,1568.0,24.0,24.0,1,1,0,-23.0,-23.0,-2.0,1,1.4,1.8,0.2,0.2,0.2,0.6,0.4,0.4,1.8,1.6,0.4,0.4,0.2,1.8,0.5,0.4,0.5,1.0,1.0,1.0,1.0
2021,1865.3,1424.5,41.0,36.0,3238.2,2061.8,27.0,29.0,1,1,0,0,-1372.8999999999999,-637.3000000000002,14.0,7.0,1308.0,1308.0,80.0,80.0,1776.0,1776.0,5.0,5.0,1,1,0,75.0,75.0,-2.3333333333333335,1,0.4,2.4,0.2,0.2,0.8,0.0,0.2,0.2,1.2,1.0,0.4,0.6,0.4,1.4,0.4,0.4,0.2,1.2,1.0,1.4,0.10000000000000009
2021,2247.0,1267.4,32.0,42.0,4128.4,4104.4,16.0,10.0,1,1,0,0,-1881.3999999999996,-2836.9999999999995,16.0,32.0,1483.0,1483.0,42.0,42.0,1568.0,1568.0,24.0,24.0,1,1,0,18.0,18.0,-4.0,1,0.8,2.4,0.0,0.0,0.4,0.6,0.2,0.5,1.0,1.4,0.2,0.4,0.4,1.3,0.3,0.4,0.2,1.2,1.2222222222222223,0.9,-0.12222222222222223
2021,5631.5,3866.7,7.0,11.0,5312.7,4789.9,9.0,5.0,1,1,0,0,318.8000000000002,-923.1999999999998,-2.0,6.0,1776.0,1776.0,5.0,5.0,1886.0,1886.0,1.0,1.0,1,1,0,4.0,4.0,0.0,1,2.2,0.4,0.6,0.6,0.2,0.4,0.4,0.6,1.0,0.8,0.4,0.2,0.4,1.2,0.5,0.1,0.6,1.0,0.7,1.5,0.7000000000000002
2021,9828.6,8671.0,1.0,1.0,2223.4,2223.4,33.0,25.0,1,1,0,0,7605.200000000001,6447.6,-32.0,-24.0,1776.0,1776.0,5.0,5.0,1886.0,1886.0,1.0,1.0,1,1,0,4.0,4.0,1.0,1,2.4,0.6,1.0,0.6,0.0,0.4,0.6,0.3,1.4,1.2,0.2,0.4,0.2,1.4,0.3,0.5,0.7,0.4,0.5,0.4,2.0
2021,5521.0,3100.6,8.0,17.0,2187.3,1070.5,35.0,47.0,1,1,0,0,3333.7,2030.1,-27.0,-30.0,1679.0,1679.0,13.0,13.0,1462.0,1462.0,52.0,52.0,1,1,0,-39.0,-39.0,-2.0,1,1.4,3.0,0.0,0.2,0.4,0.6,0.4,0.4,1.2,1.2,0.6,0.4,0.2,1.0,0.4,0.5,0.4,2.4,1.4,0.5,1.0
2021,4968.5,4537.3,11.0,7.0,2209.0,1851.0,34.0,30.0,1,1,0,0,2759.5,2686.3,-23.0,-23.0,1776.0,1776.0,5.0,5.0,1679.0,1679.0,14.0,14.0,1,1,0,-9.0,-9.0,0.0,1,1.5,1.0,0.5,0.0,0.0,1.0,0.0,1.0,1.0,1.6,0.0,0.4,0.0,1.2,0.2,0.5,0.8,1.0,1.0,0.6,1.4
2021,9303.1,8609.1,2.0,2.0,5168.0,4237.6,10.0,8.0,1,1,0,0,4135.1,4371.5,-8.0,-6.0,1776.0,1776.0,5.0,5.0,1568.0,1568.0,24.0,24.0,1,1,0,-19.0,-19.0,0.0,1,0.6,1.6,0.0,0.2,0.4,0.6,0.2,0.6,0.25,0.5,0.0,0.25,0.5,0.25,0.0,0.25,0.25,1.6,1.6,1.0,-0.6
2021,3708.7,2354.7,20.0,22.0,5949.2,5502.0,6.0,4.0,1,1,0,0,-2240.5,-3147.3,14.0,18.0,1476.0,1476.0,48.0,48.0,1776.0,1776.0,5.0,5.0,1,1,0,43.0,43.0,0.0,1,0.4,1.4,0.2,0.4,0.6,0.2,0.3,0.3,0.5,1.0,0.0,0.25,0.25,0.5,0.0,0.25,0.5,1.8,1.5,0.0,0.9
2021,1298.0,1054.0,50.0,48.0,815.0,811.0,64.0,54.0,1,1,0,0,483.0,243.0,-14.0,-6.0,1477.0,1477.0,47.0,47.0,1308.0,1308.0,80.0,80.0,1,1,0,-33.0,-33.0,0.3333333333333333,1,1.2,0.6,0.4,0.4,0.2,0.6,0.4,0.5,1.2,1.0,0.2,0.4,0.4,0.8,0.1,0.3,0.5,0.8,0.5,1.2,1.3
2021,3261.3,2334.5,26.0,23.0,494.7,494.7,81.0,71.0,1,1,0,0,2766.6000000000004,1839.8,-55.0,-48.0,1886.0,1886.0,1.0,1.0,1462.0,1462.0,52.0,52.0,1,1,0,-51.0,-51.0,0.6666666666666666,1,2.6,1.6,0.6,0.0,0.0,1.0,0.1,0.8,1.8,1.8,0.4,0.4,0.2,1.9,0.5,0.4,0.6,0.6,0.5,1.0,1.7999999999999998
2021,8762.8,6136.0,3.0,3.0,1175.6,733.6,53.0,58.0,1,1,0,0,7587.199999999999,5402.4,-50.0,-55.0,1886.0,1886.0,1.0,1.0,1679.0,1679.0,14.0,14.0,1,1,0,-13.0,-13.0,-2.0,1,1.0,2.2,0.4,0.0,0.6,0.4,0.3,0.3,1.5,1.0,0.5,0.5,0.5,1.5,0.5,0.5,0.5,0.6,1.1,0.0,2.3
2021,2064.1,1300.1,38.0,39.0,132.0,132.0,158.0,133.0,1,1,0,0,1932.1,1168.1,-120.0,-94.0,1483.0,1483.0,42.0,42.0,1679.0,1679.0,13.0,13.0,1,1,0,29.0,29.0,0.0,1,0.8,1.0,0.4,0.6,0.4,0.2,0.4,0.4,2.4,0.8,0.8,0.0,0.2,1.6,0.5,0.4,0.6,0.6,0.9,1.1,1.0
2021,2177.3,756.5,36.0,56.0,272.3,272.3,114.0,99.0,1,1,0,0,1905.0000000000002,484.2,-78.0,-43.0,1679.0,1679.0,14.0,14.0,1477.0,1477.0,47.0,47.0,1,1,0,-33.0,-33.0,2.0,1,2.0,1.8,0.4,0.2,0.0,0.8,0.3,0.5,1.25,2.5,0.0,0.5,0.0,1.25,0.0,0.5,0.75,1.2,1.0,0.0,2.1666666666666665
2021,1343.1,1024.3,47.0,49.0,2855.4,1816.2,30.0,31.0,1,1,0,0,-1512.3000000000002,-791.9000000000001,17.0,18.0,1886.0,1886.0,1.0,1.0,1679.0,1679.0,14.0,14.0,1,1,0,-13.0,-13.0,2.0,1,1.5,0.25,0.75,0.75,0.25,0.0,0.75,0.0,1.4,1.2,0.4,0.2,0.6,1.1,0.3,0.4,0.2,0.5,0.5,0.8,0.7
2021,7360.0,4574.8,4.0,6.0,3176.6,2162.6,28.0,27.0,1,1,0,0,4183.4,2412.2000000000003,-24.0,-21.0,1886.0,1886.0,1.0,1.0,1568.0,1568.0,24.0,24.0,1,1,0,-23.0,-23.0,-1.0,1,0.6,1.0,0.4,0.4,0.6,0.0,0.5,0.0,1.4,0.8,0.6,0.4,0.6,1.1,0.4,0.6,0.2,0.2,0.1,1.5,0.6000000000000001
2021,4292.4,2211.6,15.0,26.0,4408.1,3289.3,13.0,15.0,1,1,0,0,-115.70000000000073,-1077.7000000000003,2.0,11.0,1476.0,1476.0,48.0,48.0,1776.0,1776.0,5.0,5.0,1,1,0,43.0,43.0,-5.0,1,1.4,2.4,0.4,0.0,0.2,0.8,0.1,0.8,2.4,1.0,0.6,0.4,0.4,1.7,0.4,0.5,0.4,1.4,1.2,1.2,0.5
2021,1175.6,733.6,53.0,58.0,2209.0,1851.0,34.0,30.0,1,1,0,0,-1033.4,-1117.4,19.0,28.0,1679.0,1679.0,14.0,14.0,1679.0,1679.0,14.0,14.0,1,1,0,0.0,0.0,0.0,1,1.2,0.4,0.6,0.6,0.2,0.4,0.4,0.5,0.4,1.2,0.0,0.4,0.2,0.4,0.0,0.4,0.4,0.6,0.4,0.0,2.1
2021,5631.5,3866.7,7.0,11.0,2064.1,1300.1,38.0,39.0,1,1,0,0,3567.4,2566.6,-31.0,-28.0,1776.0,1776.0,5.0,5.0,1483.0,1483.0,42.0,42.0,1,1,0,-37.0,-37.0,2.0,1,0.6,1.0,0.4,0.6,0.6,0.0,0.4,0.3,1.0,1.6,0.2,0.6,0.2,1.2,0.2,0.4,0.7,0.8,0.9,1.0,0.8
2021,8762.8,6136.0,3.0,3.0,4968.5,4537.3,11.0,7.0,1,1,0,0,3794.2999999999993,1598.6999999999998,-8.0,-4.0,1886.0,1886.0,1.0,1.0,1776.0,1776.0,5.0,5.0,1,1,0,-4.0,-4.0,0.0,1,2.2,0.6,0.8,0.4,0.0,0.6,0.2,0.6,0.4,1.0,0.0,0.4,0.4,0.4,0.0,0.4,0.4,1.0,0.9,0.5,1.7000000000000002
2021,5949.2,5502.0,6.0,4.0,272.3,272.3,114.0,99.0,1,1,0,0,5676.9,5229.7,-108.0,-95.0,1776.0,1776.0,5.0,5.0,1477.0,1477.0,47.0,47.0,1,1,0,-42.0,-42.0,0.0,1,1.2,0.8,0.4,0.2,0.2,0.8,0.4,0.5,1.4,1.2,0.4,0.2,0.0,1.4,0.4,0.2,1.0,1.0,0.6,2.0,0.7000000000000002
2021,5312.7,4789.9,9.0,5.0,132.0,132.0,158.0,133.0,1,1,0,0,5180.7,4657.9,-149.0,-128.0,1886.0,1886.0,1.0,1.0,1679.0,1679.0,13.0,13.0,1,1,0,-12.0,-12.0,3.0,1,1.2,0.4,0.4,0.6,0.4,0.2,0.4,0.5,0.6,1.4,0.2,0.6,0.4,0.7,0.3,0.5,0.2,0.8,0.7,0.4,1.8000000000000003
2021,3708.7,2354.7,20.0,22.0,2177.3,756.5,36.0,56.0,1,1,0,0,1531.3999999999996,1598.1999999999998,-16.0,-34.0,1476.0,1476.0,48.0,48.0,1679.0,1679.0,14.0,14.0,1,1,0,34.0,34.0,0.0,1,0.8,1.4,0.0,0.2,0.2,0.8,0.4,0.5,1.2,1.2,0.2,0.2,0.0,1.3,0.3,0.4,0.8,0.8,0.6,0.9,0.29999999999999993
2021,3176.6,2162.6,28.0,27.0,3238.2,2061.8,27.0,29.0,1,1,0,0,-61.59999999999991,100.79999999999973,1.0,-2.0,1568.0,1568.0,24.0,24.0,1776.0,1776.0,5.0,5.0,1,1,0,19.0,19.0,1.0,1,1.4,0.4,0.6,0.8,0.4,0.0,0.5,0.2,1.4,1.2,0.4,0.6,0.4,1.5,0.4,0.4,0.3,1.4,1.5,1.4,-0.2999999999999998
2021,7360.0,4574.8,4.0,6.0,1865.3,1424.5,41.0,36.0,1,1,0,0,5494.7,3150.3,-37.0,-30.0,1886.0,1886.0,1.0,1.0,1308.0,1308.0,80.0,80.0,1,1,0,-79.0,-79.0,1.0,1,0.6,0.4,0.4,0.6,0.6,0.0,0.5,0.0,0.8,2.2,0.4,0.6,0.2,0.6,0.2,0.8,0.3,0.2,0.1,0.2,1.7
2021,4292.4,2211.6,15.0,26.0,1298.0,1054.0,50.0,48.0,1,1,0,0,2994.3999999999996,1157.6,-35.0,-22.0,1476.0,1476.0,48.0,48.0,1477.0,1477.0,47.0,47.0,1,1,0,1.0,1.0,0.6666666666666666,1,1.4,2.4,0.4,0.0,0.2,0.8,0.1,0.7,2.4,2.2,0.6,0.4,0.0,1.5,0.5,0.5,0.4,1.4,1.1,0.2,1.2
2021,4408.1,3289.3,13.0,15.0,815.0,811.0,64.0,54.0,1,1,0,0,3593.1000000000004,2478.3,-51.0,-39.0,1776.0,1776.0,5.0,5.0,1308.0,1308.0,80.0,80.0,1,1,0,-75.0,-75.0,-2.0,1,2.4,1.0,0.6,0.4,0.2,0.4,0.4,0.3,1.6,2.2,0.4,0.6,0.4,1.6,0.4,0.6,0.6,1.2,1.1,0.0,2.0
2021,5521.0,3100.6,8.0,17.0,1343.1,1024.3,47.0,49.0,1,1,0,0,4177.9,2076.3,-39.0,-32.0,1679.0,1679.0,13.0,13.0,1886.0,1886.0,1.0,1.0,1,1,0,12.0,12.0,-2.0,1,1.2,1.8,0.2,0.4,0.4,0.4,0.5,0.3,1.4,0.2,0.8,0.2,0.8,1.4,0.8,0.2,0.0,2.0,1.4,3.0,-1.5
2021,2187.3,1070.5,35.0,47.0,2855.4,1816.2,30.0,31.0,1,1,0,0,-668.0999999999999,-745.7,5.0,16.0,1462.0,1462.0,52.0,52.0,1679.0,1679.0,14.0,14.0,1,1,0,38.0,38.0,-2.0,1,0.8,1.2,0.4,0.2,0.6,0.2,0.2,0.4,1.2,1.4,0.2,0.4,0.4,1.1,0.3,0.4,0.2,1.2,1.4,0.5,1.1
2021,9828.6,8671.0,1.0,1.0,2247.0,1267.4,32.0,42.0,1,1,0,0,7581.6,7403.6,-31.0,-41.0,1776.0,1776.0,5.0,5.0,1483.0,1483.0,42.0,42.0,1,1,0,-37.0,-37.0,0.0,1,2.0,1.4,0.4,0.2,0.0,0.8,0.2,0.7,1.4,2.0,0.2,0.6,0.2,1.0,0.2,0.5,0.3,1.0,1.0,0.9,0.9
2021,5168.0,4237.6,10.0,8.0,494.7,494.7,81.0,71.0,1,1,0,0,4673.3,3742.9000000000005,-71.0,-63.0,1568.0,1568.0,24.0,24.0,1462.0,1462.0,52.0,52.0,1,1,0,-28.0,-28.0,1.0,1,2.8,1.8,0.6,0.0,0.0,1.0,0.1,0.9,2.0,1.6,0.6,0.4,0.2,1.8,0.6,0.3,0.6,1.0,0.6,1.5,1.1
2021,2223.4,2223.4,33.0,25.0,4128.4,4104.4,16.0,10.0,1,1,0,0,-1904.9999999999995,-1880.9999999999995,17.0,15.0,1886.0,1886.0,1.0,1.0,1568.0,1568.0,24.0,24.0,1,1,0,-23.0,-23.0,1.0,1,2.8,1.4,0.8,0.4,0.0,0.6,0.5,0.4,1.2,2.6,0.2,0.6,0.0,1.1,0.2,0.5,0.6,1.2,0.9,0.5555555555555556,1.5444444444444445
2021,9303.1,8609.1,2.0,2.0,3261.3,2334.5,26.0,23.0,1,1,0,0,6041.8,6274.6,-24.0,-21.0,1776.0,1776.0,5.0,5.0,1886.0,1886.0,1.0,1.0,1,1,0,4.0,4.0,0.0,1,2.0,2.2,0.2,0.0,0.0,1.0,0.2,0.7,1.2,2.4,0.0,0.6,0.0,1.2,0.0,0.6,0.8,1.6,1.3,0.0,2.1
2022,7360.0,4574.8,4.0,6.0,5949.2,5502.0,6.0,4.0,1,1,0,0,1410.8000000000002,-927.1999999999998,-2.0,2.0,1886.0,1886.0,1.0,1.0,1776.0,1776.0,5.0,5.0,1,1,0,-4.0,-4.0,0.0,0,1.0,0.4,0.4,0.6,0.6,0.0,0.6,0.0,2.8,0.4,1.0,0.0,0.6,2.1,0.7,0.2,0.6,0.0,0.1,1.4,0.7000000000000002
2022,3708.7,2354.7,20.0,22.0,4968.5,4537.3,11.0,7.0,1,1,0,0,-1259.8000000000002,-2182.6000000000004,9.0,15.0,1476.0,1476.0,48.0,48.0,1776.0,1776.0,5.0,5.0,1,1,0,43.0,43.0,0.0,0,0.4,1.0,0.4,0.6,0.6,0.0,0.5,0.2,1.8,1.2,0.6,0.2,0.0,1.6666666666666667,0.5,0.16666666666666666,1.0,0.6,0.9,2.3333333333333335,-0.3333333333333335
2022,5631.5,3866.7,7.0,11.0,5312.7,4789.9,9.0,5.0,1,1,0,0,318.8000000000002,-923.1999999999998,-2.0,6.0,1776.0,1776.0,5.0,5.0,1886.0,1886.0,1.0,1.0,1,1,0,4.0,4.0,-0.5,1,1.2,0.4,0.4,0.6,0.4,0.2,0.4,0.5,1.6,0.2,0.8,0.0,0.8,1.2,0.5,0.1,0.4,0.8,0.7,1.7,0.5000000000000002
2022,2223.4,2223.4,33.0,25.0,9303.1,8609.1,2.0,2.0,1,1,0,0,-7079.700000000001,-6385.700000000001,31.0,23.0,1886.0,1886.0,1.0,1.0,1776.0,1776.0,5.0,5.0,1,1,0,-4.0,-4.0,0.0,0,2.0,1.4,0.4,0.2,0.0,0.8,0.2,0.7,2.2,1.4,0.4,0.0,0.2,2.3,0.5,0.0,0.8,0.8,1.0,1.6,0.06666666666666665
2022,8762.8,6136.0,3.0,3.0,1343.1,1024.3,47.0,49.0,1,1,0,0,7419.699999999999,5111.7,-44.0,-46.0,1886.0,1886.0,1.0,1.0,1886.0,1886.0,1.0,1.0,1,1,0,0.0,0.0,0.0,0,1.2,1.2,0.4,0.2,0.2,0.8,0.3,0.6,1.0,0.6,0.6,0.4,0.6,1.1666666666666667,0.6666666666666666,0.3333333333333333,0.0,1.6,0.9,2.0,0.3999999999999999
2022,2187.3,1070.5,35.0,47.0,9828.6,8671.0,1.0,1.0,1,1,0,0,-7641.3,-7600.5,34.0,46.0,1462.0,1462.0,52.0,52.0,1776.0,1776.0,5.0,5.0,1,1,0,47.0,47.0,0.0,0,1.2,0.8,0.6,0.4,0.4,0.2,0.3,0.3,3.4,1.0,0.8,0.2,0.6,2.7,0.8,0.2,0.3,0.8,1.3,2.6,-0.8
2022,3261.3,2334.5,26.0,23.0,3176.6,2162.6,28.0,27.0,1,1,0,0,84.70000000000027,171.9000000000001,-2.0,-4.0,1886.0,1886.0,1.0,1.0,1568.0,1568.0,24.0,24.0,1,1,0,-23.0,-23.0,0.0,0,1.6,1.0,0.6,0.4,0.2,0.6,0.3,0.6,1.6,0.6,0.6,0.2,0.6,1.4,0.5,0.4,0.3,1.4,1.0,1.3,0.9857142857142855
2022,4292.4,2211.6,15.0,26.0,4408.1,3289.3,13.0,15.0,1,1,0,0,-115.70000000000073,-1077.7000000000003,2.0,11.0,1476.0,1476.0,48.0,48.0,1776.0,1776.0,5.0,5.0,1,1,0,43.0,43.0,-3.0,1,2.2,2.2,0.6,0.0,0.2,0.8,0.1,0.7,2.4,0.6,0.6,0.2,0.6,1.4,0.4,0.4,0.3,1.6,1.3,1.2,0.19999999999999996
2022,5312.7,4789.9,9.0,5.0,5631.5,3866.7,7.0,11.0,1,1,0,0,-318.8000000000002,923.1999999999998,2.0,-6.0,1886.0,1886.0,1.0,1.0,1776.0,1776.0,5.0,5.0,1,1,0,-4.0,-4.0,0.3333333333333333,1,1.4,0.2,0.6,0.8,0.2,0.2,0.5,0.4,1.0,0.6,0.2,0.2,0.4,1.8,0.4,0.3,0.5,0.4,0.4,0.6,1.5
2022,5949.2,5502.0,6.0,4.0,7360.0,4574.8,4.0,6.0,1,1,0,0,-1410.8000000000002,927.1999999999998,2.0,-2.0,1776.0,1776.0,5.0,5.0,1886.0,1886.0,1.0,1.0,1,1,0,4.0,4.0,0.0,1,2.4,0.2,0.8,0.8,0.2,0.2,0.4,0.5,0.6,0.4,0.2,0.4,0.6,0.8,0.4,0.3,0.0,0.8,0.8,1.3,0.9000000000000001
2022,9303.1,8609.1,2.0,2.0,2223.4,2223.4,33.0,25.0,1,1,0,0,7079.700000000001,6385.700000000001,-31.0,-23.0,1776.0,1776.0,5.0,5.0,1886.0,1886.0,1.0,1.0,1,1,0,4.0,4.0,0.0,1,0.8,0.8,0.4,0.4,0.4,0.2,0.5714285714285714,0.14285714285714285,1.0,1.2,0.2,0.2,0.2,1.6,0.4,0.2,0.7,0.3333333333333333,0.3333333333333333,1.4,0.6000000000000001
2022,9828.6,8671.0,1.0,1.0,2187.3,1070.5,35.0,47.0,1,1,0,0,7641.3,7600.5,-34.0,-46.0,1776.0,1776.0,5.0,5.0,1462.0,1462.0,52.0,52.0,1,1,0,-47.0,-47.0,-1.0,1,0.8,0.8,0.4,0.4,0.6,0.2,0.5,0.2,1.6,0.4,0.8,0.0,0.6,1.4,0.5,0.3,0.5,1.0,1.5,1.4285714285714286,-0.12857142857142856
2022,3176.6,2162.6,28.0,27.0,3261.3,2334.5,26.0,23.0,1,1,0,0,-84.70000000000027,-171.9000000000001,2.0,4.0,1568.0,1568.0,24.0,24.0,1886.0,1886.0,1.0,1.0,1,1,0,23.0,23.0,1.0,1,1.6,1.2,0.4,0.4,0.2,0.6,0.2,0.8,1.4,1.6,0.2,0.4,0.0,1.4,0.3,0.4,0.7,1.0,0.6,0.8333333333333334,1.5666666666666664
2022,1343.1,1024.3,47.0,49.0,8762.8,6136.0,3.0,3.0,1,1,0,0,-7419.699999999999,-5111.7,44.0,46.0,1886.0,1886.0,1.0,1.0,1886.0,1886.0,1.0,1.0,1,1,0,0.0,0.0,1.0,1,2.6,1.0,0.8,0.6,0.0,0.4,0.6,0.3,1.2,0.6,0.6,0.4,0.4,0.9,0.4,0.5,0.3,1.2,0.7,0.5,1.9
2022,4408.1,3289.3,13.0,15.0,4292.4,2211.6,15.0,26.0,1,1,0,0,115.70000000000073,1077.7000000000003,-2.0,-11.0,1776.0,1776.0,5.0,5.0,1476.0,1476.0,48.0,48.0,1,1,0,-43.0,-43.0,2.0,1,1.6,0.6,0.4,0.6,0.4,0.4,0.5,0.3,1.8,2.0,0.4,0.4,0.2,1.6,0.3,0.6,0.7,0.6,0.9,1.0,1.0
2022,4968.5,4537.3,11.0,7.0,3708.7,2354.7,20.0,22.0,1,1,0,0,1259.8000000000002,2182.6000000000004,-9.0,-15.0,1776.0,1776.0,5.0,5.0,1476.0,1476.0,48.0,48.0,1,1,0,-43.0,-43.0,2.0,1,1.8,1.0,0.6,0.2,0.0,0.8,0.14285714285714285,0.8571428571428571,0.4,1.4,0.4,0.6,0.4,0.7,0.4,0.4,0.2,1.3333333333333333,1.3333333333333333,1.7,-0.3666666666666667
2022,5631.5,3866.7,7.0,11.0,9828.6,8671.0,1.0,1.0,1,1,0,0,-4197.1,-4804.3,6.0,10.0,1776.0,1776.0,5.0,5.0,1776.0,1776.0,5.0,5.0,1,1,0,0.0,0.0,0.0,0,1.6,0.8,0.4,0.2,0.2,0.6,0.4,0.5,2.4,0.8,0.8,0.2,0.8,2.3,0.8,0.2,0.3,0.6,0.7,2.6,-0.6000000000000001
2022,8762.8,6136.0,3.0,3.0,5949.2,5502.0,6.0,4.0,1,1,0,0,2813.5999999999995,634.0,-3.0,-1.0,1886.0,1886.0,1.0,1.0,1776.0,1776.0,5.0,5.0,1,1,0,-4.0,-4.0,0.0,0,1.4,1.2,0.4,0.2,0.0,0.8,0.3,0.6,1.6,0.2,0.6,0.0,0.8,1.7,0.6,0.1,0.4,1.8,1.0,1.4,0.8000000000000003
2022,4292.4,2211.6,15.0,26.0,9303.1,8609.1,2.0,2.0,1,1,0,0,-5010.700000000001,-6397.5,13.0,24.0,1476.0,1476.0,48.0,48.0,1776.0,1776.0,5.0,5.0,1,1,0,43.0,43.0,0.0,0,1.6,0.8,0.4,0.4,0.6,0.4,0.2,0.6,1.8,1.0,0.4,0.0,0.4,2.1,0.5,0.0,0.8,1.0,1.2,1.9,-0.5
2022,4968.5,4537.3,11.0,7.0,3176.6,2162.6,28.0,27.0,1,1,0,0,1791.9,2374.7000000000003,-17.0,-20.0,1776.0,1776.0,5.0,5.0,1568.0,1568.0,24.0,24.0,1,1,0,-19.0,-19.0,0.0,0,1.8,0.8,0.8,0.4,0.0,0.6,0.25,0.75,1.2,1.0,0.4,0.4,0.2,1.5,0.6,0.3,0.2,1.0,1.0,1.3,0.44999999999999996
2022,9828.6,8671.0,1.0,1.0,5631.5,3866.7,7.0,11.0,1,1,0,0,4197.1,4804.3,-6.0,-10.0,1776.0,1776.0,5.0,5.0,1776.0,1776.0,5.0,5.0,1,1,0,0.0,0.0,0.0,1,2.4,1.0,0.6,0.6,0.0,0.4,0.6,0.4,1.6,0.8,0.4,0.2,0.2,1.9,0.5,0.1,0.5,0.8,0.6,0.8,1.5999999999999999
2022,9303.1,8609.1,2.0,2.0,4292.4,2211.6,15.0,26.0,1,1,0,0,5010.700000000001,6397.5,-13.0,-24.0,1776.0,1776.0,5.0,5.0,1476.0,1476.0,48.0,48.0,1,1,0,-43.0,-43.0,3.0,1,2.2,0.8,0.6,0.4,0.2,0.6,0.2,0.8,1.4,1.4,0.2,0.4,0.4,1.4,0.3,0.5,0.6,1.0,0.7,1.0,1.4
2022,5949.2,5502.0,6.0,4.0,8762.8,6136.0,3.0,3.0,1,1,0,0,-2813.5999999999995,-634.0,3.0,1.0,1776.0,1776.0,5.0,5.0,1886.0,1886.0,1.0,1.0,1,1,0,4.0,4.0,1.0,1,1.2,0.0,0.6,1.0,0.4,0.0,0.6,0.4,1.2,1.2,0.4,0.4,0.2,1.2,0.4,0.2,0.6,0.4,0.6,1.7,0.30000000000000004
2022,3176.6,2162.6,28.0,27.0,4968.5,4537.3,11.0,7.0,1,1,0,0,-1791.9,-2374.7000000000003,17.0,20.0,1568.0,1568.0,24.0,24.0,1776.0,1776.0,5.0,5.0,1,1,0,19.0,19.0,0.0,1,1.6,1.0,0.4,0.2,0.4,0.6,0.4,0.3,1.8,1.0,0.6,0.2,0.4,1.6666666666666667,0.5555555555555556,0.1111111111111111,0.7777777777777778,0.8,1.3,2.5,-0.8999999999999999
2022,9828.6,8671.0,1.0,1.0,5949.2,5502.0,6.0,4.0,1,1,0,0,3879.4000000000005,3169.0,-5.0,-3.0,1776.0,1776.0,5.0,5.0,1776.0,1776.0,5.0,5.0,1,1,0,0.0,0.0,0.0,0,2.4,0.2,0.8,0.8,0.0,0.2,0.6,0.4,1.6,0.0,0.6,0.0,1.0,1.9,0.7,0.0,0.3,0.8,0.6,1.7,0.7
2022,9303.1,8609.1,2.0,2.0,3176.6,2162.6,28.0,27.0,1,1,0,0,6126.5,6446.5,-26.0,-25.0,1776.0,1776.0,5.0,5.0,1568.0,1568.0,24.0,24.0,1,1,0,-19.0,-19.0,2.0,1,2.8,0.6,0.8,0.4,0.2,0.6,0.2,0.8,1.8,1.2,0.4,0.2,0.0,1.6,0.5,0.2,0.4,1.0,0.8,1.4,1.0
2022,5949.2,5502.0,6.0,4.0,9828.6,8671.0,1.0,1.0,1,1,0,0,-3879.4000000000005,-3169.0,5.0,3.0,1776.0,1776.0,5.0,5.0,1776.0,1776.0,5.0,5.0,1,1,0,0.0,0.0,0.0,1,0.8,0.0,0.4,1.0,0.6,0.0,0.8,0.2,1.2,0.2,0.6,0.0,0.8,2.3,0.7,0.1,0.3,0.2,0.6,2.4,-0.3999999999999999
2022,3176.6,2162.6,28.0,27.0,9303.1,8609.1,2.0,2.0,1,1,0,0,-6126.5,-6446.5,26.0,25.0,1568.0,1568.0,24.0,24.0,1776.0,1776.0,5.0,5.0,1,1,0,19.0,19.0,-2.0,1,1.2,1.4,0.2,0.0,0.4,0.6,0.3,0.4,3.2,0.6,1.0,0.0,0.4,2.7,0.7,0.0,0.7,0.6,1.4,2.1,-0.7000000000000002
2022,9828.6,8671.0,1.0,1.0,9303.1,8609.1,2.0,2.0,1,1,0,0,525.5,61.899999999999636,-1.0,-1.0,1776.0,1776.0,5.0,5.0,1776.0,1776.0,5.0,5.0,1,1,0,0.0,0.0,0.0,0,1.2,0.4,0.4,0.6,0.2,0.4,0.6,0.4,3.4,0.6,1.0,0.0,0.4,2.5,0.7,0.0,0.6,0.8,0.6,2.3,-0.09999999999999964
2022,4292.4,2211.6,15.0,26.0,3708.7,2354.7,20.0,22.0,1,1,0,0,583.6999999999998,-143.0999999999999,-5.0,4.0,1476.0,1476.0,48.0,48.0,1476.0,1476.0,48.0,48.0,1,1,0,0.0,0.0,-2.0,1,1.4,3.6,0.0,0.0,0.2,0.8,0.1,0.7,0.6,0.2,0.2,0.2,0.8,0.6,0.3,0.3,0.0,1.0,0.8333333333333334,1.4,0.26666666666666683
2022,1065.1,837.1,56.0,53.0,4517.1,4227.9,12.0,9.0,1,1,0,0,-3452.0000000000005,-3390.7999999999997,44.0,44.0,1477.0,1477.0,47.0,47.0,1776.0,1776.0,5.0,5.0,1,1,0,42.0,42.0,0.0,0,0.0,0.0,0.0,0.0,0.0,0.0,0.0,0.0,1.8,1.4,0.6,0.4,0.4,1.2,0.5,0.4,0.4,0.0,0.0,0.3,-0.3
2022,815.0,811.0,64.0,54.0,3525.7,2837.7,22.0,19.0,1,1,0,0,-2710.7,-2026.6999999999998,42.0,35.0,1308.0,1308.0,80.0,80.0,1776.0,1776.0,5.0,5.0,1,1,0,75.0,75.0,0.0,0,0.6,1.4,0.2,0.4,0.6,0.2,0.4,0.1,2.8,0.8,0.8,0.2,0.4,2.3,0.6,0.1,0.6,1.6,1.3,2.0,-1.1
2022,2223.4,1698.2,33.0,32.0,6029.4,3165.0,5.0,16.0,0,1,1,0,-3805.9999999999995,-1466.8,28.0,16.0,1679.0,1679.0,14.0,14.0,1679.0,1679.0,13.0,13.0,0,1,1,1.0,1.0,0.0,0,1.4,2.2,0.4,0.0,0.4,0.6,0.0,0.5,1.0,1.0,0.2,0.4,0.4,0.9,0.3,0.5,0.3,1.4,1.4,0.6,0.7999999999999999
2022,2064.1,1300.1,38.0,39.0,9303.1,8609.1,2.0,2.0,1,1,0,0,-7239.0,-7309.0,36.0,37.0,1483.0,1483.0,42.0,42.0,1776.0,1776.0,5.0,5.0,1,1,0,37.0,37.0,0.0,0,1.6,2.2,0.2,0.4,0.4,0.6,0.2,0.7,0.4,0.8,0.4,0.6,0.4,0.5,0.3,0.5,0.1,1.6,1.5,1.4,-0.2999999999999998
2022,1293.4,469.4,51.0,72.0,7360.0,4574.8,4.0,6.0,1,1,0,0,-6066.6,-4105.400000000001,47.0,66.0,1679.0,1679.0,14.0,14.0,1886.0,1886.0,1.0,1.0,1,1,0,13.0,13.0,0.0,0,1.2,2.2,0.2,0.4,0.2,0.6,0.5,0.5,2.0,1.4,0.4,0.6,0.0,1.5,0.4,0.3,0.4,0.6666666666666666,0.6666666666666666,1.2,0.8
2022,1879.8,1411.0,40.0,37.0,8762.8,6136.0,3.0,3.0,1,1,0,0,-6882.999999999999,-4725.0,37.0,34.0,1483.0,1483.0,42.0,42.0,1886.0,1886.0,1.0,1.0,1,1,0,41.0,41.0,0.0,0,0.0,0.0,0.0,0.0,0.0,0.0,0.0,0.0,0.6,0.6,0.4,0.6,0.4,0.8,0.4,0.6,0.2,0.0,0.0,0.5,-0.5
2022,128.0,128.0,159.0,136.0,1849.2,1200.8,42.0,43.0,1,1,0,0,-1721.2,-1072.8,117.0,93.0,1308.0,1308.0,80.0,80.0,1568.0,1568.0,24.0,24.0,1,1,0,56.0,56.0,0.0,0,0.0,0.0,0.0,0.0,0.0,0.0,0.0,0.0,1.4,2.0,0.2,0.6,0.2,1.0,0.2,0.4,0.3,0.0,0.0,0.7,-0.7
2022,1298.0,1054.0,50.0,48.0,9828.6,8671.0,1.0,1.0,1,1,0,0,-8530.6,-7617.0,49.0,47.0,1477.0,1477.0,47.0,47.0,1776.0,1776.0,5.0,5.0,1,1,0,42.0,42.0,0.0,0,0.0,0.0,0.0,0.0,0.0,0.0,0.0,0.0,1.6,1.4,0.4,0.2,0.6,1.0,0.2,0.4,0.3,0.0,0.0,1.4,-1.4
2022,1057.7,854.9,57.0,52.0,5949.2,5502.0,6.0,4.0,1,1,0,0,-4891.5,-4647.1,51.0,48.0,1679.0,1679.0,14.0,14.0,1776.0,1776.0,5.0,5.0,1,1,0,9.0,9.0,-1.5,1,0.8,2.0,0.0,0.0,0.6,0.4,0.0,0.3,0.8,1.6,0.2,0.6,0.2,1.0,0.3,0.3,0.6,1.6,1.8,1.7,-1.4
2022,1646.9,1646.9,43.0,33.0,5521.0,3100.6,8.0,17.0,1,1,0,0,-3874.1,-1453.6999999999998,35.0,16.0,1776.0,1776.0,5.0,5.0,1679.0,1679.0,13.0,13.0,1,1,0,-8.0,-8.0,0.0,0,2.2,3.0,0.4,0.0,0.4,0.6,0.2,0.4,1.4,0.6,0.4,0.0,0.4,1.9,0.6,0.1,0.4,1.0,1.2,2.2,0.09999999999999964
2022,2223.4,1698.2,33.0,32.0,4128.4,4104.4,16.0,10.0,0,1,1,0,-1904.9999999999995,-2406.2,17.0,22.0,1679.0,1679.0,14.0,14.0,1568.0,1568.0,24.0,24.0,0,1,1,-10.0,-10.0,0.0,0,0.0,0.0,0.0,0.0,0.0,0.0,0.0,0.0,1.6,1.2,0.6,0.2,0.2,0.8,0.3,0.4,0.3,0.0,0.0,1.5,-1.5
2022,1460.4,1444.4,46.0,35.0,2187.3,1070.5,35.0,47.0,1,1,0,0,-726.9000000000001,373.9000000000001,11.0,-12.0,1886.0,1886.0,1.0,1.0,1462.0,1462.0,52.0,52.0,1,1,0,-51.0,-51.0,0.0,0,1.2,1.6,0.2,0.2,0.4,0.4,0.3333333333333333,0.3333333333333333,1.0,0.2,0.4,0.0,0.8,1.7,0.6,0.0,0.2,1.3333333333333333,1.3333333333333333,1.5,0.16666666666666674
2022,3905.4,2618.6,18.0,20.0,3261.3,2334.5,26.0,23.0,1,1,0,0,644.0999999999999,284.0999999999999,-8.0,-3.0,1886.0,1886.0,1.0,1.0,1886.0,1886.0,1.0,1.0,1,1,0,0.0,0.0,0.0,0,1.2,1.2,0.4,0.2,0.4,0.6,0.5,0.3,1.4,1.0,0.6,0.2,0.4,1.4,0.4,0.4,0.6,0.6,0.7,1.25,0.8500000000000001
2022,2325.9,2325.9,31.0,24.0,3366.5,2094.5,25.0,28.0,1,1,0,0,-1040.6,231.4000000000001,6.0,-4.0,1776.0,1776.0,5.0,5.0,1462.0,1462.0,52.0,52.0,1,1,0,-47.0,-47.0,0.0,0,0.0,0.0,0.0,0.0,0.0,0.0,0.0,0.0,0.6,1.4,0.4,0.6,0.2,0.5,0.3,0.7,0.2,0.0,0.0,0.8,-0.8
2022,1865.3,1424.5,41.0,36.0,4007.8,3412.2,17.0,13.0,1,1,0,0,-2142.5,-1987.6999999999998,24.0,23.0,1308.0,1308.0,80.0,80.0,1476.0,1476.0,48.0,48.0,1,1,0,32.0,32.0,-2.5,1,0.8,2.6,0.4,0.2,0.6,0.2,0.1,0.3,1.6,1.8,0.4,0.4,0.2,1.4,0.4,0.4,0.6,1.4,1.0,1.3,0.3999999999999999
2022,6029.4,3165.0,5.0,16.0,4292.4,2211.6,15.0,26.0,1,1,0,0,1737.0,953.4000000000001,-10.0,-10.0,1679.0,1679.0,13.0,13.0,1476.0,1476.0,48.0,48.0,1,1,0,-35.0,-35.0,0.0,0,1.8,1.8,0.4,0.2,0.0,0.8,0.4,0.5,0.4,1.8,0.0,0.4,0.6,1.3,0.3,0.4,0.6,0.4,0.3,0.7,2.0999999999999996
2022,2187.3,1070.5,35.0,47.0,2064.1,1300.1,38.0,39.0,1,1,0,0,123.20000000000027,-229.5999999999999,-3.0,8.0,1462.0,1462.0,52.0,52.0,1483.0,1483.0,42.0,42.0,1,1,0,10.0,10.0,0.0,0,0.4,0.8,0.2,0.2,0.8,0.0,0.2,0.2,0.4,1.4,0.2,0.6,0.4,0.6,0.3,0.6,0.1,1.0,1.1,0.4,1.4
2022,9828.6,8671.0,1.0,1.0,128.0,128.0,159.0,136.0,1,1,0,0,9700.6,8543.0,-158.0,-135.0,1776.0,1776.0,5.0,5.0,1308.0,1308.0,80.0,80.0,1,1,0,-75.0,-75.0,0.0,0,2.0,0.4,0.6,0.6,0.2,0.4,0.6,0.4,1.0,1.0,0.0,0.0,0.0,1.0,0.0,0.0,1.0,0.2,0.7,0.0,2.2
2022,3708.7,2354.7,20.0,22.0,2209.0,1698.2,34.0,32.0,1,0,0,1,1499.6999999999998,656.4999999999998,-14.0,-10.0,1476.0,1476.0,48.0,48.0,1679.0,1679.0,14.0,14.0,1,0,1,34.0,34.0,0.0,0,0.2,0.8,0.2,0.4,0.8,0.0,0.5,0.1,2.0,1.0,1.0,0.0,0.0,2.0,1.0,0.0,1.0,0.8,0.9,0.0,1.7
2022,7360.0,4574.8,4.0,6.0,815.0,811.0,64.0,54.0,1,1,0,0,6545.0,3763.8,-60.0,-48.0,1886.0,1886.0,1.0,1.0,1308.0,1308.0,80.0,80.0,1,1,0,-79.0,-79.0,0.0,0,0.6,0.4,0.2,0.8,0.8,0.0,0.6,0.0,1.4,1.8,0.4,0.4,0.6,1.4285714285714286,0.42857142857142855,0.42857142857142855,0.42857142857142855,0.0,0.1,0.3333333333333333,1.5666666666666667
2022,9303.1,8609.1,2.0,2.0,1460.4,1444.4,46.0,35.0,1,1,0,0,7842.700000000001,7164.700000000001,-44.0,-33.0,1776.0,1776.0,5.0,5.0,1886.0,1886.0,1.0,1.0,1,1,0,4.0,4.0,0.0,0,2.4,0.6,0.8,0.6,0.0,0.4,0.5,0.5,1.0,0.0,1.0,0.0,1.0,1.0,1.0,0.0,0.0,0.8,0.7,0.0,2.4
2022,3366.5,2094.5,25.0,28.0,1879.8,1411.0,40.0,37.0,1,1,0,0,1486.7,683.5,-15.0,-9.0,1462.0,1462.0,52.0,52.0,1483.0,1483.0,42.0,42.0,1,1,0,10.0,10.0,-1.0,1,0.8,1.0,0.4,0.6,0.4,0.2,0.4,0.3,2.0,1.0,0.6,0.2,0.2,1.4,0.5,0.3,0.4,2.0,1.4,0.8,0.7
2022,5949.2,5502.0,6.0,4.0,2209.0,1698.2,34.0,32.0,1,0,0,1,3740.2,3803.8,-28.0,-28.0,1776.0,1776.0,5.0,5.0,1679.0,1679.0,14.0,14.0,1,0,1,-9.0,-9.0,0.0,1,1.4,1.2,0.4,0.2,0.2,0.6,0.2,0.6,1.0,1.6,0.4,0.4,0.2,1.0,0.3,0.5,0.5,2.0,2.0,0.6,0.7000000000000001
2022,8762.8,6136.0,3.0,3.0,2325.9,2325.9,31.0,24.0,1,1,0,0,6436.9,3810.1,-28.0,-21.0,1886.0,1886.0,1.0,1.0,1776.0,1776.0,5.0,5.0,1,1,0,-4.0,-4.0,0.0,0,1.8,1.4,0.4,0.0,0.6,0.4,0.3,0.4,1.8,2.6,0.2,0.4,0.2,1.2,0.1,0.5,0.6,1.2,0.7,0.0,1.7
2022,3525.7,2837.7,22.0,19.0,1293.4,469.4,51.0,72.0,1,1,0,0,2232.2999999999997,2368.2999999999997,-29.0,-53.0,1776.0,1776.0,5.0,5.0,1679.0,1679.0,14.0,14.0,1,1,0,-9.0,-9.0,0.0,0,1.8,1.0,0.4,0.4,0.2,0.4,0.5,0.3,1.2,1.4,0.2,0.4,0.2,1.0,0.2857142857142857,0.42857142857142855,0.2857142857142857,0.4,0.2,1.0,1.1
2022,5521.0,3100.6,8.0,17.0,3905.4,2618.6,18.0,20.0,1,1,0,0,1615.6,482.0,-10.0,-3.0,1679.0,1679.0,13.0,13.0,1886.0,1886.0,1.0,1.0,1,1,0,12.0,12.0,0.0,0,1.4,0.2,0.6,0.8,0.2,0.2,0.8,0.2,0.0,2.0,0.0,1.0,0.0,0.0,0.0,1.0,0.0,0.2,0.6,0.0,1.8
2022,4007.8,3412.2,17.0,13.0,1065.1,837.1,56.0,53.0,1,1,0,0,2942.7000000000003,2575.1,-39.0,-40.0,1476.0,1476.0,48.0,48.0,1477.0,1477.0,47.0,47.0,1,1,0,1.0,1.0,0.0,0,0.8,1.6,0.4,0.0,0.6,0.4,0.1,0.3,0.8,2.0,0.0,0.8,0.0,0.5,0.0,0.9,0.3,0.8,0.7,0.1,1.2999999999999998
2022,4128.4,4104.4,16.0,10.0,1057.7,854.9,57.0,52.0,1,1,0,0,3070.7,3249.4999999999995,-41.0,-42.0,1568.0,1568.0,24.0,24.0,1679.0,1679.0,14.0,14.0,1,1,0,10.0,10.0,0.0,0,0.8,1.0,0.4,0.4,0.4,0.2,0.3,0.5,1.0,2.0,0.0,1.0,0.0,1.0,0.0,1.0,1.0,1.4,1.1,0.0,1.9
2022,3261.3,2334.5,26.0,23.0,1646.9,1646.9,43.0,33.0,1,1,0,0,1614.4,687.5999999999999,-17.0,-10.0,1886.0,1886.0,1.0,1.0,1776.0,1776.0,5.0,5.0,1,1,0,-4.0,-4.0,0.5,1,1.4,1.0,0.6,0.2,0.2,0.6,0.3,0.4,2.2,3.0,0.4,0.6,0.0,1.5,0.4,0.6,0.4,1.2,1.2,0.1,0.7000000000000001
2022,4517.1,4227.9,12.0,9.0,1865.3,1424.5,41.0,36.0,1,1,0,0,2651.8,2803.3999999999996,-29.0,-27.0,1776.0,1776.0,5.0,5.0,1308.0,1308.0,80.0,80.0,1,1,0,-75.0,-75.0,0.0,0,1.0,1.6,0.4,0.4,0.2,0.6,0.3,0.7,2.0,0.0,1.0,0.0,1.0,2.0,1.0,0.0,0.0,1.4,0.875,0.0,2.375
2022,1849.2,1200.8,42.0,43.0,1298.0,1054.0,50.0,48.0,1,1,0,0,551.2,146.79999999999995,-8.0,-5.0,1568.0,1568.0,24.0,24.0,1477.0,1477.0,47.0,47.0,1,1,0,-23.0,-23.0,0.0,1,0.6,1.0,0.0,0.4,0.6,0.4,0.4,0.3,1.0,2.0,0.4,0.4,0.2,0.6,0.2,0.7,0.3,0.4,0.8,0.2,1.5
2022,3525.7,2837.7,22.0,19.0,7360.0,4574.8,4.0,6.0,1,1,0,0,-3834.3,-1737.1000000000004,18.0,13.0,1776.0,1776.0,5.0,5.0,1886.0,1886.0,1.0,1.0,1,1,0,4.0,4.0,0.0,0,0.6,1.0,0.4,0.2,0.6,0.2,0.4,0.3,1.0,0.4,0.4,0.2,0.8,0.8,0.4,0.3,0.0,0.8,0.7,1.3,0.5999999999999999
2022,3905.4,2618.6,18.0,20.0,1646.9,1646.9,43.0,33.0,1,1,0,0,2258.5,971.6999999999998,-25.0,-13.0,1886.0,1886.0,1.0,1.0,1776.0,1776.0,5.0,5.0,1,1,0,-4.0,-4.0,0.0,0,2.0,1.0,0.6,0.2,0.2,0.8,0.4,0.4,2.0,1.0,0.5,0.0,0.5,2.0,0.5,0.0,0.5,0.8,0.8,1.0,1.1
2022,128.0,128.0,159.0,136.0,1298.0,1054.0,50.0,48.0,1,1,0,0,-1170.0,-926.0,109.0,88.0,1308.0,1308.0,80.0,80.0,1477.0,1477.0,47.0,47.0,1,1,0,33.0,33.0,0.0,0,1.0,4.5,0.0,0.0,0.0,1.0,0.0,1.0,2.4,2.8,0.4,0.4,0.0,1.6,0.4,0.5,0.5,1.0,1.0,0.1,0.9
2022,4128.4,4104.4,16.0,10.0,5949.2,5502.0,6.0,4.0,1,1,0,0,-1820.8000000000002,-1397.6000000000004,10.0,6.0,1568.0,1568.0,24.0,24.0,1776.0,1776.0,5.0,5.0,1,1,0,19.0,19.0,0.0,1,1.4,1.4,0.2,0.2,0.2,0.6,0.4,0.4,1.4,0.4,0.4,0.0,0.6,1.3,0.5,0.0,0.2,0.8,0.4,1.8,0.09999999999999987
2022,4007.8,3412.2,17.0,13.0,4517.1,4227.9,12.0,9.0,1,1,0,0,-509.3000000000002,-815.6999999999998,5.0,4.0,1476.0,1476.0,48.0,48.0,1776.0,1776.0,5.0,5.0,1,1,0,43.0,43.0,0.0,0,1.2,1.2,0.4,0.2,0.2,0.6,0.2,0.6,0.8,1.0,0.2,0.4,0.4,1.0,0.4,0.3,0.3,1.8,1.7,0.4,1.2000000000000002
2022,1460.4,1444.4,46.0,35.0,2064.1,1300.1,38.0,39.0,1,1,0,0,-603.6999999999998,144.30000000000018,8.0,-4.0,1886.0,1886.0,1.0,1.0,1483.0,1483.0,42.0,42.0,1,1,0,-41.0,-41.0,0.0,0,1.0,1.5,0.5,0.5,0.0,0.5,0.5,0.5,0.6,1.8,0.2,0.8,0.2,0.5,0.2,0.7,0.2,0.0,0.0,0.4,2.6
2022,3261.3,2334.5,26.0,23.0,5521.0,3100.6,8.0,17.0,1,1,0,0,-2259.7,-766.0999999999999,18.0,6.0,1886.0,1886.0,1.0,1.0,1679.0,1679.0,13.0,13.0,1,1,0,-12.0,-12.0,0.0,0,1.0,1.8,0.2,0.4,0.2,0.6,0.3,0.7,0.6,0.4,0.4,0.2,0.8,1.0,0.2,0.5,0.3,1.4,1.0,1.1,1.1222222222222222
2022,1849.2,1200.8,42.0,43.0,9828.6,8671.0,1.0,1.0,1,1,0,0,-7979.400000000001,-7470.2,41.0,42.0,1568.0,1568.0,24.0,24.0,1776.0,1776.0,5.0,5.0,1,1,0,19.0,19.0,0.0,0,0.5,1.5,0.0,0.0,0.5,0.5,0.0,0.5,1.2,1.4,0.2,0.4,0.2,1.125,0.25,0.375,0.375,2.0,2.0,1.0,-1.0
2022,1865.3,1424.5,41.0,36.0,1065.1,837.1,56.0,53.0,1,1,0,0,800.2,587.4,-15.0,-17.0,1308.0,1308.0,80.0,80.0,1477.0,1477.0,47.0,47.0,1,1,0,33.0,33.0,0.0,0,0.8,0.8,0.4,0.4,0.6,0.2,0.5,0.1,2.0,1.6,0.6,0.4,0.2,1.3,0.4,0.5,0.6,0.8,0.8,0.3,1.7
2022,2325.9,2325.9,31.0,24.0,1879.8,1411.0,40.0,37.0,1,1,0,0,446.10000000000014,914.9000000000001,-9.0,-13.0,1776.0,1776.0,5.0,5.0,1483.0,1483.0,42.0,42.0,1,1,0,-37.0,-37.0,0.0,0,0.8,1.6,0.4,0.0,0.6,0.4,0.1,0.3,1.0,0.8,0.6,0.4,0.6,1.0,0.4,0.3,0.4,1.0,0.8,1.9,-0.2999999999999998
2022,3708.7,2354.7,20.0,22.0,6029.4,3165.0,5.0,16.0,1,1,0,0,-2320.7,-810.3000000000002,15.0,6.0,1476.0,1476.0,48.0,48.0,1679.0,1679.0,13.0,13.0,1,1,0,35.0,35.0,0.0,0,1.0,1.2,0.4,0.2,0.4,0.4,0.1,0.3,0.6,1.6,0.2,0.6,0.2,1.1,0.3,0.5,0.6,1.2,1.1,0.5,1.0
2022,3366.5,2094.5,25.0,28.0,8762.8,6136.0,3.0,3.0,1,1,0,0,-5396.299999999999,-4041.5,22.0,25.0,1462.0,1462.0,52.0,52.0,1886.0,1886.0,1.0,1.0,1,1,0,51.0,51.0,0.0,0,1.2,1.0,0.4,0.2,0.2,0.6,0.3,0.5,3.0,0.6,0.6,0.0,0.4,2.7,0.7,0.0,0.4,0.8,1.1,2.4,-1.5
2022,2223.4,1698.2,33.0,32.0,1057.7,854.9,57.0,52.0,0,1,1,0,1165.7,843.3000000000001,-24.0,-20.0,1679.0,1679.0,14.0,14.0,1679.0,1679.0,14.0,14.0,0,1,1,0.0,0.0,0.0,0,0.5,2.0,0.0,0.0,0.5,0.5,0.0,0.5,0.6,1.8,0.0,0.8,0.0,0.6,0.0,0.9,0.4,2.0,2.0,0.0,0.0
2022,815.0,811.0,64.0,54.0,1293.4,469.4,51.0,72.0,1,1,0,0,-478.4000000000001,341.6,13.0,-18.0,1308.0,1308.0,80.0,80.0,1679.0,1679.0,14.0,14.0,1,1,0,66.0,66.0,0.0,0,1.0,2.2,0.2,0.4,0.4,0.4,0.5,0.375,1.4,2.4,0.2,0.6,0.2,1.2,0.1,0.5,0.6,0.5,0.5,0.0,2.25
2022,4292.4,2211.6,15.0,26.0,2209.0,1698.2,34.0,32.0,1,0,0,1,2083.3999999999996,513.3999999999999,-19.0,-6.0,1476.0,1476.0,48.0,48.0,1679.0,1679.0,14.0,14.0,1,0,1,34.0,34.0,0.0,0,0.6,2.2,0.0,0.4,0.4,0.6,0.3,0.6,1.5,2.0,0.5,0.5,0.0,1.5,0.5,0.5,1.0,1.4,1.4,0.0,1.2
2022,2187.3,1070.5,35.0,47.0,9303.1,8609.1,2.0,2.0,1,1,0,0,-7115.8,-7538.6,33.0,45.0,1462.0,1462.0,52.0,52.0,1776.0,1776.0,5.0,5.0,1,1,0,47.0,47.0,-0.5,1,0.8,0.8,0.4,0.2,0.6,0.2,0.2,0.2,2.0,0.6,0.8,0.2,0.6,2.4,0.8,0.1,0.5,1.0,1.1,2.3,-0.4999999999999998
2022,1865.3,1424.5,41.0,36.0,4517.1,4227.9,12.0,9.0,1,1,0,0,-2651.8,-2803.3999999999996,29.0,27.0,1308.0,1308.0,80.0,80.0,1776.0,1776.0,5.0,5.0,1,1,0,75.0,75.0,-0.3333333333333333,1,0.8,1.4,0.2,0.0,0.4,0.6,0.1,0.3,0.4,0.6,0.2,0.4,0.4,0.9,0.3,0.4,0.3,0.8,1.1,0.4,0.9
2022,2223.4,1698.2,33.0,32.0,5949.2,5502.0,6.0,4.0,0,1,1,0,-3725.7999999999997,-3803.8,27.0,28.0,1679.0,1679.0,14.0,14.0,1776.0,1776.0,5.0,5.0,0,1,1,9.0,9.0,0.0,1,1.0,2.0,0.0,0.0,0.3333333333333333,0.6666666666666666,0.0,0.6666666666666666,1.0,0.6,0.2,0.0,0.4,1.3,0.4,0.0,0.3,2.5,2.5,1.9,-1.9
2022,1065.1,837.1,56.0,53.0,4007.8,3412.2,17.0,13.0,1,1,0,0,-2942.7000000000003,-2575.1,39.0,40.0,1477.0,1477.0,47.0,47.0,1476.0,1476.0,48.0,48.0,1,1,0,-1.0,-1.0,-0.3333333333333333,1,0.4,1.6,0.0,0.2,0.6,0.4,0.1,0.7,1.0,1.2,0.4,0.2,0.2,1.3,0.4,0.3,0.6,1.0,1.1666666666666667,1.4,-0.06666666666666665
2022,1298.0,1054.0,50.0,48.0,1849.2,1200.8,42.0,43.0,1,1,0,0,-551.2,-146.79999999999995,8.0,5.0,1477.0,1477.0,47.0,47.0,1568.0,1568.0,24.0,24.0,1,1,0,23.0,23.0,-0.3333333333333333,1,2.4,2.8,0.4,0.0,0.2,0.8,0.0,0.6,1.0,1.4,0.2,0.4,0.2,1.1,0.3,0.3,0.6,1.8,1.1,1.5,0.7999999999999998
2022,3905.4,2618.6,18.0,20.0,5521.0,3100.6,8.0,17.0,1,1,0,0,-1615.6,-482.0,10.0,3.0,1886.0,1886.0,1.0,1.0,1679.0,1679.0,13.0,13.0,1,1,0,-12.0,-12.0,0.6666666666666666,1,1.8,0.8,0.6,0.4,0.2,0.6,0.4,0.4,1.0,0.6,0.6,0.2,0.6,1.2,0.3,0.4,0.4,0.8,0.7,1.4,1.0
2022,128.0,128.0,159.0,136.0,9828.6,8671.0,1.0,1.0,1,1,0,0,-9700.6,-8543.0,158.0,135.0,1308.0,1308.0,80.0,80.0,1776.0,1776.0,5.0,5.0,1,1,0,75.0,75.0,-7.0,1,1.0,3.6666666666666665,0.0,0.0,0.0,1.0,0.0,1.0,3.6,0.8,0.8,0.0,0.2,2.4,0.7,0.0,0.5,1.5,1.5,2.4,-1.9
2022,2064.1,1300.1,38.0,39.0,2187.3,1070.5,35.0,47.0,1,1,0,0,-123.20000000000027,229.5999999999999,3.0,-8.0,1483.0,1483.0,42.0,42.0,1462.0,1462.0,52.0,52.0,1,1,0,-10.0,-10.0,0.0,1,1.8,1.6,0.4,0.2,0.2,0.6,0.2222222222222222,0.4444444444444444,1.6,1.4,0.2,0.2,0.2,1.3,0.2,0.3,0.5,1.5,1.5,0.9,0.35
2022,815.0,811.0,64.0,54.0,7360.0,4574.8,4.0,6.0,1,1,0,0,-6545.0,-3763.8,60.0,48.0,1308.0,1308.0,80.0,80.0,1886.0,1886.0,1.0,1.0,1,1,0,79.0,79.0,-2.0,1,1.0,1.0,0.6666666666666666,0.6666666666666666,0.0,0.3333333333333333,0.6666666666666666,0.3333333333333333,2.2,1.0,0.8,0.2,0.4,2.7,0.9,0.1,0.6,0.0,0.0,2.3,0.7000000000000002
2022,1293.4,469.4,51.0,72.0,3525.7,2837.7,22.0,19.0,1,1,0,0,-2232.2999999999997,-2368.2999999999997,29.0,53.0,1679.0,1679.0,14.0,14.0,1776.0,1776.0,5.0,5.0,1,1,0,9.0,9.0,-2.0,1,1.0,1.3333333333333333,0.3333333333333333,0.3333333333333333,0.3333333333333333,0.6666666666666666,0.3333333333333333,0.6666666666666666,0.8,0.8,0.4,0.4,0.4,0.6,0.4,0.4,0.1,1.0,1.0,1.2,1.8
2022,4292.4,2211.6,15.0,26.0,6029.4,3165.0,5.0,16.0,1,1,0,0,-1737.0,-953.4000000000001,10.0,10.0,1476.0,1476.0,48.0,48.0,1679.0,1679.0,13.0,13.0,1,1,0,35.0,35.0,-1.0,1,0.6,1.6,0.2,0.2,0.6,0.2,0.3,0.2,0.8,1.4,0.2,0.8,0.0,1.0,0.4,0.6,0.3,1.4,1.4,0.5,0.4
2022,2223.4,1698.2,33.0,32.0,3708.7,2354.7,20.0,22.0,0,1,1,0,-1485.2999999999997,-656.4999999999998,13.0,10.0,1679.0,1679.0,14.0,14.0,1476.0,1476.0,48.0,48.0,0,1,1,-34.0,-34.0,-1.0,1,1.4,2.0,0.2,0.2,0.2,0.6,0.2,0.6,1.0,0.8,0.6,0.4,0.4,1.6,0.6,0.4,0.3,0.8,0.7142857142857143,1.2,0.6571428571428573
2022,1057.7,854.9,57.0,52.0,4128.4,4104.4,16.0,10.0,1,1,0,0,-3070.7,-3249.4999999999995,41.0,42.0,1679.0,1679.0,14.0,14.0,1568.0,1568.0,24.0,24.0,1,1,0,-10.0,-10.0,-2.0,1,1.2,2.2,0.2,0.4,0.4,0.4,0.4444444444444444,0.4444444444444444,0.4,0.8,0.2,0.4,0.6,0.7,0.3,0.4,0.0,0.8,0.8,1.0,1.0
2022,1460.4,1444.4,46.0,35.0,9303.1,8609.1,2.0,2.0,1,1,0,0,-7842.700000000001,-7164.700000000001,44.0,33.0,1886.0,1886.0,1.0,1.0,1776.0,1776.0,5.0,5.0,1,1,0,-4.0,-4.0,-1.0,1,0.6,2.2,0.0,0.4,0.4,0.6,0.4,0.5,1.8,1.2,0.6,0.4,0.2,1.2,0.4,0.5,0.5,1.2,1.3,0.3,0.8999999999999999
2022,1646.9,1646.9,43.0,33.0,3261.3,2334.5,26.0,23.0,1,1,0,0,-1614.4,-687.5999999999999,17.0,10.0,1776.0,1776.0,5.0,5.0,1886.0,1886.0,1.0,1.0,1,1,0,4.0,4.0,0.0,1,1.3333333333333333,1.3333333333333333,0.3333333333333333,0.3333333333333333,0.3333333333333333,0.3333333333333333,0.3333333333333333,0.3333333333333333,1.2,2.2,0.2,0.6,0.2,1.4,0.4,0.4,0.7,0.0,0.0,1.1111111111111112,1.8888888888888888
2022,1879.8,1411.0,40.0,37.0,3366.5,2094.5,25.0,28.0,1,1,0,0,-1486.7,-683.5,15.0,9.0,1483.0,1483.0,42.0,42.0,1462.0,1462.0,52.0,52.0,1,1,0,-10.0,-10.0,-1.0,1,0.8,1.8,0.0,0.0,0.4,0.6,0.0,0.5,1.0,1.6,0.4,0.6,0.0,0.8,0.4,0.6,0.4,1.6,1.5,1.1,-0.8
2022,2325.9,2325.9,31.0,24.0,8762.8,6136.0,3.0,3.0,1,1,0,0,-6436.9,-3810.1,28.0,21.0,1776.0,1776.0,5.0,5.0,1886.0,1886.0,1.0,1.0,1,1,0,4.0,4.0,-2.0,1,1.0,1.6666666666666667,0.3333333333333333,0.0,0.3333333333333333,0.6666666666666666,0.0,0.6666666666666666,1.0,1.0,0.6,0.4,0.4,1.2,0.5,0.3,0.5,1.5,1.5,1.9,-0.3999999999999999
2022,6029.4,3165.0,5.0,16.0,3708.7,2354.7,20.0,22.0,1,1,0,0,2320.7,810.3000000000002,-15.0,-6.0,1679.0,1679.0,13.0,13.0,1476.0,1476.0,48.0,48.0,1,1,0,-35.0,-35.0,0.0,1,0.6,1.2,0.2,0.4,0.4,0.4,0.2,0.6,1.4,1.2,0.2,0.4,0.2,1.1,0.3,0.5,0.3,0.8,1.0,0.2,1.3714285714285714
2022,2064.1,1300.1,38.0,39.0,1460.4,1444.4,46.0,35.0,1,1,0,0,603.6999999999998,-144.30000000000018,-8.0,4.0,1483.0,1483.0,42.0,42.0,1886.0,1886.0,1.0,1.0,1,1,0,41.0,41.0,-2.0,1,0.6,0.8,0.4,0.6,0.6,0.0,0.6,0.0,1.0,0.6,0.6,0.2,0.6,1.4,0.5,0.4,0.3,0.0,0.1,1.3,0.5999999999999999
2022,1646.9,1646.9,43.0,33.0,3905.4,2618.6,18.0,20.0,1,1,0,0,-2258.5,-971.6999999999998,25.0,13.0,1776.0,1776.0,5.0,5.0,1886.0,1886.0,1.0,1.0,1,1,0,4.0,4.0,0.6666666666666666,1,2.2,1.4,0.6,0.2,0.0,0.8,0.3,0.7,1.0,1.4,0.2,0.6,0.0,1.1,0.4,0.5,0.4,0.6,0.8,0.5,1.9
2022,7360.0,4574.8,4.0,6.0,3525.7,2837.7,22.0,19.0,1,1,0,0,3834.3,1737.1000000000004,-18.0,-13.0,1886.0,1886.0,1.0,1.0,1776.0,1776.0,5.0,5.0,1,1,0,-4.0,-4.0,-1.0,1,0.4,1.8,0.0,0.0,0.6,0.4,0.2,0.3,1.25,1.25,0.5,0.25,0.5,1.25,0.5,0.25,0.5,1.6,1.4,0.0,0.9
2022,9303.1,8609.1,2.0,2.0,2187.3,1070.5,35.0,47.0,1,1,0,0,7115.8,7538.6,-33.0,-45.0,1776.0,1776.0,5.0,5.0,1462.0,1462.0,52.0,52.0,1,1,0,-47.0,-47.0,-1.0,1,1.2,1.4,0.4,0.0,0.4,0.6,0.2,0.5,1.0,0.8,0.4,0.4,0.4,0.7,0.4,0.5,0.2,0.6,0.4,0.9,1.9
2022,1065.1,837.1,56.0,53.0,1865.3,1424.5,41.0,36.0,1,1,0,0,-800.2,-587.4,15.0,17.0,1477.0,1477.0,47.0,47.0,1308.0,1308.0,80.0,80.0,1,1,0,-33.0,-33.0,-2.0,1,1.25,1.25,0.25,0.25,0.25,0.5,0.25,0.5,1.6,0.6,0.6,0.2,0.6,1.3,0.5,0.3,0.4,0.5,0.5,0.9,1.1
2022,5521.0,3100.6,8.0,17.0,3261.3,2334.5,26.0,23.0,1,1,0,0,2259.7,766.0999999999999,-18.0,-6.0,1679.0,1679.0,13.0,13.0,1886.0,1886.0,1.0,1.0,1,1,0,12.0,12.0,1.0,1,0.8,0.8,0.4,0.4,0.6,0.2,0.4,0.3,1.2,2.4,0.0,0.6,0.0,1.4,0.4,0.3,0.7,2.0,1.3,1.1,0.3999999999999999
2022,1298.0,1054.0,50.0,48.0,128.0,128.0,159.0,136.0,1,1,0,0,1170.0,926.0,-109.0,-88.0,1477.0,1477.0,47.0,47.0,1308.0,1308.0,80.0,80.0,1,1,0,-33.0,-33.0,1.0,1,1.2,3.2,0.2,0.0,0.2,0.8,0.0,0.7,0.75,4.0,0.0,0.75,0.0,0.75,0.0,0.75,0.75,2.6,1.4,0.0,2.2
2022,1057.7,854.9,57.0,52.0,2209.0,1698.2,34.0,32.0,1,0,0,1,-1151.3,-843.3000000000001,23.0,20.0,1679.0,1679.0,14.0,14.0,1679.0,1679.0,14.0,14.0,1,0,1,0.0,0.0,1.0,1,1.6,1.2,0.6,0.4,0.2,0.4,0.3,0.4,1.0,2.0,0.0,0.75,0.0,1.0,0.0,0.75,0.75,1.2,1.2,1.0,0.6000000000000001
2022,9828.6,8671.0,1.0,1.0,1849.2,1200.8,42.0,43.0,1,1,0,0,7979.400000000001,7470.2,-41.0,-42.0,1776.0,1776.0,5.0,5.0,1568.0,1568.0,24.0,24.0,1,1,0,-19.0,-19.0,2.0,1,4.4,0.6,1.0,0.4,0.0,0.6,0.5,0.5,1.4,1.6,0.2,0.4,0.0,1.5,0.4,0.3,0.7,0.4,0.8,1.5,0.7000000000000002
2022,4517.1,4227.9,12.0,9.0,4007.8,3412.2,17.0,13.0,1,1,0,0,509.3000000000002,815.6999999999998,-5.0,-4.0,1776.0,1776.0,5.0,5.0,1476.0,1476.0,48.0,48.0,1,1,0,-43.0,-43.0,-1.0,1,0.2,1.4,0.2,0.4,0.8,0.0,0.4,0.3,0.8,1.2,0.4,0.4,0.2,1.2,0.4,0.3,0.5,0.2,0.5,1.1,0.8999999999999999
2022,1879.8,1411.0,40.0,37.0,2325.9,2325.9,31.0,24.0,1,1,0,0,-446.10000000000014,-914.9000000000001,9.0,13.0,1483.0,1483.0,42.0,42.0,1776.0,1776.0,5.0,5.0,1,1,0,37.0,37.0,-1.0,1,0.6,1.6,0.0,0.0,0.4,0.6,0.0,0.5,1.0,1.5,0.25,0.5,0.0,1.0,0.25,0.5,0.75,1.4,1.6,0.0,0.3
2022,2223.4,1698.2,33.0,32.0,4292.4,2211.6,15.0,26.0,0,1,1,0,-2068.9999999999995,-513.3999999999999,18.0,6.0,1679.0,1679.0,14.0,14.0,1476.0,1476.0,48.0,48.0,0,1,1,-34.0,-34.0,0.0,1,1.25,1.25,0.5,0.25,0.25,0.75,0.25,0.75,0.6,1.4,0.2,0.4,0.6,1.0,0.2,0.4,0.4,1.0,1.0,0.6,2.4
2022,5949.2,5502.0,6.0,4.0,4128.4,4104.4,16.0,10.0,1,1,0,0,1820.8000000000002,1397.6000000000004,-10.0,-6.0,1776.0,1776.0,5.0,5.0,1568.0,1568.0,24.0,24.0,1,1,0,-19.0,-19.0,1.0,1,1.2,1.0,0.6,0.4,0.2,0.4,0.3,0.5,1.2,1.2,0.4,0.4,0.0,0.9,0.4,0.5,0.5,1.2,1.0,0.9,0.9999999999999999
2022,1293.4,469.4,51.0,72.0,815.0,811.0,64.0,54.0,1,1,0,0,478.4000000000001,-341.6,-13.0,18.0,1679.0,1679.0,14.0,14.0,1308.0,1308.0,80.0,80.0,1,1,0,-66.0,-66.0,0.0,1,1.2,1.8,0.2,0.4,0.4,0.4,0.3,0.5,0.8,1.0,0.2,0.4,0.4,1.2,0.3,0.5,0.4,0.6,0.625,0.25,1.5
2022,8762.8,6136.0,3.0,3.0,3366.5,2094.5,25.0,28.0,1,1,0,0,5396.299999999999,4041.5,-22.0,-25.0,1886.0,1886.0,1.0,1.0,1462.0,1462.0,52.0,52.0,1,1,0,-51.0,-51.0,0.0,1,1.4,0.8,0.4,0.2,0.0,0.8,0.6,0.4,1.2,1.0,0.2,0.2,0.2,1.3,0.2,0.4,0.5,0.4,0.7,0.8,1.0
2022,2187.3,1070.5,35.0,47.0,1460.4,1444.4,46.0,35.0,1,1,0,0,726.9000000000001,-373.9000000000001,-11.0,12.0,1462.0,1462.0,52.0,52.0,1886.0,1886.0,1.0,1.0,1,1,0,51.0,51.0,-1.0,1,1.0,1.8,0.2,0.0,0.4,0.6,0.2,0.3,1.0,1.0,0.4,0.2,0.6,1.0,0.4,0.2,0.4,1.2,1.4,0.5,1.0
2022,1849.2,1200.8,42.0,43.0,128.0,128.0,159.0,136.0,1,1,0,0,1721.2,1072.8,-117.0,-93.0,1568.0,1568.0,24.0,24.0,1308.0,1308.0,80.0,80.0,1,1,0,-56.0,-56.0,0.0,1,1.4,1.4,0.2,0.0,0.2,0.8,0.1,0.7,0.6,3.8,0.0,0.8,0.0,0.6,0.0,0.8,0.6,1.4,1.4,0.0,0.6
2022,9303.1,8609.1,2.0,2.0,2064.1,1300.1,38.0,39.0,1,1,0,0,7239.0,7309.0,-36.0,-37.0,1776.0,1776.0,5.0,5.0,1483.0,1483.0,42.0,42.0,1,1,0,-37.0,-37.0,2.0,1,2.6,1.0,0.8,0.4,0.0,0.6,0.4,0.6,0.4,1.2,0.0,0.6,0.2,0.5,0.1,0.6,0.3,0.6,0.8,0.4,2.0
2022,5521.0,3100.6,8.0,17.0,1646.9,1646.9,43.0,33.0,1,1,0,0,3874.1,1453.6999999999998,-35.0,-16.0,1679.0,1679.0,13.0,13.0,1776.0,1776.0,5.0,5.0,1,1,0,8.0,8.0,-2.0,1,0.8,1.4,0.2,0.2,0.6,0.4,0.4,0.4,1.0,1.2,0.2,0.4,0.2,1.0,0.2,0.4,0.4,1.4,1.5,0.5,1.0
2022,9828.6,8671.0,1.0,1.0,1298.0,1054.0,50.0,48.0,1,1,0,0,8530.6,7617.0,-49.0,-47.0,1776.0,1776.0,5.0,5.0,1477.0,1477.0,47.0,47.0,1,1,0,-42.0,-42.0,4.0,1,4.2,0.4,1.0,0.6,0.0,0.4,0.5,0.5,1.4,2.0,0.4,0.4,0.2,1.8,0.4,0.5,0.6,0.4,0.6,0.4,2.1
2022,3261.3,2334.5,26.0,23.0,3905.4,2618.6,18.0,20.0,1,1,0,0,-644.0999999999999,-284.0999999999999,8.0,3.0,1886.0,1886.0,1.0,1.0,1886.0,1886.0,1.0,1.0,1,1,0,0.0,0.0,-3.0,1,1.6,2.2,0.2,0.0,0.0,1.0,0.2,0.8,1.6,0.2,0.8,0.0,0.8,1.4,0.6,0.2,0.4,1.2,1.1,0.9,1.1
2022,4128.4,4104.4,16.0,10.0,2209.0,1698.2,34.0,32.0,1,0,0,1,1919.3999999999996,2406.2,-18.0,-22.0,1568.0,1568.0,24.0,24.0,1679.0,1679.0,14.0,14.0,1,0,1,10.0,10.0,0.0,1,1.0,0.6,0.4,0.6,0.4,0.4,0.5,0.2,0.6,0.8,0.2,0.4,0.6,1.1,0.2,0.4,0.5,0.8,0.7,0.6,1.4
2022,6029.4,3165.0,5.0,16.0,2209.0,1698.2,34.0,32.0,1,0,0,1,3820.3999999999996,1466.8,-29.0,-16.0,1679.0,1679.0,13.0,13.0,1679.0,1679.0,14.0,14.0,1,0,1,-1.0,-1.0,1.0,1,1.2,1.8,0.4,0.0,0.2,0.8,0.1,0.5,1.2,1.2,0.4,0.4,0.2,1.2,0.4,0.4,0.6,1.0,1.0,1.5,0.0
2022,8762.8,6136.0,3.0,3.0,1879.8,1411.0,40.0,37.0,1,1,0,0,6882.999999999999,4725.0,-37.0,-34.0,1886.0,1886.0,1.0,1.0,1483.0,1483.0,42.0,42.0,1,1,0,-41.0,-41.0,2.0,1,1.8,0.8,0.6,0.2,0.0,0.8,0.5,0.5,1.6,1.6,0.4,0.2,0.2,1.4,0.3,0.3,0.5,0.6,0.7,1.4,0.7000000000000002
2022,5949.2,5502.0,6.0,4.0,1057.7,854.9,57.0,52.0,1,1,0,0,4891.5,4647.1,-51.0,-48.0,1776.0,1776.0,5.0,5.0,1679.0,1679.0,14.0,14.0,1,1,0,-9.0,-9.0,-1.0,1,0.6,1.0,0.2,0.2,0.6,0.4,0.3,0.5,1.4,1.2,0.6,0.2,0.2,1.4,0.6,0.2,0.8,0.6,0.3,0.5,2.1
2022,3366.5,2094.5,25.0,28.0,2325.9,2325.9,31.0,24.0,1,1,0,0,1040.6,-231.4000000000001,-6.0,4.0,1462.0,1462.0,52.0,52.0,1776.0,1776.0,5.0,5.0,1,1,0,47.0,47.0,2.0,1,1.2,1.4,0.2,0.2,0.2,0.6,0.2,0.5,1.2,2.0,0.0,0.6,0.0,1.2,0.0,0.6,0.8,1.0,0.5,1.0,0.7
2022,3708.7,2354.7,20.0,22.0,4292.4,2211.6,15.0,26.0,1,1,0,0,-583.6999999999998,143.0999999999999,5.0,-4.0,1476.0,1476.0,48.0,48.0,1476.0,1476.0,48.0,48.0,1,1,0,0.0,0.0,1.3333333333333333,1,2.0,0.4,0.8,0.6,0.0,0.4,0.4,0.4,0.6,1.6,0.0,0.8,0.0,0.7,0.0,0.8,0.5,1.0,1.0,0.0,1.9
2022,4517.1,4227.9,12.0,9.0,1065.1,837.1,56.0,53.0,1,1,0,0,3452.0000000000005,3390.7999999999997,-44.0,-44.0,1776.0,1776.0,5.0,5.0,1477.0,1477.0,47.0,47.0,1,1,0,-42.0,-42.0,0.0,1,0.6,1.2,0.4,0.6,0.6,0.0,0.5,0.2,0.6,0.6,0.2,0.2,0.6,1.0,0.3,0.4,0.5,0.2,0.2,0.5714285714285714,1.7285714285714284
2022,7360.0,4574.8,4.0,6.0,1293.4,469.4,51.0,72.0,1,1,0,0,6066.6,4105.400000000001,-47.0,-66.0,1886.0,1886.0,1.0,1.0,1679.0,1679.0,14.0,14.0,1,1,0,-13.0,-13.0,0.6666666666666666,1,0.8,1.0,0.4,0.4,0.4,0.2,0.6,0.1,1.4,0.6,0.4,0.2,0.6,1.4,0.2,0.4,0.5,0.2,0.2,0.125,1.775
2022,3525.7,2837.7,22.0,19.0,815.0,811.0,64.0,54.0,1,1,0,0,2710.7,2026.6999999999998,-42.0,-35.0,1776.0,1776.0,5.0,5.0,1308.0,1308.0,80.0,80.0,1,1,0,-75.0,-75.0,-2.0,1,0.8,0.6,0.4,0.6,0.4,0.2,0.3,0.4,0.8,1.6,0.2,0.6,0.2,1.0,0.2,0.6,0.4,0.8,0.6,0.2,2.0
2022,4007.8,3412.2,17.0,13.0,1865.3,1424.5,41.0,36.0,1,1,0,0,2142.5,1987.6999999999998,-24.0,-23.0,1476.0,1476.0,48.0,48.0,1308.0,1308.0,80.0,80.0,1,1,0,-32.0,-32.0,1.6666666666666667,1,0.8,1.0,0.4,0.2,0.4,0.4,0.2,0.5,1.4,0.6,0.2,0.2,0.4,1.1,0.3,0.4,0.3,1.4,1.6,0.2,1.4000000000000001
2022,4517.1,4227.9,12.0,9.0,4007.8,3412.2,17.0,13.0,1,1,0,0,509.3000000000002,815.6999999999998,-5.0,-4.0,1776.0,1776.0,5.0,5.0,1476.0,1476.0,48.0,48.0,1,1,0,-43.0,-43.0,0.0,0,2.6,1.2,0.4,0.2,0.2,0.6,0.2,0.6,1.6,1.2,0.4,0.2,0.0,1.5,0.5,0.1,0.6,1.2,1.3,2.2,-1.3000000000000003
2022,3525.7,2837.7,22.0,19.0,7360.0,4574.8,4.0,6.0,1,1,0,0,-3834.3,-1737.1000000000004,18.0,13.0,1776.0,1776.0,5.0,5.0,1886.0,1886.0,1.0,1.0,1,1,0,4.0,4.0,0.5,1,1.6,1.4,0.6,0.4,0.4,0.2,0.4,0.3,1.4,1.0,0.6,0.4,0.2,1.4,0.5,0.3,0.5,0.4,0.3,0.8,1.4999999999999998
2022,1849.2,1200.8,42.0,43.0,5949.2,5502.0,6.0,4.0,1,1,0,0,-4100.0,-4301.2,36.0,39.0,1568.0,1568.0,24.0,24.0,1776.0,1776.0,5.0,5.0,1,1,0,19.0,19.0,1.0,1,1.0,0.4,0.4,0.6,0.2,0.4,0.3,0.4,1.0,0.6,0.6,0.2,0.6,0.8,0.4,0.2,0.1,0.6,0.7,1.0,1.0
2022,3261.3,2334.5,26.0,23.0,8762.8,6136.0,3.0,3.0,1,1,0,0,-5501.499999999999,-3801.5,23.0,20.0,1886.0,1886.0,1.0,1.0,1886.0,1886.0,1.0,1.0,1,1,0,0.0,0.0,0.0,0,2.0,1.4,0.6,0.2,0.0,0.8,0.2,0.6,2.6,1.2,0.8,0.0,0.2,2.5,0.8,0.1,0.6,1.6,1.3333333333333333,2.3,-0.7999999999999998
2022,1460.4,1444.4,46.0,35.0,2209.0,1698.2,34.0,32.0,1,0,0,1,-748.5999999999999,-253.79999999999995,12.0,3.0,1886.0,1886.0,1.0,1.0,1679.0,1679.0,14.0,14.0,1,0,1,-13.0,-13.0,-0.5,1,1.0,0.8,0.4,0.4,0.4,0.4,0.4,0.2,4.2,0.6,1.0,0.0,0.4,3.1,0.8,0.0,0.5,0.8,0.8,2.6,-0.9000000000000001
2022,1057.7,854.9,57.0,52.0,9303.1,8609.1,2.0,2.0,1,1,0,0,-8245.4,-7754.200000000001,55.0,50.0,1679.0,1679.0,14.0,14.0,1776.0,1776.0,5.0,5.0,1,1,0,9.0,9.0,0.0,0,2.2,1.4,0.4,0.2,0.0,0.8,0.3,0.7,3.4,0.6,0.8,0.0,0.4,2.1,0.6,0.2,0.4,1.0,1.1,1.9,0.10000000000000009
2022,3708.7,2354.7,20.0,22.0,9828.6,8671.0,1.0,1.0,1,1,0,0,-6119.900000000001,-6316.3,19.0,21.0,1476.0,1476.0,48.0,48.0,1776.0,1776.0,5.0,5.0,1,1,0,43.0,43.0,0.0,0,1.0,1.0,0.4,0.6,0.2,0.4,0.6666666666666666,0.3333333333333333,1.2,1.4,0.4,0.4,0.2,1.3333333333333333,0.5,0.3333333333333333,0.8333333333333334,0.6666666666666666,0.6666666666666666,0.3333333333333333,2.0
2022,2325.9,2325.9,31.0,24.0,3905.4,2618.6,18.0,20.0,1,1,0,0,-1579.5,-292.6999999999998,13.0,4.0,1776.0,1776.0,5.0,5.0,1886.0,1886.0,1.0,1.0,1,1,0,4.0,4.0,0.0,0,1.8,1.4,0.6,0.2,0.2,0.6,0.16666666666666666,0.6666666666666666,0.8,0.8,0.6,0.2,0.8,1.4,0.6,0.2,0.4,1.3333333333333333,1.3333333333333333,0.9,0.43333333333333324
2023,4007.8,3412.2,17.0,13.0,4517.1,4227.9,12.0,9.0,1,1,0,0,-509.3000000000002,-815.6999999999998,5.0,4.0,1476.0,1476.0,48.0,48.0,1776.0,1776.0,5.0,5.0,1,1,0,43.0,43.0,-0.6666666666666666,1,1.2,1.2,0.4,0.2,0.4,0.4,0.2,0.5,1.8,1.6,0.6,0.4,0.2,1.3,0.4,0.4,0.4,0.8,1.7,0.4,1.2000000000000002
2023,5949.2,5502.0,6.0,4.0,1849.2,1200.8,42.0,43.0,1,1,0,0,4100.0,4301.2,-36.0,-39.0,1776.0,1776.0,5.0,5.0,1568.0,1568.0,24.0,24.0,1,1,0,-19.0,-19.0,0.0,1,1.6,1.2,0.4,0.0,0.0,1.0,0.3,0.7,2.6,1.2,0.4,0.4,0.2,1.9,0.4,0.3,0.6,1.0,0.7,1.2,0.6000000000000001
2023,7360.0,4574.8,4.0,6.0,3525.7,2837.7,22.0,19.0,1,1,0,0,3834.3,1737.1000000000004,-18.0,-13.0,1886.0,1886.0,1.0,1.0,1776.0,1776.0,5.0,5.0,1,1,0,-4.0,-4.0,-0.6666666666666666,1,0.6,0.6,0.4,0.6,0.4,0.2,0.7,0.1,0.8,0.4,0.2,0.0,0.6,0.7,0.3,0.3,0.3,0.2,0.2,1.1,0.7999999999999998
2023,9303.1,8609.1,2.0,2.0,1057.7,854.9,57.0,52.0,1,1,0,0,8245.4,7754.200000000001,-55.0,-50.0,1776.0,1776.0,5.0,5.0,1679.0,1679.0,14.0,14.0,1,1,0,-9.0,-9.0,1.0,1,2.2,1.0,0.8,0.4,0.0,0.6,0.5,0.5,1.6,1.2,0.6,0.2,0.2,1.4,0.4,0.3,0.5,0.6,0.8,1.6666666666666667,0.7333333333333332
2023,9828.6,8671.0,1.0,1.0,3708.7,2354.7,20.0,22.0,1,1,0,0,6119.900000000001,6316.3,-19.0,-21.0,1776.0,1776.0,5.0,5.0,1476.0,1476.0,48.0,48.0,1,1,0,-43.0,-43.0,1.3333333333333333,1,3.2,0.4,1.0,0.6,0.0,0.4,0.5,0.5,0.4,1.2,0.2,0.6,0.4,0.6,0.3,0.5,0.2,0.6,0.7,1.0,1.5
2023,2223.4,1698.2,33.0,32.0,1460.4,1444.4,46.0,35.0,0,1,1,0,763.0,253.79999999999995,-13.0,-3.0,1679.0,1679.0,14.0,14.0,1886.0,1886.0,1.0,1.0,0,1,1,13.0,13.0,0.0,1,1.2,1.0,0.4,0.2,0.2,0.8,0.14285714285714285,0.8571428571428571,1.0,0.6,0.4,0.0,0.6,1.0,0.42857142857142855,0.14285714285714285,0.42857142857142855,1.0,1.0,1.3333333333333333,1.6666666666666667
2023,8762.8,6136.0,3.0,3.0,3261.3,2334.5,26.0,23.0,1,1,0,0,5501.499999999999,3801.5,-23.0,-20.0,1886.0,1886.0,1.0,1.0,1886.0,1886.0,1.0,1.0,1,1,0,0.0,0.0,-1.0,1,3.0,0.8,0.6,0.2,0.2,0.6,0.4,0.3,2.0,1.0,0.6,0.2,0.4,1.5,0.4,0.3,0.6,0.6,1.1,1.1,0.7999999999999998
2023,3905.4,2618.6,18.0,20.0,2325.9,2325.9,31.0,24.0,1,1,0,0,1579.5,292.6999999999998,-13.0,-4.0,1886.0,1886.0,1.0,1.0,1776.0,1776.0,5.0,5.0,1,1,0,-4.0,-4.0,0.0,1,1.0,1.0,0.6,0.6,0.2,0.2,0.4,0.5,2.0,1.2,0.6,0.0,0.2,1.5714285714285714,0.42857142857142855,0.2857142857142857,0.7142857142857143,0.6,0.6,2.0,0.3999999999999999
2023,3525.7,2837.7,22.0,19.0,9303.1,8609.1,2.0,2.0,1,1,0,0,-5777.400000000001,-5771.400000000001,20.0,17.0,1776.0,1776.0,5.0,5.0,1776.0,1776.0,5.0,5.0,1,1,0,0.0,0.0,0.0,0,0.4,0.4,0.0,0.6,0.6,0.4,0.5,0.3,3.0,0.8,0.8,0.0,0.4,2.6,0.8,0.1,0.6,0.4,0.7,2.3,-0.4999999999999998
2023,5949.2,5502.0,6.0,4.0,9828.6,8671.0,1.0,1.0,1,1,0,0,-3879.4000000000005,-3169.0,5.0,3.0,1776.0,1776.0,5.0,5.0,1776.0,1776.0,5.0,5.0,1,1,0,0.0,0.0,0.0,1,1.6,1.0,0.6,0.2,0.0,0.8,0.3,0.7,3.6,0.2,1.0,0.0,0.8,3.6,0.9,0.0,0.5,1.0,0.6,2.6,-0.5
2023,3261.3,2334.5,26.0,23.0,1460.4,1444.4,46.0,35.0,1,1,0,0,1800.9,890.0999999999999,-20.0,-12.0,1886.0,1886.0,1.0,1.0,1886.0,1886.0,1.0,1.0,1,1,0,0.0,0.0,0.0,0,1.8,0.6,0.6,0.6,0.2,0.4,0.4,0.6,1.2,0.6,0.4,0.0,0.6,1.125,0.5,0.125,0.375,0.8,1.1,1.75,0.25
2023,4517.1,4227.9,12.0,9.0,3905.4,2618.6,18.0,20.0,1,1,0,0,611.7000000000003,1609.2999999999997,-6.0,-11.0,1776.0,1776.0,5.0,5.0,1886.0,1886.0,1.0,1.0,1,1,0,4.0,4.0,0.0,0,2.0,1.6,0.6,0.2,0.2,0.6,0.3,0.4,1.2,1.0,0.6,0.2,0.6,1.5,0.6,0.2,0.4,0.6,0.4,1.0,1.2999999999999998
2023,9303.1,8609.1,2.0,2.0,3525.7,2837.7,22.0,19.0,1,1,0,0,5777.400000000001,5771.400000000001,-20.0,-17.0,1776.0,1776.0,5.0,5.0,1776.0,1776.0,5.0,5.0,1,1,0,0.0,0.0,2.0,1,3.0,0.4,1.0,0.6,0.0,0.4,0.4,0.6,0.4,0.8,0.0,0.2,0.4,0.7,0.3,0.2,0.3,0.6,0.8,1.2,1.4000000000000001
2023,9828.6,8671.0,1.0,1.0,5949.2,5502.0,6.0,4.0,1,1,0,0,3879.4000000000005,3169.0,-5.0,-3.0,1776.0,1776.0,5.0,5.0,1776.0,1776.0,5.0,5.0,1,1,0,0.0,0.0,0.0,1,3.0,0.6,0.8,0.6,0.0,0.4,0.5,0.5,1.6,1.2,0.4,0.2,0.2,1.5,0.4,0.1,0.8,0.6,0.7,2.0,0.5
2023,1460.4,1444.4,46.0,35.0,3261.3,2334.5,26.0,23.0,1,1,0,0,-1800.9,-890.0999999999999,20.0,12.0,1886.0,1886.0,1.0,1.0,1886.0,1886.0,1.0,1.0,1,1,0,0.0,0.0,-1.0,1,1.2,0.8,0.4,0.6,0.2,0.4,0.5555555555555556,0.4444444444444444,2.2,0.8,0.8,0.0,0.6,1.7,0.4,0.3,0.7,0.75,0.75,1.2,0.8
2023,3905.4,2618.6,18.0,20.0,4517.1,4227.9,12.0,9.0,1,1,0,0,-611.7000000000003,-1609.2999999999997,6.0,11.0,1886.0,1886.0,1.0,1.0,1776.0,1776.0,5.0,5.0,1,1,0,-4.0,-4.0,0.0,1,1.0,1.0,0.4,0.6,0.4,0.2,0.6,0.3,2.0,0.6,0.6,0.0,0.4,1.1,0.4,0.3,0.3,0.4,0.4,0.5,2.2
2023,4517.1,4227.9,12.0,9.0,9828.6,8671.0,1.0,1.0,1,1,0,0,-5311.5,-4443.1,11.0,8.0,1776.0,1776.0,5.0,5.0,1776.0,1776.0,5.0,5.0,1,1,0,0.0,0.0,0.0,0,1.8,0.6,0.6,0.4,0.2,0.6,0.5,0.3,2.8,0.6,0.6,0.0,0.6,3.5,0.8,0.0,0.4,0.4,0.4,2.4,-0.2999999999999998
2023,3261.3,2334.5,26.0,23.0,9303.1,8609.1,2.0,2.0,1,1,0,0,-6041.8,-6274.6,24.0,21.0,1886.0,1886.0,1.0,1.0,1776.0,1776.0,5.0,5.0,1,1,0,-4.0,-4.0,-0.5,1,1.8,0.4,0.8,0.8,0.2,0.2,0.4,0.6,2.6,0.4,1.0,0.0,0.6,2.6,0.9,0.0,0.5,1.2,1.3,2.3,-0.2999999999999998
2023,9828.6,8671.0,1.0,1.0,4517.1,4227.9,12.0,9.0,1,1,0,0,5311.5,4443.1,-11.0,-8.0,1776.0,1776.0,5.0,5.0,1776.0,1776.0,5.0,5.0,1,1,0,0.0,0.0,-1.0,1,2.0,0.6,0.4,0.6,0.4,0.2,0.5,0.4,1.0,0.4,0.6,0.0,0.6,1.3,0.6,0.2,0.3,0.4,0.3,0.8,1.8
2023,9303.1,8609.1,2.0,2.0,3261.3,2334.5,26.0,23.0,1,1,0,0,6041.8,6274.6,-24.0,-21.0,1776.0,1776.0,5.0,5.0,1886.0,1886.0,1.0,1.0,1,1,0,4.0,4.0,1.6666666666666667,1,3.0,0.2,1.0,0.8,0.0,0.2,0.5,0.5,1.0,1.2,0.6,0.2,0.6,1.6,0.5,0.2,0.5,0.6,0.7,1.2,1.4000000000000001
2023,9303.1,8609.1,2.0,2.0,4517.1,4227.9,12.0,9.0,1,1,0,0,4786.0,4381.200000000001,-10.0,-7.0,1776.0,1776.0,5.0,5.0,1776.0,1776.0,5.0,5.0,1,1,0,0.0,0.0,0.0,1,3.2,0.4,1.0,0.6,0.0,0.4,0.5,0.5,1.0,0.6,0.4,0.0,0.6,1.4,0.5,0.2,0.4,0.6,0.6,0.9,1.9
2023,1879.8,1411.0,40.0,37.0,4517.1,4227.9,12.0,9.0,1,1,0,0,-2637.3,-2816.8999999999996,28.0,28.0,1483.0,1483.0,42.0,42.0,1776.0,1776.0,5.0,5.0,1,1,0,37.0,37.0,-3.0,1,1.4,1.2,0.2,0.4,0.4,0.4,0.3,0.4,2.6,0.6,0.4,0.2,0.4,1.8,0.5,0.3,0.3,0.6,1.0,1.6,-0.10000000000000009
2023,1506.8,1280.8,45.0,40.0,4408.1,3289.3,13.0,15.0,1,1,0,0,-2901.3,-2008.5000000000002,32.0,25.0,1679.0,1679.0,14.0,14.0,1776.0,1776.0,5.0,5.0,1,1,0,9.0,9.0,0.0,0,0.4,1.2,0.2,0.2,0.6,0.2,0.5,0.125,1.4,1.4,0.2,0.4,0.2,1.6,0.3,0.4,0.5,0.75,0.75,0.8,0.7
2023,410.2,410.2,93.0,83.0,5521.0,3100.6,8.0,17.0,1,1,0,0,-5110.8,-2690.4,85.0,66.0,1477.0,1477.0,47.0,47.0,1679.0,1679.0,13.0,13.0,1,1,0,34.0,34.0,0.0,0,1.6,1.8,0.4,0.2,0.4,0.4,0.2,0.6,0.4,0.4,0.2,0.2,0.8,1.3,0.4,0.3,0.2,1.6,1.8333333333333333,1.2,-0.7
2023,1343.1,1024.3,47.0,49.0,4128.4,4104.4,16.0,10.0,1,1,0,0,-2785.2999999999997,-3080.0999999999995,31.0,39.0,1886.0,1886.0,1.0,1.0,1568.0,1568.0,24.0,24.0,1,1,0,-23.0,-23.0,0.0,0,0.0,0.0,0.0,0.0,0.0,0.0,0.0,0.0,1.4,1.0,0.4,0.4,0.4,1.1,0.4,0.4,0.3,0.0,0.0,1.1,-1.1
2023,1865.3,1424.5,41.0,36.0,8762.8,6136.0,3.0,3.0,1,1,0,0,-6897.499999999999,-4711.5,38.0,33.0,1308.0,1308.0,80.0,80.0,1886.0,1886.0,1.0,1.0,1,1,0,79.0,79.0,0.0,0,0.8,3.0,0.0,0.0,0.2,0.8,0.0,0.6,0.8,0.6,0.4,0.2,0.6,1.4,0.5,0.2,0.4,1.6,1.6,0.9,-0.6000000000000001
2023,657.5,657.5,68.0,63.0,3366.5,2094.5,25.0,28.0,1,1,0,0,-2709.0,-1437.0,43.0,35.0,1679.0,1679.0,14.0,14.0,1462.0,1462.0,52.0,52.0,1,1,0,-38.0,-38.0,0.0,0,0.0,0.0,0.0,0.0,0.0,0.0,0.0,0.0,1.4,2.4,0.2,0.6,0.0,1.1,0.3,0.6,0.6,0.0,0.0,0.8,-0.8
2023,2064.1,1300.1,38.0,39.0,4968.5,4537.3,11.0,7.0,1,1,0,0,-2904.4,-3237.2000000000003,27.0,32.0,1483.0,1483.0,42.0,42.0,1776.0,1776.0,5.0,5.0,1,1,0,37.0,37.0,0.0,0,0.6,1.2,0.0,0.2,0.4,0.6,0.3,0.3,1.8,0.8,0.6,0.0,0.4,1.6,0.5,0.1,0.8,1.0,1.4,2.2,-1.3000000000000003
2023,275.2,275.2,112.0,98.0,2855.4,1816.2,30.0,31.0,1,1,0,0,-2580.2000000000003,-1541.0,82.0,67.0,1886.0,1886.0,1.0,1.0,1679.0,1679.0,14.0,14.0,1,1,0,-13.0,-13.0,0.0,0,0.0,0.0,0.0,0.0,0.0,0.0,0.0,0.0,0.8,1.8,0.0,0.6,0.2,0.7,0.2,0.5,0.1,0.0,0.0,0.4,-0.4
2023,387.5,387.5,98.0,84.0,5312.7,4789.9,9.0,5.0,1,1,0,0,-4925.2,-4402.4,89.0,79.0,1462.0,1462.0,52.0,52.0,1886.0,1886.0,1.0,1.0,1,1,0,51.0,51.0,0.0,0,0.0,0.0,0.0,0.0,0.0,0.0,0.0,0.0,1.6,0.8,0.6,0.2,0.6,1.2,0.5,0.2,0.4,0.0,0.0,1.8,-1.8
2023,3466.6,2435.0,23.0,21.0,9828.6,8671.0,1.0,1.0,1,1,0,0,-6362.0,-6236.0,22.0,20.0,1308.0,1308.0,80.0,80.0,1776.0,1776.0,5.0,5.0,1,1,0,75.0,75.0,-3.0,1,1.2,2.2,0.2,0.2,0.2,0.6,0.2,0.5,1.8,1.0,0.2,0.2,0.4,2.5,0.6,0.1,0.4,1.2,0.9,2.1,-0.30000000000000004
2023,360.1,360.1,101.0,87.0,9303.1,8609.1,2.0,2.0,1,1,0,0,-8943.0,-8249.0,99.0,85.0,1568.0,1568.0,24.0,24.0,1776.0,1776.0,5.0,5.0,1,1,0,19.0,19.0,0.0,0,0.0,0.0,0.0,0.0,0.0,0.0,0.0,0.0,2.0,0.2,1.0,0.0,0.8,2.5,0.9,0.0,0.4,0.0,0.0,2.5,-2.5
2023,3708.7,2354.7,20.0,22.0,3176.6,2162.6,28.0,27.0,1,1,0,0,532.0999999999999,192.0999999999999,-8.0,-5.0,1476.0,1476.0,48.0,48.0,1568.0,1568.0,24.0,24.0,1,1,0,24.0,24.0,0.0,0,0.2,2.2,0.0,0.2,0.8,0.2,0.3,0.2,1.2,1.6,0.2,0.4,0.0,1.0,0.3,0.4,0.4,1.4,1.0,1.1,0.2999999999999998
2023,320.5,320.5,105.0,91.0,7360.0,4574.8,4.0,6.0,1,1,0,0,-7039.5,-4254.3,101.0,85.0,1477.0,1477.0,47.0,47.0,1886.0,1886.0,1.0,1.0,1,1,0,46.0,46.0,0.5,1,1.0,1.0,0.2,0.4,0.2,0.6,0.3,0.7,1.2,1.4,0.2,0.6,0.0,1.1,0.3,0.4,0.6,1.2,0.7,0.8,1.0999999999999999
2023,1309.2,1269.2,49.0,41.0,4292.4,2211.6,15.0,26.0,1,1,0,0,-2983.2,-942.3999999999999,34.0,15.0,1483.0,1483.0,42.0,42.0,1476.0,1476.0,48.0,48.0,1,1,0,-6.0,-6.0,0.0,0,0.0,0.0,0.0,0.0,0.0,0.0,0.0,0.0,0.2,0.8,0.0,0.4,0.4,0.5,0.2,0.3,0.2,0.0,0.0,1.1,-1.1
2023,456.0,456.0,85.0,75.0,3525.7,2837.7,22.0,19.0,1,1,0,0,-3069.7,-2381.7,63.0,56.0,1679.0,1679.0,13.0,13.0,1776.0,1776.0,5.0,5.0,1,1,0,8.0,8.0,0.0,0,0.4,1.8,0.4,0.4,0.6,0.0,0.3,0.2,0.8,0.8,0.4,0.4,0.6,0.6,0.2,0.4,0.4,1.8,1.5555555555555556,0.8,-0.022222222222222254
2023,5949.2,5502.0,6.0,4.0,4007.8,3412.2,17.0,13.0,1,1,0,0,1941.3999999999996,2089.8,-11.0,-9.0,1776.0,1776.0,5.0,5.0,1476.0,1476.0,48.0,48.0,1,1,0,-43.0,-43.0,0.0,0,1.0,2.4,0.2,0.2,0.2,0.6,0.16666666666666666,0.5,0.6,0.2,0.4,0.0,0.8,0.5,0.3,0.2,0.1,1.3333333333333333,1.3333333333333333,0.8,0.19999999999999996
2023,4517.1,4227.9,12.0,9.0,5949.2,5502.0,6.0,4.0,1,1,0,0,-1432.0999999999995,-1274.1000000000004,6.0,5.0,1776.0,1776.0,5.0,5.0,1776.0,1776.0,5.0,5.0,1,1,0,0.0,0.0,0.0,0,0.8,0.6,0.4,0.6,0.4,0.2,0.5,0.4,0.8,0.8,0.2,0.2,0.4,1.2,0.3,0.2,0.7,0.4,0.3,2.0,0.3999999999999999
2023,7360.0,4574.8,4.0,6.0,657.5,657.5,68.0,63.0,1,1,0,0,6702.5,3917.3,-64.0,-57.0,1886.0,1886.0,1.0,1.0,1679.0,1679.0,14.0,14.0,1,1,0,-13.0,-13.0,0.0,0,0.4,0.2,0.2,0.8,0.6,0.2,0.7,0.1,1.0,1.0,0.0,0.0,0.0,1.0,0.0,0.0,1.0,0.2,0.1,0.0,2.0
2023,4292.4,2211.6,15.0,26.0,275.2,275.2,112.0,98.0,1,1,0,0,4017.2,1936.3999999999999,-97.0,-72.0,1476.0,1476.0,48.0,48.0,1886.0,1886.0,1.0,1.0,1,1,0,47.0,47.0,0.0,0,0.8,0.6,0.4,0.6,0.2,0.4,0.5,0.5,1.0,2.0,0.0,1.0,0.0,1.0,0.0,1.0,1.0,0.8,1.2,0.0,1.2
2023,4968.5,4537.3,11.0,7.0,1865.3,1424.5,41.0,36.0,1,1,0,0,3103.2,3112.8,-30.0,-29.0,1776.0,1776.0,5.0,5.0,1308.0,1308.0,80.0,80.0,1,1,0,-75.0,-75.0,0.0,0,1.8,0.8,0.6,0.4,0.0,0.6,0.2,0.8,2.0,1.2,0.4,0.2,0.4,1.5,0.4,0.3,0.5,1.2,1.2,0.1,1.5
2023,4128.4,4104.4,16.0,10.0,456.0,456.0,85.0,75.0,1,1,0,0,3672.3999999999996,3648.3999999999996,-69.0,-65.0,1568.0,1568.0,24.0,24.0,1679.0,1679.0,13.0,13.0,1,1,0,11.0,11.0,0.0,0,1.0,1.2,0.2,0.2,0.4,0.4,0.2,0.5,0.0,3.0,0.0,1.0,0.0,0.0,0.0,1.0,0.0,0.8,0.5,0.0,1.9
2023,4408.1,3289.3,13.0,15.0,410.2,410.2,93.0,83.0,1,1,0,0,3997.9000000000005,2879.1000000000004,-80.0,-68.0,1776.0,1776.0,5.0,5.0,1477.0,1477.0,47.0,47.0,1,1,0,-42.0,-42.0,0.0,0,0.4,0.2,0.2,0.8,0.6,0.2,0.6,0.3,1.0,2.0,0.0,1.0,0.0,1.0,0.0,1.0,1.0,0.4,0.7,0.0,1.8
2023,8762.8,6136.0,3.0,3.0,2064.1,1300.1,38.0,39.0,1,1,0,0,6698.699999999999,4835.9,-35.0,-36.0,1886.0,1886.0,1.0,1.0,1483.0,1483.0,42.0,42.0,1,1,0,-41.0,-41.0,0.0,0,0.6,0.6,0.2,0.6,0.8,0.0,0.6,0.2,0.6,1.0,0.4,0.4,0.4,1.0,0.5555555555555556,0.3333333333333333,0.1111111111111111,0.6,0.9,1.75,-0.25
2023,5521.0,3100.6,8.0,17.0,1506.8,1280.8,45.0,40.0,1,1,0,0,4014.2,1819.8,-37.0,-23.0,1679.0,1679.0,13.0,13.0,1679.0,1679.0,14.0,14.0,1,1,0,-1.0,-1.0,0.0,0,1.2,2.4,0.0,0.0,0.2,0.8,0.0,0.6,1.0,1.6,0.2,0.6,0.4,0.7142857142857143,0.14285714285714285,0.7142857142857143,0.42857142857142855,1.8,1.3,0.0,1.5
2023,9303.1,8609.1,2.0,2.0,387.5,387.5,98.0,84.0,1,1,0,0,8915.6,8221.6,-96.0,-82.0,1776.0,1776.0,5.0,5.0,1462.0,1462.0,52.0,52.0,1,1,0,-47.0,-47.0,0.0,0,0.8,1.8,0.0,0.0,0.4,0.6,0.1,0.5,1.4,2.4,0.2,0.6,0.0,1.2,0.3,0.6,0.6,1.0,1.5,0.3,1.0
2023,3366.5,2094.5,25.0,28.0,320.5,320.5,105.0,91.0,1,1,0,0,3046.0,1774.0,-80.0,-63.0,1462.0,1462.0,52.0,52.0,1477.0,1477.0,47.0,47.0,1,1,0,5.0,5.0,0.0,0,1.8,1.2,0.6,0.2,0.2,0.6,0.5,0.3,1.8,1.4,0.4,0.4,0.2,1.5,0.4,0.5,0.7,0.6,1.5,2.0,-0.5
2023,3176.6,2162.6,28.0,27.0,3466.6,2435.0,23.0,21.0,1,1,0,0,-290.0,-272.4000000000001,5.0,6.0,1568.0,1568.0,24.0,24.0,1308.0,1308.0,80.0,80.0,1,1,0,-56.0,-56.0,0.0,0,1.8,0.6,0.8,0.6,0.0,0.4,0.6,0.4,0.0,2.0,0.0,1.0,0.0,0.0,0.0,1.0,0.0,0.6,0.6,0.0,3.0
2023,3525.7,2837.7,22.0,19.0,1343.1,1024.3,47.0,49.0,1,1,0,0,2182.6,1813.3999999999999,-25.0,-30.0,1776.0,1776.0,5.0,5.0,1886.0,1886.0,1.0,1.0,1,1,0,4.0,4.0,0.0,0,2.6,1.0,0.4,0.4,0.4,0.4,0.4,0.4,0.6,1.4,0.0,0.6,0.2,0.6,0.1,0.7,0.4,0.4,1.1,0.4,1.2999999999999998
2023,2855.4,1816.2,30.0,31.0,1309.2,1269.2,49.0,41.0,1,1,0,0,1546.2,547.0,-19.0,-10.0,1679.0,1679.0,14.0,14.0,1483.0,1483.0,42.0,42.0,1,1,0,-28.0,-28.0,0.0,0,0.4,1.2,0.2,0.2,0.8,0.2,0.4,0.2,0.6,1.4,0.4,0.4,0.4,0.6,0.2,0.6,0.3,0.4,0.7,0.3333333333333333,1.6666666666666667
2023,4007.8,3412.2,17.0,13.0,1879.8,1411.0,40.0,37.0,1,1,0,0,2128.0,2001.1999999999998,-23.0,-24.0,1476.0,1476.0,48.0,48.0,1483.0,1483.0,42.0,42.0,1,1,0,6.0,6.0,0.0,0,1.4,1.2,0.4,0.2,0.2,0.6,0.2,0.5,0.6,2.6,0.0,0.6,0.2,0.6,0.0,0.7,0.5,0.8,1.6,0.0,1.7
2023,9828.6,8671.0,1.0,1.0,3708.7,2354.7,20.0,22.0,1,1,0,0,6119.900000000001,6316.3,-19.0,-21.0,1776.0,1776.0,5.0,5.0,1476.0,1476.0,48.0,48.0,1,1,0,-43.0,-43.0,2.25,1,1.0,1.6,0.0,0.2,0.4,0.6,0.5,0.4,0.4,2.0,0.2,0.6,0.2,0.7,0.3,0.5,0.3,0.6,0.5,0.9,1.5
2023,5312.7,4789.9,9.0,5.0,360.1,360.1,101.0,87.0,1,1,0,0,4952.599999999999,4429.799999999999,-92.0,-82.0,1886.0,1886.0,1.0,1.0,1568.0,1568.0,24.0,24.0,1,1,0,-23.0,-23.0,0.0,0,1.6,0.8,0.6,0.6,0.0,0.4,0.5,0.4,2.0,1.0,1.0,0.0,0.0,2.0,1.0,0.0,1.0,0.8,0.7,0.0,1.8
2023,2064.1,1300.1,38.0,39.0,1865.3,1424.5,41.0,36.0,1,1,0,0,198.79999999999995,-124.40000000000009,-3.0,3.0,1483.0,1483.0,42.0,42.0,1308.0,1308.0,80.0,80.0,1,1,0,-38.0,-38.0,0.0,0,1.0,1.0,0.4,0.2,0.6,0.4,0.3,0.3,1.0,0.6,0.6,0.2,0.6,0.8,0.3,0.4,0.5,0.6,0.6,0.8,1.4999999999999998
2023,456.0,456.0,85.0,75.0,1343.1,1024.3,47.0,49.0,1,1,0,0,-887.0999999999999,-568.3,38.0,26.0,1679.0,1679.0,13.0,13.0,1886.0,1886.0,1.0,1.0,1,1,0,12.0,12.0,0.0,1,0.6,0.8,0.2,0.4,0.8,0.0,0.5,0.2,1.2,1.0,0.4,0.6,0.4,1.4,0.3,0.4,0.5,0.8,0.8,0.5,0.8999999999999999
2023,387.5,387.5,98.0,84.0,360.1,360.1,101.0,87.0,1,1,0,0,27.399999999999977,27.399999999999977,-3.0,-3.0,1462.0,1462.0,52.0,52.0,1568.0,1568.0,24.0,24.0,1,1,0,28.0,28.0,1.0,1,1.6,0.8,0.6,0.4,0.0,0.6,0.3,0.7,2.6,1.4,0.4,0.4,0.2,2.3,0.6,0.2,0.5,1.0,1.0,1.3,0.5333333333333332
2023,3525.7,2837.7,22.0,19.0,4128.4,4104.4,16.0,10.0,1,1,0,0,-602.6999999999998,-1266.6999999999998,6.0,9.0,1776.0,1776.0,5.0,5.0,1568.0,1568.0,24.0,24.0,1,1,0,-19.0,-19.0,0.0,0,0.0,2.5,0.0,0.0,1.0,0.0,0.0,0.0,0.6,1.0,0.4,0.4,0.4,1.0,0.6,0.3,0.1,3.0,3.0,2.0,-2.0
2023,2855.4,1816.2,30.0,31.0,4292.4,2211.6,15.0,26.0,1,1,0,0,-1436.9999999999995,-395.39999999999986,15.0,5.0,1679.0,1679.0,14.0,14.0,1476.0,1476.0,48.0,48.0,1,1,0,-34.0,-34.0,-2.0,1,1.0,2.0,0.0,0.2,0.2,0.8,0.2,0.5,1.8,1.2,0.4,0.4,0.4,1.3,0.3,0.4,0.5,1.2,1.5,0.1,0.8
2023,4968.5,4537.3,11.0,7.0,8762.8,6136.0,3.0,3.0,1,1,0,0,-3794.2999999999993,-1598.6999999999998,8.0,4.0,1776.0,1776.0,5.0,5.0,1886.0,1886.0,1.0,1.0,1,1,0,4.0,4.0,0.0,0,0.0,2.0,0.0,0.0,1.0,0.0,0.0,0.0,2.0,2.0,0.5,0.5,0.0,2.0,0.5,0.5,1.0,2.0,2.0,0.0,0.0
2023,5949.2,5502.0,6.0,4.0,1879.8,1411.0,40.0,37.0,1,1,0,0,4069.3999999999996,4091.0,-34.0,-33.0,1776.0,1776.0,5.0,5.0,1483.0,1483.0,42.0,42.0,1,1,0,-37.0,-37.0,0.0,0,0.8,1.0,0.2,0.4,0.4,0.4,0.2,0.7,0.8,2.4,0.2,0.4,0.2,0.8,0.1,0.6,0.6,1.2,0.8,0.3,1.3
2023,3176.6,2162.6,28.0,27.0,9828.6,8671.0,1.0,1.0,1,1,0,0,-6652.0,-6508.4,27.0,26.0,1568.0,1568.0,24.0,24.0,1776.0,1776.0,5.0,5.0,1,1,0,19.0,19.0,0.0,1,0.8,1.6,0.2,0.0,0.4,0.6,0.1,0.6,1.0,1.4,0.2,0.4,0.2,2.0,0.5,0.2,0.5,1.2,1.3,1.8,-0.19999999999999996
2023,3708.7,2354.7,20.0,22.0,3466.6,2435.0,23.0,21.0,1,1,0,0,242.0999999999999,-80.30000000000018,-3.0,1.0,1476.0,1476.0,48.0,48.0,1308.0,1308.0,80.0,80.0,1,1,0,-32.0,-32.0,0.0,0,0.6,2.4,0.2,0.0,0.6,0.4,0.3,0.4,1.4,2.4,0.2,0.6,0.0,1.2,0.3,0.6,0.6,1.2,1.0,0.3,1.0999999999999999
2023,3366.5,2094.5,25.0,28.0,7360.0,4574.8,4.0,6.0,1,1,0,0,-3993.5,-2480.3,21.0,22.0,1462.0,1462.0,52.0,52.0,1886.0,1886.0,1.0,1.0,1,1,0,51.0,51.0,0.0,0,1.2,2.0,0.2,0.2,0.2,0.6,0.1,0.6,0.6,0.2,0.4,0.0,0.8,0.7,0.4,0.2,0.2,1.6,1.1,0.9,0.9
2023,1506.8,1280.8,45.0,40.0,410.2,410.2,93.0,83.0,1,1,0,0,1096.6,870.5999999999999,-48.0,-43.0,1679.0,1679.0,14.0,14.0,1477.0,1477.0,47.0,47.0,1,1,0,-33.0,-33.0,0.0,0,1.6,1.2,0.4,0.2,0.2,0.6,0.1,0.7,0.5,1.5,0.0,1.0,0.0,0.5,0.0,1.0,0.5,1.8,1.7142857142857142,0.0,0.5714285714285714
2023,4408.1,3289.3,13.0,15.0,5521.0,3100.6,8.0,17.0,1,1,0,0,-1112.8999999999996,188.70000000000027,5.0,-2.0,1776.0,1776.0,5.0,5.0,1679.0,1679.0,13.0,13.0,1,1,0,-8.0,-8.0,1.5,1,0.4,0.2,0.2,0.8,0.6,0.2,0.6,0.3,1.8,1.2,0.6,0.4,0.2,1.4,0.6,0.3,0.4,0.2,0.7,1.1,0.7
2023,4007.8,3412.2,17.0,13.0,4517.1,4227.9,12.0,9.0,1,1,0,0,-509.3000000000002,-815.6999999999998,5.0,4.0,1476.0,1476.0,48.0,48.0,1776.0,1776.0,5.0,5.0,1,1,0,43.0,43.0,-0.5,1,1.6,1.2,0.4,0.2,0.0,0.8,0.2,0.6,1.0,0.8,0.4,0.2,0.4,1.4,0.5,0.1,0.5,1.0,1.5,0.7,1.0
2023,275.2,275.2,112.0,98.0,1309.2,1269.2,49.0,41.0,1,1,0,0,-1034.0,-994.0,63.0,57.0,1886.0,1886.0,1.0,1.0,1483.0,1483.0,42.0,42.0,1,1,0,-41.0,-41.0,0.0,0,0.5,1.5,0.0,0.0,0.5,0.5,0.0,0.5,0.6,2.0,0.2,0.6,0.2,0.6,0.2,0.6,0.3,2.0,2.0,0.3,-0.3
2023,657.5,657.5,68.0,63.0,320.5,320.5,105.0,91.0,1,1,0,0,337.0,337.0,-37.0,-28.0,1679.0,1679.0,14.0,14.0,1477.0,1477.0,47.0,47.0,1,1,0,-33.0,-33.0,0.0,0,1.0,1.5,0.0,0.0,0.0,1.0,0.0,1.0,0.8,1.2,0.2,0.6,0.4,0.625,0.125,0.75,0.375,1.0,1.0,0.0,1.0
2023,5312.7,4789.9,9.0,5.0,9303.1,8609.1,2.0,2.0,1,1,0,0,-3990.4000000000005,-3819.2000000000007,7.0,3.0,1886.0,1886.0,1.0,1.0,1776.0,1776.0,5.0,5.0,1,1,0,-4.0,-4.0,0.0,1,2.0,1.2,0.6,0.4,0.0,0.6,0.5,0.5,2.0,0.6,0.8,0.2,0.6,2.3,0.9,0.1,0.4,1.2,0.9,2.2,-0.20000000000000018
2023,3466.6,2435.0,23.0,21.0,3176.6,2162.6,28.0,27.0,1,1,0,0,290.0,272.4000000000001,-5.0,-6.0,1308.0,1308.0,80.0,80.0,1568.0,1568.0,24.0,24.0,1,1,0,56.0,56.0,1.0,1,0.6,2.6,0.2,0.2,0.6,0.4,0.1,0.5,1.0,1.4,0.2,0.6,0.2,1.2,0.4,0.5,0.6,1.2,1.3,1.1,-0.7000000000000001
2023,320.5,320.5,105.0,91.0,3366.5,2094.5,25.0,28.0,1,1,0,0,-3046.0,-1774.0,80.0,63.0,1477.0,1477.0,47.0,47.0,1462.0,1462.0,52.0,52.0,1,1,0,-5.0,-5.0,-1.0,1,1.0,1.0,0.2,0.4,0.4,0.4,0.3,0.6,1.2,1.0,0.4,0.2,0.2,1.1,0.5,0.1,0.5,1.0,0.8,1.0,0.6000000000000001
2023,1506.8,1280.8,45.0,40.0,5521.0,3100.6,8.0,17.0,1,1,0,0,-4014.2,-1819.8,37.0,23.0,1679.0,1679.0,14.0,14.0,1679.0,1679.0,13.0,13.0,1,1,0,1.0,1.0,-1.0,1,1.6666666666666667,2.0,0.3333333333333333,0.0,0.0,1.0,0.0,1.0,1.6,1.4,0.4,0.2,0.2,1.6,0.6,0.1,0.5,1.0,1.0,2.1,0.8999999999999999
2023,360.1,360.1,101.0,87.0,5312.7,4789.9,9.0,5.0,1,1,0,0,-4952.599999999999,-4429.799999999999,92.0,82.0,1568.0,1568.0,24.0,24.0,1886.0,1886.0,1.0,1.0,1,1,0,23.0,23.0,-1.0,1,0.8,1.6,0.0,0.2,0.4,0.6,0.2222222222222222,0.4444444444444444,1.0,2.2,0.2,0.6,0.2,1.1,0.3,0.5,0.6,1.0,1.0,0.6,0.4
2023,1879.8,1411.0,40.0,37.0,4007.8,3412.2,17.0,13.0,1,1,0,0,-2128.0,-2001.1999999999998,23.0,24.0,1483.0,1483.0,42.0,42.0,1476.0,1476.0,48.0,48.0,1,1,0,-6.0,-6.0,-1.0,1,2.4,1.4,0.6,0.2,0.0,0.8,0.1,0.7,2.2,1.4,0.6,0.2,0.2,1.5,0.5,0.3,0.5,1.8,1.75,0.9,-0.025000000000000022
2023,5949.2,5502.0,6.0,4.0,4517.1,4227.9,12.0,9.0,1,1,0,0,1432.0999999999995,1274.1000000000004,-6.0,-5.0,1776.0,1776.0,5.0,5.0,1776.0,1776.0,5.0,5.0,1,1,0,0.0,0.0,-1.0,1,2.0,2.2,0.4,0.2,0.2,0.6,0.2,0.6,0.6,1.8,0.2,0.8,0.0,1.2,0.3,0.5,0.6,1.4,1.0,0.8,1.0
2023,1343.1,1024.3,47.0,49.0,3525.7,2837.7,22.0,19.0,1,1,0,0,-2182.6,-1813.3999999999999,25.0,30.0,1886.0,1886.0,1.0,1.0,1776.0,1776.0,5.0,5.0,1,1,0,-4.0,-4.0,1.0,1,1.0,1.0,0.4,0.4,0.2,0.4,0.5,0.2,0.8,1.2,0.2,0.8,0.2,0.6,0.1,0.4,0.3,0.6,0.6,1.3,0.5
2023,3708.7,2354.7,20.0,22.0,9828.6,8671.0,1.0,1.0,1,1,0,0,-6119.900000000001,-6316.3,19.0,21.0,1476.0,1476.0,48.0,48.0,1776.0,1776.0,5.0,5.0,1,1,0,43.0,43.0,-2.0,1,0.6,3.0,0.2,0.0,0.6,0.4,0.2,0.4,1.4,1.4,0.4,0.4,0.2,2.1,0.5,0.2,0.5,1.8,1.3,1.8,-0.5
2023,456.0,456.0,85.0,75.0,4128.4,4104.4,16.0,10.0,1,1,0,0,-3672.3999999999996,-3648.3999999999996,69.0,65.0,1679.0,1679.0,13.0,13.0,1568.0,1568.0,24.0,24.0,1,1,0,-11.0,-11.0,-2.0,1,0.6666666666666666,2.3333333333333335,0.0,0.0,0.6666666666666666,0.3333333333333333,0.0,0.3333333333333333,1.6,1.0,0.6,0.4,0.4,1.4,0.4,0.3,0.5,2.5,2.5,0.8,-0.30000000000000004
2023,1309.2,1269.2,49.0,41.0,2855.4,1816.2,30.0,31.0,1,1,0,0,-1546.2,-547.0,19.0,10.0,1483.0,1483.0,42.0,42.0,1679.0,1679.0,14.0,14.0,1,1,0,28.0,28.0,-2.0,1,0.8,2.4,0.2,0.2,0.2,0.6,0.3,0.3,1.4,1.4,0.4,0.4,0.0,1.4,0.4,0.3,0.4,1.6,1.5,0.7,0.10000000000000009
2023,657.5,657.5,68.0,63.0,7360.0,4574.8,4.0,6.0,1,1,0,0,-6702.5,-3917.3,64.0,57.0,1679.0,1679.0,14.0,14.0,1886.0,1886.0,1.0,1.0,1,1,0,13.0,13.0,-1.0,1,1.3333333333333333,1.3333333333333333,0.3333333333333333,0.0,0.0,1.0,0.0,1.0,0.8,0.2,0.4,0.0,0.8,0.9,0.5,0.1,0.2,1.0,1.0,1.2,0.8
2023,387.5,387.5,98.0,84.0,9303.1,8609.1,2.0,2.0,1,1,0,0,-8915.6,-8221.6,96.0,82.0,1462.0,1462.0,52.0,52.0,1776.0,1776.0,5.0,5.0,1,1,0,47.0,47.0,-2.0,1,0.6666666666666666,1.6666666666666667,0.3333333333333333,0.0,0.6666666666666666,0.3333333333333333,0.0,0.3333333333333333,1.4,0.8,0.6,0.2,0.4,2.2,0.8,0.1,0.4,1.5,1.5,2.0,-0.5
2023,2064.1,1300.1,38.0,39.0,8762.8,6136.0,3.0,3.0,1,1,0,0,-6698.699999999999,-4835.9,35.0,36.0,1483.0,1483.0,42.0,42.0,1886.0,1886.0,1.0,1.0,1,1,0,41.0,41.0,-1.0,1,1.0,2.3333333333333335,0.0,0.0,0.3333333333333333,0.6666666666666666,0.0,0.6666666666666666,0.8,0.6,0.2,0.0,0.6,1.6,0.4,0.1,0.4,2.0,2.0,1.0,-1.0
2023,1865.3,1424.5,41.0,36.0,4968.5,4537.3,11.0,7.0,1,1,0,0,-3103.2,-3112.8,30.0,29.0,1308.0,1308.0,80.0,80.0,1776.0,1776.0,5.0,5.0,1,1,0,75.0,75.0,-1.0,1,1.6666666666666667,1.3333333333333333,0.3333333333333333,0.0,0.3333333333333333,0.6666666666666666,0.0,0.6666666666666666,1.2,1.0,0.4,0.2,0.4,0.9,0.3,0.3,0.5,1.5,1.5,0.9,0.6
2023,275.2,275.2,112.0,98.0,4292.4,2211.6,15.0,26.0,1,1,0,0,-4017.2,-1936.3999999999999,97.0,72.0,1886.0,1886.0,1.0,1.0,1476.0,1476.0,48.0,48.0,1,1,0,-47.0,-47.0,-2.0,1,1.0,1.8,0.2,0.4,0.2,0.6,0.2,0.5,1.2,2.2,0.2,0.6,0.2,2.3,0.5,0.3,0.6,1.2,1.4,1.2,-0.09999999999999987
2023,410.2,410.2,93.0,83.0,4408.1,3289.3,13.0,15.0,1,1,0,0,-3997.9000000000005,-2879.1000000000004,80.0,68.0,1477.0,1477.0,47.0,47.0,1776.0,1776.0,5.0,5.0,1,1,0,42.0,42.0,-1.0,1,0.8,1.4,0.2,0.2,0.6,0.4,0.2,0.4,2.4,1.0,0.6,0.0,0.2,2.1,0.7,0.1,0.7,0.8,1.0,2.3333333333333335,-0.6333333333333335
2023,1879.8,1411.0,40.0,37.0,5949.2,5502.0,6.0,4.0,1,1,0,0,-4069.3999999999996,-4091.0,34.0,33.0,1483.0,1483.0,42.0,42.0,1776.0,1776.0,5.0,5.0,1,1,0,37.0,37.0,-2.0,1,0.8,2.6,0.2,0.2,0.4,0.6,0.1,0.6,1.0,0.8,0.4,0.4,0.4,1.3,0.4,0.3,0.6,1.2,1.4,1.7,-1.4
2023,4517.1,4227.9,12.0,9.0,4007.8,3412.2,17.0,13.0,1,1,0,0,509.3000000000002,815.6999999999998,-5.0,-4.0,1776.0,1776.0,5.0,5.0,1476.0,1476.0,48.0,48.0,1,1,0,-43.0,-43.0,0.6,1,1.0,1.0,0.4,0.2,0.4,0.6,0.4,0.5,1.2,1.2,0.4,0.4,0.2,1.2,0.4,0.5,0.6,0.6,0.4,1.1,1.2999999999999998
2023,7360.0,4574.8,4.0,6.0,3366.5,2094.5,25.0,28.0,1,1,0,0,3993.5,2480.3,-21.0,-22.0,1886.0,1886.0,1.0,1.0,1462.0,1462.0,52.0,52.0,1,1,0,-51.0,-51.0,2.0,1,0.8,0.4,0.4,0.6,0.6,0.2,0.6,0.2,1.2,1.6,0.2,0.4,0.2,1.2,0.3,0.4,0.7,0.4,0.2,0.6,1.4
2023,3466.6,2435.0,23.0,21.0,3708.7,2354.7,20.0,22.0,1,1,0,0,-242.0999999999999,80.30000000000018,3.0,-1.0,1308.0,1308.0,80.0,80.0,1476.0,1476.0,48.0,48.0,1,1,0,32.0,32.0,4.0,1,2.2,1.2,0.6,0.4,0.0,0.6,0.3,0.5,0.6,3.0,0.2,0.8,0.0,0.5,0.2,0.7,0.3,1.2,1.0,0.8,1.0
2023,1309.2,1269.2,49.0,41.0,275.2,275.2,112.0,98.0,1,1,0,0,1034.0,994.0,-63.0,-57.0,1483.0,1483.0,42.0,42.0,1886.0,1886.0,1.0,1.0,1,1,0,41.0,41.0,-3.0,1,0.8,1.8,0.2,0.2,0.2,0.6,0.3,0.3,1.25,1.5,0.25,0.75,0.0,1.25,0.25,0.75,0.5,1.2,1.4,0.0,0.8
2023,320.5,320.5,105.0,91.0,657.5,657.5,68.0,63.0,1,1,0,0,-337.0,-337.0,37.0,28.0,1477.0,1477.0,47.0,47.0,1679.0,1679.0,14.0,14.0,1,1,0,33.0,33.0,-1.0,1,0.8,1.4,0.0,0.2,0.4,0.6,0.2,0.5,1.25,1.0,0.5,0.25,0.25,1.25,0.5,0.25,0.75,1.0,1.0,0.0,1.0
2023,4128.4,4104.4,16.0,10.0,3525.7,2837.7,22.0,19.0,1,1,0,0,602.6999999999998,1266.6999999999998,-6.0,-9.0,1568.0,1568.0,24.0,24.0,1776.0,1776.0,5.0,5.0,1,1,0,19.0,19.0,0.0,1,0.8,0.8,0.4,0.6,0.4,0.2,0.5,0.2,0.75,1.75,0.25,0.5,0.25,0.75,0.25,0.5,0.25,0.6,0.5,0.0,1.6666666666666667
2023,9828.6,8671.0,1.0,1.0,3176.6,2162.6,28.0,27.0,1,1,0,0,6652.0,6508.4,-27.0,-26.0,1776.0,1776.0,5.0,5.0,1568.0,1568.0,24.0,24.0,1,1,0,-19.0,-19.0,-2.0,1,1.4,2.2,0.2,0.2,0.2,0.8,0.2,0.7,2.0,0.8,0.6,0.2,0.2,1.9,0.6,0.2,0.6,0.6,1.0,2.0,0.0
2023,1865.3,1424.5,41.0,36.0,2064.1,1300.1,38.0,39.0,1,1,0,0,-198.79999999999995,124.40000000000009,3.0,-3.0,1308.0,1308.0,80.0,80.0,1483.0,1483.0,42.0,42.0,1,1,0,38.0,38.0,-1.0,1,2.0,1.2,0.6,0.2,0.0,0.8,0.2,0.6,1.2,0.8,0.4,0.0,0.4,1.4,0.4,0.1,0.5,0.8,1.4,1.3,0.5
2023,360.1,360.1,101.0,87.0,387.5,387.5,98.0,84.0,1,1,0,0,-27.399999999999977,-27.399999999999977,3.0,3.0,1568.0,1568.0,24.0,24.0,1462.0,1462.0,52.0,52.0,1,1,0,-28.0,-28.0,1.0,1,1.0,1.4,0.4,0.2,0.4,0.4,0.3,0.4,1.2,2.0,0.2,0.6,0.2,0.8,0.1,0.6,0.6,0.6,1.0,0.4,1.2999999999999998
2023,5521.0,3100.6,8.0,17.0,4408.1,3289.3,13.0,15.0,1,1,0,0,1112.8999999999996,-188.70000000000027,-5.0,2.0,1679.0,1679.0,13.0,13.0,1776.0,1776.0,5.0,5.0,1,1,0,8.0,8.0,0.6666666666666666,1,2.0,1.2,0.6,0.4,0.0,0.6,0.5,0.4,0.6,1.6,0.2,0.8,0.0,0.9,0.2,0.6,0.5,0.8,0.6,0.8,1.5999999999999999
2023,1343.1,1024.3,47.0,49.0,456.0,456.0,85.0,75.0,1,1,0,0,887.0999999999999,568.3,-38.0,-26.0,1886.0,1886.0,1.0,1.0,1679.0,1679.0,13.0,13.0,1,1,0,-12.0,-12.0,0.3333333333333333,1,1.4,0.6,0.6,0.4,0.4,0.2,0.3,0.4,0.8,0.8,0.2,0.6,0.4,0.6,0.1,0.4,0.3,0.8,0.5,1.3,0.5999999999999999
2023,8762.8,6136.0,3.0,3.0,4968.5,4537.3,11.0,7.0,1,1,0,0,3794.2999999999993,1598.6999999999998,-8.0,-4.0,1886.0,1886.0,1.0,1.0,1776.0,1776.0,5.0,5.0,1,1,0,-4.0,-4.0,-1.0,1,1.5,2.0,0.25,0.0,0.0,1.0,0.0,1.0,0.75,1.5,0.25,0.5,0.0,0.75,0.25,0.5,0.5,1.5,1.5,0.0,1.5
2023,9303.1,8609.1,2.0,2.0,5312.7,4789.9,9.0,5.0,1,1,0,0,3990.4000000000005,3819.2000000000007,-7.0,-3.0,1776.0,1776.0,5.0,5.0,1886.0,1886.0,1.0,1.0,1,1,0,4.0,4.0,0.0,1,1.2,0.8,0.4,0.4,0.0,0.6,0.5,0.5,1.8,1.4,0.6,0.2,0.2,1.6,0.6,0.1,0.5,0.4,0.5,2.1,0.8999999999999999
2023,4292.4,2211.6,15.0,26.0,2855.4,1816.2,30.0,31.0,1,1,0,0,1436.9999999999995,395.39999999999986,-15.0,-5.0,1476.0,1476.0,48.0,48.0,1679.0,1679.0,14.0,14.0,1,1,0,34.0,34.0,0.0,1,1.4,0.6,0.6,0.6,0.0,0.4,0.6,0.4,1.6,1.2,0.6,0.2,0.2,1.4,0.4,0.3,0.4,0.8,0.9,1.0,0.5
2023,410.2,410.2,93.0,83.0,1506.8,1280.8,45.0,40.0,1,1,0,0,-1096.6,-870.5999999999999,48.0,43.0,1477.0,1477.0,47.0,47.0,1679.0,1679.0,14.0,14.0,1,1,0,33.0,33.0,-2.0,1,1.0,2.25,0.0,0.0,0.25,0.75,0.0,0.75,2.4,1.6,0.6,0.2,0.0,1.7,0.4,0.5,0.7,2.0,2.0,1.7142857142857142,-1.7142857142857142
2023,4968.5,4537.3,11.0,7.0,2064.1,1300.1,38.0,39.0,1,1,0,0,2904.4,3237.2000000000003,-27.0,-32.0,1776.0,1776.0,5.0,5.0,1483.0,1483.0,42.0,42.0,1,1,0,-37.0,-37.0,0.0,1,1.0,1.2,0.4,0.2,0.2,0.6,0.1,0.6,1.2,0.8,0.6,0.4,0.4,1.1,0.4,0.3,0.5,1.2,1.5,1.7,-0.30000000000000004
2023,2855.4,1816.2,30.0,31.0,275.2,275.2,112.0,98.0,1,1,0,0,2580.2000000000003,1541.0,-82.0,-67.0,1679.0,1679.0,14.0,14.0,1886.0,1886.0,1.0,1.0,1,1,0,13.0,13.0,2.0,1,1.8,1.0,0.6,0.2,0.4,0.4,0.3,0.5,1.4,1.8,0.4,0.4,0.2,1.0,0.2,0.5,0.7,1.0,1.0,0.7,1.3
2023,8762.8,6136.0,3.0,3.0,1865.3,1424.5,41.0,36.0,1,1,0,0,6897.499999999999,4711.5,-38.0,-33.0,1886.0,1886.0,1.0,1.0,1308.0,1308.0,80.0,80.0,1,1,0,-79.0,-79.0,1.0,1,1.6,1.4,0.6,0.2,0.2,0.6,0.2,0.4,1.0,2.2,0.2,0.8,0.0,1.0,0.2,0.8,0.4,1.0,0.7,0.0,2.1
2023,4007.8,3412.2,17.0,13.0,5949.2,5502.0,6.0,4.0,1,1,0,0,-1941.3999999999996,-2089.8,11.0,9.0,1476.0,1476.0,48.0,48.0,1776.0,1776.0,5.0,5.0,1,1,0,43.0,43.0,1.3333333333333333,1,1.8,2.2,0.4,0.2,0.0,0.8,0.3,0.6,1.0,1.0,0.4,0.6,0.2,1.2,0.3,0.5,0.4,0.6,0.9,0.1,1.9
2023,4517.1,4227.9,12.0,9.0,1879.8,1411.0,40.0,37.0,1,1,0,0,2637.3,2816.8999999999996,-28.0,-28.0,1776.0,1776.0,5.0,5.0,1483.0,1483.0,42.0,42.0,1,1,0,-37.0,-37.0,0.0,1,1.2,0.8,0.6,0.4,0.2,0.6,0.5,0.4,0.6,1.2,0.2,0.6,0.2,0.7,0.1,0.7,0.6,0.4,0.4,0.3,2.1
2023,4292.4,2211.6,15.0,26.0,1309.2,1269.2,49.0,41.0,1,1,0,0,2983.2,942.3999999999999,-34.0,-15.0,1476.0,1476.0,48.0,48.0,1483.0,1483.0,42.0,42.0,1,1,0,6.0,6.0,0.0,1,1.8,0.6,0.6,0.6,0.0,0.4,0.6,0.4,1.6,1.8,0.2,0.6,0.2,1.0,0.3,0.6,0.3,0.0,0.8,0.3,1.5
2023,3525.7,2837.7,22.0,19.0,456.0,456.0,85.0,75.0,1,1,0,0,3069.7,2381.7,-63.0,-56.0,1776.0,1776.0,5.0,5.0,1679.0,1679.0,13.0,13.0,1,1,0,-8.0,-8.0,1.0,1,1.6,1.4,0.4,0.0,0.0,1.0,0.2,0.7,0.8,2.0,0.0,1.0,0.0,0.8,0.0,1.0,0.6,1.0,1.5,0.0,1.6
2023,9303.1,8609.1,2.0,2.0,360.1,360.1,101.0,87.0,1,1,0,0,8943.0,8249.0,-99.0,-85.0,1776.0,1776.0,5.0,5.0,1568.0,1568.0,24.0,24.0,1,1,0,-19.0,-19.0,0.0,1,1.4,1.0,0.4,0.2,0.0,0.8,0.5,0.5,1.8,1.2,0.6,0.2,0.2,1.7,0.5,0.4,0.6,0.6,0.8,1.875,-0.07499999999999996
2023,4128.4,4104.4,16.0,10.0,1343.1,1024.3,47.0,49.0,1,1,0,0,2785.2999999999997,3080.0999999999995,-31.0,-39.0,1568.0,1568.0,24.0,24.0,1886.0,1886.0,1.0,1.0,1,1,0,23.0,23.0,2.0,1,1.8,1.2,0.6,0.2,0.0,0.8,0.4,0.6,0.6,1.2,0.2,0.4,0.2,0.6,0.2,0.4,0.4,1.2,1.0,0.5,1.3
2023,4408.1,3289.3,13.0,15.0,1506.8,1280.8,45.0,40.0,1,1,0,0,2901.3,2008.5000000000002,-32.0,-25.0,1776.0,1776.0,5.0,5.0,1679.0,1679.0,14.0,14.0,1,1,0,-9.0,-9.0,-1.0,1,1.4,1.0,0.4,0.2,0.0,0.8,0.5,0.5,1.2,1.6,0.2,0.6,0.2,1.2,0.2,0.6,0.8,0.4,0.5,0.0,3.0
2023,5521.0,3100.6,8.0,17.0,410.2,410.2,93.0,83.0,1,1,0,0,5110.8,2690.4,-85.0,-66.0,1679.0,1679.0,13.0,13.0,1477.0,1477.0,47.0,47.0,1,1,0,-34.0,-34.0,3.0,1,0.8,1.2,0.2,0.4,0.6,0.2,0.4,0.2,0.8,1.8,0.2,0.6,0.2,0.8,0.2,0.6,0.4,1.2,1.0,0.0,1.1
2023,5312.7,4789.9,9.0,5.0,387.5,387.5,98.0,84.0,1,1,0,0,4925.2,4402.4,-89.0,-79.0,1886.0,1886.0,1.0,1.0,1462.0,1462.0,52.0,52.0,1,1,0,-51.0,-51.0,-1.0,1,1.4,0.6,0.6,0.4,0.4,0.2,0.3,0.4,1.2,0.6,0.6,0.0,0.6,0.8,0.4,0.3,0.3,0.6,0.5,1.8333333333333333,0.06666666666666665
2023,7360.0,4574.8,4.0,6.0,320.5,320.5,105.0,91.0,1,1,0,0,7039.5,4254.3,-101.0,-85.0,1886.0,1886.0,1.0,1.0,1477.0,1477.0,47.0,47.0,1,1,0,-46.0,-46.0,-1.0,1,1.0,2.0,0.2,0.0,0.4,0.6,0.0,0.6,0.6,2.4,0.2,0.8,0.0,0.4,0.1,0.8,0.3,1.4,1.2,0.8,0.8
2023,9828.6,8671.0,1.0,1.0,3466.6,2435.0,23.0,21.0,1,1,0,0,6362.0,6236.0,-22.0,-20.0,1776.0,1776.0,5.0,5.0,1308.0,1308.0,80.0,80.0,1,1,0,-75.0,-75.0,0.0,1,0.6,1.0,0.2,0.2,0.4,0.4,0.1,0.6,1.0,1.0,0.4,0.4,0.2,1.0,0.4,0.4,0.6,1.8,1.3,0.0,1.5
2023,3176.6,2162.6,28.0,27.0,3708.7,2354.7,20.0,22.0,1,1,0,0,-532.0999999999999,-192.0999999999999,8.0,5.0,1568.0,1568.0,24.0,24.0,1476.0,1476.0,48.0,48.0,1,1,0,-24.0,-24.0,0.0,1,1.0,0.4,0.6,0.6,0.4,0.2,0.7,0.2,0.6,0.8,0.2,0.4,0.4,0.8,0.2,0.6,0.5,0.4,0.2,0.0,2.2
2023,3366.5,2094.5,25.0,28.0,657.5,657.5,68.0,63.0,1,1,0,0,2709.0,1437.0,-43.0,-35.0,1462.0,1462.0,52.0,52.0,1679.0,1679.0,14.0,14.0,1,1,0,38.0,38.0,1.3333333333333333,1,2.4,1.2,0.8,0.4,0.0,0.6,0.4,0.5,2.2,0.6,0.8,0.2,0.6,1.7,0.5,0.4,0.5,1.0,0.8,0.6,1.7999999999999998
2024,8762.8,6136.0,3.0,3.0,4408.1,3289.3,13.0,15.0,1,1,0,0,4354.699999999999,2846.7,-10.0,-12.0,1886.0,1886.0,1.0,1.0,1776.0,1776.0,5.0,5.0,1,1,0,-4.0,-4.0,0.0,0,1.4,1.2,0.4,0.4,0.2,0.6,0.4,0.4,1.4,1.0,0.4,0.4,0.2,1.6,0.5,0.2,0.5,0.6,0.5714285714285714,1.75,0.1071428571428572
2024,1343.1,1024.3,47.0,49.0,4968.5,4537.3,11.0,7.0,1,1,0,0,-3625.4,-3513.0,36.0,42.0,1886.0,1886.0,1.0,1.0,1776.0,1776.0,5.0,5.0,1,1,0,-4.0,-4.0,0.0,0,1.6,1.2,0.6,0.6,0.2,0.2,0.3,0.5,1.8,0.8,0.8,0.2,0.4,1.3,0.6,0.2,0.4,1.2,0.9,1.0,1.0
2024,3466.6,2435.0,23.0,21.0,4517.1,4227.9,12.0,9.0,1,1,0,0,-1050.5000000000005,-1792.8999999999996,11.0,12.0,1308.0,1308.0,80.0,80.0,1776.0,1776.0,5.0,5.0,1,1,0,75.0,75.0,0.0,1,2.0,1.6,0.6,0.4,0.0,0.6,0.4,0.5,1.8,1.0,0.6,0.0,0.2,1.1,0.4,0.0,0.5,0.6,0.8,1.3,0.7
2024,5521.0,3100.6,8.0,17.0,7360.0,4574.8,4.0,6.0,1,1,0,0,-1839.0,-1474.2000000000003,4.0,11.0,1679.0,1679.0,13.0,13.0,1886.0,1886.0,1.0,1.0,1,1,0,12.0,12.0,0.0,1,1.4,1.2,0.4,0.2,0.0,0.8,0.2,0.7,1.8,0.4,0.8,0.2,0.6,1.1,0.5,0.1,0.2,1.0,1.5,0.9,0.9
2024,5949.2,5502.0,6.0,4.0,9828.6,8671.0,1.0,1.0,1,1,0,0,-3879.4000000000005,-3169.0,5.0,3.0,1776.0,1776.0,5.0,5.0,1776.0,1776.0,5.0,5.0,1,1,0,0.0,0.0,0.0,1,1.4,0.8,0.6,0.4,0.0,0.6,0.4,0.5,3.0,0.6,1.0,0.0,0.6,2.0,0.5,0.2,0.5,0.8,0.9,2.0,-0.19999999999999996
2024,657.5,657.5,68.0,63.0,4128.4,4104.4,16.0,10.0,1,1,0,0,-3470.8999999999996,-3446.8999999999996,52.0,53.0,1679.0,1679.0,14.0,14.0,1568.0,1568.0,24.0,24.0,1,1,0,-10.0,-10.0,0.0,0,0.8,0.8,0.4,0.4,0.4,0.4,0.3333333333333333,0.5,2.0,0.8,0.8,0.2,0.4,1.5,0.5,0.4,0.4,0.6666666666666666,0.6666666666666666,0.8,1.5333333333333334
2024,9303.1,8609.1,2.0,2.0,4292.4,2211.6,15.0,26.0,1,1,0,0,5010.700000000001,6397.5,-13.0,-24.0,1776.0,1776.0,5.0,5.0,1476.0,1476.0,48.0,48.0,1,1,0,-43.0,-43.0,3.5,1,2.0,0.6,0.6,0.4,0.0,0.6,0.5,0.5,2.4,0.6,0.8,0.0,0.6,1.6,0.6,0.1,0.4,0.4,0.5,1.2,1.8
2024,2855.4,1816.2,30.0,31.0,5312.7,4789.9,9.0,5.0,1,1,0,0,-2457.2999999999997,-2973.7,21.0,26.0,1679.0,1679.0,14.0,14.0,1886.0,1886.0,1.0,1.0,1,1,0,13.0,13.0,0.0,0,1.2,1.4,0.4,0.2,0.4,0.4,0.2,0.3,2.2,1.2,0.6,0.2,0.2,1.9,0.6,0.2,0.6,1.2,0.7,1.8,0.0
2024,4968.5,4537.3,11.0,7.0,1343.1,1024.3,47.0,49.0,1,1,0,0,3625.4,3513.0,-36.0,-42.0,1776.0,1776.0,5.0,5.0,1886.0,1886.0,1.0,1.0,1,1,0,4.0,4.0,0.0,1,1.4,1.2,0.2,0.0,0.4,0.6,0.2,0.6,1.4,1.4,0.2,0.2,0.2,1.0,0.3,0.3,0.5,0.8,1.0,1.5714285714285714,0.3035714285714286
2024,4408.1,3289.3,13.0,15.0,8762.8,6136.0,3.0,3.0,1,1,0,0,-4354.699999999999,-2846.7,10.0,12.0,1776.0,1776.0,5.0,5.0,1886.0,1886.0,1.0,1.0,1,1,0,4.0,4.0,-0.3333333333333333,1,1.8,1.4,0.4,0.0,0.0,1.0,0.4,0.6,1.6,1.4,0.6,0.2,0.4,2.1,0.5,0.3,0.6,0.6,0.9,1.2,0.6000000000000001
2024,4517.1,4227.9,12.0,9.0,3466.6,2435.0,23.0,21.0,1,1,0,0,1050.5000000000005,1792.8999999999996,-11.0,-12.0,1776.0,1776.0,5.0,5.0,1308.0,1308.0,80.0,80.0,1,1,0,-75.0,-75.0,-2.0,1,1.6,1.2,0.6,0.4,0.0,0.6,0.4,0.5,2.0,1.0,0.8,0.2,0.6,1.7,0.5,0.4,0.5,0.2,0.4,0.6,2.0
2024,4128.4,4104.4,16.0,10.0,657.5,657.5,68.0,63.0,1,1,0,0,3470.8999999999996,3446.8999999999996,-52.0,-53.0,1568.0,1568.0,24.0,24.0,1679.0,1679.0,14.0,14.0,1,1,0,10.0,10.0,0.2,1,2.8,0.4,1.0,0.8,0.0,0.2,0.5,0.4,1.2,0.6,0.6,0.2,0.4,1.0,0.4,0.3,0.4,1.0,0.8,1.7,0.9000000000000001
2024,9828.6,8671.0,1.0,1.0,5949.2,5502.0,6.0,4.0,1,1,0,0,3879.4000000000005,3169.0,-5.0,-3.0,1776.0,1776.0,5.0,5.0,1776.0,1776.0,5.0,5.0,1,1,0,0.0,0.0,-1.0,1,1.6,1.0,0.6,0.2,0.4,0.4,0.3,0.3,0.8,0.4,0.6,0.2,0.6,0.8571428571428571,0.42857142857142855,0.2857142857142857,0.42857142857142855,0.6,0.7,0.3333333333333333,1.5666666666666667
2024,7360.0,4574.8,4.0,6.0,5521.0,3100.6,8.0,17.0,1,1,0,0,1839.0,1474.2000000000003,-4.0,-11.0,1886.0,1886.0,1.0,1.0,1679.0,1679.0,13.0,13.0,1,1,0,-12.0,-12.0,0.0,1,1.4,0.2,0.6,0.8,0.4,0.0,0.8,0.1,1.0,1.0,0.2,0.2,0.4,1.4,0.4,0.3,0.6,0.2,0.2,0.8,1.4000000000000001
2024,4292.4,2211.6,15.0,26.0,9303.1,8609.1,2.0,2.0,1,1,0,0,-5010.700000000001,-6397.5,13.0,24.0,1476.0,1476.0,48.0,48.0,1776.0,1776.0,5.0,5.0,1,1,0,43.0,43.0,-2.0,1,2.0,1.6,0.4,0.2,0.0,0.8,0.3,0.7,1.4,1.6,0.4,0.4,0.2,1.2,0.4,0.4,0.4,1.2,0.9,1.0,1.1
2024,5312.7,4789.9,9.0,5.0,2855.4,1816.2,30.0,31.0,1,1,0,0,2457.2999999999997,2973.7,-21.0,-26.0,1886.0,1886.0,1.0,1.0,1679.0,1679.0,14.0,14.0,1,1,0,-13.0,-13.0,-2.6666666666666665,1,2.2,0.8,0.6,0.4,0.2,0.4,0.5,0.4,1.8,0.6,0.6,0.0,0.4,1.9,0.7,0.1,0.5,0.2,0.8,1.8,0.0
2024,3466.6,2435.0,23.0,21.0,4408.1,3289.3,13.0,15.0,1,1,0,0,-941.5000000000005,-854.3000000000002,10.0,6.0,1308.0,1308.0,80.0,80.0,1776.0,1776.0,5.0,5.0,1,1,0,75.0,75.0,0.0,0,1.2,1.4,0.6,0.4,0.4,0.2,0.3,0.4,1.8,1.2,0.6,0.2,0.0,1.3,0.4,0.1,0.7,1.0,0.9,1.2,1.0000000000000002
2024,7360.0,4574.8,4.0,6.0,5312.7,4789.9,9.0,5.0,1,1,0,0,2047.3000000000002,-215.09999999999945,-5.0,1.0,1886.0,1886.0,1.0,1.0,1886.0,1886.0,1.0,1.0,1,1,0,0.0,0.0,0.5,1,1.4,0.6,0.4,0.6,0.4,0.2,0.7,0.2,2.4,1.4,0.6,0.4,0.4,2.0,0.5,0.3,0.7,0.6,0.4,1.5,0.7000000000000002
2024,657.5,657.5,68.0,63.0,9828.6,8671.0,1.0,1.0,1,1,0,0,-9171.1,-8013.5,67.0,62.0,1679.0,1679.0,14.0,14.0,1776.0,1776.0,5.0,5.0,1,1,0,9.0,9.0,0.0,0,0.6,0.4,0.4,0.6,0.4,0.2,0.375,0.5,2.4,0.4,0.8,0.0,0.8,1.9,0.6,0.2,0.4,0.5,0.5,2.2,0.2999999999999998
2024,4968.5,4537.3,11.0,7.0,4292.4,2211.6,15.0,26.0,1,1,0,0,676.1000000000004,2325.7000000000003,-4.0,-19.0,1776.0,1776.0,5.0,5.0,1476.0,1476.0,48.0,48.0,1,1,0,-43.0,-43.0,0.0,0,0.8,1.0,0.2,0.2,0.4,0.4,0.2,0.6,2.4,0.6,0.8,0.2,0.4,1.8,0.6,0.2,0.5,0.8,0.8888888888888888,1.2,0.8
2024,4408.1,3289.3,13.0,15.0,3466.6,2435.0,23.0,21.0,1,1,0,0,941.5000000000005,854.3000000000002,-10.0,-6.0,1776.0,1776.0,5.0,5.0,1308.0,1308.0,80.0,80.0,1,1,0,-75.0,-75.0,1.0,1,1.6,1.0,0.6,0.2,0.0,0.8,0.3,0.7,1.0,1.6,0.4,0.6,0.2,1.6,0.5,0.5,0.4,0.8,0.7,0.5,1.3
2024,9828.6,8671.0,1.0,1.0,657.5,657.5,68.0,63.0,1,1,0,0,9171.1,8013.5,-67.0,-62.0,1776.0,1776.0,5.0,5.0,1679.0,1679.0,14.0,14.0,1,1,0,-9.0,-9.0,4.0,1,2.6,0.4,0.8,0.8,0.2,0.2,0.6,0.4,0.4,1.2,0.2,0.4,0.4,0.7777777777777778,0.3333333333333333,0.3333333333333333,0.4444444444444444,1.0,0.7,0.5,1.9
2024,5312.7,4789.9,9.0,5.0,7360.0,4574.8,4.0,6.0,1,1,0,0,-2047.3000000000002,215.09999999999945,5.0,-1.0,1886.0,1886.0,1.0,1.0,1886.0,1886.0,1.0,1.0,1,1,0,0.0,0.0,-0.4,1,2.0,1.2,0.4,0.6,0.2,0.4,0.4,0.6,1.4,0.4,0.4,0.0,0.8,1.1,0.4,0.1,0.2,1.2,0.8,1.0,1.1
2024,4292.4,2211.6,15.0,26.0,4968.5,4537.3,11.0,7.0,1,1,0,0,-676.1000000000004,-2325.7000000000003,4.0,19.0,1476.0,1476.0,48.0,48.0,1776.0,1776.0,5.0,5.0,1,1,0,43.0,43.0,-2.0,1,2.0,1.0,0.6,0.2,0.4,0.4,0.4,0.4,1.2,0.8,0.4,0.2,0.4,1.6,0.5,0.2,0.5,0.4,0.8,1.6666666666666667,0.43333333333333335
2024,4968.5,4537.3,11.0,7.0,4408.1,3289.3,13.0,15.0,1,1,0,0,560.3999999999996,1248.0,-2.0,-8.0,1776.0,1776.0,5.0,5.0,1776.0,1776.0,5.0,5.0,1,1,0,0.0,0.0,0.0,0,1.8,0.6,0.6,0.4,0.0,0.6,0.3,0.5,1.8,0.8,0.8,0.2,0.4,1.6,0.6,0.1,0.7,0.4,0.8,1.5,0.6000000000000001
2024,7360.0,4574.8,4.0,6.0,9828.6,8671.0,1.0,1.0,1,1,0,0,-2468.6000000000004,-4096.2,3.0,5.0,1886.0,1886.0,1.0,1.0,1776.0,1776.0,5.0,5.0,1,1,0,-4.0,-4.0,0.0,1,1.2,0.4,0.2,0.8,0.6,0.2,0.7,0.2,1.8,0.0,0.6,0.0,1.0,2.1,0.7,0.1,0.3,0.6,0.4,2.2,-0.20000000000000018
2024,4408.1,3289.3,13.0,15.0,4968.5,4537.3,11.0,7.0,1,1,0,0,-560.3999999999996,-1248.0,2.0,8.0,1776.0,1776.0,5.0,5.0,1776.0,1776.0,5.0,5.0,1,1,0,0.0,0.0,0.0,1,1.6,1.0,0.6,0.4,0.0,0.6,0.3,0.7,2.0,0.8,0.6,0.0,0.4,1.7,0.5,0.2,0.5,0.8,0.6,1.8,0.30000000000000004
2024,9828.6,8671.0,1.0,1.0,7360.0,4574.8,4.0,6.0,1,1,0,0,2468.6000000000004,4096.2,-3.0,-5.0,1776.0,1776.0,5.0,5.0,1886.0,1886.0,1.0,1.0,1,1,0,4.0,4.0,0.0,1,1.0,0.0,0.4,1.0,0.6,0.0,0.8,0.2,0.4,0.4,0.0,0.0,0.8,1.1,0.4,0.1,0.2,0.6,0.6,1.1,1.1
2024,7360.0,4574.8,4.0,6.0,4968.5,4537.3,11.0,7.0,1,1,0,0,2391.5,37.5,-7.0,-1.0,1886.0,1886.0,1.0,1.0,1776.0,1776.0,5.0,5.0,1,1,0,-4.0,-4.0,0.0,0,0.6,0.6,0.0,0.6,0.6,0.4,0.7,0.2,2.2,0.8,0.8,0.0,0.4,1.8,0.5,0.2,0.6,0.4,0.4,1.8,0.19999999999999996
2024,2247.0,1267.4,32.0,42.0,5168.0,4237.6,10.0,8.0,1,1,0,0,-2921.0,-2970.2000000000003,22.0,34.0,1483.0,1483.0,42.0,42.0,1568.0,1568.0,24.0,24.0,1,1,0,18.0,18.0,0.0,0,0.8,3.2,0.2,0.0,0.6,0.4,0.1,0.5,2.6,2.2,0.4,0.4,0.0,2.1,0.4,0.4,0.7,1.6,1.3,1.0,0.0
2024,1865.3,1424.5,41.0,36.0,4320.6,3096.2,14.0,18.0,1,1,0,0,-2455.3,-1671.6999999999998,27.0,18.0,1308.0,1308.0,80.0,80.0,1776.0,1776.0,5.0,5.0,1,1,0,75.0,75.0,0.0,0,0.4,1.2,0.2,0.2,0.6,0.2,0.3,0.4,1.4,1.2,0.4,0.2,0.4,1.2,0.5,0.2,0.3,0.8,1.0,1.8,-0.10000000000000009
2024,193.0,165.0,131.0,121.0,3176.6,2162.6,28.0,27.0,1,1,0,0,-2983.6,-1997.6,103.0,94.0,1462.0,1462.0,52.0,52.0,1568.0,1568.0,24.0,24.0,1,1,0,28.0,28.0,0.0,0,0.8,2.6,0.2,0.2,0.4,0.4,0.16666666666666666,0.3333333333333333,1.2,2.0,0.2,0.6,0.0,1.0,0.1,0.6,0.6,1.0,1.0,0.5,0.5
2024,1298.0,1054.0,50.0,48.0,8762.8,6136.0,3.0,3.0,1,1,0,0,-7464.799999999999,-5082.0,47.0,45.0,1477.0,1477.0,47.0,47.0,1886.0,1886.0,1.0,1.0,1,1,0,46.0,46.0,0.0,0,1.6,2.0,0.4,0.2,0.0,0.8,0.1,0.7,1.6,0.8,0.6,0.2,0.4,1.4,0.4,0.4,0.6,2.2,1.4,1.1,1.2999999999999998
2024,1132.1,609.3,54.0,65.0,9303.1,8609.1,2.0,2.0,1,1,0,0,-8171.0,-7999.8,52.0,63.0,1679.0,1679.0,14.0,14.0,1776.0,1776.0,5.0,5.0,1,1,0,9.0,9.0,0.0,0,1.4,0.8,0.4,0.4,0.2,0.4,0.5,0.3333333333333333,1.8,1.0,0.6,0.2,0.4,1.6,0.6,0.2,0.6,0.3333333333333333,0.3333333333333333,1.8,-0.1333333333333333
2024,3366.5,2094.5,25.0,28.0,3708.7,2354.7,20.0,22.0,1,1,0,0,-342.1999999999998,-260.1999999999998,5.0,6.0,1462.0,1462.0,52.0,52.0,1476.0,1476.0,48.0,48.0,1,1,0,4.0,4.0,0.0,0,0.0,0.0,0.0,0.0,0.0,0.0,0.0,0.0,0.8,1.2,0.2,0.4,0.4,1.2,0.5,0.2,0.2,0.0,0.0,1.1,-1.1
2024,1879.8,1411.0,40.0,37.0,4968.5,4537.3,11.0,7.0,1,1,0,0,-3088.7,-3126.3,29.0,30.0,1483.0,1483.0,42.0,42.0,1776.0,1776.0,5.0,5.0,1,1,0,37.0,37.0,0.0,1,0.6,0.8,0.2,0.4,0.6,0.2,0.6,0.1,1.0,0.2,0.2,0.0,0.8,1.9,0.6,0.0,0.2,0.0,0.5,2.0,0.0
2024,3716.6,3501.4,19.0,12.0,2209.0,1851.0,34.0,30.0,1,1,0,0,1507.6,1650.4,-15.0,-18.0,1776.0,1776.0,5.0,5.0,1679.0,1679.0,14.0,14.0,1,1,0,-9.0,-9.0,0.0,0,1.0,1.0,0.2,0.4,0.2,0.6,0.3,0.7,1.0,1.4,0.2,0.6,0.0,1.2,0.3,0.5,0.7,0.4,0.9,1.1,0.7999999999999998
2024,5521.0,3100.6,8.0,17.0,4007.8,3412.2,17.0,13.0,1,1,0,0,1513.1999999999998,-311.5999999999999,-9.0,4.0,1679.0,1679.0,13.0,13.0,1476.0,1476.0,48.0,48.0,1,1,0,-35.0,-35.0,0.0,0,0.6,1.8,0.2,0.0,0.6,0.4,0.1,0.5,2.2,1.0,0.8,0.0,0.2,1.5,0.5,0.2,0.6,1.2,1.4,2.0,-1.7
2024,2168.6,1377.0,37.0,38.0,9828.6,8671.0,1.0,1.0,1,1,0,0,-7660.0,-7294.0,36.0,37.0,1886.0,1886.0,1.0,1.0,1776.0,1776.0,5.0,5.0,1,1,0,-4.0,-4.0,0.0,0,0.4,0.8,0.2,0.4,0.6,0.2,0.2,0.5,0.6,2.6,0.0,0.8,0.0,0.5,0.1,0.7,0.3,1.6,1.3,0.6,0.7000000000000001
2024,630.1,582.1,71.0,68.0,3905.4,2618.6,18.0,20.0,1,1,0,0,-3275.3,-2036.5,53.0,48.0,1462.0,1462.0,52.0,52.0,1886.0,1886.0,1.0,1.0,1,1,0,51.0,51.0,0.0,0,0.6,0.4,0.4,0.6,0.6,0.0,0.5,0.2,1.0,1.0,0.2,0.2,0.2,1.3,0.3,0.3,0.8,0.6,0.4444444444444444,0.7,1.4111111111111112
2024,1460.4,1444.4,46.0,35.0,5631.5,3866.7,7.0,11.0,1,1,0,0,-4171.1,-2422.2999999999997,39.0,24.0,1886.0,1886.0,1.0,1.0,1776.0,1776.0,5.0,5.0,1,1,0,-4.0,-4.0,0.0,0,1.2,1.0,0.4,0.4,0.2,0.4,0.5,0.4,1.6,1.2,0.4,0.2,0.2,1.4,0.4,0.2,0.4,0.8,0.8,0.8,0.8
2024,1339.7,917.3,48.0,50.0,6029.4,3165.0,5.0,16.0,1,1,0,0,-4689.7,-2247.7,43.0,34.0,1886.0,1886.0,1.0,1.0,1679.0,1679.0,13.0,13.0,1,1,0,-12.0,-12.0,0.0,0,1.0,1.8,0.2,0.0,0.2,0.8,0.3,0.6,0.8,0.8,0.4,0.4,0.2,1.3,0.4,0.5,0.6,0.6,1.0,0.3,1.7
2024,1065.1,837.1,56.0,53.0,5949.2,5502.0,6.0,4.0,1,1,0,0,-4884.1,-4664.9,50.0,49.0,1477.0,1477.0,47.0,47.0,1776.0,1776.0,5.0,5.0,1,1,0,42.0,42.0,0.0,0,0.8,1.6,0.2,0.4,0.2,0.6,0.3,0.5,0.8,0.6,0.4,0.2,0.4,0.9,0.3,0.3,0.4,0.6,0.875,1.5,0.0
2024,456.0,456.0,85.0,75.0,4128.4,4104.4,16.0,10.0,1,1,0,0,-3672.3999999999996,-3648.3999999999996,69.0,65.0,1679.0,1679.0,13.0,13.0,1568.0,1568.0,24.0,24.0,1,1,0,-11.0,-11.0,-0.5,1,0.8,1.8,0.2,0.2,0.4,0.4,0.16666666666666666,0.3333333333333333,1.4,1.0,0.4,0.4,0.2,1.5,0.5,0.4,0.4,1.6666666666666667,1.6666666666666667,0.7,0.6333333333333333
2024,1257.1,1127.1,52.0,44.0,3466.6,2435.0,23.0,21.0,1,1,0,0,-2209.5,-1307.9,29.0,23.0,1462.0,1462.0,52.0,52.0,1308.0,1308.0,80.0,80.0,1,1,0,-28.0,-28.0,0.0,0,1.4,1.2,0.4,0.4,0.4,0.4,0.3,0.3,0.6,2.0,0.2,0.8,0.0,1.4,0.5,0.5,0.3,0.8,0.8571428571428571,0.4,1.0285714285714285
2024,3905.4,2618.6,18.0,20.0,1865.3,1424.5,41.0,36.0,1,1,0,0,2040.1000000000001,1194.1,-23.0,-16.0,1886.0,1886.0,1.0,1.0,1308.0,1308.0,80.0,80.0,1,1,0,-79.0,-79.0,0.0,0,1.4,0.8,0.4,0.2,0.2,0.8,0.1,0.8,1.2,2.8,0.4,0.4,0.0,1.0,0.2,0.6,0.6,1.2,1.2,0.5,0.5
2024,4007.8,3412.2,17.0,13.0,1298.0,1054.0,50.0,48.0,1,1,0,0,2709.8,2358.2,-33.0,-35.0,1476.0,1476.0,48.0,48.0,1477.0,1477.0,47.0,47.0,1,1,0,1.0,1.0,0.0,0,2.0,1.2,0.6,0.0,0.0,1.0,0.2,0.7,0.4,0.8,0.2,0.4,0.4,0.8,0.2,0.4,0.4,0.8,0.9,0.6,1.5
2024,4968.5,4537.3,11.0,7.0,3366.5,2094.5,25.0,28.0,1,1,0,0,1602.0,2442.8,-14.0,-21.0,1776.0,1776.0,5.0,5.0,1462.0,1462.0,52.0,52.0,1,1,0,-47.0,-47.0,0.0,0,1.2,1.4,0.4,0.4,0.2,0.4,0.5,0.3,1.0,1.0,0.0,0.0,0.0,1.0,0.0,0.0,1.0,0.4,0.5,0.0,1.9
2024,2209.0,1851.0,34.0,30.0,2247.0,1267.4,32.0,42.0,1,1,0,0,-38.0,583.5999999999999,2.0,-12.0,1679.0,1679.0,14.0,14.0,1483.0,1483.0,42.0,42.0,1,1,0,-28.0,-28.0,0.0,0,1.0,0.6,0.2,0.4,0.4,0.4,0.6,0.2,0.8,1.0,0.4,0.6,0.4,1.3,0.4,0.5,0.3,0.4,0.5,0.1,2.3
2024,4320.6,3096.2,14.0,18.0,630.1,582.1,71.0,68.0,1,1,0,0,3690.5000000000005,2514.1,-57.0,-50.0,1776.0,1776.0,5.0,5.0,1462.0,1462.0,52.0,52.0,1,1,0,-47.0,-47.0,0.0,0,0.8,1.4,0.2,0.0,0.4,0.6,0.1,0.7,1.4,2.2,0.4,0.6,0.2,1.9,0.4,0.5,0.7,1.4,1.4,0.4,1.1
2024,6029.4,3165.0,5.0,16.0,1065.1,837.1,56.0,53.0,1,1,0,0,4964.299999999999,2327.9,-51.0,-37.0,1679.0,1679.0,13.0,13.0,1477.0,1477.0,47.0,47.0,1,1,0,-34.0,-34.0,0.0,0,1.2,0.6,0.4,0.4,0.4,0.4,0.4,0.4,1.0,1.4,0.4,0.4,0.2,1.2,0.4,0.4,0.6,1.0,1.0,1.125,0.375
2024,9303.1,8609.1,2.0,2.0,1257.1,1127.1,52.0,44.0,1,1,0,0,8046.0,7482.0,-50.0,-42.0,1776.0,1776.0,5.0,5.0,1462.0,1462.0,52.0,52.0,1,1,0,-47.0,-47.0,0.0,0,1.2,1.6,0.2,0.0,0.2,0.8,0.3,0.5,0.8,2.4,0.2,0.6,0.2,0.7142857142857143,0.14285714285714285,0.7142857142857143,0.42857142857142855,0.6,0.8,0.0,1.8
2024,4128.4,4104.4,16.0,10.0,2168.6,1377.0,37.0,38.0,1,1,0,0,1959.7999999999997,2727.3999999999996,-21.0,-28.0,1568.0,1568.0,24.0,24.0,1886.0,1886.0,1.0,1.0,1,1,0,23.0,23.0,0.0,0,1.0,2.0,0.0,0.0,0.4,0.6,0.0,0.6,1.4,1.2,0.4,0.4,0.2,1.2,0.4,0.3,0.5,1.6,1.2,1.4,0.30000000000000004
2024,3708.7,2354.7,20.0,22.0,1879.8,1411.0,40.0,37.0,1,1,0,0,1828.8999999999999,943.6999999999998,-20.0,-15.0,1476.0,1476.0,48.0,48.0,1483.0,1483.0,42.0,42.0,1,1,0,6.0,6.0,0.0,0,0.4,0.8,0.2,0.2,0.8,0.2,0.2,0.5,0.8,2.0,0.2,0.4,0.4,0.7,0.2,0.5,0.5,0.8,0.4,0.5,2.1
2024,3176.6,2162.6,28.0,27.0,1460.4,1444.4,46.0,35.0,1,1,0,0,1716.1999999999998,718.1999999999998,-18.0,-8.0,1568.0,1568.0,24.0,24.0,1886.0,1886.0,1.0,1.0,1,1,0,23.0,23.0,-0.5,1,1.6,1.0,0.4,0.2,0.2,0.6,0.3,0.4,0.4,1.0,0.0,0.6,0.2,0.6,0.3,0.4,0.2,0.6,0.8,0.8,1.0999999999999999
2024,5631.5,3866.7,7.0,11.0,193.0,165.0,131.0,121.0,1,1,0,0,5438.5,3701.7,-124.0,-110.0,1776.0,1776.0,5.0,5.0,1462.0,1462.0,52.0,52.0,1,1,0,-47.0,-47.0,0.0,0,0.4,2.4,0.0,0.0,0.8,0.2,0.0,0.3,0.4,1.8,0.0,0.8,0.0,0.6,0.1,0.6,0.5,2.4,1.6,0.3,0.8999999999999999
2024,5949.2,5502.0,6.0,4.0,1339.7,917.3,48.0,50.0,1,1,0,0,4609.5,4584.7,-42.0,-46.0,1776.0,1776.0,5.0,5.0,1886.0,1886.0,1.0,1.0,1,1,0,4.0,4.0,0.0,0,1.8,1.0,0.6,0.4,0.0,0.6,0.4,0.6,1.4,2.0,0.4,0.6,0.2,1.2,0.3,0.5,0.3,0.2,0.4,1.0,2.0
2024,3466.6,2435.0,23.0,21.0,1132.1,609.3,54.0,65.0,1,1,0,0,2334.5,1825.7,-31.0,-44.0,1308.0,1308.0,80.0,80.0,1679.0,1679.0,14.0,14.0,1,1,0,66.0,66.0,0.0,0,1.4,1.2,0.4,0.2,0.6,0.2,0.4,0.2,1.6,0.8,0.4,0.2,0.4,1.1428571428571428,0.2857142857142857,0.2857142857142857,0.42857142857142855,0.6,0.9,1.0,1.1
2024,5168.0,4237.6,10.0,8.0,3716.6,3501.4,19.0,12.0,1,1,0,0,1451.4,736.2000000000003,-9.0,-4.0,1568.0,1568.0,24.0,24.0,1776.0,1776.0,5.0,5.0,1,1,0,19.0,19.0,0.0,0,2.2,2.4,0.2,0.0,0.0,1.0,0.1,0.8,0.8,0.8,0.4,0.4,0.6,0.8,0.4,0.4,0.2,1.6,1.4,0.8888888888888888,1.2111111111111112
2024,9828.6,8671.0,1.0,1.0,456.0,456.0,85.0,75.0,1,1,0,0,9372.6,8215.0,-84.0,-74.0,1776.0,1776.0,5.0,5.0,1679.0,1679.0,13.0,13.0,1,1,0,-8.0,-8.0,0.0,0,1.2,0.4,0.2,0.6,0.4,0.4,0.7,0.3,1.0,1.6,0.2,0.4,0.2,0.7142857142857143,0.14285714285714285,0.5714285714285714,0.42857142857142855,0.6,0.7,0.0,2.0
2024,8762.8,6136.0,3.0,3.0,5521.0,3100.6,8.0,17.0,1,1,0,0,3241.7999999999993,3035.4,-5.0,-14.0,1886.0,1886.0,1.0,1.0,1679.0,1679.0,13.0,13.0,1,1,0,-12.0,-12.0,1.5,1,1.8,0.6,0.8,0.6,0.0,0.4,0.4,0.6,1.2,0.6,0.4,0.0,0.6,1.6,0.5,0.1,0.6,0.6,0.6,0.9,1.4
2024,3905.4,2618.6,18.0,20.0,4320.6,3096.2,14.0,18.0,1,1,0,0,-415.2000000000003,-477.5999999999999,4.0,2.0,1886.0,1886.0,1.0,1.0,1776.0,1776.0,5.0,5.0,1,1,0,-4.0,-4.0,0.5,1,0.6,0.8,0.2,0.4,0.4,0.4,0.3,0.4,0.4,1.6,0.0,0.8,0.0,0.5,0.1,0.7,0.4,1.2,1.1,0.3,1.3
2024,2209.0,1851.0,34.0,30.0,5168.0,4237.6,10.0,8.0,1,1,0,0,-2959.0,-2386.6000000000004,24.0,22.0,1679.0,1679.0,14.0,14.0,1568.0,1568.0,24.0,24.0,1,1,0,-10.0,-10.0,0.0,0,0.6,2.8,0.2,0.4,0.4,0.4,0.3,0.4,1.2,1.4,0.4,0.4,0.2,1.0,0.3,0.5,0.7,1.2,1.2222222222222223,1.0,0.33333333333333326
2024,456.0,456.0,85.0,75.0,2168.6,1377.0,37.0,38.0,1,1,0,0,-1712.6,-921.0,48.0,37.0,1679.0,1679.0,13.0,13.0,1886.0,1886.0,1.0,1.0,1,1,0,12.0,12.0,0.0,0,1.4,0.8,0.4,0.2,0.4,0.6,0.3,0.5,1.4,0.6,0.4,0.4,0.4,1.6,0.5,0.4,0.4,0.8,1.0,0.3,1.4
2024,3366.5,2094.5,25.0,28.0,1879.8,1411.0,40.0,37.0,1,1,0,0,1486.7,683.5,-15.0,-9.0,1462.0,1462.0,52.0,52.0,1483.0,1483.0,42.0,42.0,1,1,0,10.0,10.0,0.0,0,0.8,1.8,0.2,0.2,0.2,0.6,0.125,0.5,0.4,1.2,0.0,0.6,0.2,0.6,0.3,0.4,0.2,1.5,1.5,0.8,0.44999999999999996
2024,5949.2,5502.0,6.0,4.0,6029.4,3165.0,5.0,16.0,1,1,0,0,-80.19999999999982,2337.0,1.0,-12.0,1776.0,1776.0,5.0,5.0,1679.0,1679.0,13.0,13.0,1,1,0,-8.0,-8.0,0.0,0,1.4,0.8,0.4,0.2,0.2,0.8,0.1,0.8,2.0,1.8,0.4,0.4,0.2,1.9,0.4,0.4,0.8,1.2,1.2,1.0,0.0
2024,1065.1,837.1,56.0,53.0,1339.7,917.3,48.0,50.0,1,1,0,0,-274.60000000000014,-80.19999999999993,8.0,3.0,1477.0,1477.0,47.0,47.0,1886.0,1886.0,1.0,1.0,1,1,0,46.0,46.0,0.0,1,1.2,0.6,0.4,0.4,0.4,0.4,0.5,0.3,0.8,1.8,0.2,0.6,0.2,1.0,0.4,0.4,0.3,0.4,0.6,1.8,0.5999999999999999
2024,3466.6,2435.0,23.0,21.0,9303.1,8609.1,2.0,2.0,1,1,0,0,-5836.5,-6174.1,21.0,19.0,1308.0,1308.0,80.0,80.0,1776.0,1776.0,5.0,5.0,1,1,0,75.0,75.0,0.5,1,1.4,1.4,0.4,0.2,0.6,0.2,0.4,0.2,1.8,0.8,0.6,0.2,0.6,1.6,0.5,0.2,0.6,0.8,1.1,1.6,0.5
2024,3716.6,3501.4,19.0,12.0,2247.0,1267.4,32.0,42.0,1,1,0,0,1469.6,2234.0,-13.0,-30.0,1776.0,1776.0,5.0,5.0,1483.0,1483.0,42.0,42.0,1,1,0,-37.0,-37.0,0.0,0,0.6,1.0,0.2,0.4,0.6,0.2,0.4,0.2,1.4,2.2,0.4,0.2,0.0,1.1,0.2,0.5,0.7,1.0,0.7,0.6,1.2999999999999998
2024,630.1,582.1,71.0,68.0,1865.3,1424.5,41.0,36.0,1,1,0,0,-1235.1999999999998,-842.4,30.0,32.0,1462.0,1462.0,52.0,52.0,1308.0,1308.0,80.0,80.0,1,1,0,-28.0,-28.0,0.0,0,1.5,0.5,0.5,0.5,0.0,0.5,0.5,0.5,1.0,1.2,0.4,0.6,0.4,0.9,0.3,0.6,0.4,1.0,1.0,0.1,0.9
2024,4128.4,4104.4,16.0,10.0,9828.6,8671.0,1.0,1.0,1,1,0,0,-5700.200000000001,-4566.6,15.0,9.0,1568.0,1568.0,24.0,24.0,1776.0,1776.0,5.0,5.0,1,1,0,19.0,19.0,-3.0,1,1.4,1.0,0.4,0.2,0.2,0.6,0.3,0.4,1.0,0.6,0.2,0.0,0.4,1.8,0.5,0.0,0.4,0.6,0.7,1.8,0.30000000000000004
2024,4007.8,3412.2,17.0,13.0,8762.8,6136.0,3.0,3.0,1,1,0,0,-4754.999999999999,-2723.8,14.0,10.0,1476.0,1476.0,48.0,48.0,1886.0,1886.0,1.0,1.0,1,1,0,47.0,47.0,0.0,0,1.2,1.0,0.4,0.2,0.4,0.4,0.2,0.6,1.8,0.6,0.8,0.2,0.6,1.8,0.6,0.3,0.6,1.2,1.0,1.1,0.7
2024,5521.0,3100.6,8.0,17.0,1298.0,1054.0,50.0,48.0,1,1,0,0,4223.0,2046.6,-42.0,-31.0,1679.0,1679.0,13.0,13.0,1477.0,1477.0,47.0,47.0,1,1,0,-34.0,-34.0,0.0,0,1.0,0.8,0.4,0.6,0.4,0.2,0.3,0.6,1.0,2.6,0.2,0.8,0.2,1.7,0.3,0.6,0.6,0.4,0.5,0.4,1.7000000000000002
2024,193.0,165.0,131.0,121.0,1460.4,1444.4,46.0,35.0,1,1,0,0,-1267.4,-1279.4,85.0,86.0,1462.0,1462.0,52.0,52.0,1886.0,1886.0,1.0,1.0,1,1,0,51.0,51.0,-1.5,1,0.6,1.6,0.2,0.2,0.6,0.2,0.1,0.3,1.8,1.2,0.6,0.0,0.0,1.8,0.6,0.0,0.8,2.2,1.5,1.8,-0.30000000000000004
2024,1257.1,1127.1,52.0,44.0,1132.1,609.3,54.0,65.0,1,1,0,0,125.0,517.8,-2.0,-21.0,1462.0,1462.0,52.0,52.0,1679.0,1679.0,14.0,14.0,1,1,0,38.0,38.0,0.0,0,1.4,2.0,0.0,0.0,0.2,0.8,0.0,0.6,1.4,1.4,0.4,0.4,0.2,1.2,0.3,0.3,0.5,1.8,1.2,0.8,1.0
2024,3176.6,2162.6,28.0,27.0,5631.5,3866.7,7.0,11.0,1,1,0,0,-2454.9,-1704.1,21.0,16.0,1568.0,1568.0,24.0,24.0,1776.0,1776.0,5.0,5.0,1,1,0,19.0,19.0,0.0,0,0.6,2.4,0.2,0.2,0.6,0.2,0.125,0.375,1.6,1.4,0.4,0.4,0.2,1.3,0.4,0.2,0.5,1.0,1.0,1.3333333333333333,-0.33333333333333326
2024,3708.7,2354.7,20.0,22.0,4968.5,4537.3,11.0,7.0,1,1,0,0,-1259.8000000000002,-2182.6000000000004,9.0,15.0,1476.0,1476.0,48.0,48.0,1776.0,1776.0,5.0,5.0,1,1,0,43.0,43.0,0.0,0,0.8,2.4,0.2,0.0,0.6,0.4,0.3,0.2,1.2,1.4,0.2,0.4,0.2,1.25,0.25,0.375,0.5,1.4,1.25,0.75,0.5
2024,1065.1,837.1,56.0,53.0,6029.4,3165.0,5.0,16.0,1,1,0,0,-4964.299999999999,-2327.9,51.0,37.0,1477.0,1477.0,47.0,47.0,1679.0,1679.0,13.0,13.0,1,1,0,34.0,34.0,-5.0,1,0.6,3.0,0.0,0.2,0.4,0.6,0.3,0.5,1.8,1.0,0.4,0.4,0.4,1.5,0.4,0.5,0.5,1.0,1.2,0.3,1.0
2024,1298.0,1054.0,50.0,48.0,4007.8,3412.2,17.0,13.0,1,1,0,0,-2709.8,-2358.2,33.0,35.0,1477.0,1477.0,47.0,47.0,1476.0,1476.0,48.0,48.0,1,1,0,-1.0,-1.0,-3.0,1,1.0,2.2,0.2,0.2,0.4,0.4,0.1,0.6,1.0,1.2,0.2,0.6,0.2,1.1,0.3,0.5,0.6,2.4,1.5,1.0,1.1
2024,5521.0,3100.6,8.0,17.0,8762.8,6136.0,3.0,3.0,1,1,0,0,-3241.7999999999993,-3035.4,5.0,14.0,1679.0,1679.0,13.0,13.0,1886.0,1886.0,1.0,1.0,1,1,0,12.0,12.0,-1.6,1,1.2,1.0,0.4,0.4,0.4,0.4,0.3,0.6,1.8,0.8,0.8,0.2,0.4,1.9,0.7,0.2,0.6,0.4,0.6,1.4,0.7000000000000002
2024,1257.1,1127.1,52.0,44.0,9303.1,8609.1,2.0,2.0,1,1,0,0,-8046.0,-7482.0,50.0,42.0,1462.0,1462.0,52.0,52.0,1776.0,1776.0,5.0,5.0,1,1,0,47.0,47.0,-2.0,1,1.0,2.0,0.4,0.0,0.6,0.4,0.2,0.3,1.2,1.2,0.4,0.4,0.4,1.6,0.5,0.2,0.6,1.6,1.2222222222222223,1.3,0.14444444444444438
2024,1339.7,917.3,48.0,50.0,5949.2,5502.0,6.0,4.0,1,1,0,0,-4609.5,-4584.7,42.0,46.0,1886.0,1886.0,1.0,1.0,1776.0,1776.0,5.0,5.0,1,1,0,-4.0,-4.0,-1.0,1,1.2,1.0,0.4,0.2,0.0,0.8,0.1,0.8,1.8,1.0,0.6,0.2,0.2,1.6,0.6,0.2,0.6,0.6,0.8888888888888888,1.7,0.4111111111111112
2024,2247.0,1267.4,32.0,42.0,2209.0,1851.0,34.0,30.0,1,1,0,0,38.0,-583.5999999999999,-2.0,12.0,1483.0,1483.0,42.0,42.0,1679.0,1679.0,14.0,14.0,1,1,0,28.0,28.0,0.0,1,1.4,2.6,0.4,0.0,0.2,0.8,0.0,0.7,1.4,0.8,0.4,0.0,0.2,1.2,0.2,0.2,0.9,1.8,1.3,1.0,0.30000000000000004
2024,1132.1,609.3,54.0,65.0,3466.6,2435.0,23.0,21.0,1,1,0,0,-2334.5,-1825.7,31.0,44.0,1679.0,1679.0,14.0,14.0,1308.0,1308.0,80.0,80.0,1,1,0,-66.0,-66.0,-1.0,1,0.8,1.2,0.2,0.2,0.6,0.4,0.4,0.2,2.0,1.4,0.4,0.2,0.2,1.9,0.4,0.3,0.8,0.8,0.8,1.0,0.8999999999999999
2024,1460.4,1444.4,46.0,35.0,3176.6,2162.6,28.0,27.0,1,1,0,0,-1716.1999999999998,-718.1999999999998,18.0,8.0,1886.0,1886.0,1.0,1.0,1568.0,1568.0,24.0,24.0,1,1,0,-23.0,-23.0,-1.0,1,0.2,1.2,0.0,0.2,0.8,0.2,0.2,0.4,0.6,1.0,0.2,0.4,0.4,0.6,0.2,0.6,0.3,1.2,1.3,0.6,-0.19999999999999996
2024,193.0,165.0,131.0,121.0,5631.5,3866.7,7.0,11.0,1,1,0,0,-5438.5,-3701.7,124.0,110.0,1462.0,1462.0,52.0,52.0,1776.0,1776.0,5.0,5.0,1,1,0,47.0,47.0,-2.0,1,0.6,2.2,0.2,0.2,0.6,0.2,0.1111111111111111,0.3333333333333333,1.2,1.2,0.4,0.4,0.4,1.4,0.4,0.3,0.5,1.2,1.2,1.1,-0.30000000000000004
2024,1879.8,1411.0,40.0,37.0,3708.7,2354.7,20.0,22.0,1,1,0,0,-1828.8999999999999,-943.6999999999998,20.0,15.0,1483.0,1483.0,42.0,42.0,1476.0,1476.0,48.0,48.0,1,1,0,-6.0,-6.0,-1.0,1,1.2,1.6,0.2,0.2,0.0,0.8,0.3333333333333333,0.5555555555555556,1.8,1.2,0.6,0.4,0.2,1.5,0.6,0.4,0.3,0.5,0.5,0.7,0.8
2024,3716.6,3501.4,19.0,12.0,5168.0,4237.6,10.0,8.0,1,1,0,0,-1451.4,-736.2000000000003,9.0,4.0,1776.0,1776.0,5.0,5.0,1568.0,1568.0,24.0,24.0,1,1,0,-19.0,-19.0,0.0,1,1.6,1.4,0.4,0.2,0.2,0.6,0.4,0.5,1.4,2.2,0.0,0.4,0.0,1.0,0.1,0.6,0.6,1.0,0.8333333333333334,0.6,1.2333333333333334
2024,3366.5,2094.5,25.0,28.0,4968.5,4537.3,11.0,7.0,1,1,0,0,-1602.0,-2442.8,14.0,21.0,1462.0,1462.0,52.0,52.0,1776.0,1776.0,5.0,5.0,1,1,0,47.0,47.0,-1.0,1,0.4,0.6,0.2,0.6,0.6,0.2,0.4,0.4,1.4,0.8,0.6,0.0,0.2,1.7,0.6,0.0,0.7,0.4,1.1,1.6,-0.20000000000000018
2024,456.0,456.0,85.0,75.0,9828.6,8671.0,1.0,1.0,1,1,0,0,-9372.6,-8215.0,84.0,74.0,1679.0,1679.0,13.0,13.0,1776.0,1776.0,5.0,5.0,1,1,0,8.0,8.0,-2.0,1,0.8,1.8,0.2,0.2,0.2,0.6,0.2222222222222222,0.4444444444444444,1.6,1.0,0.4,0.0,0.2,1.7,0.5,0.0,0.4,1.2,1.2,1.8,-0.19999999999999996
2024,2168.6,1377.0,37.0,38.0,4128.4,4104.4,16.0,10.0,1,1,0,0,-1959.7999999999997,-2727.3999999999996,21.0,28.0,1886.0,1886.0,1.0,1.0,1568.0,1568.0,24.0,24.0,1,1,0,-23.0,-23.0,-0.3333333333333333,1,0.4,1.2,0.0,0.2,0.6,0.4,0.4,0.2,1.2,1.2,0.2,0.4,0.2,1.6,0.5,0.3,0.5,0.2,0.5,0.8,1.2
2024,1865.3,1424.5,41.0,36.0,3905.4,2618.6,18.0,20.0,1,1,0,0,-2040.1000000000001,-1194.1,23.0,16.0,1308.0,1308.0,80.0,80.0,1886.0,1886.0,1.0,1.0,1,1,0,79.0,79.0,-1.0,1,0.8,1.2,0.2,0.4,0.4,0.4,0.3,0.4,0.6,0.8,0.2,0.4,0.2,0.9,0.4,0.3,0.3,0.6,0.7,0.9,1.1
2024,1460.4,1444.4,46.0,35.0,193.0,165.0,131.0,121.0,1,1,0,0,1267.4,1279.4,-85.0,-86.0,1886.0,1886.0,1.0,1.0,1462.0,1462.0,52.0,52.0,1,1,0,-51.0,-51.0,-1.0,1,2.0,1.0,0.6,0.4,0.2,0.4,0.3,0.4,2.0,0.8,0.8,0.0,0.4,1.6,0.7,0.1,0.5,0.8,0.4,1.7,0.9000000000000001
2024,5168.0,4237.6,10.0,8.0,2209.0,1851.0,34.0,30.0,1,1,0,0,2959.0,2386.6000000000004,-24.0,-22.0,1568.0,1568.0,24.0,24.0,1679.0,1679.0,14.0,14.0,1,1,0,10.0,10.0,2.0,1,1.8,1.0,0.6,0.2,0.2,0.6,0.4,0.5,0.4,2.8,0.0,0.8,0.0,0.6,0.1,0.8,0.4,1.2,0.8571428571428571,0.0,2.0
2024,8762.8,6136.0,3.0,3.0,4007.8,3412.2,17.0,13.0,1,1,0,0,4754.999999999999,2723.8,-14.0,-10.0,1886.0,1886.0,1.0,1.0,1476.0,1476.0,48.0,48.0,1,1,0,-47.0,-47.0,0.0,1,1.8,1.4,0.4,0.2,0.0,0.8,0.1,0.9,1.2,0.8,0.2,0.0,0.2,1.2,0.2,0.1,0.9,1.6,1.4,1.1,1.0
2024,6029.4,3165.0,5.0,16.0,5949.2,5502.0,6.0,4.0,1,1,0,0,80.19999999999982,-2337.0,-1.0,12.0,1679.0,1679.0,13.0,13.0,1776.0,1776.0,5.0,5.0,1,1,0,8.0,8.0,1.0,1,1.8,1.0,0.6,0.4,0.0,0.6,0.4,0.6,1.2,1.2,0.2,0.4,0.2,1.1,0.3,0.5,0.6,0.6,0.5,0.8,1.7
2024,1132.1,609.3,54.0,65.0,1257.1,1127.1,52.0,44.0,1,1,0,0,-125.0,-517.8,2.0,21.0,1679.0,1679.0,14.0,14.0,1462.0,1462.0,52.0,52.0,1,1,0,-38.0,-38.0,-2.0,1,1.2,1.6,0.2,0.2,0.0,0.8,0.3,0.6,1.2,1.6,0.6,0.4,0.2,1.1,0.4,0.5,0.3,0.6,0.6,0.875,0.5249999999999999
2024,1879.8,1411.0,40.0,37.0,3366.5,2094.5,25.0,28.0,1,1,0,0,-1486.7,-683.5,15.0,9.0,1483.0,1483.0,42.0,42.0,1462.0,1462.0,52.0,52.0,1,1,0,-10.0,-10.0,0.0,1,0.8,0.8,0.4,0.6,0.4,0.2,0.4,0.3,1.0,0.3333333333333333,0.3333333333333333,0.0,0.6666666666666666,1.0,0.3333333333333333,0.0,0.3333333333333333,0.6,0.6,3.0,-0.7000000000000002
2024,1298.0,1054.0,50.0,48.0,5521.0,3100.6,8.0,17.0,1,1,0,0,-4223.0,-2046.6,42.0,31.0,1477.0,1477.0,47.0,47.0,1679.0,1679.0,13.0,13.0,1,1,0,34.0,34.0,2.3333333333333335,1,2.6,1.0,0.6,0.2,0.0,0.8,0.6,0.4,1.2,1.4,0.2,0.4,0.2,1.4,0.4,0.4,0.5,0.4,0.7,0.8,1.2
2024,9303.1,8609.1,2.0,2.0,3466.6,2435.0,23.0,21.0,1,1,0,0,5836.5,6174.1,-21.0,-19.0,1776.0,1776.0,5.0,5.0,1308.0,1308.0,80.0,80.0,1,1,0,-75.0,-75.0,-0.6666666666666666,1,1.0,1.4,0.2,0.2,0.2,0.6,0.3,0.6,2.0,1.2,0.6,0.2,0.2,1.5,0.5,0.4,0.4,0.2,0.4,0.8,2.2
2024,9828.6,8671.0,1.0,1.0,4128.4,4104.4,16.0,10.0,1,1,0,0,5700.200000000001,4566.6,-15.0,-9.0,1776.0,1776.0,5.0,5.0,1568.0,1568.0,24.0,24.0,1,1,0,-19.0,-19.0,-1.0,1,0.6,2.4,0.0,0.0,0.4,0.6,0.1,0.6,1.6,1.4,0.4,0.2,0.2,1.3,0.3,0.2,0.6,2.2,1.6,0.9,0.9999999999999999
2024,1865.3,1424.5,41.0,36.0,630.1,582.1,71.0,68.0,1,1,0,0,1235.1999999999998,842.4,-30.0,-32.0,1308.0,1308.0,80.0,80.0,1462.0,1462.0,52.0,52.0,1,1,0,28.0,28.0,-0.3333333333333333,1,0.4,1.2,0.0,0.2,0.6,0.4,0.2,0.4,0.4,0.6,0.2,0.4,0.6,0.5,0.2,0.4,0.3,1.0,1.3,0.6,-0.09999999999999998
2024,5631.5,3866.7,7.0,11.0,3176.6,2162.6,28.0,27.0,1,1,0,0,2454.9,1704.1,-21.0,-16.0,1776.0,1776.0,5.0,5.0,1568.0,1568.0,24.0,24.0,1,1,0,-19.0,-19.0,2.0,1,1.6,1.2,0.6,0.4,0.2,0.4,0.3,0.5,1.2,2.0,0.0,0.4,0.0,1.1,0.1,0.6,0.7,0.6,0.8,0.3,1.5
2024,4968.5,4537.3,11.0,7.0,3708.7,2354.7,20.0,22.0,1,1,0,0,1259.8000000000002,2182.6000000000004,-9.0,-15.0,1776.0,1776.0,5.0,5.0,1476.0,1476.0,48.0,48.0,1,1,0,-43.0,-43.0,1.0,1,1.2,0.6,0.6,0.4,0.2,0.6,0.4,0.6,0.8,0.8,0.2,0.2,0.4,0.7,0.2,0.5,0.4,0.8,0.9,0.4,1.7000000000000002
2024,1339.7,917.3,48.0,50.0,1065.1,837.1,56.0,53.0,1,1,0,0,274.60000000000014,80.19999999999993,-8.0,-3.0,1886.0,1886.0,1.0,1.0,1477.0,1477.0,47.0,47.0,1,1,0,-46.0,-46.0,0.0,1,1.0,1.0,0.4,0.2,0.2,0.6,0.1,0.7,0.6,3.2,0.0,0.8,0.0,0.6,0.1,0.5,0.5,0.8,0.9,0.4444444444444444,1.4555555555555555
2024,2168.6,1377.0,37.0,38.0,456.0,456.0,85.0,75.0,1,1,0,0,1712.6,921.0,-48.0,-37.0,1886.0,1886.0,1.0,1.0,1679.0,1679.0,13.0,13.0,1,1,0,-12.0,-12.0,-1.0,1,0.8,1.2,0.2,0.2,0.4,0.4,0.4,0.2,0.6,2.4,0.2,0.6,0.2,0.7,0.2,0.6,0.4,0.2,0.4,0.0,2.3
2024,2247.0,1267.4,32.0,42.0,3716.6,3501.4,19.0,12.0,1,1,0,0,-1469.6,-2234.0,13.0,30.0,1483.0,1483.0,42.0,42.0,1776.0,1776.0,5.0,5.0,1,1,0,37.0,37.0,-2.0,1,1.0,2.4,0.2,0.0,0.2,0.8,0.0,0.7,1.2,1.4,0.4,0.6,0.0,1.0,0.5,0.4,0.3,1.6,1.3,0.8,0.5999999999999999
2024,5168.0,4237.6,10.0,8.0,2247.0,1267.4,32.0,42.0,1,1,0,0,2921.0,2970.2000000000003,-22.0,-34.0,1568.0,1568.0,24.0,24.0,1483.0,1483.0,42.0,42.0,1,1,0,-18.0,-18.0,3.0,1,2.0,1.2,0.8,0.2,0.2,0.6,0.3,0.5,0.6,3.0,0.0,0.8,0.0,0.7,0.1,0.6,0.6,1.0,1.1,0.4,1.5
2024,2209.0,1851.0,34.0,30.0,3716.6,3501.4,19.0,12.0,1,1,0,0,-1507.6,-1650.4,15.0,18.0,1679.0,1679.0,14.0,14.0,1776.0,1776.0,5.0,5.0,1,1,0,9.0,9.0,4.0,1,2.0,1.6,0.6,0.2,0.2,0.6,0.1,0.4,1.0,1.6,0.4,0.4,0.2,1.2,0.4,0.4,0.4,1.0,1.1,0.8888888888888888,1.2111111111111112
2024,6029.4,3165.0,5.0,16.0,1339.7,917.3,48.0,50.0,1,1,0,0,4689.7,2247.7,-43.0,-34.0,1679.0,1679.0,13.0,13.0,1886.0,1886.0,1.0,1.0,1,1,0,12.0,12.0,0.0,1,1.6,0.8,0.4,0.4,0.2,0.4,0.4,0.5,1.2,1.8,0.0,0.4,0.0,1.3,0.2,0.4,0.7,0.2,0.3,0.6,2.4
2024,3466.6,2435.0,23.0,21.0,1257.1,1127.1,52.0,44.0,1,1,0,0,2209.5,1307.9,-29.0,-23.0,1308.0,1308.0,80.0,80.0,1462.0,1462.0,52.0,52.0,1,1,0,28.0,28.0,2.0,1,1.4,0.8,0.4,0.2,0.0,0.8,0.2,0.8,1.4,1.2,0.6,0.4,0.2,1.0,0.5,0.4,0.3,1.0,1.1,1.1,0.0
2024,9303.1,8609.1,2.0,2.0,1132.1,609.3,54.0,65.0,1,1,0,0,8171.0,7999.8,-52.0,-63.0,1776.0,1776.0,5.0,5.0,1679.0,1679.0,14.0,14.0,1,1,0,-9.0,-9.0,-1.0,1,0.8,1.2,0.2,0.2,0.2,0.6,0.1,0.8,1.0,1.4,0.2,0.4,0.0,0.9,0.2,0.5,0.6,1.4,1.4,0.6,1.2000000000000002
2024,5949.2,5502.0,6.0,4.0,1065.1,837.1,56.0,53.0,1,1,0,0,4884.1,4664.9,-50.0,-49.0,1776.0,1776.0,5.0,5.0,1477.0,1477.0,47.0,47.0,1,1,0,-42.0,-42.0,-1.0,1,2.0,0.8,0.6,0.6,0.2,0.2,0.4,0.3,1.4,1.0,0.4,0.4,0.2,1.2,0.3,0.5,0.7,0.4,0.4,1.0,1.6
2024,5631.5,3866.7,7.0,11.0,1460.4,1444.4,46.0,35.0,1,1,0,0,4171.1,2422.2999999999997,-39.0,-24.0,1776.0,1776.0,5.0,5.0,1886.0,1886.0,1.0,1.0,1,1,0,4.0,4.0,-1.0,1,1.6,0.6,0.6,0.6,0.2,0.4,0.4,0.5,2.0,0.8,0.8,0.0,0.4,1.6,0.6,0.2,0.5,0.4,0.6,1.5714285714285714,0.3285714285714285
2024,4320.6,3096.2,14.0,18.0,1865.3,1424.5,41.0,36.0,1,1,0,0,2455.3,1671.6999999999998,-27.0,-18.0,1776.0,1776.0,5.0,5.0,1308.0,1308.0,80.0,80.0,1,1,0,-75.0,-75.0,-2.0,1,0.6,1.8,0.2,0.2,0.4,0.4,0.5,0.3,1.6,0.4,0.6,0.2,0.8,1.0,0.4,0.5,0.2,0.8,0.6,0.2,1.4000000000000001
2024,4968.5,4537.3,11.0,7.0,1879.8,1411.0,40.0,37.0,1,1,0,0,3088.7,3126.3,-29.0,-30.0,1776.0,1776.0,5.0,5.0,1483.0,1483.0,42.0,42.0,1,1,0,-37.0,-37.0,0.0,1,1.2,0.6,0.6,0.4,0.2,0.6,0.3,0.7,0.6,0.8,0.0,0.2,0.2,0.6,0.1,0.5,0.5,0.8,0.8,0.4,2.0
2024,3708.7,2354.7,20.0,22.0,3366.5,2094.5,25.0,28.0,1,1,0,0,342.1999999999998,260.1999999999998,-5.0,-6.0,1476.0,1476.0,48.0,48.0,1462.0,1462.0,52.0,52.0,1,1,0,-4.0,-4.0,-1.0,1,0.6,0.8,0.2,0.4,0.4,0.4,0.2,0.4,0.6,0.8,0.2,0.4,0.4,0.5,0.2,0.4,0.3,1.6,1.5,0.7,0.6000000000000001
2024,3176.6,2162.6,28.0,27.0,193.0,165.0,131.0,121.0,1,1,0,0,2983.6,1997.6,-103.0,-94.0,1568.0,1568.0,24.0,24.0,1462.0,1462.0,52.0,52.0,1,1,0,-28.0,-28.0,0.0,1,0.8,1.6,0.0,0.2,0.4,0.6,0.1,0.6,0.4,1.8,0.0,0.8,0.0,0.6,0.1,0.8,0.4,1.8,1.4,0.0,1.5
2024,3905.4,2618.6,18.0,20.0,630.1,582.1,71.0,68.0,1,1,0,0,3275.3,2036.5,-53.0,-48.0,1886.0,1886.0,1.0,1.0,1462.0,1462.0,52.0,52.0,1,1,0,-51.0,-51.0,0.0,1,0.6,1.0,0.2,0.0,0.6,0.4,0.3,0.3,0.75,1.25,0.25,0.25,0.5,0.75,0.25,0.25,0.25,0.6,0.7,1.5,0.6000000000000001
2024,4007.8,3412.2,17.0,13.0,5521.0,3100.6,8.0,17.0,1,1,0,0,-1513.1999999999998,311.5999999999999,9.0,-4.0,1476.0,1476.0,48.0,48.0,1679.0,1679.0,13.0,13.0,1,1,0,35.0,35.0,0.3333333333333333,1,1.2,1.6,0.2,0.2,0.2,0.6,0.2,0.5,1.0,2.4,0.2,0.6,0.2,0.9,0.2,0.6,0.5,1.2,1.0,0.0,1.8
2024,9828.6,8671.0,1.0,1.0,2168.6,1377.0,37.0,38.0,1,1,0,0,7660.0,7294.0,-36.0,-37.0,1776.0,1776.0,5.0,5.0,1886.0,1886.0,1.0,1.0,1,1,0,4.0,4.0,-2.0,1,1.0,1.4,0.2,0.2,0.4,0.4,0.1,0.6,1.4,1.0,0.6,0.2,0.4,1.2,0.4,0.2,0.5,1.4,1.1,1.2,0.30000000000000004
2024,4128.4,4104.4,16.0,10.0,456.0,456.0,85.0,75.0,1,1,0,0,3672.3999999999996,3648.3999999999996,-69.0,-65.0,1568.0,1568.0,24.0,24.0,1679.0,1679.0,13.0,13.0,1,1,0,11.0,11.0,0.0,1,2.8,1.0,0.8,0.2,0.0,0.8,0.5,0.5,1.2,1.2,0.4,0.4,0.2,0.9,0.3,0.5,0.3,0.6,0.8,0.8,1.2
2024,8762.8,6136.0,3.0,3.0,1298.0,1054.0,50.0,48.0,1,1,0,0,7464.799999999999,5082.0,-47.0,-45.0,1886.0,1886.0,1.0,1.0,1477.0,1477.0,47.0,47.0,1,1,0,-46.0,-46.0,2.0,1,2.0,0.6,0.8,0.6,0.0,0.4,0.5,0.5,0.4,1.8,0.0,0.8,0.0,1.0,0.2,0.6,0.6,0.2,0.4,0.4,2.4
2024,630.1,582.1,71.0,68.0,4320.6,3096.2,14.0,18.0,1,1,0,0,-3690.5000000000005,-2514.1,57.0,50.0,1462.0,1462.0,52.0,52.0,1776.0,1776.0,5.0,5.0,1,1,0,47.0,47.0,2.0,1,1.4,1.6,0.4,0.4,0.4,0.4,0.4,0.4,1.2,1.6,0.4,0.6,0.4,1.4,0.5,0.3,0.3,0.5,0.5,1.8,-0.8
2024,4320.6,3096.2,14.0,18.0,3905.4,2618.6,18.0,20.0,1,1,0,0,415.2000000000003,477.5999999999999,-4.0,-2.0,1776.0,1776.0,5.0,5.0,1886.0,1886.0,1.0,1.0,1,1,0,4.0,4.0,0.3333333333333333,1,1.2,0.8,0.6,0.6,0.4,0.0,0.5,0.3,1.2,1.6,0.2,0.6,0.0,1.0,0.2,0.5,0.4,0.8,0.6,0.8,0.8
2025,3366.5,2094.5,25.0,28.0,2209.0,1851.0,34.0,30.0,1,1,0,0,1157.5,243.5,-9.0,-2.0,1462.0,1462.0,52.0,52.0,1679.0,1679.0,14.0,14.0,1,1,0,38.0,38.0,0.0,0,0.6,1.0,0.0,0.2,0.4,0.6,0.3,0.4,0.8,0.6,0.2,0.0,0.4,1.1,0.3,0.0,0.7,0.6,1.1,1.4,-0.2999999999999998
2025,4320.6,3096.2,14.0,18.0,4968.5,4537.3,11.0,7.0,1,1,0,0,-647.8999999999996,-1441.1000000000004,3.0,11.0,1776.0,1776.0,5.0,5.0,1776.0,1776.0,5.0,5.0,1,1,0,0.0,0.0,0.0,0,1.4,0.6,0.6,0.6,0.2,0.2,0.5,0.3,1.6,0.8,0.8,0.0,0.4,1.8,0.7,0.0,0.8,0.8,0.7,1.8,-0.40000000000000013
2025,2168.6,1377.0,37.0,38.0,5949.2,5502.0,6.0,4.0,1,1,0,0,-3780.6,-4125.0,31.0,34.0,1886.0,1886.0,1.0,1.0,1776.0,1776.0,5.0,5.0,1,1,0,-4.0,-4.0,0.0,0,1.0,1.0,0.4,0.4,0.6,0.2,0.3,0.3,2.0,1.0,0.8,0.2,0.4,1.6,0.6,0.2,0.4,0.6,0.5,1.6,0.6999999999999997
2025,1460.4,1444.4,46.0,35.0,8762.8,6136.0,3.0,3.0,1,1,0,0,-7302.4,-4691.6,43.0,32.0,1886.0,1886.0,1.0,1.0,1886.0,1886.0,1.0,1.0,1,1,0,0.0,0.0,0.0,0,1.6,1.0,0.6,0.4,0.2,0.4,0.3,0.5,2.0,0.6,0.8,0.0,0.6,1.9,0.8,0.1,0.4,0.8,0.75,1.2,0.925
2025,3716.6,3501.4,19.0,12.0,9828.6,8671.0,1.0,1.0,1,1,0,0,-6112.0,-5169.6,18.0,11.0,1776.0,1776.0,5.0,5.0,1776.0,1776.0,5.0,5.0,1,1,0,0.0,0.0,0.0,0,1.2,0.6,0.6,0.4,0.4,0.4,0.5,0.3,2.6,0.8,0.8,0.0,0.4,1.9,0.5,0.0,0.5,1.0,0.9,2.0,-0.10000000000000009
2025,6029.4,3165.0,5.0,16.0,1865.3,1424.5,41.0,36.0,1,1,0,0,4164.099999999999,1740.5,-36.0,-20.0,1679.0,1679.0,13.0,13.0,1308.0,1308.0,80.0,80.0,1,1,0,-67.0,-67.0,0.5,1,2.4,0.8,0.8,0.6,0.0,0.4,0.4,0.3,1.2,1.2,0.4,0.4,0.6,1.0,0.4,0.5,0.2,0.4,0.5,0.2,2.4
2025,9303.1,8609.1,2.0,2.0,3466.6,2435.0,23.0,21.0,1,1,0,0,5836.5,6174.1,-21.0,-19.0,1776.0,1776.0,5.0,5.0,1308.0,1308.0,80.0,80.0,1,1,0,-75.0,-75.0,0.5,1,2.0,0.6,0.6,0.6,0.2,0.2,0.5,0.4,1.8,1.8,0.6,0.2,0.0,1.6,0.5,0.4,0.5,0.0,0.2,0.8,2.2
2025,5521.0,3100.6,8.0,17.0,5631.5,3866.7,7.0,11.0,1,1,0,0,-110.5,-766.0999999999999,1.0,6.0,1679.0,1679.0,13.0,13.0,1776.0,1776.0,5.0,5.0,1,1,0,8.0,8.0,0.0,0,1.2,1.4,0.4,0.2,0.2,0.6,0.4,0.5,1.8,0.2,0.8,0.0,0.8,1.5,0.5,0.2,0.5,0.6,0.8,1.4,0.5
2025,2209.0,1851.0,34.0,30.0,3366.5,2094.5,25.0,28.0,1,1,0,0,-1157.5,-243.5,9.0,2.0,1679.0,1679.0,14.0,14.0,1462.0,1462.0,52.0,52.0,1,1,0,-38.0,-38.0,0.0,1,1.8,1.0,0.6,0.4,0.2,0.4,0.3,0.5,1.2,0.8,0.4,0.2,0.4,0.8,0.2,0.4,0.4,1.0,1.0,0.8,1.0999999999999999
2025,5949.2,5502.0,6.0,4.0,2168.6,1377.0,37.0,38.0,1,1,0,0,3780.6,4125.0,-31.0,-34.0,1776.0,1776.0,5.0,5.0,1886.0,1886.0,1.0,1.0,1,1,0,4.0,4.0,-1.0,1,1.4,1.0,0.6,0.4,0.2,0.6,0.2,0.8,1.8,0.4,0.8,0.0,0.6,1.3,0.5,0.3,0.4,1.2,1.0,1.8,0.5999999999999999
2025,4968.5,4537.3,11.0,7.0,4320.6,3096.2,14.0,18.0,1,1,0,0,647.8999999999996,1441.1000000000004,-3.0,-11.0,1776.0,1776.0,5.0,5.0,1776.0,1776.0,5.0,5.0,1,1,0,0.0,0.0,-1.0,1,0.6,0.6,0.2,0.4,0.4,0.4,0.3,0.6,0.6,0.6,0.2,0.2,0.4,0.6,0.2,0.3,0.4,0.8,1.1,0.8,0.09999999999999998
2025,8762.8,6136.0,3.0,3.0,1460.4,1444.4,46.0,35.0,1,1,0,0,7302.4,4691.6,-43.0,-32.0,1886.0,1886.0,1.0,1.0,1886.0,1886.0,1.0,1.0,1,1,0,0.0,0.0,1.0,1,1.8,0.6,0.8,0.6,0.0,0.4,0.6,0.4,1.2,0.8,0.6,0.4,0.4,1.4,0.5,0.4,0.4,0.2,0.4,1.375,1.4249999999999998
2025,9828.6,8671.0,1.0,1.0,3716.6,3501.4,19.0,12.0,1,1,0,0,6112.0,5169.6,-18.0,-11.0,1776.0,1776.0,5.0,5.0,1776.0,1776.0,5.0,5.0,1,1,0,0.0,0.0,-1.0,1,2.2,1.0,0.6,0.4,0.2,0.6,0.4,0.6,1.6,0.6,0.8,0.0,0.4,1.1,0.5,0.3,0.4,0.6,0.8,1.1,0.8999999999999999
2025,1865.3,1424.5,41.0,36.0,6029.4,3165.0,5.0,16.0,1,1,0,0,-4164.099999999999,-1740.5,36.0,20.0,1308.0,1308.0,80.0,80.0,1679.0,1679.0,13.0,13.0,1,1,0,67.0,67.0,-1.6666666666666667,1,1.0,1.6,0.4,0.6,0.6,0.0,0.5,0.2,2.2,0.8,0.8,0.2,0.6,1.8,0.6,0.3,0.3,0.4,0.6,0.3,1.9999999999999998
2025,5631.5,3866.7,7.0,11.0,5521.0,3100.6,8.0,17.0,1,1,0,0,110.5,766.0999999999999,-1.0,-6.0,1776.0,1776.0,5.0,5.0,1679.0,1679.0,13.0,13.0,1,1,0,-8.0,-8.0,0.0,1,1.4,0.2,0.6,0.8,0.4,0.2,0.5,0.4,1.2,1.0,0.4,0.2,0.4,1.1,0.4,0.2,0.4,0.4,0.6,1.1,0.7999999999999998
2025,3466.6,2435.0,23.0,21.0,9303.1,8609.1,2.0,2.0,1,1,0,0,-5836.5,-6174.1,21.0,19.0,1308.0,1308.0,80.0,80.0,1776.0,1776.0,5.0,5.0,1,1,0,75.0,75.0,-0.8,1,1.2,1.8,0.4,0.0,0.4,0.6,0.1,0.4,2.0,0.6,0.6,0.4,0.6,1.9,0.6,0.3,0.3,1.2,1.2,1.2,0.9000000000000001
2025,3366.5,2094.5,25.0,28.0,8762.8,6136.0,3.0,3.0,1,1,0,0,-5396.299999999999,-4041.5,22.0,25.0,1462.0,1462.0,52.0,52.0,1886.0,1886.0,1.0,1.0,1,1,0,51.0,51.0,-2.5,1,1.0,0.8,0.4,0.2,0.2,0.6,0.4,0.4,1.8,0.6,0.8,0.0,0.6,1.8,0.8,0.1,0.5,0.2,1.0,1.2,0.19999999999999996
2025,3716.6,3501.4,19.0,12.0,5631.5,3866.7,7.0,11.0,1,1,0,0,-1914.9,-365.2999999999997,12.0,1.0,1776.0,1776.0,5.0,5.0,1776.0,1776.0,5.0,5.0,1,1,0,0.0,0.0,0.0,0,1.4,0.8,0.6,0.4,0.2,0.6,0.3,0.5,1.4,0.2,0.6,0.0,0.8,1.3,0.5,0.2,0.3,1.2,1.0,1.5,0.3999999999999999
2025,4968.5,4537.3,11.0,7.0,5949.2,5502.0,6.0,4.0,1,1,0,0,-980.6999999999998,-964.6999999999998,5.0,3.0,1776.0,1776.0,5.0,5.0,1776.0,1776.0,5.0,5.0,1,1,0,0.0,0.0,0.0,0,1.8,1.2,0.8,0.2,0.0,0.8,0.2,0.8,1.4,0.6,0.6,0.2,0.6,1.6,0.6,0.2,0.4,1.4,0.9,1.4,1.2000000000000002
2025,9303.1,8609.1,2.0,2.0,6029.4,3165.0,5.0,16.0,1,1,0,0,3273.7000000000007,5444.1,-3.0,-14.0,1776.0,1776.0,5.0,5.0,1679.0,1679.0,13.0,13.0,1,1,0,-8.0,-8.0,-0.5,1,1.8,0.4,0.6,0.6,0.4,0.0,0.5,0.3,1.8,0.4,0.8,0.2,0.6,1.8,0.6,0.3,0.3,0.0,0.2,0.3,2.7
2025,8762.8,6136.0,3.0,3.0,3366.5,2094.5,25.0,28.0,1,1,0,0,5396.299999999999,4041.5,-22.0,-25.0,1886.0,1886.0,1.0,1.0,1462.0,1462.0,52.0,52.0,1,1,0,-51.0,-51.0,1.6666666666666667,1,1.6,0.4,0.8,0.6,0.0,0.4,0.5,0.5,1.2,0.8,0.4,0.0,0.2,0.8,0.3,0.2,0.5,0.4,0.5,1.1,1.6999999999999997
2025,5949.2,5502.0,6.0,4.0,4968.5,4537.3,11.0,7.0,1,1,0,0,980.6999999999998,964.6999999999998,-5.0,-3.0,1776.0,1776.0,5.0,5.0,1776.0,1776.0,5.0,5.0,1,1,0,0.0,0.0,0.0,1,0.8,0.0,0.4,1.0,0.6,0.0,0.7,0.2,1.0,0.6,0.4,0.0,0.6,1.1,0.4,0.3,0.5,0.2,0.4,1.2,0.9000000000000001
2025,5631.5,3866.7,7.0,11.0,3716.6,3501.4,19.0,12.0,1,1,0,0,1914.9,365.2999999999997,-12.0,-1.0,1776.0,1776.0,5.0,5.0,1776.0,1776.0,5.0,5.0,1,1,0,0.0,0.0,-1.0,1,1.2,0.8,0.4,0.4,0.4,0.2,0.4,0.4,1.8,1.2,0.8,0.2,0.2,1.5,0.7,0.1,0.7,0.8,0.8,1.5,0.7000000000000002
2025,6029.4,3165.0,5.0,16.0,9303.1,8609.1,2.0,2.0,1,1,0,0,-3273.7000000000007,-5444.1,3.0,14.0,1679.0,1679.0,13.0,13.0,1776.0,1776.0,5.0,5.0,1,1,0,8.0,8.0,0.6666666666666666,1,1.8,0.4,0.8,0.6,0.2,0.2,0.5,0.3,1.8,0.4,0.6,0.4,0.6,1.4,0.4,0.5,0.3,0.4,0.5,0.9,1.9
2025,5949.2,5502.0,6.0,4.0,8762.8,6136.0,3.0,3.0,1,1,0,0,-2813.5999999999995,-634.0,3.0,1.0,1776.0,1776.0,5.0,5.0,1886.0,1886.0,1.0,1.0,1,1,0,4.0,4.0,2.0,1,1.6,0.4,0.6,0.6,0.2,0.2,0.4,0.4,1.4,0.4,0.8,0.0,0.6,1.7,0.8,0.0,0.4,0.6,0.8,1.2,1.0000000000000002
2025,3716.6,3501.4,19.0,12.0,6029.4,3165.0,5.0,16.0,1,1,0,0,-2312.7999999999997,336.4000000000001,14.0,-4.0,1776.0,1776.0,5.0,5.0,1679.0,1679.0,13.0,13.0,1,1,0,-8.0,-8.0,0.0,0,1.0,0.8,0.2,0.4,0.4,0.6,0.3,0.6,1.4,0.4,0.6,0.2,0.6,1.7,0.6,0.3,0.2,1.2,0.9,0.6,1.4
2025,8762.8,6136.0,3.0,3.0,5949.2,5502.0,6.0,4.0,1,1,0,0,2813.5999999999995,634.0,-3.0,-1.0,1886.0,1886.0,1.0,1.0,1776.0,1776.0,5.0,5.0,1,1,0,-4.0,-4.0,-2.3333333333333335,1,1.0,1.0,0.6,0.4,0.2,0.4,0.5,0.4,1.4,0.4,0.6,0.2,0.6,1.7,0.7,0.2,0.3,0.2,0.4,1.3,1.4999999999999998
2025,6029.4,3165.0,5.0,16.0,3716.6,3501.4,19.0,12.0,1,1,0,0,2312.7999999999997,-336.4000000000001,-14.0,4.0,1679.0,1679.0,13.0,13.0,1776.0,1776.0,5.0,5.0,1,1,0,8.0,8.0,-5.0,1,1.0,1.2,0.4,0.6,0.6,0.0,0.6,0.2,2.0,0.8,0.4,0.0,0.4,1.6,0.5,0.1,0.5,0.2,0.5,1.3,1.3
2025,5949.2,5502.0,6.0,4.0,3716.6,3501.4,19.0,12.0,1,1,0,0,2232.6,2000.6,-13.0,-8.0,1776.0,1776.0,5.0,5.0,1776.0,1776.0,5.0,5.0,1,1,0,0.0,0.0,0.0,0,1.2,0.2,0.6,0.8,0.4,0.0,0.6,0.2,1.8,1.2,0.2,0.2,0.4,1.7,0.5,0.1,0.6,0.4,0.6,1.0,1.4
2025,244.0,236.0,118.0,105.0,1175.6,733.6,53.0,58.0,1,1,0,0,-931.5999999999999,-497.6,65.0,47.0,1462.0,1462.0,52.0,52.0,1679.0,1679.0,14.0,14.0,1,1,0,38.0,38.0,0.0,0,2.0,1.6,0.6,0.2,0.4,0.6,0.14285714285714285,0.5714285714285714,0.8,1.0,0.2,0.2,0.4,0.7,0.1,0.4,0.5,2.0,2.0,1.0,0.5
2025,1879.8,1411.0,40.0,37.0,7360.0,4574.8,4.0,6.0,1,1,0,0,-5480.2,-3163.8,36.0,31.0,1483.0,1483.0,42.0,42.0,1886.0,1886.0,1.0,1.0,1,1,0,41.0,41.0,-2.5,1,1.4,1.0,0.2,0.4,0.2,0.6,0.2,0.5,1.2,0.8,0.6,0.2,0.4,0.8,0.3,0.2,0.4,0.8,1.0,1.2,-0.3999999999999999
2025,75.0,75.0,179.0,152.0,3525.7,2837.7,22.0,19.0,1,1,0,0,-3450.7,-2762.7,157.0,133.0,1477.0,1477.0,47.0,47.0,1776.0,1776.0,5.0,5.0,1,1,0,42.0,42.0,0.0,0,1.25,1.25,0.25,0.0,0.25,0.75,0.0,0.75,0.8,1.2,0.2,0.6,0.4,0.7,0.2,0.5,0.1,1.0,1.0,1.0,1.0
2025,639.3,84.5,70.0,150.0,3176.6,2162.6,28.0,27.0,1,1,0,0,-2537.3,-2078.1,42.0,123.0,1568.0,1568.0,24.0,24.0,1568.0,1568.0,24.0,24.0,1,1,0,0.0,0.0,0.0,0,0.0,0.0,0.0,0.0,0.0,0.0,0.0,0.0,1.2,1.6,0.4,0.4,0.2,1.3,0.2,0.4,0.7,0.0,0.0,0.6,-0.6
2025,1057.7,854.9,57.0,52.0,1309.2,1269.2,49.0,41.0,1,1,0,0,-251.5,-414.30000000000007,8.0,11.0,1679.0,1679.0,14.0,14.0,1483.0,1483.0,42.0,42.0,1,1,0,-28.0,-28.0,0.0,0,1.2,1.6,0.4,0.6,0.4,0.4,0.4,0.5,1.6,1.8,0.4,0.6,0.4,1.1,0.3,0.6,0.4,0.8,1.1111111111111112,0.6,1.0666666666666669
2025,320.5,320.5,105.0,91.0,3708.7,2354.7,20.0,22.0,1,1,0,0,-3388.2,-2034.1999999999998,85.0,69.0,1477.0,1477.0,47.0,47.0,1476.0,1476.0,48.0,48.0,1,1,0,-1.0,-1.0,-1.5,1,0.8,1.6,0.2,0.2,0.2,0.6,0.3,0.5,1.6,1.2,0.4,0.2,0.0,1.2,0.3,0.2,0.7,0.8,0.8571428571428571,0.4,0.8857142857142858
2025,3176.6,2162.6,28.0,27.0,639.3,84.5,70.0,150.0,1,1,0,0,2537.3,2078.1,-42.0,-123.0,1568.0,1568.0,24.0,24.0,1568.0,1568.0,24.0,24.0,1,1,0,0.0,0.0,0.0,1,1.0,1.2,0.2,0.4,0.4,0.4,0.4,0.2,1.2,1.0,0.4,0.2,0.2,1.1666666666666667,0.3333333333333333,0.16666666666666666,0.6666666666666666,1.0,0.8,1.3333333333333333,0.06666666666666665
2025,3525.7,2837.7,22.0,19.0,75.0,75.0,179.0,152.0,1,1,0,0,3450.7,2762.7,-157.0,-133.0,1776.0,1776.0,5.0,5.0,1477.0,1477.0,47.0,47.0,1,1,0,-42.0,-42.0,1.0,1,1.4,0.6,0.8,0.6,0.2,0.4,0.3,0.6,0.0,1.0,0.0,1.0,0.0,0.0,0.0,1.0,0.0,1.4,1.4,0.0,1.5
2025,1309.2,1269.2,49.0,41.0,1057.7,854.9,57.0,52.0,1,1,0,0,251.5,414.30000000000007,-8.0,-11.0,1483.0,1483.0,42.0,42.0,1679.0,1679.0,14.0,14.0,1,1,0,28.0,28.0,2.3333333333333335,1,2.0,1.0,0.6,0.2,0.2,0.6,0.1,0.8,0.6,2.0,0.2,0.4,0.2,0.7,0.1,0.6,0.5,1.0,1.6,0.0,1.5
2025,3708.7,2354.7,20.0,22.0,320.5,320.5,105.0,91.0,1,1,0,0,3388.2,2034.1999999999998,-85.0,-69.0,1476.0,1476.0,48.0,48.0,1477.0,1477.0,47.0,47.0,1,1,0,1.0,1.0,1.0,1,1.6,1.0,0.6,0.6,0.2,0.2,0.4,0.4,0.6,0.4,0.2,0.2,0.6,1.0,0.3,0.3,0.4,1.2,1.3,1.3333333333333333,-0.23333333333333317
2025,1309.2,1269.2,49.0,41.0,3708.7,2354.7,20.0,22.0,1,1,0,0,-2399.5,-1085.4999999999998,29.0,19.0,1483.0,1483.0,42.0,42.0,1476.0,1476.0,48.0,48.0,1,1,0,-6.0,-6.0,0.0,0,2.0,0.8,0.8,0.4,0.0,0.6,0.3,0.6,1.4,1.2,0.4,0.2,0.4,1.1,0.3,0.5,0.3,1.2,1.4,0.8,0.5
2025,3176.6,2162.6,28.0,27.0,3525.7,2837.7,22.0,19.0,1,1,0,0,-349.0999999999999,-675.0999999999999,6.0,8.0,1568.0,1568.0,24.0,24.0,1776.0,1776.0,5.0,5.0,1,1,0,19.0,19.0,0.0,0,1.8,0.8,0.8,0.8,0.0,0.2,0.5,0.4,2.0,1.0,0.6,0.4,0.2,1.7,0.4,0.3,0.7,1.2,1.1,0.6,0.7999999999999999
2025,3708.7,2354.7,20.0,22.0,1309.2,1269.2,49.0,41.0,1,1,0,0,2399.5,1085.4999999999998,-29.0,-19.0,1476.0,1476.0,48.0,48.0,1483.0,1483.0,42.0,42.0,1,1,0,6.0,6.0,1.0,1,1.2,0.8,0.6,0.4,0.2,0.4,0.3,0.5,0.8,0.2,0.8,0.2,0.8,1.2,0.5,0.5,0.3,1.2,1.4,0.9,0.6
2025,3525.7,2837.7,22.0,19.0,3176.6,2162.6,28.0,27.0,1,1,0,0,349.0999999999999,675.0999999999999,-6.0,-8.0,1776.0,1776.0,5.0,5.0,1568.0,1568.0,24.0,24.0,1,1,0,-19.0,-19.0,-3.0,1,1.4,1.8,0.4,0.2,0.4,0.4,0.3,0.3,1.8,1.2,0.6,0.2,0.4,1.6,0.6,0.2,0.5,1.4,0.9,1.1,0.5999999999999999
2025,3708.7,2354.7,20.0,22.0,3466.6,2435.0,23.0,21.0,1,1,0,0,242.0999999999999,-80.30000000000018,-3.0,1.0,1476.0,1476.0,48.0,48.0,1308.0,1308.0,80.0,80.0,1,1,0,-32.0,-32.0,0.0,0,0.6666666666666666,2.0,0.0,0.0,0.3333333333333333,0.6666666666666666,0.0,0.6666666666666666,1.0,0.6,0.4,0.2,0.6,1.4,0.6,0.1,0.3,1.0,1.0,2.0,-1.0
2025,1879.8,1411.0,40.0,37.0,4007.8,3412.2,17.0,13.0,1,1,0,0,-2128.0,-2001.1999999999998,23.0,24.0,1483.0,1483.0,42.0,42.0,1476.0,1476.0,48.0,48.0,1,1,0,-6.0,-6.0,-3.0,1,1.2,1.2,0.6,0.6,0.4,0.0,0.5,0.3,1.8,0.8,0.4,0.0,0.2,1.3,0.3,0.3,0.7,1.0,1.4,1.1,0.3999999999999999
2025,3176.6,2162.6,28.0,27.0,4128.4,4104.4,16.0,10.0,1,1,0,0,-951.7999999999997,-1941.7999999999997,12.0,17.0,1568.0,1568.0,24.0,24.0,1568.0,1568.0,24.0,24.0,1,1,0,0.0,0.0,0.0,0,1.0,1.0,0.0,0.0,0.0,1.0,0.0,1.0,1.4,1.2,0.4,0.4,0.2,1.4,0.4,0.2,0.5,0.0,0.0,0.9,-0.9
2025,198.5,198.5,128.0,114.0,3905.4,2618.6,18.0,20.0,1,1,0,0,-3706.9,-2420.1,110.0,94.0,1477.0,1477.0,47.0,47.0,1886.0,1886.0,1.0,1.0,1,1,0,46.0,46.0,-3.0,1,1.8,0.6,0.8,0.6,0.0,0.4,0.5,0.4,1.4,1.6,0.6,0.4,0.2,1.7,0.6,0.3,0.5,0.8,0.9,0.7,1.4000000000000001
2025,2855.4,1816.2,30.0,31.0,5521.0,3100.6,8.0,17.0,1,1,0,0,-2665.6,-1284.3999999999999,22.0,14.0,1679.0,1679.0,14.0,14.0,1679.0,1679.0,13.0,13.0,1,1,0,1.0,1.0,0.25,1,2.2,2.2,0.4,0.0,0.2,0.8,0.1,0.6,1.6,1.6,0.2,0.2,0.2,1.7,0.3,0.3,0.7,1.8,1.2,1.4,0.40000000000000013
2025,3261.3,2334.5,26.0,23.0,6029.4,3165.0,5.0,16.0,1,1,0,0,-2768.0999999999995,-830.5,21.0,7.0,1886.0,1886.0,1.0,1.0,1679.0,1679.0,13.0,13.0,1,1,0,-12.0,-12.0,0.0,0,0.4,1.4,0.2,0.4,0.6,0.2,0.5,0.3,0.4,1.6,0.2,0.8,0.2,1.1,0.3,0.4,0.5,1.4,1.3,1.4,0.5
2025,2247.0,1267.4,32.0,42.0,8762.8,6136.0,3.0,3.0,1,1,0,0,-6515.799999999999,-4868.6,29.0,39.0,1483.0,1483.0,42.0,42.0,1886.0,1886.0,1.0,1.0,1,1,0,41.0,41.0,0.0,0,2.6,0.8,0.8,0.4,0.0,0.6,0.2,0.6,1.4,1.6,0.2,0.2,0.2,1.0,0.2,0.2,0.5,1.0,1.4,1.4,0.30000000000000004
2025,1298.0,1054.0,50.0,48.0,9303.1,8609.1,2.0,2.0,1,1,0,0,-8005.1,-7555.1,48.0,46.0,1477.0,1477.0,47.0,47.0,1776.0,1776.0,5.0,5.0,1,1,0,42.0,42.0,0.0,0,1.0,3.0,0.0,0.0,0.5,0.5,0.0,0.5,2.0,0.6,0.6,0.2,0.4,1.4,0.4,0.3,0.4,3.0,3.0,1.0,-1.0
2025,2064.1,1300.1,38.0,39.0,9828.6,8671.0,1.0,1.0,1,1,0,0,-7764.5,-7370.9,37.0,38.0,1483.0,1483.0,42.0,42.0,1776.0,1776.0,5.0,5.0,1,1,0,37.0,37.0,0.0,0,0.0,1.0,0.0,0.0,1.0,0.0,0.0,0.0,1.2,0.6,0.2,0.0,0.4,1.0,0.3,0.2,0.4,0.0,0.0,0.7,-0.7
2025,600.0,600.0,74.0,67.0,5168.0,4237.6,10.0,8.0,1,1,0,0,-4568.0,-3637.6000000000004,64.0,59.0,1886.0,1886.0,1.0,1.0,1568.0,1568.0,24.0,24.0,1,1,0,-23.0,-23.0,0.0,0,1.8,0.8,0.6,0.4,0.2,0.4,0.3,0.6,1.0,1.0,0.2,0.2,0.4,1.8,0.4,0.1,0.7,0.8,1.0,2.0,-0.5
2025,4128.4,4104.4,16.0,10.0,2247.0,1267.4,32.0,42.0,1,1,0,0,1881.3999999999996,2836.9999999999995,-16.0,-32.0,1568.0,1568.0,24.0,24.0,1483.0,1483.0,42.0,42.0,1,1,0,-18.0,-18.0,1.5,1,1.6,0.8,0.4,0.2,0.2,0.6,0.2,0.6,2.0,0.6,0.6,0.2,0.4,1.5,0.4,0.3,0.5,0.8,1.0,0.7,1.2
2025,8762.8,6136.0,3.0,3.0,3176.6,2162.6,28.0,27.0,1,1,0,0,5586.199999999999,3973.4,-25.0,-24.0,1886.0,1886.0,1.0,1.0,1568.0,1568.0,24.0,24.0,1,1,0,-23.0,-23.0,0.0,0,1.4,1.6,0.2,0.2,0.2,0.6,0.4,0.4,0.8,1.2,0.6,0.4,0.6,1.4,0.7,0.2,0.2,1.0,0.6,1.4,0.7000000000000002
2025,4007.8,3412.2,17.0,13.0,1460.4,1444.4,46.0,35.0,1,1,0,0,2547.4,1967.7999999999997,-29.0,-22.0,1476.0,1476.0,48.0,48.0,1886.0,1886.0,1.0,1.0,1,1,0,47.0,47.0,0.0,0,2.0,0.4,0.8,0.6,0.0,0.4,0.5,0.5,0.2,1.2,0.0,0.8,0.2,1.1,0.4,0.4,0.4,1.2,1.1,1.2222222222222223,0.9777777777777779
2025,3905.4,2618.6,18.0,20.0,1885.6,1082.0,39.0,45.0,1,1,0,0,2019.8000000000002,1536.6,-21.0,-25.0,1886.0,1886.0,1.0,1.0,1462.0,1462.0,52.0,52.0,1,1,0,-51.0,-51.0,0.0,0,0.8,1.0,0.2,0.2,0.4,0.4,0.3,0.5,0.2,2.2,0.0,0.6,0.2,0.2,0.1,0.6,0.1,0.8,1.2,0.7,0.9000000000000001
2025,6029.4,3165.0,5.0,16.0,320.0,320.0,106.0,92.0,1,1,0,0,5709.4,2845.0,-101.0,-76.0,1679.0,1679.0,13.0,13.0,1308.0,1308.0,80.0,80.0,1,1,0,-67.0,-67.0,0.0,0,0.8,1.4,0.4,0.4,0.4,0.2,0.2,0.4,0.0,0.0,0.0,0.0,0.0,0.0,0.0,0.0,0.0,1.8,1.0,0.0,1.7
2025,9828.6,8671.0,1.0,1.0,3708.7,2354.7,20.0,22.0,1,1,0,0,6119.900000000001,6316.3,-19.0,-21.0,1776.0,1776.0,5.0,5.0,1476.0,1476.0,48.0,48.0,1,1,0,-43.0,-43.0,0.0,0,1.6,1.0,0.2,0.2,0.2,0.8,0.4,0.5,1.0,1.0,0.6,0.4,0.6,1.3,0.5,0.5,0.3,0.4,0.8,0.9,0.9
2025,5521.0,3100.6,8.0,17.0,831.8,758.2,63.0,55.0,1,1,0,0,4689.2,2342.3999999999996,-55.0,-38.0,1679.0,1679.0,13.0,13.0,1776.0,1776.0,5.0,5.0,1,1,0,8.0,8.0,0.0,0,1.8,0.4,0.6,0.6,0.4,0.2,0.5,0.3,0.6,1.0,0.4,0.6,0.2,0.6,0.2,0.7,0.4,0.2,0.9,0.4,1.5
2025,9303.1,8609.1,2.0,2.0,600.0,600.0,74.0,67.0,1,1,0,0,8703.1,8009.1,-72.0,-65.0,1776.0,1776.0,5.0,5.0,1886.0,1886.0,1.0,1.0,1,1,0,4.0,4.0,2.1666666666666665,1,1.6,1.4,0.4,0.2,0.2,0.8,0.3,0.7,1.6,0.8,0.6,0.2,0.4,1.7,0.7,0.2,0.4,0.8,0.7,1.2,0.6000000000000001
2025,5168.0,4237.6,10.0,8.0,1298.0,1054.0,50.0,48.0,1,1,0,0,3870.0,3183.6000000000004,-40.0,-40.0,1568.0,1568.0,24.0,24.0,1477.0,1477.0,47.0,47.0,1,1,0,-23.0,-23.0,0.0,0,1.6,1.6,0.2,0.2,0.2,0.6,0.2,0.7,1.0,1.0,0.0,0.0,0.0,1.0,0.0,0.0,1.0,1.4,1.0,0.0,1.5
2025,3466.6,2435.0,23.0,21.0,2064.1,1300.1,38.0,39.0,1,1,0,0,1402.5,1134.9,-15.0,-18.0,1308.0,1308.0,80.0,80.0,1483.0,1483.0,42.0,42.0,1,1,0,38.0,38.0,0.0,0,0.8,0.6,0.4,0.4,0.4,0.4,0.5,0.2,0.6666666666666666,2.0,0.0,0.6666666666666666,0.3333333333333333,0.6666666666666666,0.0,0.6666666666666666,0.3333333333333333,0.4,0.3,0.0,2.5
2025,3176.6,2162.6,28.0,27.0,2247.0,1267.4,32.0,42.0,1,1,0,0,929.5999999999999,895.1999999999998,-4.0,-15.0,1568.0,1568.0,24.0,24.0,1483.0,1483.0,42.0,42.0,1,1,0,-18.0,-18.0,0.0,0,1.0,0.6,0.6,0.8,0.2,0.2,0.6,0.2,1.6,1.0,0.4,0.4,0.0,2.1,0.6,0.2,0.6,0.8,1.0,0.9,1.1
2025,5168.0,4237.6,10.0,8.0,9303.1,8609.1,2.0,2.0,1,1,0,0,-4135.1,-4371.5,8.0,6.0,1568.0,1568.0,24.0,24.0,1776.0,1776.0,5.0,5.0,1,1,0,19.0,19.0,-0.5,1,1.4,0.6,0.6,0.4,0.4,0.4,0.5,0.3,2.2,0.6,0.6,0.2,0.6,1.3,0.4,0.3,0.3,0.2,0.7,1.2,1.0000000000000002
2025,4408.1,3289.3,13.0,15.0,5521.0,3100.6,8.0,17.0,1,1,0,0,-1112.8999999999996,188.70000000000027,5.0,-2.0,1776.0,1776.0,5.0,5.0,1679.0,1679.0,13.0,13.0,1,1,0,-8.0,-8.0,0.75,1,1.4,1.2,0.2,0.2,0.2,0.6,0.3,0.6,1.8,1.0,0.6,0.4,0.4,1.7,0.4,0.3,0.5,0.8,0.7,1.6,0.19999999999999996
2025,3905.4,2618.6,18.0,20.0,3716.6,3501.4,19.0,12.0,1,1,0,0,188.80000000000018,-882.8000000000002,-1.0,8.0,1886.0,1886.0,1.0,1.0,1776.0,1776.0,5.0,5.0,1,1,0,-4.0,-4.0,0.0,1,1.4,1.8,0.4,0.0,0.2,0.8,0.2,0.6,2.0,1.0,0.8,0.2,0.4,1.2,0.5,0.5,0.3,1.2,1.0,1.7,0.30000000000000004
2025,4128.4,4104.4,16.0,10.0,8762.8,6136.0,3.0,3.0,1,1,0,0,-4634.4,-2031.6000000000004,13.0,7.0,1568.0,1568.0,24.0,24.0,1886.0,1886.0,1.0,1.0,1,1,0,23.0,23.0,0.0,0,1.2,1.6,0.2,0.4,0.4,0.4,0.3333333333333333,0.5555555555555556,2.2,0.4,0.8,0.0,0.6,1.5,0.7,0.2,0.3,1.8,1.8,1.7,-0.8999999999999999
2025,4007.8,3412.2,17.0,13.0,5631.5,3866.7,7.0,11.0,1,1,0,0,-1623.6999999999998,-454.5,10.0,2.0,1476.0,1476.0,48.0,48.0,1776.0,1776.0,5.0,5.0,1,1,0,43.0,43.0,0.0,0,1.2,0.8,0.6,0.6,0.0,0.4,0.5,0.5,0.8,0.4,0.2,0.0,0.6,1.3,0.5,0.0,0.3,0.8,0.9,1.6,0.6000000000000001
2025,4292.4,2211.6,15.0,26.0,6029.4,3165.0,5.0,16.0,1,1,0,0,-1737.0,-953.4000000000001,10.0,10.0,1476.0,1476.0,48.0,48.0,1679.0,1679.0,13.0,13.0,1,1,0,35.0,35.0,0.0,1,0.8,1.2,0.2,0.2,0.4,0.4,0.2,0.5,2.0,1.0,0.4,0.2,0.4,1.5,0.4,0.1,0.5,1.2,1.3,1.3,0.30000000000000004
2025,3708.7,2354.7,20.0,22.0,2064.1,1300.1,38.0,39.0,1,1,0,0,1644.6,1054.6,-18.0,-17.0,1476.0,1476.0,48.0,48.0,1483.0,1483.0,42.0,42.0,1,1,0,6.0,6.0,0.0,0,0.8,0.6,0.4,0.4,0.6,0.2,0.4,0.4,0.8,2.2,0.2,0.8,0.2,1.3,0.4,0.6,0.4,0.4,0.8,0.8,1.7
2025,3466.6,2435.0,23.0,21.0,9828.6,8671.0,1.0,1.0,1,1,0,0,-6362.0,-6236.0,22.0,20.0,1308.0,1308.0,80.0,80.0,1776.0,1776.0,5.0,5.0,1,1,0,75.0,75.0,-2.0,1,3.0,1.8,0.6,0.2,0.0,0.8,0.2,0.6,1.6,0.4,1.0,0.0,0.6,1.4,0.6,0.1,0.5,0.6,0.8,2.3,0.40000000000000036
2025,320.0,320.0,106.0,92.0,6029.4,3165.0,5.0,16.0,1,1,0,0,-5709.4,-2845.0,101.0,76.0,1308.0,1308.0,80.0,80.0,1679.0,1679.0,13.0,13.0,1,1,0,67.0,67.0,-2.0,1,0.0,2.0,0.0,0.0,1.0,0.0,0.0,0.0,2.0,0.8,0.8,0.0,0.4,1.6,0.7,0.2,0.4,0.0,0.0,1.8,-1.8
2025,2064.1,1300.1,38.0,39.0,3466.6,2435.0,23.0,21.0,1,1,0,0,-1402.5,-1134.9,15.0,18.0,1483.0,1483.0,42.0,42.0,1308.0,1308.0,80.0,80.0,1,1,0,-38.0,-38.0,1.0,1,0.8,1.0,0.4,0.4,0.2,0.4,0.4,0.4,3.0,1.0,0.8,0.0,0.4,2.2,0.5,0.3,0.5,1.0,1.0,1.7,-0.7
2025,1298.0,1054.0,50.0,48.0,5168.0,4237.6,10.0,8.0,1,1,0,0,-3870.0,-3183.6000000000004,40.0,40.0,1477.0,1477.0,47.0,47.0,1568.0,1568.0,24.0,24.0,1,1,0,23.0,23.0,1.0,1,0.6,2.2,0.4,0.2,0.6,0.2,0.4,0.2,0.4,1.4,0.2,0.4,0.4,0.7,0.2,0.5,0.4,0.6,1.1,1.0,0.19999999999999996
2025,3708.7,2354.7,20.0,22.0,9828.6,8671.0,1.0,1.0,1,1,0,0,-6119.900000000001,-6316.3,19.0,21.0,1476.0,1476.0,48.0,48.0,1776.0,1776.0,5.0,5.0,1,1,0,43.0,43.0,1.0,1,1.0,1.8,0.2,0.2,0.4,0.6,0.2,0.6,2.2,0.4,0.4,0.2,0.8,1.8,0.5,0.2,0.4,1.6666666666666667,1.6666666666666667,1.2,-0.8666666666666667
2025,600.0,600.0,74.0,67.0,9303.1,8609.1,2.0,2.0,1,1,0,0,-8703.1,-8009.1,72.0,65.0,1886.0,1886.0,1.0,1.0,1776.0,1776.0,5.0,5.0,1,1,0,-4.0,-4.0,-2.0,1,0.6,1.2,0.4,0.2,0.6,0.2,0.1,0.3,1.2,1.0,0.2,0.2,0.2,1.3,0.4,0.2,0.4,0.8,1.6,0.8,0.5
2025,1885.6,1082.0,39.0,45.0,3905.4,2618.6,18.0,20.0,1,1,0,0,-2019.8000000000002,-1536.6,21.0,25.0,1462.0,1462.0,52.0,52.0,1886.0,1886.0,1.0,1.0,1,1,0,51.0,51.0,-3.0,1,1.2,1.6,0.4,0.2,0.4,0.4,0.2,0.5,3.8,1.4,0.8,0.2,0.2,2.9,0.7,0.3,0.7,1.4,1.2,1.0,0.7
2025,831.8,758.2,63.0,55.0,5521.0,3100.6,8.0,17.0,1,1,0,0,-4689.2,-2342.3999999999996,55.0,38.0,1776.0,1776.0,5.0,5.0,1679.0,1679.0,13.0,13.0,1,1,0,-8.0,-8.0,-2.0,1,2.0,1.2,0.6,0.2,0.0,0.8,0.3,0.5,1.4,0.8,0.8,0.2,0.4,1.5,0.8,0.1,0.4,1.2,1.0,2.5,-0.5
2025,3176.6,2162.6,28.0,27.0,8762.8,6136.0,3.0,3.0,1,1,0,0,-5586.199999999999,-3973.4,25.0,24.0,1568.0,1568.0,24.0,24.0,1886.0,1886.0,1.0,1.0,1,1,0,23.0,23.0,0.0,1,1.0,1.0,0.6,0.4,0.2,0.4,0.6,0.2,1.4,1.0,0.4,0.0,0.4,1.3,0.3,0.1,0.6,0.4,0.8,1.7,0.5000000000000002
2025,2247.0,1267.4,32.0,42.0,4128.4,4104.4,16.0,10.0,1,1,0,0,-1881.3999999999996,-2836.9999999999995,16.0,32.0,1483.0,1483.0,42.0,42.0,1568.0,1568.0,24.0,24.0,1,1,0,18.0,18.0,-1.3333333333333333,1,2.8,0.8,0.8,0.4,0.2,0.4,0.3,0.4,1.4,1.2,0.4,0.4,0.2,1.6,0.5,0.3,0.5,0.6,1.0,1.4,0.8000000000000003
2025,1460.4,1444.4,46.0,35.0,4007.8,3412.2,17.0,13.0,1,1,0,0,-2547.4,-1967.7999999999997,29.0,22.0,1886.0,1886.0,1.0,1.0,1476.0,1476.0,48.0,48.0,1,1,0,-47.0,-47.0,-2.0,1,0.4,1.4,0.0,0.2,0.6,0.4,0.3,0.3,0.4,1.2,0.0,0.4,0.4,0.8,0.4,0.2,0.3,0.6,0.8,1.9,-0.3999999999999999
2025,2064.1,1300.1,38.0,39.0,3708.7,2354.7,20.0,22.0,1,1,0,0,-1644.6,-1054.6,18.0,17.0,1483.0,1483.0,42.0,42.0,1476.0,1476.0,48.0,48.0,1,1,0,-6.0,-6.0,0.0,1,2.2,1.4,0.6,0.0,0.2,0.8,0.2,0.6,1.6,1.4,0.4,0.4,0.2,1.2,0.4,0.4,0.4,1.2,1.3,1.9,0.0
2025,3716.6,3501.4,19.0,12.0,3905.4,2618.6,18.0,20.0,1,1,0,0,-188.80000000000018,882.8000000000002,1.0,-8.0,1776.0,1776.0,5.0,5.0,1886.0,1886.0,1.0,1.0,1,1,0,4.0,4.0,0.0,1,1.8,0.4,0.8,0.6,0.2,0.4,0.5,0.4,1.2,1.4,0.4,0.4,0.2,1.6,0.5,0.4,0.6,1.6,1.2,1.1,0.5999999999999999
2025,2247.0,1267.4,32.0,42.0,3176.6,2162.6,28.0,27.0,1,1,0,0,-929.5999999999999,-895.1999999999998,4.0,15.0,1483.0,1483.0,42.0,42.0,1568.0,1568.0,24.0,24.0,1,1,0,18.0,18.0,0.0,1,1.0,1.6,0.2,0.0,0.4,0.6,0.3,0.5,1.2,1.8,0.0,0.6,0.2,1.2,0.2,0.3,0.6,0.6,0.8,1.5,1.2999999999999998
2025,5631.5,3866.7,7.0,11.0,4007.8,3412.2,17.0,13.0,1,1,0,0,1623.6999999999998,454.5,-10.0,-2.0,1776.0,1776.0,5.0,5.0,1476.0,1476.0,48.0,48.0,1,1,0,-43.0,-43.0,-1.0,1,1.8,0.8,0.6,0.4,0.0,0.6,0.3,0.5,1.6,1.2,0.6,0.2,0.2,1.2,0.4,0.5,0.6,0.8,0.7,0.8,1.2
2025,6029.4,3165.0,5.0,16.0,4292.4,2211.6,15.0,26.0,1,1,0,0,1737.0,953.4000000000001,-10.0,-10.0,1679.0,1679.0,13.0,13.0,1476.0,1476.0,48.0,48.0,1,1,0,-35.0,-35.0,-0.3333333333333333,1,1.2,1.0,0.4,0.4,0.4,0.4,0.4,0.5,0.8,1.2,0.4,0.4,0.6,0.8,0.3,0.5,0.2,0.4,0.6,1.1,1.1999999999999997
2025,9303.1,8609.1,2.0,2.0,5168.0,4237.6,10.0,8.0,1,1,0,0,4135.1,4371.5,-8.0,-6.0,1776.0,1776.0,5.0,5.0,1568.0,1568.0,24.0,24.0,1,1,0,-19.0,-19.0,0.4,1,1.4,0.6,0.4,0.6,0.2,0.4,0.6,0.4,1.4,1.0,0.4,0.0,0.4,1.4,0.5,0.1,0.5,0.6,0.4,1.3,0.9000000000000001
2025,5521.0,3100.6,8.0,17.0,4408.1,3289.3,13.0,15.0,1,1,0,0,1112.8999999999996,-188.70000000000027,-5.0,2.0,1679.0,1679.0,13.0,13.0,1776.0,1776.0,5.0,5.0,1,1,0,8.0,8.0,-0.6,1,3.2,1.2,0.8,0.2,0.0,0.8,0.3,0.5,1.8,1.8,0.2,0.4,0.2,1.7,0.4,0.3,0.6,0.8,1.1,1.4,0.0
2025,9828.6,8671.0,1.0,1.0,3466.6,2435.0,23.0,21.0,1,1,0,0,6362.0,6236.0,-22.0,-20.0,1776.0,1776.0,5.0,5.0,1308.0,1308.0,80.0,80.0,1,1,0,-75.0,-75.0,1.8,1,1.4,0.6,0.8,0.6,0.2,0.2,0.6,0.3,2.6,1.2,0.6,0.4,0.4,2.8,0.6,0.4,0.7,0.2,0.6,1.3,0.5999999999999999
2025,8762.8,6136.0,3.0,3.0,4128.4,4104.4,16.0,10.0,1,1,0,0,4634.4,2031.6000000000004,-13.0,-7.0,1886.0,1886.0,1.0,1.0,1568.0,1568.0,24.0,24.0,1,1,0,-23.0,-23.0,0.2,1,1.6,1.0,0.6,0.4,0.2,0.6,0.3,0.6,1.0,1.0,0.4,0.4,0.2,1.5,0.6,0.2,0.6,1.2,0.7,1.8,0.09999999999999987
2025,8762.8,6136.0,3.0,3.0,2247.0,1267.4,32.0,42.0,1,1,0,0,6515.799999999999,4868.6,-29.0,-39.0,1886.0,1886.0,1.0,1.0,1483.0,1483.0,42.0,42.0,1,1,0,-41.0,-41.0,1.0,1,2.6,1.4,0.6,0.2,0.2,0.8,0.2,0.7,0.8,0.8,0.4,0.4,0.4,1.8,0.6,0.3,0.3,1.4,0.9,1.1,0.7999999999999998
2025,3905.4,2618.6,18.0,20.0,198.5,198.5,128.0,114.0,1,1,0,0,3706.9,2420.1,-110.0,-94.0,1886.0,1886.0,1.0,1.0,1477.0,1477.0,47.0,47.0,1,1,0,-46.0,-46.0,2.0,1,1.0,1.8,0.2,0.4,0.6,0.2,0.3,0.3,0.3333333333333333,1.0,0.0,0.3333333333333333,0.3333333333333333,0.3333333333333333,0.0,0.3333333333333333,0.3333333333333333,0.8,1.1,1.0,0.7
2025,4128.4,4104.4,16.0,10.0,3176.6,2162.6,28.0,27.0,1,1,0,0,951.7999999999997,1941.7999999999997,-12.0,-17.0,1568.0,1568.0,24.0,24.0,1568.0,1568.0,24.0,24.0,1,1,0,0.0,0.0,2.0,1,1.8,1.6,0.8,0.4,0.0,0.6,0.2,0.7,1.2,1.2,0.2,0.4,0.4,1.1,0.4,0.4,0.4,1.0,0.8,1.7,0.19999999999999996
2025,4007.8,3412.2,17.0,13.0,1879.8,1411.0,40.0,37.0,1,1,0,0,2128.0,2001.1999999999998,-23.0,-24.0,1476.0,1476.0,48.0,48.0,1483.0,1483.0,42.0,42.0,1,1,0,6.0,6.0,0.3333333333333333,1,1.0,0.8,0.2,0.2,0.0,0.8,0.4,0.4,1.4,0.6,0.6,0.2,0.4,1.1,0.3,0.3,0.5,1.2,0.8,0.7,1.1
2025,3466.6,2435.0,23.0,21.0,3708.7,2354.7,20.0,22.0,1,1,0,0,-242.0999999999999,80.30000000000018,3.0,-1.0,1308.0,1308.0,80.0,80.0,1476.0,1476.0,48.0,48.0,1,1,0,32.0,32.0,-1.0,1,1.8,0.4,0.6,0.6,0.2,0.4,0.5,0.4,0.75,1.5,0.25,0.5,0.25,0.75,0.25,0.5,0.5,0.4,0.7,0.0,2.0
2025,5168.0,4237.6,10.0,8.0,600.0,600.0,74.0,67.0,1,1,0,0,4568.0,3637.6000000000004,-64.0,-59.0,1568.0,1568.0,24.0,24.0,1886.0,1886.0,1.0,1.0,1,1,0,23.0,23.0,1.0,1,1.2,0.2,0.6,0.8,0.2,0.2,0.8,0.2,1.0,1.4,0.4,0.6,0.2,0.7,0.2,0.7,0.4,0.0,0.4,0.4,1.6
2025,9303.1,8609.1,2.0,2.0,1298.0,1054.0,50.0,48.0,1,1,0,0,8005.1,7555.1,-48.0,-46.0,1776.0,1776.0,5.0,5.0,1477.0,1477.0,47.0,47.0,1,1,0,-42.0,-42.0,1.0,1,1.4,0.6,0.8,0.6,0.2,0.2,0.5,0.3,1.6,1.2,0.6,0.4,0.0,1.4,0.5,0.4,0.5,0.6,0.6,0.9,0.9
2025,5521.0,3100.6,8.0,17.0,2855.4,1816.2,30.0,31.0,1,1,0,0,2665.6,1284.3999999999999,-22.0,-14.0,1679.0,1679.0,13.0,13.0,1679.0,1679.0,14.0,14.0,1,1,0,-1.0,-1.0,0.0,1,1.2,1.6,0.4,0.2,0.2,0.6,0.2,0.6,0.8,1.4,0.2,0.4,0.2,1.0,0.16666666666666666,0.5,0.6666666666666666,0.8,0.5,1.5,0.3999999999999999
2025,9828.6,8671.0,1.0,1.0,2064.1,1300.1,38.0,39.0,1,1,0,0,7764.5,7370.9,-37.0,-38.0,1776.0,1776.0,5.0,5.0,1483.0,1483.0,42.0,42.0,1,1,0,-37.0,-37.0,-0.8,1,2.0,0.8,0.8,0.4,0.2,0.4,0.3,0.5,2.2,1.6,0.4,0.2,0.2,1.7,0.3,0.4,0.6,0.8,1.1,0.9,0.7999999999999999
2025,6029.4,3165.0,5.0,16.0,3261.3,2334.5,26.0,23.0,1,1,0,0,2768.0999999999995,830.5,-21.0,-7.0,1679.0,1679.0,13.0,13.0,1886.0,1886.0,1.0,1.0,1,1,0,12.0,12.0,1.0,1,1.4,1.2,0.4,0.2,0.2,0.6,0.2,0.6,0.0,1.6,0.0,1.0,0.0,0.14285714285714285,0.0,0.8571428571428571,0.14285714285714285,0.6,0.7,0.0,2.8
2026,6029.4,3165.0,5.0,16.0,5312.7,4789.9,9.0,5.0,0,0,0,0,716.6999999999998,-1624.8999999999996,-4.0,11.0,1679.0,1679.0,13.0,13.0,1886.0,1886.0,1.0,1.0,0,0,0,12.0,12.0,0.0,0,2.2,0.8,0.8,0.6,0.0,0.4,0.6,0.4,0.8,1.0,0.2,0.6,0.2,0.9,0.2,0.5,0.3,0.2,0.5,1.2,1.5999999999999999
2026,3708.7,2354.7,20.0,22.0,3905.4,2618.6,18.0,20.0,0,0,0,0,-196.70000000000027,-263.9000000000001,2.0,2.0,1476.0,1476.0,48.0,48.0,1886.0,1886.0,1.0,1.0,0,0,0,47.0,47.0,0.0,0,2.2,0.6,0.8,0.8,0.0,0.2,0.6,0.4,1.0,1.25,0.0,0.25,0.25,1.0,0.0,0.25,0.75,0.4,1.1,0.5,1.4
2026,9303.1,8609.1,2.0,2.0,4408.1,3289.3,13.0,15.0,0,0,0,0,4895.0,5319.8,-11.0,-13.0,1776.0,1776.0,5.0,5.0,1776.0,1776.0,5.0,5.0,0,0,0,0.0,0.0,0.6666666666666666,1,1.4,0.6,0.8,0.4,0.0,0.6,0.3,0.6,1.6,2.0,0.2,0.4,0.2,1.5,0.2,0.4,0.6,1.0,0.7,1.4,1.1
2026,4007.8,3412.2,17.0,13.0,8762.8,6136.0,3.0,3.0,0,0,0,0,-4754.999999999999,-2723.8,14.0,10.0,1476.0,1476.0,48.0,48.0,1886.0,1886.0,1.0,1.0,0,0,0,47.0,47.0,-1.5,1,2.0,0.6,0.6,0.4,0.2,0.4,0.4,0.4,2.8,1.8,0.6,0.2,0.0,2.1,0.5,0.1,0.8,1.2,1.2,1.7,-0.7
2026,2247.0,1267.4,32.0,42.0,9828.6,8671.0,1.0,1.0,0,0,0,0,-7581.6,-7403.6,31.0,41.0,1483.0,1483.0,42.0,42.0,1776.0,1776.0,5.0,5.0,0,0,0,37.0,37.0,-3.5,1,2.0,0.6,0.8,0.4,0.0,0.6,0.7,0.3,2.0,1.2,0.8,0.0,0.2,1.7,0.6,0.1,0.7,0.4,0.4,2.5,-0.20000000000000018
2026,3716.6,3501.4,19.0,12.0,5168.0,4237.6,10.0,8.0,0,0,0,0,-1451.4,-736.2000000000003,9.0,4.0,1776.0,1776.0,5.0,5.0,1568.0,1568.0,24.0,24.0,0,0,0,-19.0,-19.0,0.0,1,0.8,1.2,0.2,0.2,0.6,0.4,0.3,0.4,1.4,0.8,0.6,0.2,0.4,1.8,0.6,0.2,0.6,1.0,1.1,1.6,0.3999999999999999
2026,5312.7,4789.9,9.0,5.0,6029.4,3165.0,5.0,16.0,0,0,0,0,-716.6999999999998,1624.8999999999996,4.0,-11.0,1886.0,1886.0,1.0,1.0,1679.0,1679.0,13.0,13.0,0,0,0,-12.0,-12.0,-1.0,1,0.4,1.2,0.0,0.0,0.6,0.4,0.4,0.2,1.8,0.6,0.8,0.2,0.6,2.0,0.7,0.2,0.5,0.4,0.8,1.7,0.0
2026,4408.1,3289.3,13.0,15.0,9303.1,8609.1,2.0,2.0,0,0,0,0,-4895.0,-5319.8,11.0,13.0,1776.0,1776.0,5.0,5.0,1776.0,1776.0,5.0,5.0,0,0,0,0.0,0.0,1.0,1,1.6,1.0,0.8,0.4,0.0,0.6,0.4,0.4,2.0,1.6,0.6,0.2,0.2,2.3,0.7,0.1,0.6,0.4,0.8,2.5,-0.5
2026,3905.4,2618.6,18.0,20.0,3708.7,2354.7,20.0,22.0,0,0,0,0,196.70000000000027,263.9000000000001,-2.0,-2.0,1886.0,1886.0,1.0,1.0,1476.0,1476.0,48.0,48.0,0,0,0,-47.0,-47.0,-2.0,1,0.8,1.4,0.0,0.2,0.4,0.6,0.2,0.6,2.4,0.6,0.8,0.2,0.8,2.2,0.7,0.2,0.3,1.0,1.0,1.7,-0.7
2026,9828.6,8671.0,1.0,1.0,2247.0,1267.4,32.0,42.0,0,0,0,0,7581.6,7403.6,-31.0,-41.0,1776.0,1776.0,5.0,5.0,1483.0,1483.0,42.0,42.0,0,0,0,-37.0,-37.0,3.6666666666666665,1,2.0,0.6,0.8,0.6,0.0,0.4,0.4,0.6,1.4,1.2,0.6,0.2,0.4,1.4,0.6,0.1,0.4,1.2,0.8,1.8,0.30000000000000004
2026,5168.0,4237.6,10.0,8.0,3716.6,3501.4,19.0,12.0,0,0,0,0,1451.4,736.2000000000003,-9.0,-4.0,1568.0,1568.0,24.0,24.0,1776.0,1776.0,5.0,5.0,0,0,0,19.0,19.0,-0.3333333333333333,1,0.8,0.8,0.4,0.2,0.4,0.4,0.3,0.5,0.4,1.0,0.2,0.6,0.2,0.7,0.3,0.4,0.2,1.0,1.1,1.1,0.8999999999999999
2026,8762.8,6136.0,3.0,3.0,9828.6,8671.0,1.0,1.0,0,0,0,0,-1065.800000000001,-2535.0,2.0,2.0,1886.0,1886.0,1.0,1.0,1776.0,1776.0,5.0,5.0,0,0,0,-4.0,-4.0,3.0,1,1.4,1.8,0.2,0.2,0.2,0.8,0.2,0.7,0.6,2.4,0.0,0.8,0.2,0.6,0.0,0.8,0.6,1.2,1.3,0.3333333333333333,0.8666666666666667
2026,9303.1,8609.1,2.0,2.0,3905.4,2618.6,18.0,20.0,0,0,0,0,5397.700000000001,5990.5,-16.0,-18.0,1776.0,1776.0,5.0,5.0,1886.0,1886.0,1.0,1.0,0,0,0,4.0,4.0,0.0,0,3.2,0.4,0.8,0.6,0.0,0.4,0.5,0.5,0.8,1.4,0.2,0.6,0.4,1.0,0.5,0.4,0.4,0.4,0.8,0.9,1.4
2026,5168.0,4237.6,10.0,8.0,5631.5,3866.7,7.0,11.0,0,0,0,0,-463.5,370.90000000000055,3.0,-3.0,1568.0,1568.0,24.0,24.0,1776.0,1776.0,5.0,5.0,0,0,0,19.0,19.0,-0.5,1,1.0,0.6,0.4,0.4,0.2,0.4,0.3,0.4,1.0,1.2,0.4,0.6,0.2,1.0,0.3,0.4,0.4,1.0,0.9,1.1,1.1
2026,9828.6,8671.0,1.0,1.0,8762.8,6136.0,3.0,3.0,0,0,0,0,1065.800000000001,2535.0,-2.0,-2.0,1776.0,1776.0,5.0,5.0,1886.0,1886.0,1.0,1.0,0,0,0,4.0,4.0,0.0,1,0.8,1.2,0.0,0.4,0.6,0.4,0.4,0.5,2.6,1.2,0.6,0.0,0.4,2.5,0.7,0.1,0.4,1.0,0.9,1.5,0.7000000000000002
2026,5631.5,3866.7,7.0,11.0,5168.0,4237.6,10.0,8.0,0,0,0,0,463.5,-370.90000000000055,-3.0,3.0,1776.0,1776.0,5.0,5.0,1568.0,1568.0,24.0,24.0,0,0,0,-19.0,-19.0,-0.3333333333333333,1,1.0,1.2,0.4,0.2,0.6,0.2,0.2,0.3,1.2,1.2,0.4,0.4,0.4,1.1,0.4,0.4,0.4,1.0,0.6,1.2,0.7
2026,9303.1,8609.1,2.0,2.0,5312.7,4789.9,9.0,5.0,0,0,0,0,3990.4000000000005,3819.2000000000007,-7.0,-3.0,1776.0,1776.0,5.0,5.0,1886.0,1886.0,1.0,1.0,0,0,0,4.0,4.0,0.25,1,1.6,0.8,0.6,0.4,0.4,0.4,0.4,0.5,0.8,0.8,0.2,0.4,0.2,0.7,0.2,0.5,0.3,1.0,0.6,0.9,1.5
2026,5168.0,4237.6,10.0,8.0,9828.6,8671.0,1.0,1.0,0,0,0,0,-4660.6,-4433.4,9.0,7.0,1568.0,1568.0,24.0,24.0,1776.0,1776.0,5.0,5.0,0,0,0,19.0,19.0,0.0,0,0.6,1.4,0.4,0.2,0.6,0.2,0.3,0.2,1.4,0.4,0.6,0.0,0.6,1.2,0.6,0.1,0.4,1.2,1.4,1.4,-0.4999999999999999
2026,5312.7,4789.9,9.0,5.0,9303.1,8609.1,2.0,2.0,0,0,0,0,-3990.4000000000005,-3819.2000000000007,7.0,3.0,1886.0,1886.0,1.0,1.0,1776.0,1776.0,5.0,5.0,0,0,0,-4.0,-4.0,-2.0,1,2.4,2.0,0.4,0.0,0.0,1.0,0.0,1.0,1.6,1.0,0.6,0.4,0.4,1.4285714285714286,0.42857142857142855,0.2857142857142857,0.7142857142857143,1.6,1.6,0.3333333333333333,1.2666666666666668
2026,9828.6,8671.0,1.0,1.0,5168.0,4237.6,10.0,8.0,0,0,0,0,4660.6,4433.4,-9.0,-7.0,1776.0,1776.0,5.0,5.0,1568.0,1568.0,24.0,24.0,0,0,0,-19.0,-19.0,-3.0,1,2.2,1.6,0.4,0.2,0.4,0.6,0.2,0.6,2.4,0.6,0.8,0.0,0.6,1.8,0.6,0.2,0.4,0.6,0.6,1.6,1.0
2026,9828.6,8671.0,1.0,1.0,9303.1,8609.1,2.0,2.0,0,0,0,0,525.5,61.899999999999636,-1.0,-1.0,1776.0,1776.0,5.0,5.0,1776.0,1776.0,5.0,5.0,0,0,0,0.0,0.0,-0.6666666666666666,1,0.6,1.2,0.0,0.4,0.6,0.4,0.6,0.2,2.6,1.2,0.6,0.2,0.2,1.9,0.5,0.2,0.5,0.0,0.4,1.5,0.8999999999999999
2026,15.0,15.0,247.0,184.0,2064.1,1300.1,38.0,39.0,0,0,0,0,-2049.1,-1285.1,209.0,145.0,1476.0,1476.0,48.0,48.0,1483.0,1483.0,42.0,42.0,0,0,0,6.0,6.0,0.0,0,0.6,0.6,0.2,0.8,0.6,0.2,0.4444444444444444,0.4444444444444444,1.0,1.0,0.4,0.4,0.4,1.4,0.5,0.3,0.6,0.4,0.4,1.7,-0.8999999999999999
2026,456.0,456.0,85.0,75.0,1506.8,1280.8,45.0,40.0,0,0,0,0,-1050.8,-824.8,40.0,35.0,1679.0,1679.0,13.0,13.0,1679.0,1679.0,14.0,14.0,0,0,0,-1.0,-1.0,0.0,0,1.8,2.2,0.2,0.0,0.0,1.0,0.2,0.7,1.4,1.2,0.2,0.2,0.2,1.2,0.2,0.4,0.8,2.6,1.9,1.0,0.30000000000000004
2026,3176.6,2162.6,28.0,27.0,1343.1,1024.3,47.0,49.0,0,0,0,0,1833.5,1138.3,-19.0,-22.0,1568.0,1568.0,24.0,24.0,1886.0,1886.0,1.0,1.0,0,0,0,23.0,23.0,0.0,0,1.2,1.2,0.2,0.0,0.2,0.8,0.1,0.6,0.6,0.8,0.2,0.4,0.4,0.8,0.3,0.3,0.2,1.4,1.4,1.0,0.19999999999999996
2026,1298.0,1054.0,50.0,48.0,1057.7,854.9,57.0,52.0,0,0,0,0,240.29999999999995,199.10000000000002,-7.0,-4.0,1477.0,1477.0,47.0,47.0,1679.0,1679.0,14.0,14.0,0,0,0,33.0,33.0,0.0,0,1.0,1.8,0.2,0.0,0.4,0.6,0.1,0.4,0.8,0.8,0.2,0.2,0.4,0.9,0.4,0.3,0.2,1.2,1.7,1.9,-0.8999999999999999
2026,1506.8,1280.8,45.0,40.0,456.0,456.0,85.0,75.0,0,0,0,0,1050.8,824.8,-40.0,-35.0,1679.0,1679.0,14.0,14.0,1679.0,1679.0,13.0,13.0,0,0,0,1.0,1.0,0.0,1,1.0,0.6,0.6,0.4,0.4,0.4,0.3,0.3,0.6,1.2,0.2,0.6,0.2,0.8,0.3,0.6,0.4,1.2,1.3,0.8,0.5
2026,3176.6,2162.6,28.0,27.0,3716.6,3501.4,19.0,12.0,0,0,0,0,-540.0,-1338.8000000000002,9.0,15.0,1568.0,1568.0,24.0,24.0,1776.0,1776.0,5.0,5.0,0,0,0,19.0,19.0,1.0,1,0.8,1.0,0.4,0.2,0.4,0.4,0.1,0.7,1.6,1.0,0.2,0.2,0.4,1.1,0.1,0.5,0.3,1.0,1.4,0.5,0.7
2026,114.5,4.5,166.0,203.0,1057.7,854.9,57.0,52.0,0,0,0,0,-943.2,-850.4,109.0,151.0,1462.0,1462.0,52.0,52.0,1679.0,1679.0,14.0,14.0,0,0,0,38.0,38.0,0.0,0,1.0,1.2,0.2,0.2,0.6,0.4,0.25,0.375,1.6,1.6,0.2,0.4,0.2,1.3,0.3,0.3,0.7,1.25,1.25,1.5,-0.5
2026,198.5,198.5,128.0,114.0,2064.1,1300.1,38.0,39.0,0,0,0,0,-1865.6,-1101.6,90.0,75.0,1477.0,1477.0,47.0,47.0,1483.0,1483.0,42.0,42.0,0,0,0,5.0,5.0,0.0,0,0.8,0.6,0.4,0.6,0.6,0.0,0.5,0.3,1.2,0.8,0.6,0.2,0.6,1.2,0.5,0.2,0.3,0.6,0.6,1.6,0.0
2026,0.0,0.0,287.0,296.0,1506.8,1280.8,45.0,40.0,0,0,0,0,-1506.8,-1280.8,242.0,256.0,1679.0,1679.0,13.0,13.0,1679.0,1679.0,14.0,14.0,0,0,0,-1.0,-1.0,1.5,1,1.8,1.0,0.6,0.4,0.0,0.6,0.4,0.5,0.2,1.2,0.0,0.8,0.0,1.0,0.1111111111111111,0.6666666666666666,0.4444444444444444,0.8,1.0,0.2,2.1999999999999997
2026,3716.6,3501.4,19.0,12.0,3176.6,2162.6,28.0,27.0,0,0,0,0,540.0,1338.8000000000002,-9.0,-15.0,1776.0,1776.0,5.0,5.0,1568.0,1568.0,24.0,24.0,0,0,0,-19.0,-19.0,-0.6666666666666666,1,1.8,1.2,0.2,0.2,0.2,0.6,0.2,0.4,0.8,0.8,0.4,0.4,0.4,1.0,0.3,0.3,0.6,1.4,1.2,1.7,0.0
2026,1057.7,854.9,57.0,52.0,114.5,4.5,166.0,203.0,0,0,0,0,943.2,850.4,-109.0,-151.0,1679.0,1679.0,14.0,14.0,1462.0,1462.0,52.0,52.0,0,0,0,-38.0,-38.0,0.0,0,0.8,0.8,0.4,0.4,0.4,0.4,0.7,0.2,1.4,0.6,0.6,0.2,0.4,1.0,0.4,0.4,0.4,0.2,0.4,2.3,-0.3999999999999999
2026,1506.8,1280.8,45.0,40.0,0.0,0.0,287.0,296.0,0,0,0,0,1506.8,1280.8,-242.0,-256.0,1679.0,1679.0,14.0,14.0,1679.0,1679.0,13.0,13.0,0,0,0,1.0,1.0,0.0,1,1.2,1.2,0.2,0.2,0.2,0.8,0.2,0.8,1.0,1.4,0.2,0.4,0.2,1.0,0.2857142857142857,0.42857142857142855,0.5714285714285714,1.4,0.9,1.0,0.3999999999999999
2026,815.0,811.0,64.0,54.0,5168.0,4237.6,10.0,8.0,0,0,0,0,-4353.0,-3426.6000000000004,54.0,46.0,1308.0,1308.0,80.0,80.0,1568.0,1568.0,24.0,24.0,0,0,0,56.0,56.0,0.0,0,4.0,2.0,0.8,0.4,0.0,0.6,0.5,0.5,1.0,1.0,0.4,0.4,0.4,1.0,0.4,0.4,0.4,0.8,0.5,1.2,1.5999999999999999
2026,3176.6,2162.6,28.0,27.0,2951.0,1698.2,29.0,32.0,0,0,0,0,225.5999999999999,464.39999999999986,-1.0,-5.0,1568.0,1568.0,24.0,24.0,1776.0,1776.0,5.0,5.0,0,0,0,19.0,19.0,0.0,0,0.8,0.2,0.4,0.8,0.4,0.2,0.6,0.3,1.6,1.8,0.2,0.4,0.4,1.2,0.1,0.5,0.6,0.6,1.0,0.7,0.9000000000000001
2026,272.3,272.3,114.0,99.0,4968.5,4537.3,11.0,7.0,0,0,0,0,-4696.2,-4265.0,103.0,92.0,1477.0,1477.0,47.0,47.0,1776.0,1776.0,5.0,5.0,0,0,0,42.0,42.0,0.0,0,0.6,0.2,0.4,0.8,0.4,0.2,0.7,0.3,2.0,1.4,0.6,0.2,0.2,1.7,0.6,0.2,0.7,0.2,0.3,1.0,1.2000000000000002
2026,1057.7,854.9,57.0,52.0,2247.0,1267.4,32.0,42.0,0,0,0,0,-1189.3,-412.5000000000001,25.0,10.0,1679.0,1679.0,14.0,14.0,1483.0,1483.0,42.0,42.0,0,0,0,-28.0,-28.0,0.0,0,2.4,1.0,0.6,0.2,0.0,0.8,0.3,0.6,1.0,0.6,0.6,0.2,0.8,1.3,0.5,0.2,0.5,0.8,0.7,1.8,0.40000000000000013
2026,0.0,0.0,288.0,303.0,3466.6,2435.0,23.0,21.0,0,0,0,0,-3466.6,-2435.0,265.0,282.0,1886.0,1886.0,1.0,1.0,1308.0,1308.0,80.0,80.0,0,0,0,-79.0,-79.0,0.0,0,1.8,1.0,0.6,0.4,0.0,0.6,0.3,0.6,4.0,1.2,1.0,0.0,0.2,3.5,0.9,0.0,0.8,1.2,1.0,2.3,-0.7999999999999998
2026,2187.3,1070.5,35.0,47.0,7360.0,4574.8,4.0,6.0,0,0,0,0,-5172.7,-3504.3,31.0,41.0,1462.0,1462.0,52.0,52.0,1886.0,1886.0,1.0,1.0,0,0,0,51.0,51.0,0.0,0,2.6,1.2,0.6,0.0,0.2,0.8,0.2,0.7,1.6,0.4,0.6,0.0,0.6,1.2,0.4,0.1,0.4,1.0,0.9,1.7,0.8
2026,475.4,463.4,82.0,74.0,5521.0,3100.6,8.0,17.0,0,0,0,0,-5045.6,-2637.2,74.0,57.0,1462.0,1462.0,52.0,52.0,1679.0,1679.0,13.0,13.0,0,0,0,39.0,39.0,0.0,0,0.4,1.4,0.0,0.0,0.8,0.2,0.0,0.6,1.6,0.4,0.6,0.2,0.8,1.2,0.3,0.3,0.4,1.4,1.1,1.3,0.30000000000000004
2026,168.0,124.0,142.0,137.0,9303.1,8609.1,2.0,2.0,0,0,0,0,-9135.1,-8485.1,140.0,135.0,1483.0,1483.0,42.0,42.0,1776.0,1776.0,5.0,5.0,0,0,0,37.0,37.0,-2.5,1,1.2,1.0,0.6,0.4,0.2,0.4,0.3,0.5,1.6,0.6,1.0,0.0,0.4,2.1,0.8,0.1,0.8,1.6,1.2,1.6,0.2999999999999998
2026,1506.8,1280.8,45.0,40.0,3905.4,2618.6,18.0,20.0,0,0,0,0,-2398.6000000000004,-1337.8,27.0,20.0,1679.0,1679.0,14.0,14.0,1886.0,1886.0,1.0,1.0,0,0,0,13.0,13.0,-0.5,1,2.0,1.2,0.6,0.4,0.0,0.6,0.3,0.7,2.2,1.2,0.8,0.2,0.4,1.8,0.8,0.2,0.3,1.4,1.1,2.3,-0.8999999999999999
2026,2209.0,1851.0,34.0,30.0,9828.6,8671.0,1.0,1.0,0,0,0,0,-7619.6,-6820.0,33.0,29.0,1679.0,1679.0,14.0,14.0,1776.0,1776.0,5.0,5.0,0,0,0,9.0,9.0,0.0,0,1.6,1.2,0.6,0.2,0.0,0.8,0.2,0.6,2.0,1.0,0.6,0.2,0.4,1.9,0.5,0.2,0.6,0.8,0.7,1.5,0.5
2026,0.0,0.0,291.0,306.0,3658.9,3372.1,21.0,14.0,0,0,0,0,-3658.9,-3372.1,270.0,292.0,1776.0,1776.0,5.0,5.0,1886.0,1886.0,1.0,1.0,0,0,0,4.0,4.0,0.0,0,1.4,1.6,0.4,0.0,0.4,0.6,0.1,0.6,1.8,1.0,0.6,0.4,0.4,1.4,0.5,0.4,0.5,1.4,1.0,1.4,1.0
2026,2064.1,1300.1,38.0,39.0,3708.7,2354.7,20.0,22.0,0,0,0,0,-1644.6,-1054.6,18.0,17.0,1483.0,1483.0,42.0,42.0,1476.0,1476.0,48.0,48.0,0,0,0,-6.0,-6.0,0.0,0,1.6,1.0,0.6,0.2,0.0,0.8,0.2,0.8,1.4,0.8,0.4,0.6,0.2,1.1,0.5,0.3,0.1,0.8,1.1,1.8,-0.19999999999999996
2026,75.0,75.0,179.0,152.0,4007.8,3412.2,17.0,13.0,0,0,0,0,-3932.8,-3337.2,162.0,139.0,1477.0,1477.0,47.0,47.0,1476.0,1476.0,48.0,48.0,0,0,0,-1.0,-1.0,0.0,0,1.8,1.6,0.4,0.0,0.4,0.6,0.2,0.6,1.0,1.4,0.4,0.6,0.2,1.7,0.6,0.3,0.3,1.0,1.1,0.8,0.8999999999999999
2026,1175.6,733.6,53.0,58.0,6029.4,3165.0,5.0,16.0,0,0,0,0,-4853.799999999999,-2431.4,48.0,42.0,1679.0,1679.0,14.0,14.0,1679.0,1679.0,13.0,13.0,0,0,0,1.0,1.0,0.0,0,1.4,1.2,0.4,0.0,0.2,0.8,0.0,0.8,1.8,0.6,0.8,0.2,0.6,1.7,0.7,0.2,0.6,1.2,1.1,1.9,-0.5999999999999999
2026,25.0,25.0,223.0,172.0,3525.7,2837.7,22.0,19.0,0,0,0,0,-3500.7,-2812.7,201.0,153.0,1886.0,1886.0,1.0,1.0,1776.0,1776.0,5.0,5.0,0,0,0,-4.0,-4.0,0.0,0,0.2,0.8,0.0,0.4,0.8,0.2,0.5,0.2,0.6,1.2,0.0,0.4,0.2,0.8,0.2,0.4,0.5,0.8,1.4,0.9,0.09999999999999998
2026,1339.7,917.3,48.0,50.0,4128.4,4104.4,16.0,10.0,0,0,0,0,-2788.7,-3187.0999999999995,32.0,40.0,1886.0,1886.0,1.0,1.0,1568.0,1568.0,24.0,24.0,0,0,0,-23.0,-23.0,0.0,1,1.2,0.8,0.6,0.4,0.4,0.4,0.4,0.4,1.8,1.2,0.6,0.2,0.2,1.8,0.7,0.2,0.4,0.6,0.7,1.8,-0.10000000000000009
2026,2247.0,1267.4,32.0,42.0,475.4,463.4,82.0,74.0,0,0,0,0,1771.6,804.0000000000001,-50.0,-32.0,1483.0,1483.0,42.0,42.0,1462.0,1462.0,52.0,52.0,0,0,0,-10.0,-10.0,0.0,0,2.0,0.8,0.6,0.2,0.2,0.6,0.4,0.3,1.4,1.2,0.6,0.4,0.2,1.2,0.4,0.5,0.6,0.6,0.8,1.3,0.5
2026,5168.0,4237.6,10.0,8.0,0.0,0.0,291.0,306.0,0,0,0,0,5168.0,4237.6,-281.0,-298.0,1568.0,1568.0,24.0,24.0,1776.0,1776.0,5.0,5.0,0,0,0,19.0,19.0,0.0,0,1.6,0.6,0.6,0.6,0.4,0.2,0.5,0.3,1.6,0.6,0.6,0.2,0.6,1.3,0.5,0.3,0.4,0.4,0.5,1.8,0.40000000000000013
2026,3466.6,2435.0,23.0,21.0,272.3,272.3,114.0,99.0,0,0,0,0,3194.2999999999997,2162.7,-91.0,-78.0,1308.0,1308.0,80.0,80.0,1477.0,1477.0,47.0,47.0,0,0,0,33.0,33.0,0.0,0,1.8,1.6,0.4,0.2,0.2,0.6,0.3,0.5,1.8,1.0,0.4,0.2,0.2,1.5,0.4,0.2,0.5,0.6,0.6,1.1,1.1
2026,5521.0,3100.6,8.0,17.0,1057.7,854.9,57.0,52.0,0,0,0,0,4463.3,2245.7,-49.0,-35.0,1679.0,1679.0,13.0,13.0,1679.0,1679.0,14.0,14.0,0,0,0,-1.0,-1.0,-0.5,1,1.4,0.6,0.6,0.4,0.0,0.6,0.5,0.5,1.0,0.6,0.4,0.2,0.4,0.9,0.4,0.2,0.4,0.6,0.4,1.3,0.3999999999999999
2026,7360.0,4574.8,4.0,6.0,3176.6,2162.6,28.0,27.0,0,0,0,0,4183.4,2412.2000000000003,-24.0,-21.0,1886.0,1886.0,1.0,1.0,1568.0,1568.0,24.0,24.0,0,0,0,-23.0,-23.0,0.0,0,0.8,0.6,0.6,0.6,0.4,0.0,0.4,0.3,0.8,1.4,0.2,0.8,0.2,1.0,0.1,0.6,0.5,1.0,0.7,0.8,1.4000000000000001
2026,3708.7,2354.7,20.0,22.0,2209.0,1851.0,34.0,30.0,0,0,0,0,1499.6999999999998,503.6999999999998,-14.0,-8.0,1476.0,1476.0,48.0,48.0,1679.0,1679.0,14.0,14.0,0,0,0,34.0,34.0,0.0,0,3.0,0.8,0.8,0.4,0.2,0.4,0.2,0.7,1.0,0.6,0.4,0.0,0.6,1.0,0.5,0.0,0.3,1.0,0.9,1.6,1.1999999999999997
2026,3905.4,2618.6,18.0,20.0,168.0,124.0,142.0,137.0,0,0,0,0,3737.4,2494.6,-124.0,-117.0,1886.0,1886.0,1.0,1.0,1483.0,1483.0,42.0,42.0,0,0,0,-41.0,-41.0,0.0,0,0.8,0.6,0.4,0.8,0.4,0.2,0.6,0.4,1.4,1.2,0.4,0.4,0.0,1.6,0.5,0.4,0.6,0.2,0.4,2.2,0.3999999999999999
2026,3525.7,2837.7,22.0,19.0,1175.6,733.6,53.0,58.0,0,0,0,0,2350.1,2104.1,-31.0,-39.0,1776.0,1776.0,5.0,5.0,1679.0,1679.0,14.0,14.0,0,0,0,-9.0,-9.0,0.5,1,0.8,1.0,0.2,0.4,0.4,0.4,0.4,0.4,1.2,1.2,0.2,0.2,0.0,1.3,0.3,0.2,0.9,0.8,1.1,1.4,-0.3999999999999999
2026,2951.0,1698.2,29.0,32.0,2187.3,1070.5,35.0,47.0,0,0,0,0,763.6999999999998,627.7,-6.0,-15.0,1776.0,1776.0,5.0,5.0,1462.0,1462.0,52.0,52.0,0,0,0,-47.0,-47.0,0.0,0,1.4,1.0,0.6,0.6,0.2,0.4,0.3,0.6,2.6,1.8,0.4,0.4,0.0,2.4,0.5,0.3,0.8,1.0,1.0,2.0,-0.30000000000000004
2026,4968.5,4537.3,11.0,7.0,0.0,0.0,288.0,303.0,0,0,0,0,4968.5,4537.3,-277.0,-296.0,1776.0,1776.0,5.0,5.0,1886.0,1886.0,1.0,1.0,0,0,0,4.0,4.0,0.0,0,1.2,0.8,0.4,0.4,0.2,0.6,0.4,0.6,2.2,0.6,1.0,0.0,0.6,1.7,0.6,0.2,0.6,1.0,0.7,1.8,0.9000000000000001
2026,4128.4,4104.4,16.0,10.0,75.0,75.0,179.0,152.0,0,0,0,0,4053.3999999999996,4029.3999999999996,-163.0,-142.0,1568.0,1568.0,24.0,24.0,1477.0,1477.0,47.0,47.0,0,0,0,-23.0,-23.0,0.0,0,1.6,0.8,0.6,0.4,0.2,0.6,0.4,0.5,1.6,2.2,0.4,0.6,0.0,2.1,0.6,0.3,0.8,0.6,0.5,1.8,0.19999999999999996
2026,4007.8,3412.2,17.0,13.0,1339.7,917.3,48.0,50.0,0,0,0,0,2668.1000000000004,2494.8999999999996,-31.0,-37.0,1476.0,1476.0,48.0,48.0,1886.0,1886.0,1.0,1.0,0,0,0,47.0,47.0,0.5,1,0.6,1.4,0.2,0.2,0.4,0.4,0.3,0.5,1.0,1.4,0.4,0.4,0.2,1.1,0.5,0.3,0.4,1.0,1.0,1.7,0.10000000000000009
2026,9303.1,8609.1,2.0,2.0,1506.8,1280.8,45.0,40.0,0,0,0,0,7796.3,7328.3,-43.0,-38.0,1776.0,1776.0,5.0,5.0,1679.0,1679.0,14.0,14.0,0,0,0,-9.0,-9.0,0.0,0,1.6,1.2,0.6,0.2,0.2,0.6,0.4,0.5,1.4,1.6,0.2,0.4,0.0,1.5,0.4,0.3,0.9,0.4,0.6,1.3,1.4999999999999998
2026,3658.9,3372.1,21.0,14.0,815.0,811.0,64.0,54.0,0,0,0,0,2843.9,2561.1,-43.0,-40.0,1886.0,1886.0,1.0,1.0,1308.0,1308.0,80.0,80.0,0,0,0,-79.0,-79.0,0.0,0,0.6,0.6,0.4,0.6,0.4,0.2,0.5,0.2,2.6,1.4,0.4,0.4,0.4,3.0,0.6,0.2,0.5,0.8,0.7,1.7,0.30000000000000004
2026,9828.6,8671.0,1.0,1.0,2064.1,1300.1,38.0,39.0,0,0,0,0,7764.5,7370.9,-37.0,-38.0,1776.0,1776.0,5.0,5.0,1483.0,1483.0,42.0,42.0,0,0,0,-37.0,-37.0,3.5,1,1.2,0.6,0.6,0.4,0.2,0.6,0.3,0.7,2.0,1.2,0.6,0.4,0.4,1.8,0.5,0.3,0.6,0.8,0.5,1.7,0.5999999999999999
2026,6029.4,3165.0,5.0,16.0,25.0,25.0,223.0,172.0,0,0,0,0,6004.4,3140.0,-218.0,-156.0,1679.0,1679.0,13.0,13.0,1886.0,1886.0,1.0,1.0,0,0,0,12.0,12.0,0.0,0,1.2,1.0,0.4,0.4,0.2,0.4,0.4,0.5,0.2,1.2,0.0,0.6,0.2,0.3,0.1,0.3,0.2,1.4,1.1,0.8,1.2
