date,time,competition,round,day,venue,result,gf,ga,opponent,possession,attendance,captain,formation,opp_formation,referee,match_report,notes,team,team_url,source_competition_page,scraped_at_utc
2025-08-24,20:45 (11:45),Serie A,Matchweek 1,Sun,Home,D,1,1,Pisa,66,"22,235",Marten de Roon,3-4-3,3-4-3,Alberto Arena,https://fbref.com/en/matches/3f9d236d/Atalanta-Pisa-August-24-2025-Serie-A,,Atalanta,https://fbref.com/en/squads/922493f3/Atalanta-Stats,https://fbref.com/en/comps/8/schedule/Champions-League-Scores-and-Fixtures,2026-02-12T05:18:30.982325+00:00
2025-08-30,18:30 (09:30),Serie A,Matchweek 2,Sat,Away,D,1,1,Parma,54,"17,212",Marten de Roon,3-4-3,3-4-3,Maurizio Mariani,https://fbref.com/en/matches/f480af1b/Parma-Atalanta-August-30-2025-Serie-A,,Atalanta,https://fbref.com/en/squads/922493f3/Atalanta-Stats,https://fbref.com/en/comps/8/schedule/Champions-League-Scores-and-Fixtures,2026-02-12T05:18:30.982325+00:00
2025-09-14,15:00 (06:00),Serie A,Matchweek 3,Sun,Home,W,4,1,Lecce,57,"21,261",Marten de Roon,3-4-3,4-3-3,Gianluca Manganiello,https://fbref.com/en/matches/503f0f68/Atalanta-Lecce-September-14-2025-Serie-A,,Atalanta,https://fbref.com/en/squads/922493f3/Atalanta-Stats,https://fbref.com/en/comps/8/schedule/Champions-League-Scores-and-Fixtures,2026-02-12T05:18:30.982325+00:00
2025-09-17,21:00 (12:00),Champions Lg,League phase,Wed,Away,L,0,4,Paris Saint-Germain,33,"47,151",Marten de Roon,3-4-1-2,4-3-3,Sandro Schärer,https://fbref.com/en/matches/d7a07227/Paris-Saint-Germain-Atalanta-September-17-2025-Champions-League,,Atalanta,https://fbref.com/en/squads/922493f3/Atalanta-Stats,https://fbref.com/en/comps/8/schedule/Champions-League-Scores-and-Fixtures,2026-02-12T05:18:30.982325+00:00
2025-09-21,15:00 (06:00),Serie A,Matchweek 4,Sun,Away,W,3,0,Torino,61,"18,259",Marten de Roon,3-4-3,3-4-3,Andrea Colombo,https://fbref.com/en/matches/033d3773/Torino-Atalanta-September-21-2025-Serie-A,,Atalanta,https://fbref.com/en/squads/922493f3/Atalanta-Stats,https://fbref.com/en/comps/8/schedule/Champions-League-Scores-and-Fixtures,2026-02-12T05:18:30.982325+00:00
2025-09-27,18:00 (09:00),Serie A,Matchweek 5,Sat,Away,D,1,1,Juventus,33,"40,893",Marten de Roon,3-4-3,3-4-3,Simone Sozza,https://fbref.com/en/matches/b08d79e5/Juventus-Atalanta-September-27-2025-Serie-A,,Atalanta,https://fbref.com/en/squads/922493f3/Atalanta-Stats,https://fbref.com/en/comps/8/schedule/Champions-League-Scores-and-Fixtures,2026-02-12T05:18:30.982325+00:00
2025-09-30,18:45 (09:45),Champions Lg,League phase,Tue,Home,W,2,1,Club Brugge,48,"21,950",Marten de Roon,3-4-1-2,4-2-3-1,Espen Eskås,https://fbref.com/en/matches/faa23c65/Atalanta-Club-Brugge-September-30-2025-Champions-League,,Atalanta,https://fbref.com/en/squads/922493f3/Atalanta-Stats,https://fbref.com/en/comps/8/schedule/Champions-League-Scores-and-Fixtures,2026-02-12T05:18:30.982325+00:00
2025-10-04,20:45 (11:45),Serie A,Matchweek 6,Sat,Home,D,1,1,Como,51,"23,042",Mario Pašalić,3-4-3,4-2-3-1,Luca Zufferli,https://fbref.com/en/matches/92c1aa5d/Atalanta-Como-October-4-2025-Serie-A,,Atalanta,https://fbref.com/en/squads/922493f3/Atalanta-Stats,https://fbref.com/en/comps/8/schedule/Champions-League-Scores-and-Fixtures,2026-02-12T05:18:30.982325+00:00
2025-10-19,18:00 (09:00),Serie A,Matchweek 7,Sun,Home,D,0,0,Lazio,58,"22,342",Mario Pašalić,3-4-3,4-3-3,Giuseppe Collu,https://fbref.com/en/matches/91028675/Atalanta-Lazio-October-19-2025-Serie-A,,Atalanta,https://fbref.com/en/squads/922493f3/Atalanta-Stats,https://fbref.com/en/comps/8/schedule/Champions-League-Scores-and-Fixtures,2026-02-12T05:18:30.982325+00:00
2025-10-22,21:00 (12:00),Champions Lg,League phase,Wed,Home,D,0,0,Slavia Prague,56,"22,152",Marten de Roon,3-4-3,3-4-3,Ricardo de Burgos,https://fbref.com/en/matches/9d6c47dd/Atalanta-Slavia-Prague-October-22-2025-Champions-League,,Atalanta,https://fbref.com/en/squads/922493f3/Atalanta-Stats,https://fbref.com/en/comps/8/schedule/Champions-League-Scores-and-Fixtures,2026-02-12T05:18:30.982325+00:00
2025-10-25,20:45 (11:45),Serie A,Matchweek 8,Sat,Away,D,1,1,Cremonese,65,"11,052",Marten de Roon,4-3-3,3-1-4-2,Alberto Arena,https://fbref.com/en/matches/fdcf0c36/Cremonese-Atalanta-October-25-2025-Serie-A,,Atalanta,https://fbref.com/en/squads/922493f3/Atalanta-Stats,https://fbref.com/en/comps/8/schedule/Champions-League-Scores-and-Fixtures,2026-02-12T05:18:30.982325+00:00
2025-10-28,20:45 (12:45),Serie A,Matchweek 9,Tue,Home,D,1,1,Milan,56,"23,157",Marten de Roon,3-4-1-2,3-5-2,Daniele Doveri,https://fbref.com/en/matches/2018e1c7/Atalanta-Milan-October-28-2025-Serie-A,,Atalanta,https://fbref.com/en/squads/922493f3/Atalanta-Stats,https://fbref.com/en/comps/8/schedule/Champions-League-Scores-and-Fixtures,2026-02-12T05:18:30.982325+00:00
2025-11-01,15:00 (07:00),Serie A,Matchweek 10,Sat,Away,L,0,1,Udinese,60,"20,167",Mario Pašalić,3-4-3,3-5-2,Michael Fabbri,https://fbref.com/en/matches/a0927a27/Udinese-Atalanta-November-1-2025-Serie-A,,Atalanta,https://fbref.com/en/squads/922493f3/Atalanta-Stats,https://fbref.com/en/comps/8/schedule/Champions-League-Scores-and-Fixtures,2026-02-12T05:18:30.982325+00:00
2025-11-05,21:00 (12:00),Champions Lg,League phase,Wed,Away,W,1,0,Marseille,47,"64,319",Marten de Roon,3-4-3,5-4-1,Jose Maria Sánchez,https://fbref.com/en/matches/559b75cf/Marseille-Atalanta-November-5-2025-Champions-League,,Atalanta,https://fbref.com/en/squads/922493f3/Atalanta-Stats,https://fbref.com/en/comps/8/schedule/Champions-League-Scores-and-Fixtures,2026-02-12T05:18:30.982325+00:00
2025-11-09,12:30 (03:30),Serie A,Matchweek 11,Sun,Home,L,0,3,Sassuolo,67,"21,933",Mario Pašalić,3-4-3,4-3-3,Valerio Crezzini,https://fbref.com/en/matches/54b07109/Atalanta-Sassuolo-November-9-2025-Serie-A,,Atalanta,https://fbref.com/en/squads/922493f3/Atalanta-Stats,https://fbref.com/en/comps/8/schedule/Champions-League-Scores-and-Fixtures,2026-02-12T05:18:30.982325+00:00
2025-11-22,20:45 (11:45),Serie A,Matchweek 12,Sat,Away,L,1,3,Napoli,55,"45,000",Marten de Roon,3-4-1-2,3-4-3,Marco Di Bello,https://fbref.com/en/matches/665fced2/Napoli-Atalanta-November-22-2025-Serie-A,,Atalanta,https://fbref.com/en/squads/922493f3/Atalanta-Stats,https://fbref.com/en/comps/8/schedule/Champions-League-Scores-and-Fixtures,2026-02-12T05:18:30.982325+00:00
2025-11-26,21:00 (12:00),Champions Lg,League phase,Wed,Away,W,3,0,Eintracht Frankfurt,54,"59,500",Marten de Roon,3-4-3,3-4-1-2,Chris Kavanagh,https://fbref.com/en/matches/720fd028/Eintracht-Frankfurt-Atalanta-November-26-2025-Champions-League,,Atalanta,https://fbref.com/en/squads/922493f3/Atalanta-Stats,https://fbref.com/en/comps/8/schedule/Champions-League-Scores-and-Fixtures,2026-02-12T05:18:30.982325+00:00
2025-11-30,18:00 (09:00),Serie A,Matchweek 13,Sun,Home,W,2,0,Fiorentina,48,"21,591",Marten de Roon,3-4-3,3-1-4-2,Matteo Marcenaro,https://fbref.com/en/matches/b14af55c/Atalanta-Fiorentina-November-30-2025-Serie-A,,Atalanta,https://fbref.com/en/squads/922493f3/Atalanta-Stats,https://fbref.com/en/comps/8/schedule/Champions-League-Scores-and-Fixtures,2026-02-12T05:18:30.982325+00:00
2025-12-03,15:00 (06:00),Coppa Italia,Round of 16,Wed,Home,W,4,0,Genoa,66,"11,651",Marten de Roon,3-4-3,3-4-3,Mario Perri,https://fbref.com/en/matches/8f1e91c4/Atalanta-Genoa-December-3-2025-Coppa-Italia,,Atalanta,https://fbref.com/en/squads/922493f3/Atalanta-Stats,https://fbref.com/en/comps/8/schedule/Champions-League-Scores-and-Fixtures,2026-02-12T05:18:30.982325+00:00
2025-12-06,20:45 (11:45),Serie A,Matchweek 14,Sat,Away,L,1,3,Hellas Verona,64,"20,949",Marten de Roon,3-4-3,3-5-2,Maurizio Mariani,https://fbref.com/en/matches/486a1a8a/Hellas-Verona-Atalanta-December-6-2025-Serie-A,,Atalanta,https://fbref.com/en/squads/922493f3/Atalanta-Stats,https://fbref.com/en/comps/8/schedule/Champions-League-Scores-and-Fixtures,2026-02-12T05:18:30.982325+00:00
2025-12-09,21:00 (12:00),Champions Lg,League phase,Tue,Home,W,2,1,Chelsea,49,"20,685",Marten de Roon,3-4-3,4-2-3-1,Alejandro Hernández,https://fbref.com/en/matches/eb993fe2/Atalanta-Chelsea-December-9-2025-Champions-League,,Atalanta,https://fbref.com/en/squads/922493f3/Atalanta-Stats,https://fbref.com/en/comps/8/schedule/Champions-League-Scores-and-Fixtures,2026-02-12T05:18:30.982325+00:00
2025-12-13,20:45 (11:45),Serie A,Matchweek 15,Sat,Home,W,2,1,Cagliari,58,"21,695",Marten de Roon,3-4-3,3-5-2,Davide Di Marco,https://fbref.com/en/matches/fb3babda/Atalanta-Cagliari-December-13-2025-Serie-A,,Atalanta,https://fbref.com/en/squads/922493f3/Atalanta-Stats,https://fbref.com/en/comps/8/schedule/Champions-League-Scores-and-Fixtures,2026-02-12T05:18:30.982325+00:00
2025-12-21,20:45 (11:45),Serie A,Matchweek 16,Sun,Away,W,1,0,Genoa,71,"30,460",Marten de Roon,3-4-3,3-5-2,Rosario Abisso,https://fbref.com/en/matches/d4e9b5a6/Genoa-Atalanta-December-21-2025-Serie-A,,Atalanta,https://fbref.com/en/squads/922493f3/Atalanta-Stats,https://fbref.com/en/comps/8/schedule/Champions-League-Scores-and-Fixtures,2026-02-12T05:18:30.982325+00:00
2025-12-28,20:45 (11:45),Serie A,Matchweek 17,Sun,Home,L,0,1,Inter,45,"23,243",Marten de Roon,3-4-3,3-5-2,Federico La Penna,https://fbref.com/en/matches/8e0a5911/Atalanta-Internazionale-December-28-2025-Serie-A,,Atalanta,https://fbref.com/en/squads/922493f3/Atalanta-Stats,https://fbref.com/en/comps/8/schedule/Champions-League-Scores-and-Fixtures,2026-02-12T05:18:30.982325+00:00
2026-01-03,20:45 (11:45),Serie A,Matchweek 18,Sat,Home,W,1,0,Roma,45,"23,088",Marten de Roon,3-4-3,3-4-3,Michael Fabbri,https://fbref.com/en/matches/ab7ab727/Atalanta-Roma-January-3-2026-Serie-A,,Atalanta,https://fbref.com/en/squads/922493f3/Atalanta-Stats,https://fbref.com/en/comps/8/schedule/Champions-League-Scores-and-Fixtures,2026-02-12T05:18:30.982325+00:00
2026-01-07,18:30 (09:30),Serie A,Matchweek 19,Wed,Away,W,2,0,Bologna,47,"23,454",Marten de Roon,3-4-3,4-2-3-1,Marco Di Bello,https://fbref.com/en/matches/9d80a6fc/Bologna-Atalanta-January-7-2026-Serie-A,,Atalanta,https://fbref.com/en/squads/922493f3/Atalanta-Stats,https://fbref.com/en/comps/8/schedule/Champions-League-Scores-and-Fixtures,2026-02-12T05:18:30.982325+00:00
2026-01-10,20:45 (11:45),Serie A,Matchweek 20,Sat,Home,W,2,0,Torino,57,"20,918",Marten de Roon,3-4-3,3-5-2,Francesco Fourneau,https://fbref.com/en/matches/5079c5aa/Atalanta-Torino-January-10-2026-Serie-A,,Atalanta,https://fbref.com/en/squads/922493f3/Atalanta-Stats,https://fbref.com/en/comps/8/schedule/Champions-League-Scores-and-Fixtures,2026-02-12T05:18:30.982325+00:00
2026-01-16,20:45 (11:45),Serie A,Matchweek 21,Fri,Away,D,1,1,Pisa,57,"10,372",Marten de Roon,3-4-3,3-4-3,Matteo Marchetti,https://fbref.com/en/matches/4ab9c719/Pisa-Atalanta-January-16-2026-Serie-A,,Atalanta,https://fbref.com/en/squads/922493f3/Atalanta-Stats,https://fbref.com/en/comps/8/schedule/Champions-League-Scores-and-Fixtures,2026-02-12T05:18:30.982325+00:00
2026-01-21,21:00 (12:00),Champions Lg,League phase,Wed,Home,L,2,3,Athletic Club,70,"21,462",Marten de Roon,3-4-3,3-4-3,Danny Makkelie,https://fbref.com/en/matches/0e7b0a00/Atalanta-Athletic-Club-January-21-2026-Champions-League,,Atalanta,https://fbref.com/en/squads/922493f3/Atalanta-Stats,https://fbref.com/en/comps/8/schedule/Champions-League-Scores-and-Fixtures,2026-02-12T05:18:30.982325+00:00
2026-01-25,15:00 (06:00),Serie A,Matchweek 22,Sun,Home,W,4,0,Parma,48,"21,815",Marten de Roon,3-4-3,3-4-3,Juan Luca Sacchi,https://fbref.com/en/matches/8ec92179/Atalanta-Parma-January-25-2026-Serie-A,,Atalanta,https://fbref.com/en/squads/922493f3/Atalanta-Stats,https://fbref.com/en/comps/8/schedule/Champions-League-Scores-and-Fixtures,2026-02-12T05:18:30.982325+00:00
2026-01-28,21:00 (12:00),Champions Lg,League phase,Wed,Away,L,0,1,Union SG,64,"15,010",Éderson,3-4-3,5-4-1,Michael Oliver,https://fbref.com/en/matches/f9a466ca/Union-SG-Atalanta-January-28-2026-Champions-League,,Atalanta,https://fbref.com/en/squads/922493f3/Atalanta-Stats,https://fbref.com/en/comps/8/schedule/Champions-League-Scores-and-Fixtures,2026-02-12T05:18:30.982325+00:00
2026-02-01,15:00 (06:00),Serie A,Matchweek 23,Sun,Away,D,0,0,Como,21,"11,925",Marten de Roon,3-4-3,4-2-3-1,Luca Pairetto,https://fbref.com/en/matches/a475c135/Como-Atalanta-February-1-2026-Serie-A,,Atalanta,https://fbref.com/en/squads/922493f3/Atalanta-Stats,https://fbref.com/en/comps/8/schedule/Champions-League-Scores-and-Fixtures,2026-02-12T05:18:30.982325+00:00
2026-02-05,21:00 (12:00),Coppa Italia,Quarter-finals,Thu,Home,W,3,0,Juventus,42,"22,623",Marten de Roon,3-4-3,4-2-3-1,Michael Fabbri,https://fbref.com/en/matches/de04f93f/Atalanta-Juventus-February-5-2026-Coppa-Italia,,Atalanta,https://fbref.com/en/squads/922493f3/Atalanta-Stats,https://fbref.com/en/comps/8/schedule/Champions-League-Scores-and-Fixtures,2026-02-12T05:18:30.982325+00:00
2026-02-09,18:30 (09:30),Serie A,Matchweek 24,Mon,Home,W,2,1,Cremonese,56,"21,796",Mario Pašalić,3-4-3,3-5-2,Marco Piccinini,https://fbref.com/en/matches/a59b498b/Atalanta-Cremonese-February-9-2026-Serie-A,,Atalanta,https://fbref.com/en/squads/922493f3/Atalanta-Stats,https://fbref.com/en/comps/8/schedule/Champions-League-Scores-and-Fixtures,2026-02-12T05:18:30.982325+00:00
2026-02-14,18:00 (09:00),Serie A,Matchweek 25,Sat,Away,,,,Lazio,,,,,,,https://fbref.com/en/stathead/matchup/teams/922493f3/7213da33/Atalanta-vs-Lazio-History,,Atalanta,https://fbref.com/en/squads/922493f3/Atalanta-Stats,https://fbref.com/en/comps/8/schedule/Champions-League-Scores-and-Fixtures,2026-02-12T05:18:30.982325+00:00
2026-02-17,21:00 (12:00),Champions Lg,Knockout phase play-offs,Tue,Away,,,,Dortmund,,,,,,,https://fbref.com/en/stathead/matchup/teams/add600ae/922493f3/Dortmund-vs-Atalanta-History,Leg 1 of 2,Atalanta,https://fbref.com/en/squads/922493f3/Atalanta-Stats,https://fbref.com/en/comps/8/schedule/Champions-League-Scores-and-Fixtures,2026-02-12T05:18:30.982325+00:00
2026-02-22,15:00 (06:00),Serie A,Matchweek 26,Sun,Home,,,,Napoli,,,,,,,https://fbref.com/en/stathead/matchup/teams/d48ad4ff/922493f3/Napoli-vs-Atalanta-History,,Atalanta,https://fbref.com/en/squads/922493f3/Atalanta-Stats,https://fbref.com/en/comps/8/schedule/Champions-League-Scores-and-Fixtures,2026-02-12T05:18:30.982325+00:00
2026-02-25,18:45 (09:45),Champions Lg,Knockout phase play-offs,Wed,Home,,,,Dortmund,,,,,,,https://fbref.com/en/stathead/matchup/teams/add600ae/922493f3/Dortmund-vs-Atalanta-History,Leg 2 of 2,Atalanta,https://fbref.com/en/squads/922493f3/Atalanta-Stats,https://fbref.com/en/comps/8/schedule/Champions-League-Scores-and-Fixtures,2026-02-12T05:18:30.982325+00:00
2026-03-01,,Serie A,Matchweek 27,Sun,Away,,,,Sassuolo,,,,,,,https://fbref.com/en/stathead/matchup/teams/e2befd26/922493f3/Sassuolo-vs-Atalanta-History,,Atalanta,https://fbref.com/en/squads/922493f3/Atalanta-Stats,https://fbref.com/en/comps/8/schedule/Champions-League-Scores-and-Fixtures,2026-02-12T05:18:30.982325+00:00
2026-03-04,18:00 (09:00),Coppa Italia,Semi-finals,Wed,Away,,,,Lazio,,,,,,,https://fbref.com/en/stathead/matchup/teams/922493f3/7213da33/Atalanta-vs-Lazio-History,Leg 1 of 2,Atalanta,https://fbref.com/en/squads/922493f3/Atalanta-Stats,https://fbref.com/en/comps/8/schedule/Champions-League-Scores-and-Fixtures,2026-02-12T05:18:30.982325+00:00
2026-03-08,,Serie A,Matchweek 28,Sun,Home,,,,Udinese,,,,,,,https://fbref.com/en/stathead/matchup/teams/922493f3/04eea015/Atalanta-vs-Udinese-History,,Atalanta,https://fbref.com/en/squads/922493f3/Atalanta-Stats,https://fbref.com/en/comps/8/schedule/Champions-League-Scores-and-Fixtures,2026-02-12T05:18:30.982325+00:00
2026-03-15,,Serie A,Matchweek 29,Sun,Away,,,,Inter,,,,,,,https://fbref.com/en/stathead/matchup/teams/d609edc0/922493f3/Internazionale-vs-Atalanta-History,,Atalanta,https://fbref.com/en/squads/922493f3/Atalanta-Stats,https://fbref.com/en/comps/8/schedule/Champions-League-Scores-and-Fixtures,2026-02-12T05:18:30.982325+00:00
2026-03-22,,Serie A,Matchweek 30,Sun,Home,,,,Hellas Verona,,,,,,,https://fbref.com/en/stathead/matchup/teams/922493f3/0e72edf2/Atalanta-vs-Hellas-Verona-History,,Atalanta,https://fbref.com/en/squads/922493f3/Atalanta-Stats,https://fbref.com/en/comps/8/schedule/Champions-League-Scores-and-Fixtures,2026-02-12T05:18:30.982325+00:00
2026-04-04,,Serie A,Matchweek 31,Sat,Away,,,,Lecce,,,,,,,https://fbref.com/en/stathead/matchup/teams/ffcbe334/922493f3/Lecce-vs-Atalanta-History,,Atalanta,https://fbref.com/en/squads/922493f3/Atalanta-Stats,https://fbref.com/en/comps/8/schedule/Champions-League-Scores-and-Fixtures,2026-02-12T05:18:30.982325+00:00
2026-04-12,,Serie A,Matchweek 32,Sun,Home,,,,Juventus,,,,,,,https://fbref.com/en/stathead/matchup/teams/e0652b02/922493f3/Juventus-vs-Atalanta-History,,Atalanta,https://fbref.com/en/squads/922493f3/Atalanta-Stats,https://fbref.com/en/comps/8/schedule/Champions-League-Scores-and-Fixtures,2026-02-12T05:18:30.982325+00:00
2026-04-19,,Serie A,Matchweek 33,Sun,Away,,,,Roma,,,,,,,https://fbref.com/en/stathead/matchup/teams/cf74a709/922493f3/Roma-vs-Atalanta-History,,Atalanta,https://fbref.com/en/squads/922493f3/Atalanta-Stats,https://fbref.com/en/comps/8/schedule/Champions-League-Scores-and-Fixtures,2026-02-12T05:18:30.982325+00:00
2026-04-22,00:00 (15:00),Coppa Italia,Semi-finals,Wed,Home,,,,Lazio,,,,,,,https://fbref.com/en/stathead/matchup/teams/922493f3/7213da33/Atalanta-vs-Lazio-History,Leg 2 of 2,Atalanta,https://fbref.com/en/squads/922493f3/Atalanta-Stats,https://fbref.com/en/comps/8/schedule/Champions-League-Scores-and-Fixtures,2026-02-12T05:18:30.982325+00:00
2026-04-26,,Serie A,Matchweek 34,Sun,Away,,,,Cagliari,,,,,,,https://fbref.com/en/stathead/matchup/teams/c4260e09/922493f3/Cagliari-vs-Atalanta-History,,Atalanta,https://fbref.com/en/squads/922493f3/Atalanta-Stats,https://fbref.com/en/comps/8/schedule/Champions-League-Scores-and-Fixtures,2026-02-12T05:18:30.982325+00:00
2026-05-03,,Serie A,Matchweek 35,Sun,Home,,,,Genoa,,,,,,,https://fbref.com/en/stathead/matchup/teams/922493f3/658bf2de/Atalanta-vs-Genoa-History,,Atalanta,https://fbref.com/en/squads/922493f3/Atalanta-Stats,https://fbref.com/en/comps/8/schedule/Champions-League-Scores-and-Fixtures,2026-02-12T05:18:30.982325+00:00
2026-05-10,,Serie A,Matchweek 36,Sun,Away,,,,Milan,,,,,,,https://fbref.com/en/stathead/matchup/teams/dc56fe14/922493f3/Milan-vs-Atalanta-History,,Atalanta,https://fbref.com/en/squads/922493f3/Atalanta-Stats,https://fbref.com/en/comps/8/schedule/Champions-League-Scores-and-Fixtures,2026-02-12T05:18:30.982325+00:00
2026-05-17,,Serie A,Matchweek 37,Sun,Home,,,,Bologna,,,,,,,https://fbref.com/en/stathead/matchup/teams/922493f3/1d8099f8/Atalanta-vs-Bologna-History,,Atalanta,https://fbref.com/en/squads/922493f3/Atalanta-Stats,https://fbref.com/en/comps/8/schedule/Champions-League-Scores-and-Fixtures,2026-02-12T05:18:30.982325+00:00
2026-05-24,,Serie A,Matchweek 38,Sun,Away,,,,Fiorentina,,,,,,,https://fbref.com/en/stathead/matchup/teams/922493f3/421387cf/Atalanta-vs-Fiorentina-History,,Atalanta,https://fbref.com/en/squads/922493f3/Atalanta-Stats,https://fbref.com/en/comps/8/schedule/Champions-League-Scores-and-Fixtures,2026-02-12T05:18:30.982325+00:00
2025-08-17,21:30 (12:30),La Liga,Matchweek 1,Sun,Away,L,1,2,Espanyol,60,"29,612",Jan Oblak,4-2-3-1,4-2-3-1,Mateo Busquets,https://fbref.com/en/matches/4ab0ead6/Espanyol-Atletico-Madrid-August-17-2025-La-Liga,,Atlético Madrid,https://fbref.com/en/squads/db3b9613/Atletico-Madrid-Stats,https://fbref.com/en/comps/8/schedule/Champions-League-Scores-and-Fixtures,2026-02-12T05:18:31.278615+00:00
2025-08-23,19:30 (10:30),La Liga,Matchweek 2,Sat,Home,D,1,1,Elche,58,"59,369",Jan Oblak,4-4-2,3-4-1-2,César Soto,https://fbref.com/en/matches/11a8655e/Atletico-Madrid-Elche-August-23-2025-La-Liga,,Atlético Madrid,https://fbref.com/en/squads/db3b9613/Atletico-Madrid-Stats,https://fbref.com/en/comps/8/schedule/Champions-League-Scores-and-Fixtures,2026-02-12T05:18:31.278615+00:00
2025-08-30,17:00 (08:00),La Liga,Matchweek 3,Sat,Away,D,1,1,Alavés,60,"18,042",Jan Oblak,4-4-2,4-4-2,Víctor García,https://fbref.com/en/matches/74cf6cb4/Alaves-Atletico-Madrid-August-30-2025-La-Liga,,Atlético Madrid,https://fbref.com/en/squads/db3b9613/Atletico-Madrid-Stats,https://fbref.com/en/comps/8/schedule/Champions-League-Scores-and-Fixtures,2026-02-12T05:18:31.278615+00:00
2025-09-13,21:00 (12:00),La Liga,Matchweek 4,Sat,Home,W,2,0,Villarreal,61,"63,312",Koke,4-4-2,4-4-2,José Luis Munuera,https://fbref.com/en/matches/a84e557e/Atletico-Madrid-Villarreal-September-13-2025-La-Liga,,Atlético Madrid,https://fbref.com/en/squads/db3b9613/Atletico-Madrid-Stats,https://fbref.com/en/comps/8/schedule/Champions-League-Scores-and-Fixtures,2026-02-12T05:18:31.278615+00:00
2025-09-17,20:00 (12:00),Champions Lg,League phase,Wed,Away,L,2,3,Liverpool,44,"59,507",Jan Oblak,4-4-2,4-2-3-1,Maurizio Mariani,https://fbref.com/en/matches/aaca9bcb/Liverpool-Atletico-Madrid-September-17-2025-Champions-League,,Atlético Madrid,https://fbref.com/en/squads/db3b9613/Atletico-Madrid-Stats,https://fbref.com/en/comps/8/schedule/Champions-League-Scores-and-Fixtures,2026-02-12T05:18:31.278615+00:00
2025-09-21,16:15 (07:15),La Liga,Matchweek 5,Sun,Away,D,1,1,Mallorca,58,"21,027",Koke,4-4-2,5-3-2,Francisco Hernández,https://fbref.com/en/matches/9b780361/Mallorca-Atletico-Madrid-September-21-2025-La-Liga,,Atlético Madrid,https://fbref.com/en/squads/db3b9613/Atletico-Madrid-Stats,https://fbref.com/en/comps/8/schedule/Champions-League-Scores-and-Fixtures,2026-02-12T05:18:31.278615+00:00
2025-09-24,21:30 (12:30),La Liga,Matchweek 6,Wed,Home,W,3,2,Rayo Vallecano,61,"54,098",Koke,5-3-2,4-4-2,Alejandro Hernández,https://fbref.com/en/matches/16153495/Atletico-Madrid-Rayo-Vallecano-September-24-2025-La-Liga,,Atlético Madrid,https://fbref.com/en/squads/db3b9613/Atletico-Madrid-Stats,https://fbref.com/en/comps/8/schedule/Champions-League-Scores-and-Fixtures,2026-02-12T05:18:31.278615+00:00
2025-09-27,16:15 (07:15),La Liga,Matchweek 7,Sat,Home,W,5,2,Real Madrid,37,"69,167",Koke,4-4-2,4-2-3-1,Javier Alberola,https://fbref.com/en/matches/33523b09/El-Derbi-Madrileno-Atletico-Madrid-Real-Madrid-September-27-2025-La-Liga,,Atlético Madrid,https://fbref.com/en/squads/db3b9613/Atletico-Madrid-Stats,https://fbref.com/en/comps/8/schedule/Champions-League-Scores-and-Fixtures,2026-02-12T05:18:31.278615+00:00
2025-09-30,21:00 (12:00),Champions Lg,League phase,Tue,Home,W,5,1,Eintracht Frankfurt,51,"59,401",Jan Oblak,4-4-2,4-2-3-1,Slavko Vinčič,https://fbref.com/en/matches/bc209de1/Atletico-Madrid-Eintracht-Frankfurt-September-30-2025-Champions-League,,Atlético Madrid,https://fbref.com/en/squads/db3b9613/Atletico-Madrid-Stats,https://fbref.com/en/comps/8/schedule/Champions-League-Scores-and-Fixtures,2026-02-12T05:18:31.278615+00:00
2025-10-05,21:00 (12:00),La Liga,Matchweek 8,Sun,Away,D,1,1,Celta Vigo,41,"20,877",Koke,4-4-2,3-4-3,César Soto,https://fbref.com/en/matches/07058ac6/Celta-Vigo-Atletico-Madrid-October-5-2025-La-Liga,,Atlético Madrid,https://fbref.com/en/squads/db3b9613/Atletico-Madrid-Stats,https://fbref.com/en/comps/8/schedule/Champions-League-Scores-and-Fixtures,2026-02-12T05:18:31.278615+00:00
2025-10-18,21:00 (12:00),La Liga,Matchweek 9,Sat,Home,W,1,0,Osasuna,59,"62,884",Koke,5-3-2,3-4-3,Ricardo de Burgos,https://fbref.com/en/matches/d8332af4/Atletico-Madrid-Osasuna-October-18-2025-La-Liga,,Atlético Madrid,https://fbref.com/en/squads/db3b9613/Atletico-Madrid-Stats,https://fbref.com/en/comps/8/schedule/Champions-League-Scores-and-Fixtures,2026-02-12T05:18:31.278615+00:00
2025-10-21,20:00 (12:00),Champions Lg,League phase,Tue,Away,L,0,4,Arsenal,49,"59,200",Koke,4-4-2,4-2-3-1,Davide Massa,https://fbref.com/en/matches/eb69818b/Arsenal-Atletico-Madrid-October-21-2025-Champions-League,,Atlético Madrid,https://fbref.com/en/squads/db3b9613/Atletico-Madrid-Stats,https://fbref.com/en/comps/8/schedule/Champions-League-Scores-and-Fixtures,2026-02-12T05:18:31.278615+00:00
2025-10-27,21:00 (13:00),La Liga,Matchweek 10,Mon,Away,W,2,0,Real Betis,43,"57,537",Koke,4-3-3,4-2-3-1,Juan Martínez,https://fbref.com/en/matches/4ed4de50/Real-Betis-Atletico-Madrid-October-27-2025-La-Liga,,Atlético Madrid,https://fbref.com/en/squads/db3b9613/Atletico-Madrid-Stats,https://fbref.com/en/comps/8/schedule/Champions-League-Scores-and-Fixtures,2026-02-12T05:18:31.278615+00:00
2025-11-01,16:15 (08:15),La Liga,Matchweek 11,Sat,Home,W,3,0,Sevilla,47,"66,119",Koke,4-4-2,4-2-3-1,Francisco Hernández,https://fbref.com/en/matches/25430036/Atletico-Madrid-Sevilla-November-1-2025-La-Liga,,Atlético Madrid,https://fbref.com/en/squads/db3b9613/Atletico-Madrid-Stats,https://fbref.com/en/comps/8/schedule/Champions-League-Scores-and-Fixtures,2026-02-12T05:18:31.278615+00:00
2025-11-04,21:00 (12:00),Champions Lg,League phase,Tue,Home,W,3,1,Union SG,67,"59,347",Koke,4-4-2,3-5-1-1,Espen Eskås,https://fbref.com/en/matches/8fa157cf/Atletico-Madrid-Union-SG-November-4-2025-Champions-League,,Atlético Madrid,https://fbref.com/en/squads/db3b9613/Atletico-Madrid-Stats,https://fbref.com/en/comps/8/schedule/Champions-League-Scores-and-Fixtures,2026-02-12T05:18:31.278615+00:00
2025-11-08,18:30 (09:30),La Liga,Matchweek 12,Sat,Home,W,3,1,Levante,74,"60,119",Koke,4-4-2,4-4-2,Jesús Gil,https://fbref.com/en/matches/8929b733/Atletico-Madrid-Levante-November-8-2025-La-Liga,,Atlético Madrid,https://fbref.com/en/squads/db3b9613/Atletico-Madrid-Stats,https://fbref.com/en/comps/8/schedule/Champions-League-Scores-and-Fixtures,2026-02-12T05:18:31.278615+00:00
2025-11-23,18:30 (09:30),La Liga,Matchweek 13,Sun,Away,W,1,0,Getafe,59,"9,783",Koke,4-1-4-1,4-1-4-1,Guillermo Cuadra,https://fbref.com/en/matches/bbf0b969/Getafe-Atletico-Madrid-November-23-2025-La-Liga,,Atlético Madrid,https://fbref.com/en/squads/db3b9613/Atletico-Madrid-Stats,https://fbref.com/en/comps/8/schedule/Champions-League-Scores-and-Fixtures,2026-02-12T05:18:31.278615+00:00
2025-11-26,21:00 (12:00),Champions Lg,League phase,Wed,Home,W,2,1,Inter,48,"68,069",José María Giménez,4-1-4-1,3-5-2,François Letexier,https://fbref.com/en/matches/1152f0e9/Atletico-Madrid-Internazionale-November-26-2025-Champions-League,,Atlético Madrid,https://fbref.com/en/squads/db3b9613/Atletico-Madrid-Stats,https://fbref.com/en/comps/8/schedule/Champions-League-Scores-and-Fixtures,2026-02-12T05:18:31.278615+00:00
2025-11-29,21:00 (12:00),La Liga,Matchweek 14,Sat,Home,W,2,0,Oviedo,52,"61,305",Koke,5-3-2,4-1-3-2,Víctor Acosta,https://fbref.com/en/matches/c7d4ed0a/Atletico-Madrid-Oviedo-November-29-2025-La-Liga,,Atlético Madrid,https://fbref.com/en/squads/db3b9613/Atletico-Madrid-Stats,https://fbref.com/en/comps/8/schedule/Champions-League-Scores-and-Fixtures,2026-02-12T05:18:31.278615+00:00
2025-12-02,21:00 (12:00),La Liga,Matchweek 19,Tue,Away,L,1,3,Barcelona,42,"45,205",Jan Oblak,4-2-3-1,4-2-3-1,Ricardo de Burgos,https://fbref.com/en/matches/d2ff2a0d/Barcelona-Atletico-Madrid-December-2-2025-La-Liga,,Atlético Madrid,https://fbref.com/en/squads/db3b9613/Atletico-Madrid-Stats,https://fbref.com/en/comps/8/schedule/Champions-League-Scores-and-Fixtures,2026-02-12T05:18:31.278615+00:00
2025-12-06,21:00 (12:00),La Liga,Matchweek 15,Sat,Away,L,0,1,Athletic Club,56,"48,904",Jan Oblak,4-1-4-1,4-2-3-1,Alejandro Muñíz,https://fbref.com/en/matches/b724cfc7/Athletic-Club-Atletico-Madrid-December-6-2025-La-Liga,,Atlético Madrid,https://fbref.com/en/squads/db3b9613/Atletico-Madrid-Stats,https://fbref.com/en/comps/8/schedule/Champions-League-Scores-and-Fixtures,2026-02-12T05:18:31.278615+00:00
2025-12-09,21:00 (12:00),Champions Lg,League phase,Tue,Away,W,3,2,PSV,47,"34,800",Koke,4-4-2,4-4-2,Michael Oliver,https://fbref.com/en/matches/10bb42b3/PSV-Eindhoven-Atletico-Madrid-December-9-2025-Champions-League,,Atlético Madrid,https://fbref.com/en/squads/db3b9613/Atletico-Madrid-Stats,https://fbref.com/en/comps/8/schedule/Champions-League-Scores-and-Fixtures,2026-02-12T05:18:31.278615+00:00
2025-12-13,14:00 (05:00),La Liga,Matchweek 16,Sat,Home,W,2,1,Valencia,46,"61,011",Koke,4-4-2,3-5-2,César Soto,https://fbref.com/en/matches/2744cb5b/Atletico-Madrid-Valencia-December-13-2025-La-Liga,,Atlético Madrid,https://fbref.com/en/squads/db3b9613/Atletico-Madrid-Stats,https://fbref.com/en/comps/8/schedule/Champions-League-Scores-and-Fixtures,2026-02-12T05:18:31.278615+00:00
2025-12-17,19:00 (10:00),Copa del Rey,Round of 32,Wed,Away,W,3,2,Atlético Baleares,57,"5,080",Antoine Griezmann,5-3-2,3-5-2,Alejandro Hernández,https://fbref.com/en/matches/0c0fd4bf/Atletico-Baleares-Atletico-Madrid-December-17-2025-Copa-del-Rey,,Atlético Madrid,https://fbref.com/en/squads/db3b9613/Atletico-Madrid-Stats,https://fbref.com/en/comps/8/schedule/Champions-League-Scores-and-Fixtures,2026-02-12T05:18:31.278615+00:00
2025-12-21,14:00 (05:00),La Liga,Matchweek 17,Sun,Away,W,3,0,Girona,49,"12,363",Koke,4-4-2,4-5-1,José Guzmán,https://fbref.com/en/matches/107980d3/Girona-Atletico-Madrid-December-21-2025-La-Liga,,Atlético Madrid,https://fbref.com/en/squads/db3b9613/Atletico-Madrid-Stats,https://fbref.com/en/comps/8/schedule/Champions-League-Scores-and-Fixtures,2026-02-12T05:18:31.278615+00:00
2026-01-04,21:00 (12:00),La Liga,Matchweek 18,Sun,Away,D,1,1,Real Sociedad,55,"31,576",Koke,4-4-2,4-4-2,Juan Martínez,https://fbref.com/en/matches/d4ef475a/Real-Sociedad-Atletico-Madrid-January-4-2026-La-Liga,,Atlético Madrid,https://fbref.com/en/squads/db3b9613/Atletico-Madrid-Stats,https://fbref.com/en/comps/8/schedule/Champions-League-Scores-and-Fixtures,2026-02-12T05:18:31.278615+00:00
2026-01-08,22:00 (11:00),Supercopa de España,Semi-finals,Thu,Neutral,L,1,2,Real Madrid,55,"55,651",Koke,4-4-2,4-2-3-1,Mateo Busquets,https://fbref.com/en/matches/c0ad1dca/El-Derbi-Madrileno-Atletico-Madrid-Real-Madrid-January-8-2026-Supercopa-de-Espana,,Atlético Madrid,https://fbref.com/en/squads/db3b9613/Atletico-Madrid-Stats,https://fbref.com/en/comps/8/schedule/Champions-League-Scores-and-Fixtures,2026-02-12T05:18:31.278615+00:00
2026-01-13,21:00 (12:00),Copa del Rey,Round of 16,Tue,Away,W,1,0,Dep La Coruña,52,"28,577",Antoine Griezmann,4-4-2,4-2-3-1,Ricardo de Burgos,https://fbref.com/en/matches/8aac2e65/Deportivo-La-Coruna-Atletico-Madrid-January-13-2026-Copa-del-Rey,,Atlético Madrid,https://fbref.com/en/squads/db3b9613/Atletico-Madrid-Stats,https://fbref.com/en/comps/8/schedule/Champions-League-Scores-and-Fixtures,2026-02-12T05:18:31.278615+00:00
2026-01-18,16:15 (07:15),La Liga,Matchweek 20,Sun,Home,W,1,0,Alavés,54,"61,192",Jan Oblak,4-4-2,4-1-4-1,Guillermo Cuadra,https://fbref.com/en/matches/667037c9/Atletico-Madrid-Alaves-January-18-2026-La-Liga,,Atlético Madrid,https://fbref.com/en/squads/db3b9613/Atletico-Madrid-Stats,https://fbref.com/en/comps/8/schedule/Champions-League-Scores-and-Fixtures,2026-02-12T05:18:31.278615+00:00
2026-01-21,20:45 (09:45),Champions Lg,League phase,Wed,Away,D,1,1,Galatasaray,55,"48,443",Koke,4-4-2,4-2-3-1,István Kovács,https://fbref.com/en/matches/efe0060f/Galatasaray-Atletico-Madrid-January-21-2026-Champions-League,,Atlético Madrid,https://fbref.com/en/squads/db3b9613/Atletico-Madrid-Stats,https://fbref.com/en/comps/8/schedule/Champions-League-Scores-and-Fixtures,2026-02-12T05:18:31.278615+00:00
2026-01-25,14:00 (05:00),La Liga,Matchweek 21,Sun,Home,W,3,0,Mallorca,61,"55,028",Jan Oblak,4-4-2,4-4-2,Jose Maria Sánchez,https://fbref.com/en/matches/53039537/Atletico-Madrid-Mallorca-January-25-2026-La-Liga,,Atlético Madrid,https://fbref.com/en/squads/db3b9613/Atletico-Madrid-Stats,https://fbref.com/en/comps/8/schedule/Champions-League-Scores-and-Fixtures,2026-02-12T05:18:31.278615+00:00
2026-01-28,21:00 (12:00),Champions Lg,League phase,Wed,Home,L,1,2,Bodø/Glimt,65,"58,910",Koke,4-4-2,4-3-3,Maurizio Mariani,https://fbref.com/en/matches/6e65e70f/Atletico-Madrid-BodoGlimt-January-28-2026-Champions-League,,Atlético Madrid,https://fbref.com/en/squads/db3b9613/Atletico-Madrid-Stats,https://fbref.com/en/comps/8/schedule/Champions-League-Scores-and-Fixtures,2026-02-12T05:18:31.278615+00:00
2026-01-31,18:30 (09:30),La Liga,Matchweek 22,Sat,Away,D,0,0,Levante,55,"20,573",Jan Oblak,4-4-2,4-2-3-1,Víctor García,https://fbref.com/en/matches/f96f4ab3/Levante-Atletico-Madrid-January-31-2026-La-Liga,,Atlético Madrid,https://fbref.com/en/squads/db3b9613/Atletico-Madrid-Stats,https://fbref.com/en/comps/8/schedule/Champions-League-Scores-and-Fixtures,2026-02-12T05:18:31.278615+00:00
2026-02-05,21:00 (12:00),Copa del Rey,Quarter-finals,Thu,Away,W,5,0,Real Betis,58,"66,810",Koke,4-4-2,4-2-3-1,César Soto,https://fbref.com/en/matches/061f3277/Real-Betis-Atletico-Madrid-February-5-2026-Copa-del-Rey,,Atlético Madrid,https://fbref.com/en/squads/db3b9613/Atletico-Madrid-Stats,https://fbref.com/en/comps/8/schedule/Champions-League-Scores-and-Fixtures,2026-02-12T05:18:31.278615+00:00
2026-02-08,18:30 (09:30),La Liga,Matchweek 23,Sun,Home,L,0,1,Real Betis,65,"65,210",Koke,4-4-2,4-3-3,Mateo Busquets,https://fbref.com/en/matches/0f65b152/Atletico-Madrid-Real-Betis-February-8-2026-La-Liga,,Atlético Madrid,https://fbref.com/en/squads/db3b9613/Atletico-Madrid-Stats,https://fbref.com/en/comps/8/schedule/Champions-League-Scores-and-Fixtures,2026-02-12T05:18:31.278615+00:00
2026-02-12,21:00 (12:00),Copa del Rey,Semi-finals,Thu,Home,,,,Barcelona,,,,,,,https://fbref.com/en/stathead/matchup/teams/db3b9613/206d90db/Atletico-Madrid-vs-Barcelona-History,Leg 1 of 2,Atlético Madrid,https://fbref.com/en/squads/db3b9613/Atletico-Madrid-Stats,https://fbref.com/en/comps/8/schedule/Champions-League-Scores-and-Fixtures,2026-02-12T05:18:31.278615+00:00
2026-02-15,16:15 (07:15),La Liga,Matchweek 24,Sun,Away,,,,Rayo Vallecano,,,,,,,https://fbref.com/en/stathead/matchup/teams/db3b9613/98e8af82/Atletico-Madrid-vs-Rayo-Vallecano-History,,Atlético Madrid,https://fbref.com/en/squads/db3b9613/Atletico-Madrid-Stats,https://fbref.com/en/comps/8/schedule/Champions-League-Scores-and-Fixtures,2026-02-12T05:18:31.278615+00:00
2026-02-18,21:00 (12:00),Champions Lg,Knockout phase play-offs,Wed,Away,,,,Club Brugge,,,,,,,https://fbref.com/en/stathead/matchup/teams/f1e6c5f1/db3b9613/Club-Brugge-vs-Atletico-Madrid-History,Leg 1 of 2,Atlético Madrid,https://fbref.com/en/squads/db3b9613/Atletico-Madrid-Stats,https://fbref.com/en/comps/8/schedule/Champions-League-Scores-and-Fixtures,2026-02-12T05:18:31.278615+00:00
2026-02-21,21:00 (12:00),La Liga,Matchweek 25,Sat,Home,,,,Espanyol,,,,,,,https://fbref.com/en/stathead/matchup/teams/db3b9613/a8661628/Atletico-Madrid-vs-Espanyol-History,,Atlético Madrid,https://fbref.com/en/squads/db3b9613/Atletico-Madrid-Stats,https://fbref.com/en/comps/8/schedule/Champions-League-Scores-and-Fixtures,2026-02-12T05:18:31.278615+00:00
2026-02-24,18:45 (09:45),Champions Lg,Knockout phase play-offs,Tue,Home,,,,Club Brugge,,,,,,,https://fbref.com/en/stathead/matchup/teams/f1e6c5f1/db3b9613/Club-Brugge-vs-Atletico-Madrid-History,Leg 2 of 2,Atlético Madrid,https://fbref.com/en/squads/db3b9613/Atletico-Madrid-Stats,https://fbref.com/en/comps/8/schedule/Champions-League-Scores-and-Fixtures,2026-02-12T05:18:31.278615+00:00
2026-02-28,21:00 (12:00),La Liga,Matchweek 26,Sat,Away,,,,Oviedo,,,,,,,https://fbref.com/en/stathead/matchup/teams/db3b9613/ab358912/Atletico-Madrid-vs-Oviedo-History,,Atlético Madrid,https://fbref.com/en/squads/db3b9613/Atletico-Madrid-Stats,https://fbref.com/en/comps/8/schedule/Champions-League-Scores-and-Fixtures,2026-02-12T05:18:31.278615+00:00
2026-03-03,21:00 (12:00),Copa del Rey,Semi-finals,Tue,Away,,,,Barcelona,,,,,,,https://fbref.com/en/stathead/matchup/teams/db3b9613/206d90db/Atletico-Madrid-vs-Barcelona-History,Leg 2 of 2,Atlético Madrid,https://fbref.com/en/squads/db3b9613/Atletico-Madrid-Stats,https://fbref.com/en/comps/8/schedule/Champions-League-Scores-and-Fixtures,2026-02-12T05:18:31.278615+00:00
2026-03-07,18:30 (09:30),La Liga,Matchweek 27,Sat,Home,,,,Real Sociedad,,,,,,,https://fbref.com/en/stathead/matchup/teams/e31d1cd9/db3b9613/Real-Sociedad-vs-Atletico-Madrid-History,,Atlético Madrid,https://fbref.com/en/squads/db3b9613/Atletico-Madrid-Stats,https://fbref.com/en/comps/8/schedule/Champions-League-Scores-and-Fixtures,2026-02-12T05:18:31.278615+00:00
2026-03-15,,La Liga,Matchweek 28,Sun,Home,,,,Getafe,,,,,,,https://fbref.com/en/stathead/matchup/teams/db3b9613/7848bd64/Atletico-Madrid-vs-Getafe-History,,Atlético Madrid,https://fbref.com/en/squads/db3b9613/Atletico-Madrid-Stats,https://fbref.com/en/comps/8/schedule/Champions-League-Scores-and-Fixtures,2026-02-12T05:18:31.278615+00:00
2026-03-22,,La Liga,Matchweek 29,Sun,Away,,,,Real Madrid,,,,,,,https://fbref.com/en/stathead/matchup/teams/db3b9613/53a2f082/El-Derbi-Madrileno-Atletico-Madrid-vs-Real-Madrid-History,,Atlético Madrid,https://fbref.com/en/squads/db3b9613/Atletico-Madrid-Stats,https://fbref.com/en/comps/8/schedule/Champions-League-Scores-and-Fixtures,2026-02-12T05:18:31.278615+00:00
2026-04-05,,La Liga,Matchweek 30,Sun,Home,,,,Barcelona,,,,,,,https://fbref.com/en/stathead/matchup/teams/db3b9613/206d90db/Atletico-Madrid-vs-Barcelona-History,,Atlético Madrid,https://fbref.com/en/squads/db3b9613/Atletico-Madrid-Stats,https://fbref.com/en/comps/8/schedule/Champions-League-Scores-and-Fixtures,2026-02-12T05:18:31.278615+00:00
2026-04-12,,La Liga,Matchweek 31,Sun,Away,,,,Sevilla,,,,,,,https://fbref.com/en/stathead/matchup/teams/db3b9613/ad2be733/Atletico-Madrid-vs-Sevilla-History,,Atlético Madrid,https://fbref.com/en/squads/db3b9613/Atletico-Madrid-Stats,https://fbref.com/en/comps/8/schedule/Champions-League-Scores-and-Fixtures,2026-02-12T05:18:31.278615+00:00
2026-04-22,,La Liga,Matchweek 33,Wed,Away,,,,Elche,,,,,,,https://fbref.com/en/stathead/matchup/teams/db3b9613/6c8b07df/Atletico-Madrid-vs-Elche-History,,Atlético Madrid,https://fbref.com/en/squads/db3b9613/Atletico-Madrid-Stats,https://fbref.com/en/comps/8/schedule/Champions-League-Scores-and-Fixtures,2026-02-12T05:18:31.278615+00:00
2026-04-26,,La Liga,Matchweek 32,Sun,Home,,,,Athletic Club,,,,,,,https://fbref.com/en/stathead/matchup/teams/db3b9613/2b390eca/Atletico-Madrid-vs-Athletic-Club-History,,Atlético Madrid,https://fbref.com/en/squads/db3b9613/Atletico-Madrid-Stats,https://fbref.com/en/comps/8/schedule/Champions-League-Scores-and-Fixtures,2026-02-12T05:18:31.278615+00:00
2026-05-03,,La Liga,Matchweek 34,Sun,Away,,,,Valencia,,,,,,,https://fbref.com/en/stathead/matchup/teams/dcc91a7b/db3b9613/Valencia-vs-Atletico-Madrid-History,,Atlético Madrid,https://fbref.com/en/squads/db3b9613/Atletico-Madrid-Stats,https://fbref.com/en/comps/8/schedule/Champions-League-Scores-and-Fixtures,2026-02-12T05:18:31.278615+00:00
2026-05-10,,La Liga,Matchweek 35,Sun,Home,,,,Celta Vigo,,,,,,,https://fbref.com/en/stathead/matchup/teams/f25da7fb/db3b9613/Celta-Vigo-vs-Atletico-Madrid-History,,Atlético Madrid,https://fbref.com/en/squads/db3b9613/Atletico-Madrid-Stats,https://fbref.com/en/comps/8/schedule/Champions-League-Scores-and-Fixtures,2026-02-12T05:18:31.278615+00:00
2026-05-13,,La Liga,Matchweek 36,Wed,Away,,,,Osasuna,,,,,,,https://fbref.com/en/stathead/matchup/teams/db3b9613/03c57e2b/Atletico-Madrid-vs-Osasuna-History,,Atlético Madrid,https://fbref.com/en/squads/db3b9613/Atletico-Madrid-Stats,https://fbref.com/en/comps/8/schedule/Champions-League-Scores-and-Fixtures,2026-02-12T05:18:31.278615+00:00
2026-05-17,,La Liga,Matchweek 37,Sun,Home,,,,Girona,,,,,,,https://fbref.com/en/stathead/matchup/teams/db3b9613/9024a00a/Atletico-Madrid-vs-Girona-History,,Atlético Madrid,https://fbref.com/en/squads/db3b9613/Atletico-Madrid-Stats,https://fbref.com/en/comps/8/schedule/Champions-League-Scores-and-Fixtures,2026-02-12T05:18:31.278615+00:00
2026-05-24,,La Liga,Matchweek 38,Sun,Away,,,,Villarreal,,,,,,,https://fbref.com/en/stathead/matchup/teams/db3b9613/2a8183b3/Atletico-Madrid-vs-Villarreal-History,,Atlético Madrid,https://fbref.com/en/squads/db3b9613/Atletico-Madrid-Stats,https://fbref.com/en/comps/8/schedule/Champions-League-Scores-and-Fixtures,2026-02-12T05:18:31.278615+00:00
2025-08-06,21:00 (12:00),Champions Lg,Third qualifying round,Wed,Away,W,2,0,Nice,52,"26,443",Nicolás Otamendi,4-4-2,3-4-3,Michael Oliver,https://fbref.com/en/matches/35d48139/Nice-Benfica-August-6-2025-Champions-League,Leg 1 of 2,Benfica,https://fbref.com/en/squads/a77c513e/Benfica-Stats,https://fbref.com/en/comps/8/schedule/Champions-League-Scores-and-Fixtures,2026-02-12T05:18:31.528745+00:00
2025-08-12,20:00 (12:00),Champions Lg,Third qualifying round,Tue,Home,W,2,0,Nice,,"64,511",Nicolás Otamendi,4-4-2,3-4-1-2,Marco Guida,https://fbref.com/en/matches/3b71c838/Benfica-Nice-August-12-2025-Champions-League,Leg 2 of 2; Benfica won,Benfica,https://fbref.com/en/squads/a77c513e/Benfica-Stats,https://fbref.com/en/comps/8/schedule/Champions-League-Scores-and-Fixtures,2026-02-12T05:18:31.528745+00:00
2025-08-16,20:30 (12:30),Primeira Liga,Matchweek 2,Sat,Away,W,1,0,Estrela,57,"6,249",Nicolás Otamendi,4-4-2,5-3-2,Hélder Carvalho,https://fbref.com/en/matches/aab60d15/Estrela-Benfica-August-16-2025-Primeira-Liga,,Benfica,https://fbref.com/en/squads/a77c513e/Benfica-Stats,https://fbref.com/en/comps/8/schedule/Champions-League-Scores-and-Fixtures,2026-02-12T05:18:31.528745+00:00
2025-08-20,22:00 (12:00),Champions Lg,Play-off round,Wed,Away,D,0,0,Fenerbahçe,47,"41,258",Nicolás Otamendi,4-3-3,3-4-1-2,Daniel Siebert,https://fbref.com/en/matches/3eebdb34/Fenerbahce-Benfica-August-20-2025-Champions-League,Leg 1 of 2,Benfica,https://fbref.com/en/squads/a77c513e/Benfica-Stats,https://fbref.com/en/comps/8/schedule/Champions-League-Scores-and-Fixtures,2026-02-12T05:18:31.528745+00:00
2025-08-23,20:30 (12:30),Primeira Liga,Matchweek 3,Sat,Home,W,3,0,Tondela,66,"61,229",Nicolás Otamendi,4-4-2,4-2-3-1,Anzhony Rodrigues,https://fbref.com/en/matches/cb4950b9/Benfica-Tondela-August-23-2025-Primeira-Liga,,Benfica,https://fbref.com/en/squads/a77c513e/Benfica-Stats,https://fbref.com/en/comps/8/schedule/Champions-League-Scores-and-Fixtures,2026-02-12T05:18:31.528745+00:00
2025-08-27,20:00 (12:00),Champions Lg,Play-off round,Wed,Home,W,1,0,Fenerbahçe,53,"64,323",Nicolás Otamendi,4-2-3-1,3-5-2,Slavko Vinčič,https://fbref.com/en/matches/386743d6/Benfica-Fenerbahce-August-27-2025-Champions-League,Leg 2 of 2; Benfica won,Benfica,https://fbref.com/en/squads/a77c513e/Benfica-Stats,https://fbref.com/en/comps/8/schedule/Champions-League-Scores-and-Fixtures,2026-02-12T05:18:31.528745+00:00
2025-08-31,18:00 (10:00),Primeira Liga,Matchweek 4,Sun,Away,W,2,1,Alverca,54,"6,532",Nicolás Otamendi,4-2-3-1,5-4-1,José Armando Torres Bessa,https://fbref.com/en/matches/2dd9ee70/Alverca-Benfica-August-31-2025-Primeira-Liga,,Benfica,https://fbref.com/en/squads/a77c513e/Benfica-Stats,https://fbref.com/en/comps/8/schedule/Champions-League-Scores-and-Fixtures,2026-02-12T05:18:31.528745+00:00
2025-09-12,20:15 (12:15),Primeira Liga,Matchweek 5,Fri,Home,D,1,1,Santa Clara,78,,Nicolás Otamendi,4-4-2,3-4-3,João Pinheiro,https://fbref.com/en/matches/73e2e070/Benfica-Santa-Clara-September-12-2025-Primeira-Liga,,Benfica,https://fbref.com/en/squads/a77c513e/Benfica-Stats,https://fbref.com/en/comps/8/schedule/Champions-League-Scores-and-Fixtures,2026-02-12T05:18:31.528745+00:00
2025-09-16,20:00 (12:00),Champions Lg,League phase,Tue,Home,L,2,3,Qarabağ,53,"53,257",Nicolás Otamendi,4-2-3-1,4-2-3-1,Erik Lambrechts,https://fbref.com/en/matches/09951d6f/Benfica-Qarabag-September-16-2025-Champions-League,,Benfica,https://fbref.com/en/squads/a77c513e/Benfica-Stats,https://fbref.com/en/comps/8/schedule/Champions-League-Scores-and-Fixtures,2026-02-12T05:18:31.528745+00:00
2025-09-20,18:00 (10:00),Primeira Liga,Matchweek 6,Sat,Away,W,3,0,AVS Futebol,63,,Nicolás Otamendi,4-2-2-2,4-1-4-1,Bruno Jose Costa,https://fbref.com/en/matches/f8d258b8/AVS-Futebol-Benfica-September-20-2025-Primeira-Liga,,Benfica,https://fbref.com/en/squads/a77c513e/Benfica-Stats,https://fbref.com/en/comps/8/schedule/Champions-League-Scores-and-Fixtures,2026-02-12T05:18:31.528745+00:00
2025-09-23,20:15 (12:15),Primeira Liga,Matchweek 1,Tue,Home,D,1,1,Rio Ave,69,,Nicolás Otamendi,4-3-3,3-4-3,Sérgio Guelho,https://fbref.com/en/matches/9f1b09d8/Benfica-Rio-Ave-September-23-2025-Primeira-Liga,,Benfica,https://fbref.com/en/squads/a77c513e/Benfica-Stats,https://fbref.com/en/comps/8/schedule/Champions-League-Scores-and-Fixtures,2026-02-12T05:18:31.528745+00:00
2025-09-26,20:15 (12:15),Primeira Liga,Matchweek 7,Fri,Home,W,2,1,Gil Vicente FC,47,"57,358",Nicolás Otamendi,4-2-3-1,4-3-3,João António Gonçalves,https://fbref.com/en/matches/2f48f332/Benfica-Gil-Vicente-FC-September-26-2025-Primeira-Liga,,Benfica,https://fbref.com/en/squads/a77c513e/Benfica-Stats,https://fbref.com/en/comps/8/schedule/Champions-League-Scores-and-Fixtures,2026-02-12T05:18:31.528745+00:00
2025-09-30,20:00 (12:00),Champions Lg,League phase,Tue,Away,L,0,1,Chelsea,44,"38,636",Nicolás Otamendi,4-3-3,4-3-3,Daniel Siebert,https://fbref.com/en/matches/72b9bd4f/Chelsea-Benfica-September-30-2025-Champions-League,,Benfica,https://fbref.com/en/squads/a77c513e/Benfica-Stats,https://fbref.com/en/comps/8/schedule/Champions-League-Scores-and-Fixtures,2026-02-12T05:18:31.528745+00:00
2025-10-05,21:15 (13:15),Primeira Liga,Matchweek 8,Sun,Away,D,0,0,Porto,49,,Nicolás Otamendi,4-2-3-1,4-3-3,Miguel Nogueira,https://fbref.com/en/matches/83de9d16/Porto-Benfica-October-5-2025-Primeira-Liga,,Benfica,https://fbref.com/en/squads/a77c513e/Benfica-Stats,https://fbref.com/en/comps/8/schedule/Champions-League-Scores-and-Fixtures,2026-02-12T05:18:31.528745+00:00
2025-10-21,20:00 (12:00),Champions Lg,League phase,Tue,Away,L,0,3,Newcastle United,48,"52,073",Nicolás Otamendi,4-4-1-1,4-3-3,Szymon Marciniak,https://fbref.com/en/matches/0a4bcfee/Newcastle-United-Benfica-October-21-2025-Champions-League,,Benfica,https://fbref.com/en/squads/a77c513e/Benfica-Stats,https://fbref.com/en/comps/8/schedule/Champions-League-Scores-and-Fixtures,2026-02-12T05:18:31.528745+00:00
2025-10-25,20:30 (12:30),Primeira Liga,Matchweek 9,Sat,Home,W,5,0,Arouca,54,,Nicolás Otamendi,4-2-3-1,4-2-3-1,Hélder Carvalho,https://fbref.com/en/matches/45924eed/Benfica-Arouca-October-25-2025-Primeira-Liga,,Benfica,https://fbref.com/en/squads/a77c513e/Benfica-Stats,https://fbref.com/en/comps/8/schedule/Champions-League-Scores-and-Fixtures,2026-02-12T05:18:31.528745+00:00
2025-11-01,20:30 (13:30),Primeira Liga,Matchweek 10,Sat,Away,W,3,0,Vitória Guimarães,66,,Nicolás Otamendi,4-2-3-1,4-2-3-1,João Pinheiro,https://fbref.com/en/matches/75c6a600/Vitoria-Guimaraes-Benfica-November-1-2025-Primeira-Liga,,Benfica,https://fbref.com/en/squads/a77c513e/Benfica-Stats,https://fbref.com/en/comps/8/schedule/Champions-League-Scores-and-Fixtures,2026-02-12T05:18:31.528745+00:00
2025-11-05,20:00 (12:00),Champions Lg,League phase,Wed,Home,L,0,1,Leverkusen,53,"55,796",Nicolás Otamendi,4-2-3-1,3-4-3,Simone Sozza,https://fbref.com/en/matches/9de891f0/Benfica-Leverkusen-November-5-2025-Champions-League,,Benfica,https://fbref.com/en/squads/a77c513e/Benfica-Stats,https://fbref.com/en/comps/8/schedule/Champions-League-Scores-and-Fixtures,2026-02-12T05:18:31.528745+00:00
2025-11-09,20:30 (12:30),Primeira Liga,Matchweek 11,Sun,Home,D,2,2,Casa Pia,66,,António Silva,4-2-3-1,5-4-1,Gustavo Correia,https://fbref.com/en/matches/574123c8/Benfica-Casa-Pia-November-9-2025-Primeira-Liga,,Benfica,https://fbref.com/en/squads/a77c513e/Benfica-Stats,https://fbref.com/en/comps/8/schedule/Champions-League-Scores-and-Fixtures,2026-02-12T05:18:31.528745+00:00
2025-11-25,18:45 (09:45),Champions Lg,League phase,Tue,Away,W,2,0,Ajax,38,"51,154",Nicolás Otamendi,4-2-3-1,4-1-4-1,Sven Jablonski,https://fbref.com/en/matches/8dbe16fe/Ajax-Benfica-November-25-2025-Champions-League,,Benfica,https://fbref.com/en/squads/a77c513e/Benfica-Stats,https://fbref.com/en/comps/8/schedule/Champions-League-Scores-and-Fixtures,2026-02-12T05:18:31.528745+00:00
2025-11-29,18:00 (10:00),Primeira Liga,Matchweek 12,Sat,Away,W,2,1,Nacional,70,"4,826",Nicolás Otamendi,4-2-3-1,4-2-3-1,Iancu Vasilica,https://fbref.com/en/matches/0ed1cd24/Nacional-Benfica-November-29-2025-Primeira-Liga,,Benfica,https://fbref.com/en/squads/a77c513e/Benfica-Stats,https://fbref.com/en/comps/8/schedule/Champions-League-Scores-and-Fixtures,2026-02-12T05:18:31.528745+00:00
2025-12-05,20:15 (12:15),Primeira Liga,Matchweek 13,Fri,Home,D,1,1,Sporting CP,41,,Nicolás Otamendi,4-2-3-1,4-2-3-1,António Nobre,https://fbref.com/en/matches/1aae7f92/Derby-de-Lisboa-Benfica-Sporting-CP-December-5-2025-Primeira-Liga,,Benfica,https://fbref.com/en/squads/a77c513e/Benfica-Stats,https://fbref.com/en/comps/8/schedule/Champions-League-Scores-and-Fixtures,2026-02-12T05:18:31.528745+00:00
2025-12-10,20:00 (12:00),Champions Lg,League phase,Wed,Home,W,2,0,Napoli,40,"54,353",Nicolás Otamendi,4-2-3-1,3-4-3,Slavko Vinčič,https://fbref.com/en/matches/111bcd6c/Benfica-Napoli-December-10-2025-Champions-League,,Benfica,https://fbref.com/en/squads/a77c513e/Benfica-Stats,https://fbref.com/en/comps/8/schedule/Champions-League-Scores-and-Fixtures,2026-02-12T05:18:31.528745+00:00
2025-12-14,18:00 (10:00),Primeira Liga,Matchweek 14,Sun,Away,W,4,0,Moreirense,47,"5,518",Nicolás Otamendi,4-2-3-1,4-1-4-1,Hélder Carvalho,https://fbref.com/en/matches/34fba0c6/Moreirense-Benfica-December-14-2025-Primeira-Liga,,Benfica,https://fbref.com/en/squads/a77c513e/Benfica-Stats,https://fbref.com/en/comps/8/schedule/Champions-League-Scores-and-Fixtures,2026-02-12T05:18:31.528745+00:00
2025-12-22,20:45 (12:45),Primeira Liga,Matchweek 15,Mon,Home,W,1,0,Famalicão,55,"57,894",Nicolás Otamendi,4-2-3-1,4-2-3-1,André Narciso,https://fbref.com/en/matches/adcdacec/Benfica-Famalicao-December-22-2025-Primeira-Liga,,Benfica,https://fbref.com/en/squads/a77c513e/Benfica-Stats,https://fbref.com/en/comps/8/schedule/Champions-League-Scores-and-Fixtures,2026-02-12T05:18:31.528745+00:00
2025-12-28,18:00 (10:00),Primeira Liga,Matchweek 16,Sun,Away,D,2,2,Braga,51,"24,314",Nicolás Otamendi,4-2-3-1,3-4-3,João António Gonçalves,https://fbref.com/en/matches/308013b8/Braga-Benfica-December-28-2025-Primeira-Liga,,Benfica,https://fbref.com/en/squads/a77c513e/Benfica-Stats,https://fbref.com/en/comps/8/schedule/Champions-League-Scores-and-Fixtures,2026-02-12T05:18:31.528745+00:00
2026-01-03,18:00 (10:00),Primeira Liga,Matchweek 17,Sat,Home,W,3,1,Estoril,51,,Nicolás Otamendi,4-2-3-1,4-4-2,Anzhony Rodrigues,https://fbref.com/en/matches/04582024/Benfica-Estoril-January-3-2026-Primeira-Liga,,Benfica,https://fbref.com/en/squads/a77c513e/Benfica-Stats,https://fbref.com/en/comps/8/schedule/Champions-League-Scores-and-Fixtures,2026-02-12T05:18:31.528745+00:00
2026-01-17,20:30 (12:30),Primeira Liga,Matchweek 18,Sat,Away,W,2,0,Rio Ave,63,,Nicolás Otamendi,4-2-3-1,3-4-3,Cláudio Pereira,https://fbref.com/en/matches/c16dd5b1/Rio-Ave-Benfica-January-17-2026-Primeira-Liga,,Benfica,https://fbref.com/en/squads/a77c513e/Benfica-Stats,https://fbref.com/en/comps/8/schedule/Champions-League-Scores-and-Fixtures,2026-02-12T05:18:31.528745+00:00
2026-01-21,21:00 (12:00),Champions Lg,League phase,Wed,Away,L,0,2,Juventus,54,"41,626",Nicolás Otamendi,4-2-3-1,4-2-3-1,Serdar Gözübüyük,https://fbref.com/en/matches/25e9c011/Juventus-Benfica-January-21-2026-Champions-League,,Benfica,https://fbref.com/en/squads/a77c513e/Benfica-Stats,https://fbref.com/en/comps/8/schedule/Champions-League-Scores-and-Fixtures,2026-02-12T05:18:31.528745+00:00
2026-01-25,18:00 (10:00),Primeira Liga,Matchweek 19,Sun,Home,W,4,0,Estrela,66,,Nicolás Otamendi,4-2-3-1,4-2-3-1,David Silva,https://fbref.com/en/matches/03f6eb24/Benfica-Estrela-January-25-2026-Primeira-Liga,,Benfica,https://fbref.com/en/squads/a77c513e/Benfica-Stats,https://fbref.com/en/comps/8/schedule/Champions-League-Scores-and-Fixtures,2026-02-12T05:18:31.528745+00:00
2026-01-28,20:00 (12:00),Champions Lg,League phase,Wed,Home,W,4,2,Real Madrid,33,"64,305",Nicolás Otamendi,4-2-3-1,4-3-3,Davide Massa,https://fbref.com/en/matches/3a9b3391/Benfica-Real-Madrid-January-28-2026-Champions-League,,Benfica,https://fbref.com/en/squads/a77c513e/Benfica-Stats,https://fbref.com/en/comps/8/schedule/Champions-League-Scores-and-Fixtures,2026-02-12T05:18:31.528745+00:00
2026-02-01,20:30 (12:30),Primeira Liga,Matchweek 20,Sun,Away,D,0,0,Tondela,77,,Nicolás Otamendi,4-2-3-1,4-2-3-1,Luís Godinho,https://fbref.com/en/matches/3b779445/Tondela-Benfica-February-1-2026-Primeira-Liga,,Benfica,https://fbref.com/en/squads/a77c513e/Benfica-Stats,https://fbref.com/en/comps/8/schedule/Champions-League-Scores-and-Fixtures,2026-02-12T05:18:31.528745+00:00
2026-02-08,20:30 (12:30),Primeira Liga,Matchweek 21,Sun,Home,W,2,1,Alverca,64,,Nicolás Otamendi,4-2-3-1,3-4-3,Bruno Jose Costa,https://fbref.com/en/matches/f6d589bb/Benfica-Alverca-February-8-2026-Primeira-Liga,,Benfica,https://fbref.com/en/squads/a77c513e/Benfica-Stats,https://fbref.com/en/comps/8/schedule/Champions-League-Scores-and-Fixtures,2026-02-12T05:18:31.528745+00:00
2026-02-13,17:30 (10:30),Primeira Liga,Matchweek 22,Fri,Away,,,,Santa Clara,,,,,,,https://fbref.com/en/stathead/matchup/teams/f5b64cb1/a77c513e/Santa-Clara-vs-Benfica-History,,Benfica,https://fbref.com/en/squads/a77c513e/Benfica-Stats,https://fbref.com/en/comps/8/schedule/Champions-League-Scores-and-Fixtures,2026-02-12T05:18:31.528745+00:00
2026-02-17,20:00 (12:00),Champions Lg,Knockout phase play-offs,Tue,Home,,,,Real Madrid,,,,,,,https://fbref.com/en/stathead/matchup/teams/a77c513e/53a2f082/Benfica-vs-Real-Madrid-History,Leg 1 of 2,Benfica,https://fbref.com/en/squads/a77c513e/Benfica-Stats,https://fbref.com/en/comps/8/schedule/Champions-League-Scores-and-Fixtures,2026-02-12T05:18:31.528745+00:00
2026-02-21,18:00 (10:00),Primeira Liga,Matchweek 23,Sat,Home,,,,AVS Futebol,,,,,,,https://fbref.com/en/stathead/matchup/teams/e5ce5a65/a77c513e/AVS-Futebol-vs-Benfica-History,,Benfica,https://fbref.com/en/squads/a77c513e/Benfica-Stats,https://fbref.com/en/comps/8/schedule/Champions-League-Scores-and-Fixtures,2026-02-12T05:18:31.528745+00:00
2026-02-25,21:00 (12:00),Champions Lg,Knockout phase play-offs,Wed,Away,,,,Real Madrid,,,,,,,https://fbref.com/en/stathead/matchup/teams/a77c513e/53a2f082/Benfica-vs-Real-Madrid-History,Leg 2 of 2,Benfica,https://fbref.com/en/squads/a77c513e/Benfica-Stats,https://fbref.com/en/comps/8/schedule/Champions-League-Scores-and-Fixtures,2026-02-12T05:18:31.528745+00:00
2026-03-02,20:15 (12:15),Primeira Liga,Matchweek 24,Mon,Away,,,,Gil Vicente FC,,,,,,,https://fbref.com/en/stathead/matchup/teams/a77c513e/6a329209/Benfica-vs-Gil-Vicente-History,,Benfica,https://fbref.com/en/squads/a77c513e/Benfica-Stats,https://fbref.com/en/comps/8/schedule/Champions-League-Scores-and-Fixtures,2026-02-12T05:18:31.528745+00:00
2026-03-08,,Primeira Liga,Matchweek 25,Sun,Home,,,,Porto,,,,,,,https://fbref.com/en/stathead/matchup/teams/a77c513e/5e876ee6/Benfica-vs-Porto-History,,Benfica,https://fbref.com/en/squads/a77c513e/Benfica-Stats,https://fbref.com/en/comps/8/schedule/Champions-League-Scores-and-Fixtures,2026-02-12T05:18:31.528745+00:00
2026-03-15,,Primeira Liga,Matchweek 26,Sun,Away,,,,Arouca,,,,,,,https://fbref.com/en/stathead/matchup/teams/a77c513e/0d36ddd4/Benfica-vs-Arouca-History,,Benfica,https://fbref.com/en/squads/a77c513e/Benfica-Stats,https://fbref.com/en/comps/8/schedule/Champions-League-Scores-and-Fixtures,2026-02-12T05:18:31.528745+00:00
2026-03-22,,Primeira Liga,Matchweek 27,Sun,Home,,,,Vitória Guimarães,,,,,,,https://fbref.com/en/stathead/matchup/teams/a77c513e/3f319bc9/Benfica-vs-Vitoria-Guimaraes-History,,Benfica,https://fbref.com/en/squads/a77c513e/Benfica-Stats,https://fbref.com/en/comps/8/schedule/Champions-League-Scores-and-Fixtures,2026-02-12T05:18:31.528745+00:00
2026-04-04,,Primeira Liga,Matchweek 28,Sat,Away,,,,Casa Pia,,,,,,,https://fbref.com/en/stathead/matchup/teams/b20a2b76/a77c513e/Casa-Pia-vs-Benfica-History,,Benfica,https://fbref.com/en/squads/a77c513e/Benfica-Stats,https://fbref.com/en/comps/8/schedule/Champions-League-Scores-and-Fixtures,2026-02-12T05:18:31.528745+00:00
2026-04-12,,Primeira Liga,Matchweek 29,Sun,Home,,,,Nacional,,,,,,,https://fbref.com/en/stathead/matchup/teams/a77c513e/5c9eb756/Benfica-vs-Nacional-History,,Benfica,https://fbref.com/en/squads/a77c513e/Benfica-Stats,https://fbref.com/en/comps/8/schedule/Champions-League-Scores-and-Fixtures,2026-02-12T05:18:31.528745+00:00
2026-04-19,,Primeira Liga,Matchweek 30,Sun,Away,,,,Sporting CP,,,,,,,https://fbref.com/en/stathead/matchup/teams/a77c513e/13dc44fd/Derby-de-Lisboa-Benfica-vs-Sporting-CP-History,,Benfica,https://fbref.com/en/squads/a77c513e/Benfica-Stats,https://fbref.com/en/comps/8/schedule/Champions-League-Scores-and-Fixtures,2026-02-12T05:18:31.528745+00:00
2026-04-26,,Primeira Liga,Matchweek 31,Sun,Home,,,,Moreirense,,,,,,,https://fbref.com/en/stathead/matchup/teams/e4502862/a77c513e/Moreirense-vs-Benfica-History,,Benfica,https://fbref.com/en/squads/a77c513e/Benfica-Stats,https://fbref.com/en/comps/8/schedule/Champions-League-Scores-and-Fixtures,2026-02-12T05:18:31.528745+00:00
2026-05-03,,Primeira Liga,Matchweek 32,Sun,Away,,,,Famalicão,,,,,,,https://fbref.com/en/stathead/matchup/teams/a77c513e/2de656d5/Benfica-vs-Famalicao-History,,Benfica,https://fbref.com/en/squads/a77c513e/Benfica-Stats,https://fbref.com/en/comps/8/schedule/Champions-League-Scores-and-Fixtures,2026-02-12T05:18:31.528745+00:00
2026-05-10,,Primeira Liga,Matchweek 33,Sun,Home,,,,Braga,,,,,,,https://fbref.com/en/stathead/matchup/teams/a77c513e/69d84c29/Benfica-vs-Braga-History,,Benfica,https://fbref.com/en/squads/a77c513e/Benfica-Stats,https://fbref.com/en/comps/8/schedule/Champions-League-Scores-and-Fixtures,2026-02-12T05:18:31.528745+00:00
2026-05-17,,Primeira Liga,Matchweek 34,Sun,Away,,,,Estoril,,,,,,,https://fbref.com/en/stathead/matchup/teams/a77c513e/00c41b75/Benfica-vs-Estoril-History,,Benfica,https://fbref.com/en/squads/a77c513e/Benfica-Stats,https://fbref.com/en/comps/8/schedule/Champions-League-Scores-and-Fixtures,2026-02-12T05:18:31.528745+00:00
2025-08-20,21:00 (12:00),Champions Lg,Play-off round,Wed,Home,W,5,0,Sturm Graz,58,"7,896",Patrick Berg,4-3-3,4-4-2,Sandro Schärer,https://fbref.com/en/matches/aa58cf2c/BodoGlimt-Sturm-Graz-August-20-2025-Champions-League,Leg 1 of 2,Bodø/Glimt,https://fbref.com/en/squads/d86248bd/BodoGlimt-Stats,https://fbref.com/en/comps/8/schedule/Champions-League-Scores-and-Fixtures,2026-02-12T05:18:31.775367+00:00
2025-08-26,21:00 (12:00),Champions Lg,Play-off round,Tue,Away,L,1,2,Sturm Graz,49,"9,050",Ulrik Saltnes,4-3-3,4-4-2,Szymon Marciniak,https://fbref.com/en/matches/237a4b60/Sturm-Graz-BodoGlimt-August-26-2025-Champions-League,Leg 2 of 2; Bodø/Glimt won,Bodø/Glimt,https://fbref.com/en/squads/d86248bd/BodoGlimt-Stats,https://fbref.com/en/comps/8/schedule/Champions-League-Scores-and-Fixtures,2026-02-12T05:18:31.775367+00:00
2025-09-17,18:45 (09:45),Champions Lg,League phase,Wed,Away,D,2,2,Slavia Prague,53,"18,922",Patrick Berg,4-3-3,4-2-3-1,Marian Barbu,https://fbref.com/en/matches/0aabb023/Slavia-Prague-BodoGlimt-September-17-2025-Champions-League,,Bodø/Glimt,https://fbref.com/en/squads/d86248bd/BodoGlimt-Stats,https://fbref.com/en/comps/8/schedule/Champions-League-Scores-and-Fixtures,2026-02-12T05:18:31.775367+00:00
2025-09-30,21:00 (12:00),Champions Lg,League phase,Tue,Home,D,2,2,Tottenham Hotspur,52,"7,988",Patrick Berg,4-3-3,4-3-3,Ivan Kružliak,https://fbref.com/en/matches/54179334/BodoGlimt-Tottenham-Hotspur-September-30-2025-Champions-League,,Bodø/Glimt,https://fbref.com/en/squads/d86248bd/BodoGlimt-Stats,https://fbref.com/en/comps/8/schedule/Champions-League-Scores-and-Fixtures,2026-02-12T05:18:31.775367+00:00
2025-10-22,19:45 (09:45),Champions Lg,League phase,Wed,Away,L,1,3,Galatasaray,62,"45,275",Odin Lurås Bjørtuft,4-3-3,4-4-2,Michael Oliver,https://fbref.com/en/matches/efbed8f6/Galatasaray-BodoGlimt-October-22-2025-Champions-League,,Bodø/Glimt,https://fbref.com/en/squads/d86248bd/BodoGlimt-Stats,https://fbref.com/en/comps/8/schedule/Champions-League-Scores-and-Fixtures,2026-02-12T05:18:31.775367+00:00
2025-11-04,21:00 (12:00),Champions Lg,League phase,Tue,Home,L,0,1,Monaco,64,"7,842",Patrick Berg,4-3-3,3-4-3,Damian Sylwestrzak,https://fbref.com/en/matches/c5a6b073/BodoGlimt-Monaco-November-4-2025-Champions-League,,Bodø/Glimt,https://fbref.com/en/squads/d86248bd/BodoGlimt-Stats,https://fbref.com/en/comps/8/schedule/Champions-League-Scores-and-Fixtures,2026-02-12T05:18:31.775367+00:00
2025-11-25,21:00 (12:00),Champions Lg,League phase,Tue,Home,L,2,3,Juventus,58,"7,824",Patrick Berg,4-3-3,3-4-3,Danny Makkelie,https://fbref.com/en/matches/03c473e7/BodoGlimt-Juventus-November-25-2025-Champions-League,,Bodø/Glimt,https://fbref.com/en/squads/d86248bd/BodoGlimt-Stats,https://fbref.com/en/comps/8/schedule/Champions-League-Scores-and-Fixtures,2026-02-12T05:18:31.775367+00:00
2025-12-10,21:00 (12:00),Champions Lg,League phase,Wed,Away,D,2,2,Dortmund,37,"81,365",Kasper Waarst Høgh,4-1-4-1,3-4-3,Erik Lambrechts,https://fbref.com/en/matches/1cd25106/Dortmund-BodoGlimt-December-10-2025-Champions-League,,Bodø/Glimt,https://fbref.com/en/squads/d86248bd/BodoGlimt-Stats,https://fbref.com/en/comps/8/schedule/Champions-League-Scores-and-Fixtures,2026-02-12T05:18:31.775367+00:00
2026-01-20,18:45 (09:45),Champions Lg,League phase,Tue,Home,W,3,1,Manchester City,34,"8,016",Odin Lurås Bjørtuft,4-4-2,4-3-3,Sven Jablonski,https://fbref.com/en/matches/8e951e36/BodoGlimt-Manchester-City-January-20-2026-Champions-League,,Bodø/Glimt,https://fbref.com/en/squads/d86248bd/BodoGlimt-Stats,https://fbref.com/en/comps/8/schedule/Champions-League-Scores-and-Fixtures,2026-02-12T05:18:31.775367+00:00
2026-01-28,21:00 (12:00),Champions Lg,League phase,Wed,Away,W,2,1,Atlético Madrid,35,"58,910",Patrick Berg,4-3-3,4-4-2,Maurizio Mariani,https://fbref.com/en/matches/6e65e70f/Atletico-Madrid-BodoGlimt-January-28-2026-Champions-League,,Bodø/Glimt,https://fbref.com/en/squads/d86248bd/BodoGlimt-Stats,https://fbref.com/en/comps/8/schedule/Champions-League-Scores-and-Fixtures,2026-02-12T05:18:31.775367+00:00
2026-02-18,21:00 (12:00),Champions Lg,Knockout phase play-offs,Wed,Home,,,,Inter,,,,,,,https://fbref.com/en/stathead/matchup/teams/d86248bd/d609edc0/BodoGlimt-vs-Internazionale-History,Leg 1 of 2,Bodø/Glimt,https://fbref.com/en/squads/d86248bd/BodoGlimt-Stats,https://fbref.com/en/comps/8/schedule/Champions-League-Scores-and-Fixtures,2026-02-12T05:18:31.775367+00:00
2026-02-24,21:00 (12:00),Champions Lg,Knockout phase play-offs,Tue,Away,,,,Inter,,,,,,,https://fbref.com/en/stathead/matchup/teams/d86248bd/d609edc0/BodoGlimt-vs-Internazionale-History,Leg 2 of 2,Bodø/Glimt,https://fbref.com/en/squads/d86248bd/BodoGlimt-Stats,https://fbref.com/en/comps/8/schedule/Champions-League-Scores-and-Fixtures,2026-02-12T05:18:31.775367+00:00
2025-07-27,18:30 (09:30),Pro League A,Regular season,Sun,Home,W,2,1,Genk,56,"24,073",Hans Vanaken,4-3-3,4-2-3-1,Jasper Vergoote,https://fbref.com/en/matches/9b9339ce/Club-Brugge-Genk-July-27-2025-Belgian-Pro-League,,Club Brugge,https://fbref.com/en/squads/f1e6c5f1/Club-Brugge-Stats,https://fbref.com/en/comps/8/schedule/Champions-League-Scores-and-Fixtures,2026-02-12T05:18:32.017393+00:00
2025-08-01,20:45 (11:45),Pro League A,Regular season,Fri,Away,L,1,2,Mechelen,65,"14,275",Hans Vanaken,4-3-3,3-4-1-2,Erik Lambrechts,https://fbref.com/en/matches/2df26e1a/Mechelen-Club-Brugge-August-1-2025-Belgian-Pro-League,,Club Brugge,https://fbref.com/en/squads/f1e6c5f1/Club-Brugge-Stats,https://fbref.com/en/comps/8/schedule/Champions-League-Scores-and-Fixtures,2026-02-12T05:18:32.017393+00:00
2025-08-06,19:00 (10:00),Champions Lg,Third qualifying round,Wed,Away,W,1,0,RB Salzburg,54,"12,782",Hans Vanaken,4-3-3,4-2-2-2,Srđan Jovanović,https://fbref.com/en/matches/52414ad5/Red-Bull-Salzburg-Club-Brugge-August-6-2025-Champions-League,Leg 1 of 2,Club Brugge,https://fbref.com/en/squads/f1e6c5f1/Club-Brugge-Stats,https://fbref.com/en/comps/8/schedule/Champions-League-Scores-and-Fixtures,2026-02-12T05:18:32.017393+00:00
2025-08-09,16:00 (07:00),Pro League A,Regular season,Sat,Home,W,2,0,Cercle Brugge,65,"23,424",Hans Vanaken,4-3-3,4-4-2,Lothar D'Hondt,https://fbref.com/en/matches/786d4ca2/Club-Brugge-Cercle-Brugge-August-9-2025-Belgian-Pro-League,,Club Brugge,https://fbref.com/en/squads/f1e6c5f1/Club-Brugge-Stats,https://fbref.com/en/comps/8/schedule/Champions-League-Scores-and-Fixtures,2026-02-12T05:18:32.017393+00:00
2025-08-12,19:30 (10:30),Champions Lg,Third qualifying round,Tue,Home,W,3,2,RB Salzburg,,"23,736",Hans Vanaken,4-3-3,4-2-2-2,Irfan Peljto,https://fbref.com/en/matches/1ab809d9/Club-Brugge-Red-Bull-Salzburg-August-12-2025-Champions-League,Leg 2 of 2; Club Brugge won,Club Brugge,https://fbref.com/en/squads/f1e6c5f1/Club-Brugge-Stats,https://fbref.com/en/comps/8/schedule/Champions-League-Scores-and-Fixtures,2026-02-12T05:18:32.017393+00:00
2025-08-16,16:00 (07:00),Pro League A,Regular season,Sat,Away,W,1,0,Zulte Waregem,68,"11,234",Hans Vanaken,4-2-3-1,5-3-2,Jan Boterberg,https://fbref.com/en/matches/e5121aac/Zulte-Waregem-Club-Brugge-August-16-2025-Belgian-Pro-League,,Club Brugge,https://fbref.com/en/squads/f1e6c5f1/Club-Brugge-Stats,https://fbref.com/en/comps/8/schedule/Champions-League-Scores-and-Fixtures,2026-02-12T05:18:32.017393+00:00
2025-08-19,20:00 (12:00),Champions Lg,Play-off round,Tue,Away,W,3,1,sct Rangers,47,"43,731",Hans Vanaken,4-2-3-1,4-3-3,François Letexier,https://fbref.com/en/matches/7ec60fda/Rangers-Club-Brugge-August-19-2025-Champions-League,Leg 1 of 2,Club Brugge,https://fbref.com/en/squads/f1e6c5f1/Club-Brugge-Stats,https://fbref.com/en/comps/8/schedule/Champions-League-Scores-and-Fixtures,2026-02-12T05:18:32.017393+00:00
2025-08-27,21:00 (12:00),Champions Lg,Play-off round,Wed,Home,W,6,0,sct Rangers,71,"26,252",Hans Vanaken,4-2-3-1,4-3-3,Felix Zwayer,https://fbref.com/en/matches/a7965439/Club-Brugge-Rangers-August-27-2025-Champions-League,Leg 2 of 2; Club Brugge won,Club Brugge,https://fbref.com/en/squads/f1e6c5f1/Club-Brugge-Stats,https://fbref.com/en/comps/8/schedule/Champions-League-Scores-and-Fixtures,2026-02-12T05:18:32.017393+00:00
2025-08-31,13:30 (04:30),Pro League A,Regular season,Sun,Away,D,1,1,Gent,51,"17,158",Hans Vanaken,4-2-3-1,3-4-3,Lothar D'Hondt,https://fbref.com/en/matches/1ab3effa/Gent-Club-Brugge-August-31-2025-Belgian-Pro-League,,Club Brugge,https://fbref.com/en/squads/f1e6c5f1/Club-Brugge-Stats,https://fbref.com/en/comps/8/schedule/Champions-League-Scores-and-Fixtures,2026-02-12T05:18:32.017393+00:00
2025-09-13,20:45 (11:45),Pro League A,Regular season,Sat,Away,L,0,1,La Louvière,69,"6,478",Hans Vanaken,4-2-3-1,5-3-2,Bert Put,https://fbref.com/en/matches/206d77e1/La-Louviere-Club-Brugge-September-13-2025-Belgian-Pro-League,,Club Brugge,https://fbref.com/en/squads/f1e6c5f1/Club-Brugge-Stats,https://fbref.com/en/comps/8/schedule/Champions-League-Scores-and-Fixtures,2026-02-12T05:18:32.017393+00:00
2025-09-18,18:45 (09:45),Champions Lg,League phase,Thu,Home,W,4,1,Monaco,49,"25,007",Hans Vanaken,4-2-3-1,4-2-2-2,Simone Sozza,https://fbref.com/en/matches/cb2a4725/Club-Brugge-Monaco-September-18-2025-Champions-League,,Club Brugge,https://fbref.com/en/squads/f1e6c5f1/Club-Brugge-Stats,https://fbref.com/en/comps/8/schedule/Champions-League-Scores-and-Fixtures,2026-02-12T05:18:32.017393+00:00
2025-09-21,18:30 (09:30),Pro League A,Regular season,Sun,Home,W,2,0,Sint-Truiden,62,"20,759",Hans Vanaken,4-2-3-1,4-2-3-1,Lothar D'Hondt,https://fbref.com/en/matches/2325159a/Club-Brugge-Sint-Truiden-September-21-2025-Belgian-Pro-League,,Club Brugge,https://fbref.com/en/squads/f1e6c5f1/Club-Brugge-Stats,https://fbref.com/en/comps/8/schedule/Champions-League-Scores-and-Fixtures,2026-02-12T05:18:32.017393+00:00
2025-09-24,20:30 (11:30),Pro League A,Regular season,Wed,Home,D,5,5,Westerlo,71,"17,448",Hans Vanaken,4-2-3-1,4-2-3-1,Lawrence Visser,https://fbref.com/en/matches/c44c2328/Club-Brugge-Westerlo-September-24-2025-Belgian-Pro-League,,Club Brugge,https://fbref.com/en/squads/f1e6c5f1/Club-Brugge-Stats,https://fbref.com/en/comps/8/schedule/Champions-League-Scores-and-Fixtures,2026-02-12T05:18:32.017393+00:00
2025-09-27,18:15 (09:15),Pro League A,Regular season,Sat,Away,W,2,1,Standard Liège,64,"21,051",Hans Vanaken,4-2-3-1,4-2-3-1,Jasper Vergoote,https://fbref.com/en/matches/0aee3b11/Standard-Liege-Club-Brugge-September-27-2025-Belgian-Pro-League,,Club Brugge,https://fbref.com/en/squads/f1e6c5f1/Club-Brugge-Stats,https://fbref.com/en/comps/8/schedule/Champions-League-Scores-and-Fixtures,2026-02-12T05:18:32.017393+00:00
2025-09-30,18:45 (09:45),Champions Lg,League phase,Tue,Away,L,1,2,Atalanta,52,"21,950",Hans Vanaken,4-2-3-1,3-4-1-2,Espen Eskås,https://fbref.com/en/matches/faa23c65/Atalanta-Club-Brugge-September-30-2025-Champions-League,,Club Brugge,https://fbref.com/en/squads/f1e6c5f1/Club-Brugge-Stats,https://fbref.com/en/comps/8/schedule/Champions-League-Scores-and-Fixtures,2026-02-12T05:18:32.017393+00:00
2025-10-05,18:30 (09:30),Pro League A,Regular season,Sun,Home,W,1,0,Union SG,61,"24,581",Hans Vanaken,4-2-3-1,3-4-1-2,Jan Boterberg,https://fbref.com/en/matches/c1e25496/Club-Brugge-Union-SG-October-5-2025-Belgian-Pro-League,,Club Brugge,https://fbref.com/en/squads/f1e6c5f1/Club-Brugge-Stats,https://fbref.com/en/comps/8/schedule/Champions-League-Scores-and-Fixtures,2026-02-12T05:18:32.017393+00:00
2025-10-18,18:15 (09:15),Pro League A,Regular season,Sat,Away,W,1,0,OH Leuven,66,"7,899",Hans Vanaken,4-2-3-1,3-4-3,Bert Verbeke,https://fbref.com/en/matches/b24f3d54/OH-Leuven-Club-Brugge-October-18-2025-Belgian-Pro-League,,Club Brugge,https://fbref.com/en/squads/f1e6c5f1/Club-Brugge-Stats,https://fbref.com/en/comps/8/schedule/Champions-League-Scores-and-Fixtures,2026-02-12T05:18:32.017393+00:00
2025-10-22,21:00 (12:00),Champions Lg,League phase,Wed,Away,L,0,4,Bayern Munich,37,"75,000",Hans Vanaken,4-1-4-1,4-2-3-1,Donatas Rumšas,https://fbref.com/en/matches/3575ee98/Bayern-Munich-Club-Brugge-October-22-2025-Champions-League,,Club Brugge,https://fbref.com/en/squads/f1e6c5f1/Club-Brugge-Stats,https://fbref.com/en/comps/8/schedule/Champions-League-Scores-and-Fixtures,2026-02-12T05:18:32.017393+00:00
2025-10-26,13:30 (05:30),Pro League A,Regular season,Sun,Away,W,1,0,Antwerp,48,"14,036",Hans Vanaken,4-3-3,3-4-1-2,Nicolas Laforge,https://fbref.com/en/matches/4f8e8a3d/Antwerp-Club-Brugge-October-26-2025-Belgian-Pro-League,,Club Brugge,https://fbref.com/en/squads/f1e6c5f1/Club-Brugge-Stats,https://fbref.com/en/comps/8/schedule/Champions-League-Scores-and-Fixtures,2026-02-12T05:18:32.017393+00:00
2025-11-01,18:15 (10:15),Pro League A,Regular season,Sat,Home,W,2,1,Dender,67,"20,347",Hans Vanaken,4-2-3-1,5-3-2,Kevin Van Damme,https://fbref.com/en/matches/7df715cb/Club-Brugge-Dender-November-1-2025-Belgian-Pro-League,,Club Brugge,https://fbref.com/en/squads/f1e6c5f1/Club-Brugge-Stats,https://fbref.com/en/comps/8/schedule/Champions-League-Scores-and-Fixtures,2026-02-12T05:18:32.017393+00:00
2025-11-05,21:00 (12:00),Champions Lg,League phase,Wed,Home,D,3,3,Barcelona,24,"27,037",Hans Vanaken,4-2-3-1,4-2-3-1,Anthony Taylor,https://fbref.com/en/matches/e98a3106/Club-Brugge-Barcelona-November-5-2025-Champions-League,,Club Brugge,https://fbref.com/en/squads/f1e6c5f1/Club-Brugge-Stats,https://fbref.com/en/comps/8/schedule/Champions-League-Scores-and-Fixtures,2026-02-12T05:18:32.017393+00:00
2025-11-09,13:30 (04:30),Pro League A,Regular season,Sun,Away,L,0,1,Anderlecht,59,"18,681",Hans Vanaken,4-2-3-1,4-2-3-1,Erik Lambrechts,https://fbref.com/en/matches/55734caf/Anderlecht-Club-Brugge-November-9-2025-Belgian-Pro-League,,Club Brugge,https://fbref.com/en/squads/f1e6c5f1/Club-Brugge-Stats,https://fbref.com/en/comps/8/schedule/Champions-League-Scores-and-Fixtures,2026-02-12T05:18:32.017393+00:00
2025-11-22,20:45 (11:45),Pro League A,Regular season,Sat,Home,W,1,0,Charleroi,61,"18,640",Hans Vanaken,4-2-3-1,4-2-3-1,Simon Bourdeaud'hui,https://fbref.com/en/matches/14a65e98/Club-Brugge-Charleroi-November-22-2025-Belgian-Pro-League,,Club Brugge,https://fbref.com/en/squads/f1e6c5f1/Club-Brugge-Stats,https://fbref.com/en/comps/8/schedule/Champions-League-Scores-and-Fixtures,2026-02-12T05:18:32.017393+00:00
2025-11-26,20:00 (12:00),Champions Lg,League phase,Wed,Away,L,0,3,Sporting CP,55,"41,634",Hans Vanaken,4-2-3-1,4-2-3-1,Tobias Stieler,https://fbref.com/en/matches/07ad9e86/Sporting-CP-Club-Brugge-November-26-2025-Champions-League,,Club Brugge,https://fbref.com/en/squads/f1e6c5f1/Club-Brugge-Stats,https://fbref.com/en/comps/8/schedule/Champions-League-Scores-and-Fixtures,2026-02-12T05:18:32.017393+00:00
2025-11-30,13:30 (04:30),Pro League A,Regular season,Sun,Home,L,0,1,Antwerp,75,"22,270",Hans Vanaken,4-2-3-1,3-4-3,Lothar D'Hondt,https://fbref.com/en/matches/44d4b69a/Club-Brugge-Antwerp-November-30-2025-Belgian-Pro-League,,Club Brugge,https://fbref.com/en/squads/f1e6c5f1/Club-Brugge-Stats,https://fbref.com/en/comps/8/schedule/Champions-League-Scores-and-Fixtures,2026-02-12T05:18:32.017393+00:00
2025-12-06,20:45 (11:45),Pro League A,Regular season,Sat,Away,L,2,3,Sint-Truiden,57,"10,076",Hans Vanaken,4-2-3-1,4-2-3-1,Bram Van Driessche,https://fbref.com/en/matches/65dae333/Sint-Truiden-Club-Brugge-December-6-2025-Belgian-Pro-League,,Club Brugge,https://fbref.com/en/squads/f1e6c5f1/Club-Brugge-Stats,https://fbref.com/en/comps/8/schedule/Champions-League-Scores-and-Fixtures,2026-02-12T05:18:32.017393+00:00
2025-12-10,21:00 (12:00),Champions Lg,League phase,Wed,Home,L,0,3,Arsenal,49,"26,464",Hans Vanaken,4-2-3-1,4-3-3,Sven Jablonski,https://fbref.com/en/matches/211e2c54/Club-Brugge-Arsenal-December-10-2025-Champions-League,,Club Brugge,https://fbref.com/en/squads/f1e6c5f1/Club-Brugge-Stats,https://fbref.com/en/comps/8/schedule/Champions-League-Scores-and-Fixtures,2026-02-12T05:18:32.017393+00:00
2025-12-14,16:00 (07:00),Pro League A,Regular season,Sun,Away,W,5,1,Dender,62,"5,165",Hans Vanaken,4-2-3-1,5-3-2,Bert Verbeke,https://fbref.com/en/matches/3fade903/Dender-Club-Brugge-December-14-2025-Belgian-Pro-League,,Club Brugge,https://fbref.com/en/squads/f1e6c5f1/Club-Brugge-Stats,https://fbref.com/en/comps/8/schedule/Champions-League-Scores-and-Fixtures,2026-02-12T05:18:32.017393+00:00
2025-12-21,13:30 (04:30),Pro League A,Regular season,Sun,Home,W,2,1,Gent,73,"24,036",Hans Vanaken,4-1-4-1,4-2-3-1,Jasper Vergoote,https://fbref.com/en/matches/f39a1d4a/Club-Brugge-Gent-December-21-2025-Belgian-Pro-League,,Club Brugge,https://fbref.com/en/squads/f1e6c5f1/Club-Brugge-Stats,https://fbref.com/en/comps/8/schedule/Champions-League-Scores-and-Fixtures,2026-02-12T05:18:32.017393+00:00
2025-12-26,13:30 (04:30),Pro League A,Regular season,Fri,Away,W,5,3,Genk,47,"21,754",Hans Vanaken,4-1-4-1,4-2-3-1,Lawrence Visser,https://fbref.com/en/matches/3cc84dce/Genk-Club-Brugge-December-26-2025-Belgian-Pro-League,,Club Brugge,https://fbref.com/en/squads/f1e6c5f1/Club-Brugge-Stats,https://fbref.com/en/comps/8/schedule/Champions-League-Scores-and-Fixtures,2026-02-12T05:18:32.017393+00:00
2026-01-16,20:45 (11:45),Pro League A,Regular season,Fri,Home,L,2,3,La Louvière,55,"17,725",Hans Vanaken,4-3-3,3-4-1-2,Simon Bourdeaud'hui,https://fbref.com/en/matches/5945791a/Club-Brugge-La-Louviere-January-16-2026-Belgian-Pro-League,,Club Brugge,https://fbref.com/en/squads/f1e6c5f1/Club-Brugge-Stats,https://fbref.com/en/comps/8/schedule/Champions-League-Scores-and-Fixtures,2026-02-12T05:18:32.017393+00:00
2026-01-20,20:30 (07:30),Champions Lg,League phase,Tue,Away,W,4,1,kz FC Kairat,53,"11,324",Hans Vanaken,3-4-3,4-2-3-1,Donatas Rumšas,https://fbref.com/en/matches/f32373c1/FC-Kairat-Club-Brugge-January-20-2026-Champions-League,,Club Brugge,https://fbref.com/en/squads/f1e6c5f1/Club-Brugge-Stats,https://fbref.com/en/comps/8/schedule/Champions-League-Scores-and-Fixtures,2026-02-12T05:18:32.017393+00:00
2026-01-24,18:15 (09:15),Pro League A,Regular season,Sat,Home,W,4,3,Zulte Waregem,72,"21,152",Hans Vanaken,4-3-3,3-4-3,Bert Verbeke,https://fbref.com/en/matches/28f34285/Club-Brugge-Zulte-Waregem-January-24-2026-Belgian-Pro-League,,Club Brugge,https://fbref.com/en/squads/f1e6c5f1/Club-Brugge-Stats,https://fbref.com/en/comps/8/schedule/Champions-League-Scores-and-Fixtures,2026-02-12T05:18:32.017393+00:00
2026-01-28,21:00 (12:00),Champions Lg,League phase,Wed,Home,W,3,0,Marseille,38,"26,361",Hans Vanaken,4-2-3-1,4-2-3-1,Marco Guida,https://fbref.com/en/matches/89ecd11c/Club-Brugge-Marseille-January-28-2026-Champions-League,,Club Brugge,https://fbref.com/en/squads/f1e6c5f1/Club-Brugge-Stats,https://fbref.com/en/comps/8/schedule/Champions-League-Scores-and-Fixtures,2026-02-12T05:18:32.017393+00:00
2026-02-01,18:30 (09:30),Pro League A,Regular season,Sun,Away,L,0,1,Union SG,70,"7,217",Hans Vanaken,4-3-3,3-4-3,Nathan Verboomen,https://fbref.com/en/matches/9cbeeb03/Union-SG-Club-Brugge-February-1-2026-Belgian-Pro-League,,Club Brugge,https://fbref.com/en/squads/f1e6c5f1/Club-Brugge-Stats,https://fbref.com/en/comps/8/schedule/Champions-League-Scores-and-Fixtures,2026-02-12T05:18:32.017393+00:00
2026-02-08,18:30 (09:30),Pro League A,Regular season,Sun,Home,W,3,0,Standard Liège,71,"23,550",Hans Vanaken,4-2-3-1,3-4-3,Bram Van Driessche,https://fbref.com/en/matches/54764fdb/Club-Brugge-Standard-Liege-February-8-2026-Belgian-Pro-League,,Club Brugge,https://fbref.com/en/squads/f1e6c5f1/Club-Brugge-Stats,https://fbref.com/en/comps/8/schedule/Champions-League-Scores-and-Fixtures,2026-02-12T05:18:32.017393+00:00
2026-02-15,13:30 (04:30),Pro League A,Regular season,Sun,Away,,,,Cercle Brugge,,,,,,,https://fbref.com/en/stathead/matchup/teams/f1e6c5f1/e8d2adc4/Club-Brugge-vs-Cercle-Brugge-History,,Club Brugge,https://fbref.com/en/squads/f1e6c5f1/Club-Brugge-Stats,https://fbref.com/en/comps/8/schedule/Champions-League-Scores-and-Fixtures,2026-02-12T05:18:32.017393+00:00
2026-02-18,21:00 (12:00),Champions Lg,Knockout phase play-offs,Wed,Home,,,,Atlético Madrid,,,,,,,https://fbref.com/en/stathead/matchup/teams/f1e6c5f1/db3b9613/Club-Brugge-vs-Atletico-Madrid-History,Leg 1 of 2,Club Brugge,https://fbref.com/en/squads/f1e6c5f1/Club-Brugge-Stats,https://fbref.com/en/comps/8/schedule/Champions-League-Scores-and-Fixtures,2026-02-12T05:18:32.017393+00:00
2026-02-21,18:15 (09:15),Pro League A,Regular season,Sat,Home,,,,OH Leuven,,,,,,,https://fbref.com/en/stathead/matchup/teams/f1e6c5f1/27e981a3/Club-Brugge-vs-OH-Leuven-History,,Club Brugge,https://fbref.com/en/squads/f1e6c5f1/Club-Brugge-Stats,https://fbref.com/en/comps/8/schedule/Champions-League-Scores-and-Fixtures,2026-02-12T05:18:32.017393+00:00
2026-02-24,18:45 (09:45),Champions Lg,Knockout phase play-offs,Tue,Away,,,,Atlético Madrid,,,,,,,https://fbref.com/en/stathead/matchup/teams/f1e6c5f1/db3b9613/Club-Brugge-vs-Atletico-Madrid-History,Leg 2 of 2,Club Brugge,https://fbref.com/en/squads/f1e6c5f1/Club-Brugge-Stats,https://fbref.com/en/comps/8/schedule/Champions-League-Scores-and-Fixtures,2026-02-12T05:18:32.017393+00:00
2026-03-01,18:30 (09:30),Pro League A,Regular season,Sun,Away,,,,Charleroi,,,,,,,https://fbref.com/en/stathead/matchup/teams/f1e6c5f1/140e320a/Club-Brugge-vs-Charleroi-History,,Club Brugge,https://fbref.com/en/squads/f1e6c5f1/Club-Brugge-Stats,https://fbref.com/en/comps/8/schedule/Champions-League-Scores-and-Fixtures,2026-02-12T05:18:32.017393+00:00
2026-03-08,13:30 (05:30),Pro League A,Regular season,Sun,Home,,,,Anderlecht,,,,,,,https://fbref.com/en/stathead/matchup/teams/f1e6c5f1/08ad393c/Club-Brugge-vs-Anderlecht-History,,Club Brugge,https://fbref.com/en/squads/f1e6c5f1/Club-Brugge-Stats,https://fbref.com/en/comps/8/schedule/Champions-League-Scores-and-Fixtures,2026-02-12T05:18:32.017393+00:00
2026-03-14,20:45 (12:45),Pro League A,Regular season,Sat,Away,,,,Westerlo,,,,,,,https://fbref.com/en/stathead/matchup/teams/f1e6c5f1/57b6cfb8/Club-Brugge-vs-Westerlo-History,,Club Brugge,https://fbref.com/en/squads/f1e6c5f1/Club-Brugge-Stats,https://fbref.com/en/comps/8/schedule/Champions-League-Scores-and-Fixtures,2026-02-12T05:18:32.017393+00:00
2026-03-22,18:30 (10:30),Pro League A,Regular season,Sun,Home,,,,Mechelen,,,,,,,https://fbref.com/en/stathead/matchup/teams/f1e6c5f1/09f00144/Club-Brugge-vs-Mechelen-History,,Club Brugge,https://fbref.com/en/squads/f1e6c5f1/Club-Brugge-Stats,https://fbref.com/en/comps/8/schedule/Champions-League-Scores-and-Fixtures,2026-02-12T05:18:32.017393+00:00
2025-08-18,20:45 (11:45),DFB-Pokal,Round of 64,Mon,Away,W,1,0,Rot-Weiss Essen,67,"19,300",Gregor Kobel,3-5-2,3-4-3,Frank Willenborg,https://fbref.com/en/matches/4131da73/Rot-Weiss-Essen-Dortmund-August-18-2025-DFB-Pokal,,Dortmund,https://fbref.com/en/squads/add600ae/Dortmund-Stats,https://fbref.com/en/comps/8/schedule/Champions-League-Scores-and-Fixtures,2026-02-12T05:18:32.255095+00:00
2025-08-23,18:30 (09:30),Bundesliga,Matchweek 1,Sat,Away,D,3,3,St Pauli,49,"29,546",Gregor Kobel,3-4-1-2,3-4-1-2,Matthias Jöllenbeck,https://fbref.com/en/matches/243e124a/St-Pauli-Dortmund-August-23-2025-Bundesliga,,Dortmund,https://fbref.com/en/squads/add600ae/Dortmund-Stats,https://fbref.com/en/comps/8/schedule/Champions-League-Scores-and-Fixtures,2026-02-12T05:18:32.255095+00:00
2025-08-31,17:30 (08:30),Bundesliga,Matchweek 2,Sun,Home,W,3,0,Union Berlin,65,"81,365",Julian Brandt,3-4-3,5-3-2,Daniel Schlager,https://fbref.com/en/matches/217ef044/Dortmund-Union-Berlin-August-31-2025-Bundesliga,,Dortmund,https://fbref.com/en/squads/add600ae/Dortmund-Stats,https://fbref.com/en/comps/8/schedule/Champions-League-Scores-and-Fixtures,2026-02-12T05:18:32.255095+00:00
2025-09-13,15:30 (06:30),Bundesliga,Matchweek 3,Sat,Away,W,2,0,Heidenheim,75,"15,000",Gregor Kobel,3-4-3,4-2-3-1,Felix Zwayer,https://fbref.com/en/matches/906ce9a1/Heidenheim-Dortmund-September-13-2025-Bundesliga,,Dortmund,https://fbref.com/en/squads/add600ae/Dortmund-Stats,https://fbref.com/en/comps/8/schedule/Champions-League-Scores-and-Fixtures,2026-02-12T05:18:32.255095+00:00
2025-09-16,21:00 (12:00),Champions Lg,League phase,Tue,Away,D,4,4,Juventus,48,"41,497",Gregor Kobel,3-4-3,3-4-3,François Letexier,https://fbref.com/en/matches/fd940777/Juventus-Dortmund-September-16-2025-Champions-League,,Dortmund,https://fbref.com/en/squads/add600ae/Dortmund-Stats,https://fbref.com/en/comps/8/schedule/Champions-League-Scores-and-Fixtures,2026-02-12T05:18:32.255095+00:00
2025-09-21,19:30 (10:30),Bundesliga,Matchweek 4,Sun,Home,W,1,0,Wolfsburg,56,"81,365",Gregor Kobel,3-4-3,4-2-3-1,Daniel Siebert,https://fbref.com/en/matches/d3e98705/Dortmund-Wolfsburg-September-21-2025-Bundesliga,,Dortmund,https://fbref.com/en/squads/add600ae/Dortmund-Stats,https://fbref.com/en/comps/8/schedule/Champions-League-Scores-and-Fixtures,2026-02-12T05:18:32.255095+00:00
2025-09-27,15:30 (06:30),Bundesliga,Matchweek 5,Sat,Away,W,2,0,Mainz 05,51,"33,305",Nico Schlotterbeck,3-4-3,3-4-3,Tobias Reichel,https://fbref.com/en/matches/92fc78f1/Mainz-05-Dortmund-September-27-2025-Bundesliga,,Dortmund,https://fbref.com/en/squads/add600ae/Dortmund-Stats,https://fbref.com/en/comps/8/schedule/Champions-League-Scores-and-Fixtures,2026-02-12T05:18:32.255095+00:00
2025-10-01,21:00 (12:00),Champions Lg,League phase,Wed,Home,W,4,1,Athletic Club,52,"81,365",Gregor Kobel,3-4-3,4-2-3-1,Szymon Marciniak,https://fbref.com/en/matches/456601f1/Dortmund-Athletic-Club-October-1-2025-Champions-League,,Dortmund,https://fbref.com/en/squads/add600ae/Dortmund-Stats,https://fbref.com/en/comps/8/schedule/Champions-League-Scores-and-Fixtures,2026-02-12T05:18:32.255095+00:00
2025-10-04,15:30 (06:30),Bundesliga,Matchweek 6,Sat,Home,D,1,1,RB Leipzig,50,"81,365",Nico Schlotterbeck,3-4-3,4-3-3,Sascha Stegemann,https://fbref.com/en/matches/76f8a93f/Dortmund-RB-Leipzig-October-4-2025-Bundesliga,,Dortmund,https://fbref.com/en/squads/add600ae/Dortmund-Stats,https://fbref.com/en/comps/8/schedule/Champions-League-Scores-and-Fixtures,2026-02-12T05:18:32.255095+00:00
2025-10-18,18:30 (09:30),Bundesliga,Matchweek 7,Sat,Away,L,1,2,Bayern Munich,39,"75,000",Nico Schlotterbeck,3-4-3,4-2-3-1,Bastian Dankert,https://fbref.com/en/matches/2b1ceae8/Der-Klassiker-Bayern-Munich-Dortmund-October-18-2025-Bundesliga,,Dortmund,https://fbref.com/en/squads/add600ae/Dortmund-Stats,https://fbref.com/en/comps/8/schedule/Champions-League-Scores-and-Fixtures,2026-02-12T05:18:32.255095+00:00
2025-10-21,21:00 (12:00),Champions Lg,League phase,Tue,Away,W,4,2,FC Copenhagen,64,"35,058",Julian Brandt,3-4-3,4-4-2,Danny Makkelie,https://fbref.com/en/matches/41abb87d/FC-Copenhagen-Dortmund-October-21-2025-Champions-League,,Dortmund,https://fbref.com/en/squads/add600ae/Dortmund-Stats,https://fbref.com/en/comps/8/schedule/Champions-League-Scores-and-Fixtures,2026-02-12T05:18:32.255095+00:00
2025-10-25,18:30 (09:30),Bundesliga,Matchweek 8,Sat,Home,W,1,0,Köln,70,"81,365",Nico Schlotterbeck,3-4-3,3-4-3,Benjamin Brand,https://fbref.com/en/matches/eeacfafc/Dortmund-Koln-October-25-2025-Bundesliga,,Dortmund,https://fbref.com/en/squads/add600ae/Dortmund-Stats,https://fbref.com/en/comps/8/schedule/Champions-League-Scores-and-Fixtures,2026-02-12T05:18:32.255095+00:00
2025-10-28,18:30 (10:30),DFB-Pokal,Round of 32,Tue,Away,D,1 (4),1 (2),Eintracht Frankfurt,51,"59,300",Nico Schlotterbeck,3-4-3,3-4-3,Sven Jablonski,https://fbref.com/en/matches/54bdf93c/Eintracht-Frankfurt-Dortmund-October-28-2025-DFB-Pokal,Dortmund won on penalty kicks following extra time,Dortmund,https://fbref.com/en/squads/add600ae/Dortmund-Stats,https://fbref.com/en/comps/8/schedule/Champions-League-Scores-and-Fixtures,2026-02-12T05:18:32.255095+00:00
2025-10-31,20:30 (12:30),Bundesliga,Matchweek 9,Fri,Away,W,1,0,Augsburg,53,"30,660",Julian Brandt,3-4-3,5-4-1,Tobias Stieler,https://fbref.com/en/matches/598fe99f/Augsburg-Dortmund-October-31-2025-Bundesliga,,Dortmund,https://fbref.com/en/squads/add600ae/Dortmund-Stats,https://fbref.com/en/comps/8/schedule/Champions-League-Scores-and-Fixtures,2026-02-12T05:18:32.255095+00:00
2025-11-05,20:00 (12:00),Champions Lg,League phase,Wed,Away,L,1,4,Manchester City,50,"50,513",Nico Schlotterbeck,3-4-3,4-1-4-1,Szymon Marciniak,https://fbref.com/en/matches/4c4cc6a1/Manchester-City-Dortmund-November-5-2025-Champions-League,,Dortmund,https://fbref.com/en/squads/add600ae/Dortmund-Stats,https://fbref.com/en/comps/8/schedule/Champions-League-Scores-and-Fixtures,2026-02-12T05:18:32.255095+00:00
2025-11-08,15:30 (06:30),Bundesliga,Matchweek 10,Sat,Away,D,1,1,Hamburger SV,55,"57,000",Emre Can,3-4-3,3-4-3,Tobias Reichel,https://fbref.com/en/matches/52d75dc1/Hamburger-SV-Dortmund-November-8-2025-Bundesliga,,Dortmund,https://fbref.com/en/squads/add600ae/Dortmund-Stats,https://fbref.com/en/comps/8/schedule/Champions-League-Scores-and-Fixtures,2026-02-12T05:18:32.255095+00:00
2025-11-22,15:30 (06:30),Bundesliga,Matchweek 11,Sat,Home,D,3,3,Stuttgart,46,"81,365",Emre Can,3-4-3,4-2-3-1,Benjamin Brand,https://fbref.com/en/matches/0a591c86/Dortmund-Stuttgart-November-22-2025-Bundesliga,,Dortmund,https://fbref.com/en/squads/add600ae/Dortmund-Stats,https://fbref.com/en/comps/8/schedule/Champions-League-Scores-and-Fixtures,2026-02-12T05:18:32.255095+00:00
2025-11-25,21:00 (12:00),Champions Lg,League phase,Tue,Home,W,4,0,Villarreal,67,"81,365",Nico Schlotterbeck,3-4-3,4-4-2,Davide Massa,https://fbref.com/en/matches/9f5915ff/Dortmund-Villarreal-November-25-2025-Champions-League,,Dortmund,https://fbref.com/en/squads/add600ae/Dortmund-Stats,https://fbref.com/en/comps/8/schedule/Champions-League-Scores-and-Fixtures,2026-02-12T05:18:32.255095+00:00
2025-11-29,18:30 (09:30),Bundesliga,Matchweek 12,Sat,Away,W,2,1,Leverkusen,37,"30,210",Nico Schlotterbeck,3-4-3,3-4-3,Tobias Welz,https://fbref.com/en/matches/17573d46/Leverkusen-Dortmund-November-29-2025-Bundesliga,,Dortmund,https://fbref.com/en/squads/add600ae/Dortmund-Stats,https://fbref.com/en/comps/8/schedule/Champions-League-Scores-and-Fixtures,2026-02-12T05:18:32.255095+00:00
2025-12-02,21:00 (12:00),DFB-Pokal,Round of 16,Tue,Home,L,0,1,Leverkusen,58,"81,365",Emre Can,3-4-3,3-4-3,Tobias Stieler,https://fbref.com/en/matches/b9057e79/Dortmund-Leverkusen-December-2-2025-DFB-Pokal,,Dortmund,https://fbref.com/en/squads/add600ae/Dortmund-Stats,https://fbref.com/en/comps/8/schedule/Champions-League-Scores-and-Fixtures,2026-02-12T05:18:32.255095+00:00
2025-12-07,17:30 (08:30),Bundesliga,Matchweek 13,Sun,Home,W,2,0,Hoffenheim,43,"81,365",Nico Schlotterbeck,3-4-3,4-4-2,Florian Badstübner,https://fbref.com/en/matches/f2dc84bc/Dortmund-Hoffenheim-December-7-2025-Bundesliga,,Dortmund,https://fbref.com/en/squads/add600ae/Dortmund-Stats,https://fbref.com/en/comps/8/schedule/Champions-League-Scores-and-Fixtures,2026-02-12T05:18:32.255095+00:00
2025-12-10,21:00 (12:00),Champions Lg,League phase,Wed,Home,D,2,2,Bodø/Glimt,63,"81,365",Nico Schlotterbeck,3-4-3,4-1-4-1,Erik Lambrechts,https://fbref.com/en/matches/1cd25106/Dortmund-BodoGlimt-December-10-2025-Champions-League,,Dortmund,https://fbref.com/en/squads/add600ae/Dortmund-Stats,https://fbref.com/en/comps/8/schedule/Champions-League-Scores-and-Fixtures,2026-02-12T05:18:32.255095+00:00
2025-12-14,15:30 (06:30),Bundesliga,Matchweek 14,Sun,Away,D,1,1,Freiburg,43,"34,700",Emre Can,3-4-3,4-2-3-1,Felix Zwayer,https://fbref.com/en/matches/575f0812/Freiburg-Dortmund-December-14-2025-Bundesliga,,Dortmund,https://fbref.com/en/squads/add600ae/Dortmund-Stats,https://fbref.com/en/comps/8/schedule/Champions-League-Scores-and-Fixtures,2026-02-12T05:18:32.255095+00:00
2025-12-19,20:30 (11:30),Bundesliga,Matchweek 15,Fri,Home,W,2,0,Gladbach,57,"81,365",Emre Can,3-4-3,3-4-3,Sven Jablonski,https://fbref.com/en/matches/11bea5d1/Dortmund-Monchengladbach-December-19-2025-Bundesliga,,Dortmund,https://fbref.com/en/squads/add600ae/Dortmund-Stats,https://fbref.com/en/comps/8/schedule/Champions-League-Scores-and-Fixtures,2026-02-12T05:18:32.255095+00:00
2026-01-09,20:30 (11:30),Bundesliga,Matchweek 16,Fri,Away,D,3,3,Eintracht Frankfurt,60,"59,500",Nico Schlotterbeck,3-4-3,3-4-3,Daniel Schlager,https://fbref.com/en/matches/e5ec568b/Eintracht-Frankfurt-Dortmund-January-9-2026-Bundesliga,,Dortmund,https://fbref.com/en/squads/add600ae/Dortmund-Stats,https://fbref.com/en/comps/8/schedule/Champions-League-Scores-and-Fixtures,2026-02-12T05:18:32.255095+00:00
2026-01-13,20:30 (11:30),Bundesliga,Matchweek 17,Tue,Home,W,3,0,Werder Bremen,46,"81,365",Nico Schlotterbeck,3-4-3,3-4-3,Daniel Siebert,https://fbref.com/en/matches/aca1feff/Dortmund-Werder-Bremen-January-13-2026-Bundesliga,,Dortmund,https://fbref.com/en/squads/add600ae/Dortmund-Stats,https://fbref.com/en/comps/8/schedule/Champions-League-Scores-and-Fixtures,2026-02-12T05:18:32.255095+00:00
2026-01-17,15:30 (06:30),Bundesliga,Matchweek 18,Sat,Home,W,3,2,St Pauli,63,"81,365",Emre Can,3-4-3,3-4-3,Harm Osmers,https://fbref.com/en/matches/6fd61e2a/Dortmund-St-Pauli-January-17-2026-Bundesliga,,Dortmund,https://fbref.com/en/squads/add600ae/Dortmund-Stats,https://fbref.com/en/comps/8/schedule/Champions-League-Scores-and-Fixtures,2026-02-12T05:18:32.255095+00:00
2026-01-20,20:00 (12:00),Champions Lg,League phase,Tue,Away,L,0,2,Tottenham Hotspur,47,"52,713",Nico Schlotterbeck,3-4-3,4-2-3-1,Glenn Nyberg,https://fbref.com/en/matches/00713c13/Tottenham-Hotspur-Dortmund-January-20-2026-Champions-League,,Dortmund,https://fbref.com/en/squads/add600ae/Dortmund-Stats,https://fbref.com/en/comps/8/schedule/Champions-League-Scores-and-Fixtures,2026-02-12T05:18:32.255095+00:00
2026-01-24,18:30 (09:30),Bundesliga,Matchweek 19,Sat,Away,W,3,0,Union Berlin,44,"22,012",Emre Can,3-4-3,3-4-3,Robert Hartmann,https://fbref.com/en/matches/c0466b3d/Union-Berlin-Dortmund-January-24-2026-Bundesliga,,Dortmund,https://fbref.com/en/squads/add600ae/Dortmund-Stats,https://fbref.com/en/comps/8/schedule/Champions-League-Scores-and-Fixtures,2026-02-12T05:18:32.255095+00:00
2026-01-28,21:00 (12:00),Champions Lg,League phase,Wed,Home,L,0,2,Inter,45,"81,365",Emre Can,3-4-3,3-5-2,István Kovács,https://fbref.com/en/matches/b9aa1986/Dortmund-Internazionale-January-28-2026-Champions-League,,Dortmund,https://fbref.com/en/squads/add600ae/Dortmund-Stats,https://fbref.com/en/comps/8/schedule/Champions-League-Scores-and-Fixtures,2026-02-12T05:18:32.255095+00:00
2026-02-01,17:30 (08:30),Bundesliga,Matchweek 20,Sun,Home,W,3,2,Heidenheim,65,"81,365",Nico Schlotterbeck,3-4-3,3-4-3,Matthias Jöllenbeck,https://fbref.com/en/matches/a54c32b8/Dortmund-Heidenheim-February-1-2026-Bundesliga,,Dortmund,https://fbref.com/en/squads/add600ae/Dortmund-Stats,https://fbref.com/en/comps/8/schedule/Champions-League-Scores-and-Fixtures,2026-02-12T05:18:32.255095+00:00
2026-02-07,15:30 (06:30),Bundesliga,Matchweek 21,Sat,Away,W,2,1,Wolfsburg,65,"28,917",Nico Schlotterbeck,3-4-3,4-2-3-1,Timo Gerach,https://fbref.com/en/matches/e8afbc0e/Wolfsburg-Dortmund-February-7-2026-Bundesliga,,Dortmund,https://fbref.com/en/squads/add600ae/Dortmund-Stats,https://fbref.com/en/comps/8/schedule/Champions-League-Scores-and-Fixtures,2026-02-12T05:18:32.255095+00:00
2026-02-13,20:30 (11:30),Bundesliga,Matchweek 22,Fri,Home,,,,Mainz 05,,,,,,,https://fbref.com/en/stathead/matchup/teams/add600ae/a224b06a/Dortmund-vs-Mainz-05-History,,Dortmund,https://fbref.com/en/squads/add600ae/Dortmund-Stats,https://fbref.com/en/comps/8/schedule/Champions-League-Scores-and-Fixtures,2026-02-12T05:18:32.255095+00:00
2026-02-17,21:00 (12:00),Champions Lg,Knockout phase play-offs,Tue,Home,,,,Atalanta,,,,,,,https://fbref.com/en/stathead/matchup/teams/add600ae/922493f3/Dortmund-vs-Atalanta-History,Leg 1 of 2,Dortmund,https://fbref.com/en/squads/add600ae/Dortmund-Stats,https://fbref.com/en/comps/8/schedule/Champions-League-Scores-and-Fixtures,2026-02-12T05:18:32.255095+00:00
2026-02-21,18:30 (09:30),Bundesliga,Matchweek 23,Sat,Away,,,,RB Leipzig,,,,,,,https://fbref.com/en/stathead/matchup/teams/add600ae/acbb6a5b/Dortmund-vs-RB-Leipzig-History,,Dortmund,https://fbref.com/en/squads/add600ae/Dortmund-Stats,https://fbref.com/en/comps/8/schedule/Champions-League-Scores-and-Fixtures,2026-02-12T05:18:32.255095+00:00
2026-02-25,18:45 (09:45),Champions Lg,Knockout phase play-offs,Wed,Away,,,,Atalanta,,,,,,,https://fbref.com/en/stathead/matchup/teams/add600ae/922493f3/Dortmund-vs-Atalanta-History,Leg 2 of 2,Dortmund,https://fbref.com/en/squads/add600ae/Dortmund-Stats,https://fbref.com/en/comps/8/schedule/Champions-League-Scores-and-Fixtures,2026-02-12T05:18:32.255095+00:00
2026-02-28,18:30 (09:30),Bundesliga,Matchweek 24,Sat,Home,,,,Bayern Munich,,,,,,,https://fbref.com/en/stathead/matchup/teams/add600ae/054efa67/Der-Klassiker-Dortmund-vs-Bayern-Munich-History,,Dortmund,https://fbref.com/en/squads/add600ae/Dortmund-Stats,https://fbref.com/en/comps/8/schedule/Champions-League-Scores-and-Fixtures,2026-02-12T05:18:32.255095+00:00
2026-03-07,18:30 (09:30),Bundesliga,Matchweek 25,Sat,Away,,,,Köln,,,,,,,https://fbref.com/en/stathead/matchup/teams/bc357bf7/add600ae/Koln-vs-Dortmund-History,,Dortmund,https://fbref.com/en/squads/add600ae/Dortmund-Stats,https://fbref.com/en/comps/8/schedule/Champions-League-Scores-and-Fixtures,2026-02-12T05:18:32.255095+00:00
2026-03-14,15:30 (07:30),Bundesliga,Matchweek 26,Sat,Home,,,,Augsburg,,,,,,,https://fbref.com/en/stathead/matchup/teams/add600ae/0cdc4311/Dortmund-vs-Augsburg-History,,Dortmund,https://fbref.com/en/squads/add600ae/Dortmund-Stats,https://fbref.com/en/comps/8/schedule/Champions-League-Scores-and-Fixtures,2026-02-12T05:18:32.255095+00:00
2026-03-21,18:30 (10:30),Bundesliga,Matchweek 27,Sat,Home,,,,Hamburger SV,,,,,,,https://fbref.com/en/stathead/matchup/teams/add600ae/26790c6a/Dortmund-vs-Hamburger-SV-History,,Dortmund,https://fbref.com/en/squads/add600ae/Dortmund-Stats,https://fbref.com/en/comps/8/schedule/Champions-League-Scores-and-Fixtures,2026-02-12T05:18:32.255095+00:00
2026-04-04,,Bundesliga,Matchweek 28,Sat,Away,,,,Stuttgart,,,,,,,https://fbref.com/en/stathead/matchup/teams/add600ae/598bc722/Dortmund-vs-Stuttgart-History,,Dortmund,https://fbref.com/en/squads/add600ae/Dortmund-Stats,https://fbref.com/en/comps/8/schedule/Champions-League-Scores-and-Fixtures,2026-02-12T05:18:32.255095+00:00
2026-04-11,,Bundesliga,Matchweek 29,Sat,Home,,,,Leverkusen,,,,,,,https://fbref.com/en/stathead/matchup/teams/c7a9f859/add600ae/Leverkusen-vs-Dortmund-History,,Dortmund,https://fbref.com/en/squads/add600ae/Dortmund-Stats,https://fbref.com/en/comps/8/schedule/Champions-League-Scores-and-Fixtures,2026-02-12T05:18:32.255095+00:00
2026-04-18,,Bundesliga,Matchweek 30,Sat,Away,,,,Hoffenheim,,,,,,,https://fbref.com/en/stathead/matchup/teams/add600ae/033ea6b8/Dortmund-vs-Hoffenheim-History,,Dortmund,https://fbref.com/en/squads/add600ae/Dortmund-Stats,https://fbref.com/en/comps/8/schedule/Champions-League-Scores-and-Fixtures,2026-02-12T05:18:32.255095+00:00
2026-04-25,,Bundesliga,Matchweek 31,Sat,Home,,,,Freiburg,,,,,,,https://fbref.com/en/stathead/matchup/teams/add600ae/a486e511/Dortmund-vs-Freiburg-History,,Dortmund,https://fbref.com/en/squads/add600ae/Dortmund-Stats,https://fbref.com/en/comps/8/schedule/Champions-League-Scores-and-Fixtures,2026-02-12T05:18:32.255095+00:00
2026-05-02,,Bundesliga,Matchweek 32,Sat,Away,,,,Gladbach,,,,,,,https://fbref.com/en/stathead/matchup/teams/add600ae/32f3ee20/Dortmund-vs-Monchengladbach-History,,Dortmund,https://fbref.com/en/squads/add600ae/Dortmund-Stats,https://fbref.com/en/comps/8/schedule/Champions-League-Scores-and-Fixtures,2026-02-12T05:18:32.255095+00:00
2026-05-09,,Bundesliga,Matchweek 33,Sat,Home,,,,Eintracht Frankfurt,,,,,,,https://fbref.com/en/stathead/matchup/teams/f0ac8ee6/add600ae/Eintracht-Frankfurt-vs-Dortmund-History,,Dortmund,https://fbref.com/en/squads/add600ae/Dortmund-Stats,https://fbref.com/en/comps/8/schedule/Champions-League-Scores-and-Fixtures,2026-02-12T05:18:32.255095+00:00
2026-05-16,15:30 (06:30),Bundesliga,Matchweek 34,Sat,Away,,,,Werder Bremen,,,,,,,https://fbref.com/en/stathead/matchup/teams/add600ae/62add3bf/Dortmund-vs-Werder-Bremen-History,,Dortmund,https://fbref.com/en/squads/add600ae/Dortmund-Stats,https://fbref.com/en/comps/8/schedule/Champions-League-Scores-and-Fixtures,2026-02-12T05:18:32.255095+00:00
2025-08-08,21:30 (11:30),Süper Lig,Matchweek 1,Fri,Away,W,3,0,Gaziantep FK,60,,Abdülkerim Bardakcı,4-2-3-1,4-1-4-1,Ali Şansalan,https://fbref.com/en/matches/ef0d6d3d/Gaziantep-FK-Galatasaray-August-8-2025-Super-Lig,,Galatasaray,https://fbref.com/en/squads/ecd11ca2/Galatasaray-Stats,https://fbref.com/en/comps/8/schedule/Champions-League-Scores-and-Fixtures,2026-02-12T05:18:32.499033+00:00
2025-08-15,21:30 (11:30),Süper Lig,Matchweek 2,Fri,Home,W,3,0,Fatih Karagümrük,72,,Abdülkerim Bardakcı,4-2-3-1,4-3-3,Ozan Ergün,https://fbref.com/en/matches/1d363cc6/Galatasaray-Fatih-Karagumruk-August-15-2025-Super-Lig,,Galatasaray,https://fbref.com/en/squads/ecd11ca2/Galatasaray-Stats,https://fbref.com/en/comps/8/schedule/Champions-League-Scores-and-Fixtures,2026-02-12T05:18:32.499033+00:00
2025-08-24,21:30 (11:30),Süper Lig,Matchweek 3,Sun,Away,W,4,0,Kayserispor,66,,Abdülkerim Bardakcı,4-2-3-1,4-1-4-1,Alper Akarsu,https://fbref.com/en/matches/64e3b1a0/Kayserispor-Galatasaray-August-24-2025-Super-Lig,,Galatasaray,https://fbref.com/en/squads/ecd11ca2/Galatasaray-Stats,https://fbref.com/en/comps/8/schedule/Champions-League-Scores-and-Fixtures,2026-02-12T05:18:32.499033+00:00
2025-08-30,21:30 (11:30),Süper Lig,Matchweek 4,Sat,Home,W,3,1,Rizespor,65,,Abdülkerim Bardakcı,4-2-3-1,5-3-2,Ali Yılmaz,https://fbref.com/en/matches/4ab6d13a/Galatasaray-Rizespor-August-30-2025-Super-Lig,,Galatasaray,https://fbref.com/en/squads/ecd11ca2/Galatasaray-Stats,https://fbref.com/en/comps/8/schedule/Champions-League-Scores-and-Fixtures,2026-02-12T05:18:32.499033+00:00
2025-09-13,17:00 (07:00),Süper Lig,Matchweek 5,Sat,Away,W,2,0,Eyüpspor,65,,Mauro Icardi,4-2-3-1,3-4-3,Batuhan Kolak,https://fbref.com/en/matches/c472acf9/Eyupspor-Galatasaray-September-13-2025-Super-Lig,,Galatasaray,https://fbref.com/en/squads/ecd11ca2/Galatasaray-Stats,https://fbref.com/en/comps/8/schedule/Champions-League-Scores-and-Fixtures,2026-02-12T05:18:32.499033+00:00
2025-09-18,21:00 (12:00),Champions Lg,League phase,Thu,Away,L,1,5,Eintracht Frankfurt,62,"58,700",Yunus Akgün,4-2-3-1,4-2-3-1,Marco Guida,https://fbref.com/en/matches/96500f2e/Eintracht-Frankfurt-Galatasaray-September-18-2025-Champions-League,,Galatasaray,https://fbref.com/en/squads/ecd11ca2/Galatasaray-Stats,https://fbref.com/en/comps/8/schedule/Champions-League-Scores-and-Fixtures,2026-02-12T05:18:32.499033+00:00
2025-09-22,20:00 (10:00),Süper Lig,Matchweek 6,Mon,Home,W,3,1,Konyaspor,52,,Mauro Icardi,4-2-3-1,3-4-3,Yasin Kol,https://fbref.com/en/matches/98cc6995/Galatasaray-Konyaspor-September-22-2025-Super-Lig,,Galatasaray,https://fbref.com/en/squads/ecd11ca2/Galatasaray-Stats,https://fbref.com/en/comps/8/schedule/Champions-League-Scores-and-Fixtures,2026-02-12T05:18:32.499033+00:00
2025-09-26,20:00 (10:00),Süper Lig,Matchweek 7,Fri,Away,W,1,0,Alanyaspor,54,,Mauro Icardi,3-4-3,3-4-3,Zorbay Küçük,https://fbref.com/en/matches/e19ca604/Alanyaspor-Galatasaray-September-26-2025-Super-Lig,,Galatasaray,https://fbref.com/en/squads/ecd11ca2/Galatasaray-Stats,https://fbref.com/en/comps/8/schedule/Champions-League-Scores-and-Fixtures,2026-02-12T05:18:32.499033+00:00
2025-09-30,22:00 (12:00),Champions Lg,League phase,Tue,Home,W,1,0,Liverpool,33,"50,651",Abdülkerim Bardakcı,4-2-3-1,4-2-3-1,Clément Turpin,https://fbref.com/en/matches/ad5b86fc/Galatasaray-Liverpool-September-30-2025-Champions-League,,Galatasaray,https://fbref.com/en/squads/ecd11ca2/Galatasaray-Stats,https://fbref.com/en/comps/8/schedule/Champions-League-Scores-and-Fixtures,2026-02-12T05:18:32.499033+00:00
2025-10-04,20:00 (10:00),Süper Lig,Matchweek 8,Sat,Home,D,1,1,Beşiktaş,54,,Abdülkerim Bardakcı,4-2-3-1,4-2-3-1,Yasin Kol,https://fbref.com/en/matches/5f64be25/Galatasaray-Besiktas-October-4-2025-Super-Lig,,Galatasaray,https://fbref.com/en/squads/ecd11ca2/Galatasaray-Stats,https://fbref.com/en/comps/8/schedule/Champions-League-Scores-and-Fixtures,2026-02-12T05:18:32.499033+00:00
2025-10-18,20:00 (10:00),Süper Lig,Matchweek 9,Sat,Away,W,2,1,Başakşehir,55,,Mauro Icardi,4-2-3-1,4-1-4-1,Atilla Karaoğlan,https://fbref.com/en/matches/4df5dce0/Istanbul-Basaksehir-Galatasaray-October-18-2025-Super-Lig,,Galatasaray,https://fbref.com/en/squads/ecd11ca2/Galatasaray-Stats,https://fbref.com/en/comps/8/schedule/Champions-League-Scores-and-Fixtures,2026-02-12T05:18:32.499033+00:00
2025-10-22,19:45 (09:45),Champions Lg,League phase,Wed,Home,W,3,1,Bodø/Glimt,38,"45,275",Abdülkerim Bardakcı,4-4-2,4-3-3,Michael Oliver,https://fbref.com/en/matches/efbed8f6/Galatasaray-BodoGlimt-October-22-2025-Champions-League,,Galatasaray,https://fbref.com/en/squads/ecd11ca2/Galatasaray-Stats,https://fbref.com/en/comps/8/schedule/Champions-League-Scores-and-Fixtures,2026-02-12T05:18:32.499033+00:00
2025-10-26,17:00 (07:00),Süper Lig,Matchweek 10,Sun,Home,W,3,1,Göztepe,80,,Abdülkerim Bardakcı,4-2-3-1,3-4-1-2,Oğuzhan Çakir,https://fbref.com/en/matches/d9aaff60/Galatasaray-Goztepe-October-26-2025-Super-Lig,,Galatasaray,https://fbref.com/en/squads/ecd11ca2/Galatasaray-Stats,https://fbref.com/en/comps/8/schedule/Champions-League-Scores-and-Fixtures,2026-02-12T05:18:32.499033+00:00
2025-11-01,20:00 (10:00),Süper Lig,Matchweek 11,Sat,Home,D,0,0,Trabzonspor,58,,Abdülkerim Bardakcı,4-2-3-1,4-2-3-1,Cihan Aydın,https://fbref.com/en/matches/4d981f3e/Galatasaray-Trabzonspor-November-1-2025-Super-Lig,,Galatasaray,https://fbref.com/en/squads/ecd11ca2/Galatasaray-Stats,https://fbref.com/en/comps/8/schedule/Champions-League-Scores-and-Fixtures,2026-02-12T05:18:32.499033+00:00
2025-11-05,21:00 (12:00),Champions Lg,League phase,Wed,Away,W,3,0,Ajax,52,"51,000",Abdülkerim Bardakcı,4-2-3-1,4-2-3-1,Benoît Bastien,https://fbref.com/en/matches/6f9b2ad8/Ajax-Galatasaray-November-5-2025-Champions-League,,Galatasaray,https://fbref.com/en/squads/ecd11ca2/Galatasaray-Stats,https://fbref.com/en/comps/8/schedule/Champions-League-Scores-and-Fixtures,2026-02-12T05:18:32.499033+00:00
2025-11-09,17:00 (06:00),Süper Lig,Matchweek 12,Sun,Away,L,0,1,Kocaelispor,66,,Mauro Icardi,4-2-3-1,4-2-3-1,Çağdaş Altay,https://fbref.com/en/matches/38d4fb95/Kocaelispor-Galatasaray-November-9-2025-Super-Lig,,Galatasaray,https://fbref.com/en/squads/ecd11ca2/Galatasaray-Stats,https://fbref.com/en/comps/8/schedule/Champions-League-Scores-and-Fixtures,2026-02-12T05:18:32.499033+00:00
2025-11-22,20:00 (09:00),Süper Lig,Matchweek 13,Sat,Home,W,3,2,Gençlerbirliği,73,,Abdülkerim Bardakcı,4-2-3-1,4-2-3-1,Ozan Ergün,https://fbref.com/en/matches/333418f8/Galatasaray-Genclerbirligi-November-22-2025-Super-Lig,,Galatasaray,https://fbref.com/en/squads/ecd11ca2/Galatasaray-Stats,https://fbref.com/en/comps/8/schedule/Champions-League-Scores-and-Fixtures,2026-02-12T05:18:32.499033+00:00
2025-11-25,20:45 (09:45),Champions Lg,League phase,Tue,Home,L,0,1,Union SG,66,"45,444",Mauro Icardi,4-3-3,3-4-1-2,Jose Maria Sánchez,https://fbref.com/en/matches/8680fdaa/Galatasaray-Union-SG-November-25-2025-Champions-League,,Galatasaray,https://fbref.com/en/squads/ecd11ca2/Galatasaray-Stats,https://fbref.com/en/comps/8/schedule/Champions-League-Scores-and-Fixtures,2026-02-12T05:18:32.499033+00:00
2025-12-01,20:00 (09:00),Süper Lig,Matchweek 14,Mon,Away,D,1,1,Fenerbahçe,44,,Abdülkerim Bardakcı,4-2-3-1,4-1-4-1,Yasin Kol,https://fbref.com/en/matches/196969ca/Intercontinental-Derby-Fenerbahce-Galatasaray-December-1-2025-Super-Lig,,Galatasaray,https://fbref.com/en/squads/ecd11ca2/Galatasaray-Stats,https://fbref.com/en/comps/8/schedule/Champions-League-Scores-and-Fixtures,2026-02-12T05:18:32.499033+00:00
2025-12-05,20:00 (09:00),Süper Lig,Matchweek 15,Fri,Home,W,3,2,Samsunspor,57,,Abdülkerim Bardakcı,4-2-3-1,4-1-4-1,Mehmet Türkmen,https://fbref.com/en/matches/fd48a23a/Galatasaray-Samsunspor-December-5-2025-Super-Lig,,Galatasaray,https://fbref.com/en/squads/ecd11ca2/Galatasaray-Stats,https://fbref.com/en/comps/8/schedule/Champions-League-Scores-and-Fixtures,2026-02-12T05:18:32.499033+00:00
2025-12-09,21:00 (12:00),Champions Lg,League phase,Tue,Away,L,0,1,Monaco,58,"9,887",Abdülkerim Bardakcı,4-2-3-1,4-2-3-1,Danny Makkelie,https://fbref.com/en/matches/720903e7/Monaco-Galatasaray-December-9-2025-Champions-League,,Galatasaray,https://fbref.com/en/squads/ecd11ca2/Galatasaray-Stats,https://fbref.com/en/comps/8/schedule/Champions-League-Scores-and-Fixtures,2026-02-12T05:18:32.499033+00:00
2025-12-13,20:00 (09:00),Süper Lig,Matchweek 16,Sat,Away,W,4,1,Antalyaspor,63,,Abdülkerim Bardakcı,4-2-3-1,3-4-3,Ali Yılmaz,https://fbref.com/en/matches/08727bb1/Antalyaspor-Galatasaray-December-13-2025-Super-Lig,,Galatasaray,https://fbref.com/en/squads/ecd11ca2/Galatasaray-Stats,https://fbref.com/en/comps/8/schedule/Champions-League-Scores-and-Fixtures,2026-02-12T05:18:32.499033+00:00
2025-12-21,20:00 (09:00),Süper Lig,Matchweek 17,Sun,Home,W,3,0,Kasımpaşa,72,,Mauro Icardi,4-2-3-1,4-1-4-1,Alper Akarsu,https://fbref.com/en/matches/b051c5bf/Galatasaray-Kasimpasa-December-21-2025-Super-Lig,,Galatasaray,https://fbref.com/en/squads/ecd11ca2/Galatasaray-Stats,https://fbref.com/en/comps/8/schedule/Champions-League-Scores-and-Fixtures,2026-02-12T05:18:32.499033+00:00
2026-01-17,20:00 (09:00),Süper Lig,Matchweek 18,Sat,Home,D,1,1,Gaziantep FK,68,,Mauro Icardi,4-2-3-1,3-4-1-2,Oğuzhan Çakir,https://fbref.com/en/matches/92d2a27f/Galatasaray-Gaziantep-FK-January-17-2026-Super-Lig,,Galatasaray,https://fbref.com/en/squads/ecd11ca2/Galatasaray-Stats,https://fbref.com/en/comps/8/schedule/Champions-League-Scores-and-Fixtures,2026-02-12T05:18:32.499033+00:00
2026-01-21,20:45 (09:45),Champions Lg,League phase,Wed,Home,D,1,1,Atlético Madrid,45,"48,443",Abdülkerim Bardakcı,4-2-3-1,4-4-2,István Kovács,https://fbref.com/en/matches/efe0060f/Galatasaray-Atletico-Madrid-January-21-2026-Champions-League,,Galatasaray,https://fbref.com/en/squads/ecd11ca2/Galatasaray-Stats,https://fbref.com/en/comps/8/schedule/Champions-League-Scores-and-Fixtures,2026-02-12T05:18:32.499033+00:00
2026-01-24,20:00 (09:00),Süper Lig,Matchweek 19,Sat,Away,W,3,1,Fatih Karagümrük,64,,Abdülkerim Bardakcı,4-2-3-1,4-4-2,Atilla Karaoğlan,https://fbref.com/en/matches/d9f271a8/Fatih-Karagumruk-Galatasaray-January-24-2026-Super-Lig,,Galatasaray,https://fbref.com/en/squads/ecd11ca2/Galatasaray-Stats,https://fbref.com/en/comps/8/schedule/Champions-League-Scores-and-Fixtures,2026-02-12T05:18:32.499033+00:00
2026-01-28,20:00 (12:00),Champions Lg,League phase,Wed,Away,L,0,2,Manchester City,50,"35,259",İlkay Gündoğan,4-2-3-1,4-2-3-1,Alejandro Hernández,https://fbref.com/en/matches/7e57e8a7/Manchester-City-Galatasaray-January-28-2026-Champions-League,,Galatasaray,https://fbref.com/en/squads/ecd11ca2/Galatasaray-Stats,https://fbref.com/en/comps/8/schedule/Champions-League-Scores-and-Fixtures,2026-02-12T05:18:32.499033+00:00
2026-02-01,20:00 (09:00),Süper Lig,Matchweek 20,Sun,Home,W,4,0,Kayserispor,67,,Abdülkerim Bardakcı,4-2-3-1,4-1-4-1,Adnan Deniz Kayatepe,https://fbref.com/en/matches/d074d3aa/Galatasaray-Kayserispor-February-1-2026-Super-Lig,,Galatasaray,https://fbref.com/en/squads/ecd11ca2/Galatasaray-Stats,https://fbref.com/en/comps/8/schedule/Champions-League-Scores-and-Fixtures,2026-02-12T05:18:32.499033+00:00
2026-02-08,17:00 (06:00),Süper Lig,Matchweek 21,Sun,Away,W,3,0,Rizespor,60,,Abdülkerim Bardakcı,4-2-3-1,5-4-1,Ozan Ergün,https://fbref.com/en/matches/a14e4bfd/Rizespor-Galatasaray-February-8-2026-Super-Lig,,Galatasaray,https://fbref.com/en/squads/ecd11ca2/Galatasaray-Stats,https://fbref.com/en/comps/8/schedule/Champions-League-Scores-and-Fixtures,2026-02-12T05:18:32.499033+00:00
2026-02-13,20:00 (09:00),Süper Lig,Matchweek 22,Fri,Home,,,,Eyüpspor,,,,,,,https://fbref.com/en/stathead/matchup/teams/ecd11ca2/e83a6881/Galatasaray-vs-Eyupspor-History,,Galatasaray,https://fbref.com/en/squads/ecd11ca2/Galatasaray-Stats,https://fbref.com/en/comps/8/schedule/Champions-League-Scores-and-Fixtures,2026-02-12T05:18:32.499033+00:00
2026-02-17,20:45 (09:45),Champions Lg,Knockout phase play-offs,Tue,Home,,,,Juventus,,,,,,,https://fbref.com/en/stathead/matchup/teams/ecd11ca2/e0652b02/Galatasaray-vs-Juventus-History,Leg 1 of 2,Galatasaray,https://fbref.com/en/squads/ecd11ca2/Galatasaray-Stats,https://fbref.com/en/comps/8/schedule/Champions-League-Scores-and-Fixtures,2026-02-12T05:18:32.499033+00:00
2026-02-21,20:00 (09:00),Süper Lig,Matchweek 23,Sat,Away,,,,Konyaspor,,,,,,,https://fbref.com/en/stathead/matchup/teams/ecd11ca2/5700c020/Galatasaray-vs-Konyaspor-History,,Galatasaray,https://fbref.com/en/squads/ecd11ca2/Galatasaray-Stats,https://fbref.com/en/comps/8/schedule/Champions-League-Scores-and-Fixtures,2026-02-12T05:18:32.499033+00:00
2026-02-25,21:00 (12:00),Champions Lg,Knockout phase play-offs,Wed,Away,,,,Juventus,,,,,,,https://fbref.com/en/stathead/matchup/teams/ecd11ca2/e0652b02/Galatasaray-vs-Juventus-History,Leg 2 of 2,Galatasaray,https://fbref.com/en/squads/ecd11ca2/Galatasaray-Stats,https://fbref.com/en/comps/8/schedule/Champions-League-Scores-and-Fixtures,2026-02-12T05:18:32.499033+00:00
2026-03-01,,Süper Lig,Matchweek 24,Sun,Home,,,,Alanyaspor,,,,,,,https://fbref.com/en/stathead/matchup/teams/ecd11ca2/076128d7/Galatasaray-vs-Alanyaspor-History,,Galatasaray,https://fbref.com/en/squads/ecd11ca2/Galatasaray-Stats,https://fbref.com/en/comps/8/schedule/Champions-League-Scores-and-Fixtures,2026-02-12T05:18:32.499033+00:00
2026-03-08,,Süper Lig,Matchweek 25,Sun,Away,,,,Beşiktaş,,,,,,,https://fbref.com/en/stathead/matchup/teams/ecd11ca2/0f9294bd/Galatasaray-vs-Besiktas-History,,Galatasaray,https://fbref.com/en/squads/ecd11ca2/Galatasaray-Stats,https://fbref.com/en/comps/8/schedule/Champions-League-Scores-and-Fixtures,2026-02-12T05:18:32.499033+00:00
2026-03-15,,Süper Lig,Matchweek 26,Sun,Home,,,,Başakşehir,,,,,,,https://fbref.com/en/stathead/matchup/teams/ecd11ca2/bff39cf5/Galatasaray-vs-Istanbul-Basaksehir-History,,Galatasaray,https://fbref.com/en/squads/ecd11ca2/Galatasaray-Stats,https://fbref.com/en/comps/8/schedule/Champions-League-Scores-and-Fixtures,2026-02-12T05:18:32.499033+00:00
2026-03-18,,Süper Lig,Matchweek 27,Wed,Away,,,,Göztepe,,,,,,,https://fbref.com/en/stathead/matchup/teams/ecd11ca2/7455853d/Galatasaray-vs-Goztepe-History,,Galatasaray,https://fbref.com/en/squads/ecd11ca2/Galatasaray-Stats,https://fbref.com/en/comps/8/schedule/Champions-League-Scores-and-Fixtures,2026-02-12T05:18:32.499033+00:00
2026-04-05,,Süper Lig,Matchweek 28,Sun,Away,,,,Trabzonspor,,,,,,,https://fbref.com/en/stathead/matchup/teams/ecd11ca2/c8ad3091/Galatasaray-vs-Trabzonspor-History,,Galatasaray,https://fbref.com/en/squads/ecd11ca2/Galatasaray-Stats,https://fbref.com/en/comps/8/schedule/Champions-League-Scores-and-Fixtures,2026-02-12T05:18:32.499033+00:00
2026-04-12,,Süper Lig,Matchweek 29,Sun,Home,,,,Kocaelispor,,,,,,,https://fbref.com/en/stathead/matchup/teams/ecd11ca2/37fcbb73/Galatasaray-vs-Kocaelispor-History,,Galatasaray,https://fbref.com/en/squads/ecd11ca2/Galatasaray-Stats,https://fbref.com/en/comps/8/schedule/Champions-League-Scores-and-Fixtures,2026-02-12T05:18:32.499033+00:00
2026-04-19,,Süper Lig,Matchweek 30,Sun,Away,,,,Gençlerbirliği,,,,,,,https://fbref.com/en/stathead/matchup/teams/f6d47c93/ecd11ca2/Genclerbirligi-vs-Galatasaray-History,,Galatasaray,https://fbref.com/en/squads/ecd11ca2/Galatasaray-Stats,https://fbref.com/en/comps/8/schedule/Champions-League-Scores-and-Fixtures,2026-02-12T05:18:32.499033+00:00
2026-04-26,,Süper Lig,Matchweek 31,Sun,Home,,,,Fenerbahçe,,,,,,,https://fbref.com/en/stathead/matchup/teams/ecd11ca2/ae1e2d7d/Intercontinental-Derby-Galatasaray-vs-Fenerbahce-History,,Galatasaray,https://fbref.com/en/squads/ecd11ca2/Galatasaray-Stats,https://fbref.com/en/comps/8/schedule/Champions-League-Scores-and-Fixtures,2026-02-12T05:18:32.499033+00:00
2026-05-03,,Süper Lig,Matchweek 32,Sun,Away,,,,Samsunspor,,,,,,,https://fbref.com/en/stathead/matchup/teams/ecd11ca2/77356e9e/Galatasaray-vs-Samsunspor-History,,Galatasaray,https://fbref.com/en/squads/ecd11ca2/Galatasaray-Stats,https://fbref.com/en/comps/8/schedule/Champions-League-Scores-and-Fixtures,2026-02-12T05:18:32.499033+00:00
2026-05-10,,Süper Lig,Matchweek 33,Sun,Home,,,,Antalyaspor,,,,,,,https://fbref.com/en/stathead/matchup/teams/ecd11ca2/5ac76942/Galatasaray-vs-Antalyaspor-History,,Galatasaray,https://fbref.com/en/squads/ecd11ca2/Galatasaray-Stats,https://fbref.com/en/comps/8/schedule/Champions-League-Scores-and-Fixtures,2026-02-12T05:18:32.499033+00:00
2026-05-17,,Süper Lig,Matchweek 34,Sun,Away,,,,Kasımpaşa,,,,,,,https://fbref.com/en/stathead/matchup/teams/ecd11ca2/d6ffefd1/Galatasaray-vs-Kasimpasa-History,,Galatasaray,https://fbref.com/en/squads/ecd11ca2/Galatasaray-Stats,https://fbref.com/en/comps/8/schedule/Champions-League-Scores-and-Fixtures,2026-02-12T05:18:32.499033+00:00
2025-08-25,20:45 (11:45),Serie A,Matchweek 1,Mon,Home,W,5,0,Torino,60,"72,332",Lautaro Martínez,3-5-2,4-3-3,Federico La Penna,https://fbref.com/en/matches/e31fc71f/Internazionale-Torino-August-25-2025-Serie-A,,Inter,https://fbref.com/en/squads/d609edc0/Internazionale-Stats,https://fbref.com/en/comps/8/schedule/Champions-League-Scores-and-Fixtures,2026-02-12T05:18:32.759924+00:00
2025-08-31,20:45 (11:45),Serie A,Matchweek 2,Sun,Home,L,1,2,Udinese,68,"70,796",Lautaro Martínez,3-5-2,3-5-2,Matteo Marchetti,https://fbref.com/en/matches/b75698d3/Internazionale-Udinese-August-31-2025-Serie-A,,Inter,https://fbref.com/en/squads/d609edc0/Internazionale-Stats,https://fbref.com/en/comps/8/schedule/Champions-League-Scores-and-Fixtures,2026-02-12T05:18:32.759924+00:00
2025-09-13,18:00 (09:00),Serie A,Matchweek 3,Sat,Away,L,3,4,Juventus,59,"41,664",Lautaro Martínez,3-5-2,3-5-1-1,Andrea Colombo,https://fbref.com/en/matches/078df490/Derby-dItalia-Juventus-Internazionale-September-13-2025-Serie-A,,Inter,https://fbref.com/en/squads/d609edc0/Internazionale-Stats,https://fbref.com/en/comps/8/schedule/Champions-League-Scores-and-Fixtures,2026-02-12T05:18:32.759924+00:00
2025-09-17,21:00 (12:00),Champions Lg,League phase,Wed,Away,W,2,0,Ajax,44,"52,288",Nicolò Barella,3-5-2,4-3-3,Michael Oliver,https://fbref.com/en/matches/d8ae5064/Ajax-Internazionale-September-17-2025-Champions-League,,Inter,https://fbref.com/en/squads/d609edc0/Internazionale-Stats,https://fbref.com/en/comps/8/schedule/Champions-League-Scores-and-Fixtures,2026-02-12T05:18:32.759924+00:00
2025-09-21,20:45 (11:45),Serie A,Matchweek 4,Sun,Home,W,2,1,Sassuolo,61,"68,852",Nicolò Barella,3-5-2,4-3-3,Livio Marinelli,https://fbref.com/en/matches/a11e9855/Internazionale-Sassuolo-September-21-2025-Serie-A,,Inter,https://fbref.com/en/squads/d609edc0/Internazionale-Stats,https://fbref.com/en/comps/8/schedule/Champions-League-Scores-and-Fixtures,2026-02-12T05:18:32.759924+00:00
2025-09-27,20:45 (11:45),Serie A,Matchweek 5,Sat,Away,W,2,0,Cagliari,58,"16,282",Lautaro Martínez,3-5-2,3-5-2,Marco Piccinini,https://fbref.com/en/matches/45413eb5/Cagliari-Internazionale-September-27-2025-Serie-A,,Inter,https://fbref.com/en/squads/d609edc0/Internazionale-Stats,https://fbref.com/en/comps/8/schedule/Champions-League-Scores-and-Fixtures,2026-02-12T05:18:32.759924+00:00
2025-09-30,21:00 (12:00),Champions Lg,League phase,Tue,Home,W,3,0,Slavia Prague,57,"62,317",Lautaro Martínez,3-5-2,3-4-3,Chris Kavanagh,https://fbref.com/en/matches/52f10a04/Internazionale-Slavia-Prague-September-30-2025-Champions-League,,Inter,https://fbref.com/en/squads/d609edc0/Internazionale-Stats,https://fbref.com/en/comps/8/schedule/Champions-League-Scores-and-Fixtures,2026-02-12T05:18:32.759924+00:00
2025-10-04,18:00 (09:00),Serie A,Matchweek 6,Sat,Home,W,4,1,Cremonese,66,"70,750",Lautaro Martínez,3-5-2,5-3-2,Ermanno Feliciani,https://fbref.com/en/matches/ccebb38d/Internazionale-Cremonese-October-4-2025-Serie-A,,Inter,https://fbref.com/en/squads/d609edc0/Internazionale-Stats,https://fbref.com/en/comps/8/schedule/Champions-League-Scores-and-Fixtures,2026-02-12T05:18:32.759924+00:00
2025-10-18,20:45 (11:45),Serie A,Matchweek 7,Sat,Away,W,1,0,Roma,43,"65,849",Lautaro Martínez,3-5-2,3-4-3,Davide Massa,https://fbref.com/en/matches/4c6f281b/Roma-Internazionale-October-18-2025-Serie-A,,Inter,https://fbref.com/en/squads/d609edc0/Internazionale-Stats,https://fbref.com/en/comps/8/schedule/Champions-League-Scores-and-Fixtures,2026-02-12T05:18:32.759924+00:00
2025-10-21,21:00 (12:00),Champions Lg,League phase,Tue,Away,W,4,0,Union SG,70,"16,632",Lautaro Martínez,3-5-2,3-4-3,Glenn Nyberg,https://fbref.com/en/matches/7bbb4c34/Union-SG-Internazionale-October-21-2025-Champions-League,,Inter,https://fbref.com/en/squads/d609edc0/Internazionale-Stats,https://fbref.com/en/comps/8/schedule/Champions-League-Scores-and-Fixtures,2026-02-12T05:18:32.759924+00:00
2025-10-25,18:00 (09:00),Serie A,Matchweek 8,Sat,Away,L,1,3,Napoli,57,"54,200",Lautaro Martínez,3-5-2,4-1-4-1,Maurizio Mariani,https://fbref.com/en/matches/1e975b6e/Napoli-Internazionale-October-25-2025-Serie-A,,Inter,https://fbref.com/en/squads/d609edc0/Internazionale-Stats,https://fbref.com/en/comps/8/schedule/Champions-League-Scores-and-Fixtures,2026-02-12T05:18:32.759924+00:00
2025-10-29,20:45 (12:45),Serie A,Matchweek 9,Wed,Home,W,3,0,Fiorentina,64,"71,096",Lautaro Martínez,3-5-2,3-5-1-1,Simone Sozza,https://fbref.com/en/matches/a087caa6/Internazionale-Fiorentina-October-29-2025-Serie-A,,Inter,https://fbref.com/en/squads/d609edc0/Internazionale-Stats,https://fbref.com/en/comps/8/schedule/Champions-League-Scores-and-Fixtures,2026-02-12T05:18:32.759924+00:00
2025-11-02,12:30 (03:30),Serie A,Matchweek 10,Sun,Away,W,2,1,Hellas Verona,73,"26,696",Lautaro Martínez,3-5-2,3-5-2,Daniele Doveri,https://fbref.com/en/matches/66df4003/Hellas-Verona-Internazionale-November-2-2025-Serie-A,,Inter,https://fbref.com/en/squads/d609edc0/Internazionale-Stats,https://fbref.com/en/comps/8/schedule/Champions-League-Scores-and-Fixtures,2026-02-12T05:18:32.759924+00:00
2025-11-05,21:00 (12:00),Champions Lg,League phase,Wed,Home,W,2,1,kz FC Kairat,66,"69,983",Lautaro Martínez,3-5-2,4-2-3-1,Luís Godinho,https://fbref.com/en/matches/74568071/Internazionale-FC-Kairat-November-5-2025-Champions-League,,Inter,https://fbref.com/en/squads/d609edc0/Internazionale-Stats,https://fbref.com/en/comps/8/schedule/Champions-League-Scores-and-Fixtures,2026-02-12T05:18:32.759924+00:00
2025-11-09,20:45 (11:45),Serie A,Matchweek 11,Sun,Home,W,2,0,Lazio,54,"71,060",Lautaro Martínez,3-5-2,4-3-3,Gianluca Manganiello,https://fbref.com/en/matches/fe4ac3bc/Internazionale-Lazio-November-9-2025-Serie-A,,Inter,https://fbref.com/en/squads/d609edc0/Internazionale-Stats,https://fbref.com/en/comps/8/schedule/Champions-League-Scores-and-Fixtures,2026-02-12T05:18:32.759924+00:00
2025-11-23,20:45 (11:45),Serie A,Matchweek 12,Sun,Home,L,0,1,Milan,64,"75,562",Lautaro Martínez,3-5-2,3-5-2,Simone Sozza,https://fbref.com/en/matches/feebb815/Derby-della-Madonnina-Internazionale-Milan-November-23-2025-Serie-A,,Inter,https://fbref.com/en/squads/d609edc0/Internazionale-Stats,https://fbref.com/en/comps/8/schedule/Champions-League-Scores-and-Fixtures,2026-02-12T05:18:32.759924+00:00
2025-11-26,21:00 (12:00),Champions Lg,League phase,Wed,Away,L,1,2,Atlético Madrid,52,"68,069",Lautaro Martínez,3-5-2,4-1-4-1,François Letexier,https://fbref.com/en/matches/1152f0e9/Atletico-Madrid-Internazionale-November-26-2025-Champions-League,,Inter,https://fbref.com/en/squads/d609edc0/Internazionale-Stats,https://fbref.com/en/comps/8/schedule/Champions-League-Scores-and-Fixtures,2026-02-12T05:18:32.759924+00:00
2025-11-30,15:00 (06:00),Serie A,Matchweek 13,Sun,Away,W,2,0,Pisa,60,"12,542",Lautaro Martínez,3-5-2,3-5-2,Marco Guida,https://fbref.com/en/matches/5b99cf03/Pisa-Internazionale-November-30-2025-Serie-A,,Inter,https://fbref.com/en/squads/d609edc0/Internazionale-Stats,https://fbref.com/en/comps/8/schedule/Champions-League-Scores-and-Fixtures,2026-02-12T05:18:32.759924+00:00
2025-12-03,21:00 (12:00),Coppa Italia,Round of 16,Wed,Home,W,5,1,Venezia,54,"44,910",Stefan de Vrij,3-5-2,3-5-2,Davide Di Marco,https://fbref.com/en/matches/41d8230a/Internazionale-Venezia-December-3-2025-Coppa-Italia,,Inter,https://fbref.com/en/squads/d609edc0/Internazionale-Stats,https://fbref.com/en/comps/8/schedule/Champions-League-Scores-and-Fixtures,2026-02-12T05:18:32.759924+00:00
2025-12-06,18:00 (09:00),Serie A,Matchweek 14,Sat,Home,W,4,0,Como,42,"75,022",Lautaro Martínez,3-5-2,4-2-3-1,Marco Di Bello,https://fbref.com/en/matches/aa9864d3/Internazionale-Como-December-6-2025-Serie-A,,Inter,https://fbref.com/en/squads/d609edc0/Internazionale-Stats,https://fbref.com/en/comps/8/schedule/Champions-League-Scores-and-Fixtures,2026-02-12T05:18:32.759924+00:00
2025-12-09,21:00 (12:00),Champions Lg,League phase,Tue,Home,L,0,1,Liverpool,50,"73,892",Lautaro Martínez,3-5-2,4-4-2,Felix Zwayer,https://fbref.com/en/matches/2f0ddd1f/Internazionale-Liverpool-December-9-2025-Champions-League,,Inter,https://fbref.com/en/squads/d609edc0/Internazionale-Stats,https://fbref.com/en/comps/8/schedule/Champions-League-Scores-and-Fixtures,2026-02-12T05:18:32.759924+00:00
2025-12-14,18:00 (09:00),Serie A,Matchweek 15,Sun,Away,W,2,1,Genoa,64,"30,000",Lautaro Martínez,3-5-2,3-5-2,Daniele Doveri,https://fbref.com/en/matches/9fdee884/Genoa-Internazionale-December-14-2025-Serie-A,,Inter,https://fbref.com/en/squads/d609edc0/Internazionale-Stats,https://fbref.com/en/comps/8/schedule/Champions-League-Scores-and-Fixtures,2026-02-12T05:18:32.759924+00:00
2025-12-19,22:00 (11:00),Supercoppa,Semi-finals,Fri,Neutral,D,1 (2),1 (3),Bologna,58,"16,591",Nicolò Barella,3-5-2,4-2-3-1,Daniele Chiffi,https://fbref.com/en/matches/f5796fb2/Bologna-Internazionale-December-19-2025-Supercoppa-Italiana,Bologna won on penalty kicks following extra time,Inter,https://fbref.com/en/squads/d609edc0/Internazionale-Stats,https://fbref.com/en/comps/8/schedule/Champions-League-Scores-and-Fixtures,2026-02-12T05:18:32.759924+00:00
2025-12-28,20:45 (11:45),Serie A,Matchweek 17,Sun,Away,W,1,0,Atalanta,55,"23,243",Lautaro Martínez,3-5-2,3-4-3,Federico La Penna,https://fbref.com/en/matches/8e0a5911/Atalanta-Internazionale-December-28-2025-Serie-A,,Inter,https://fbref.com/en/squads/d609edc0/Internazionale-Stats,https://fbref.com/en/comps/8/schedule/Champions-League-Scores-and-Fixtures,2026-02-12T05:18:32.759924+00:00
2026-01-04,20:45 (11:45),Serie A,Matchweek 18,Sun,Home,W,3,1,Bologna,58,"74,710",Lautaro Martínez,3-5-2,4-2-3-1,Marco Guida,https://fbref.com/en/matches/89949bf9/Internazionale-Bologna-January-4-2026-Serie-A,,Inter,https://fbref.com/en/squads/d609edc0/Internazionale-Stats,https://fbref.com/en/comps/8/schedule/Champions-League-Scores-and-Fixtures,2026-02-12T05:18:32.759924+00:00
2026-01-07,20:45 (11:45),Serie A,Matchweek 19,Wed,Away,W,2,0,Parma,63,"21,601",Lautaro Martínez,3-5-2,4-3-3,Andrea Colombo,https://fbref.com/en/matches/f5373154/Parma-Internazionale-January-7-2026-Serie-A,,Inter,https://fbref.com/en/squads/d609edc0/Internazionale-Stats,https://fbref.com/en/comps/8/schedule/Champions-League-Scores-and-Fixtures,2026-02-12T05:18:32.759924+00:00
2026-01-11,20:45 (11:45),Serie A,Matchweek 20,Sun,Home,D,2,2,Napoli,50,"72,567",Lautaro Martínez,3-5-2,3-4-3,Daniele Doveri,https://fbref.com/en/matches/0078428e/Internazionale-Napoli-January-11-2026-Serie-A,,Inter,https://fbref.com/en/squads/d609edc0/Internazionale-Stats,https://fbref.com/en/comps/8/schedule/Champions-League-Scores-and-Fixtures,2026-02-12T05:18:32.759924+00:00
2026-01-14,20:45 (11:45),Serie A,Matchweek 16,Wed,Home,W,1,0,Lecce,68,"69,321",Nicolò Barella,3-5-2,4-2-3-1,Fabio Maresca,https://fbref.com/en/matches/9729cc67/Internazionale-Lecce-January-14-2026-Serie-A,,Inter,https://fbref.com/en/squads/d609edc0/Internazionale-Stats,https://fbref.com/en/comps/8/schedule/Champions-League-Scores-and-Fixtures,2026-02-12T05:18:32.759924+00:00
2026-01-17,15:00 (06:00),Serie A,Matchweek 21,Sat,Away,W,1,0,Udinese,63,"24,929",Lautaro Martínez,3-5-2,3-4-3,Marco Di Bello,https://fbref.com/en/matches/1b539728/Udinese-Internazionale-January-17-2026-Serie-A,,Inter,https://fbref.com/en/squads/d609edc0/Internazionale-Stats,https://fbref.com/en/comps/8/schedule/Champions-League-Scores-and-Fixtures,2026-02-12T05:18:32.759924+00:00
2026-01-20,21:00 (12:00),Champions Lg,League phase,Tue,Home,L,1,3,Arsenal,51,"72,649",Lautaro Martínez,3-5-2,4-3-3,João Pinheiro,https://fbref.com/en/matches/6b2f3e56/Internazionale-Arsenal-January-20-2026-Champions-League,,Inter,https://fbref.com/en/squads/d609edc0/Internazionale-Stats,https://fbref.com/en/comps/8/schedule/Champions-League-Scores-and-Fixtures,2026-02-12T05:18:32.759924+00:00
2026-01-23,20:45 (11:45),Serie A,Matchweek 22,Fri,Home,W,6,2,Pisa,66,"73,594",Lautaro Martínez,3-5-2,3-4-3,Matteo Marcenaro,https://fbref.com/en/matches/712cf899/Internazionale-Pisa-January-23-2026-Serie-A,,Inter,https://fbref.com/en/squads/d609edc0/Internazionale-Stats,https://fbref.com/en/comps/8/schedule/Champions-League-Scores-and-Fixtures,2026-02-12T05:18:32.759924+00:00
2026-01-28,21:00 (12:00),Champions Lg,League phase,Wed,Away,W,2,0,Dortmund,55,"81,365",Federico Dimarco,3-5-2,3-4-3,István Kovács,https://fbref.com/en/matches/b9aa1986/Dortmund-Internazionale-January-28-2026-Champions-League,,Inter,https://fbref.com/en/squads/d609edc0/Internazionale-Stats,https://fbref.com/en/comps/8/schedule/Champions-League-Scores-and-Fixtures,2026-02-12T05:18:32.759924+00:00
2026-02-01,18:00 (09:00),Serie A,Matchweek 23,Sun,Away,W,2,0,Cremonese,69,"14,824",Lautaro Martínez,3-5-2,3-5-2,Davide Massa,https://fbref.com/en/matches/553127f4/Cremonese-Internazionale-February-1-2026-Serie-A,,Inter,https://fbref.com/en/squads/d609edc0/Internazionale-Stats,https://fbref.com/en/comps/8/schedule/Champions-League-Scores-and-Fixtures,2026-02-12T05:18:32.759924+00:00
2026-02-04,21:00 (12:00),Coppa Italia,Quarter-finals,Wed,Home,W,2,1,Torino,63,,Stefan de Vrij,3-5-2,3-5-2,Matteo Marchetti,https://fbref.com/en/matches/c2da2559/Internazionale-Torino-February-4-2026-Coppa-Italia,,Inter,https://fbref.com/en/squads/d609edc0/Internazionale-Stats,https://fbref.com/en/comps/8/schedule/Champions-League-Scores-and-Fixtures,2026-02-12T05:18:32.759924+00:00
2026-02-08,18:00 (09:00),Serie A,Matchweek 24,Sun,Away,W,5,0,Sassuolo,62,"17,653",Lautaro Martínez,3-5-2,4-3-3,Daniele Chiffi,https://fbref.com/en/matches/2270e573/Sassuolo-Internazionale-February-8-2026-Serie-A,,Inter,https://fbref.com/en/squads/d609edc0/Internazionale-Stats,https://fbref.com/en/comps/8/schedule/Champions-League-Scores-and-Fixtures,2026-02-12T05:18:32.759924+00:00
2026-02-14,20:45 (11:45),Serie A,Matchweek 25,Sat,Home,,,,Juventus,,,,,,,https://fbref.com/en/stathead/matchup/teams/e0652b02/d609edc0/Derby-dItalia-Juventus-vs-Internazionale-History,,Inter,https://fbref.com/en/squads/d609edc0/Internazionale-Stats,https://fbref.com/en/comps/8/schedule/Champions-League-Scores-and-Fixtures,2026-02-12T05:18:32.759924+00:00
2026-02-18,21:00 (12:00),Champions Lg,Knockout phase play-offs,Wed,Away,,,,Bodø/Glimt,,,,,,,https://fbref.com/en/stathead/matchup/teams/d86248bd/d609edc0/BodoGlimt-vs-Internazionale-History,Leg 1 of 2,Inter,https://fbref.com/en/squads/d609edc0/Internazionale-Stats,https://fbref.com/en/comps/8/schedule/Champions-League-Scores-and-Fixtures,2026-02-12T05:18:32.759924+00:00
2026-02-21,18:00 (09:00),Serie A,Matchweek 26,Sat,Away,,,,Lecce,,,,,,,https://fbref.com/en/stathead/matchup/teams/ffcbe334/d609edc0/Lecce-vs-Internazionale-History,,Inter,https://fbref.com/en/squads/d609edc0/Internazionale-Stats,https://fbref.com/en/comps/8/schedule/Champions-League-Scores-and-Fixtures,2026-02-12T05:18:32.759924+00:00
2026-02-24,21:00 (12:00),Champions Lg,Knockout phase play-offs,Tue,Home,,,,Bodø/Glimt,,,,,,,https://fbref.com/en/stathead/matchup/teams/d86248bd/d609edc0/BodoGlimt-vs-Internazionale-History,Leg 2 of 2,Inter,https://fbref.com/en/squads/d609edc0/Internazionale-Stats,https://fbref.com/en/comps/8/schedule/Champions-League-Scores-and-Fixtures,2026-02-12T05:18:32.759924+00:00
2026-03-01,,Serie A,Matchweek 27,Sun,Home,,,,Genoa,,,,,,,https://fbref.com/en/stathead/matchup/teams/d609edc0/658bf2de/Internazionale-vs-Genoa-History,,Inter,https://fbref.com/en/squads/d609edc0/Internazionale-Stats,https://fbref.com/en/comps/8/schedule/Champions-League-Scores-and-Fixtures,2026-02-12T05:18:32.759924+00:00
2026-03-04,18:00 (09:00),Coppa Italia,Semi-finals,Wed,Away,,,,Como,,,,,,,https://fbref.com/en/stathead/matchup/teams/d609edc0/28c9c3cd/Internazionale-vs-Como-History,Leg 1 of 2,Inter,https://fbref.com/en/squads/d609edc0/Internazionale-Stats,https://fbref.com/en/comps/8/schedule/Champions-League-Scores-and-Fixtures,2026-02-12T05:18:32.759924+00:00
2026-03-08,,Serie A,Matchweek 28,Sun,Away,,,,Milan,,,,,,,https://fbref.com/en/stathead/matchup/teams/dc56fe14/d609edc0/Derby-della-Madonnina-Milan-vs-Internazionale-History,,Inter,https://fbref.com/en/squads/d609edc0/Internazionale-Stats,https://fbref.com/en/comps/8/schedule/Champions-League-Scores-and-Fixtures,2026-02-12T05:18:32.759924+00:00
2026-03-15,,Serie A,Matchweek 29,Sun,Home,,,,Atalanta,,,,,,,https://fbref.com/en/stathead/matchup/teams/d609edc0/922493f3/Internazionale-vs-Atalanta-History,,Inter,https://fbref.com/en/squads/d609edc0/Internazionale-Stats,https://fbref.com/en/comps/8/schedule/Champions-League-Scores-and-Fixtures,2026-02-12T05:18:32.759924+00:00
2026-03-22,,Serie A,Matchweek 30,Sun,Away,,,,Fiorentina,,,,,,,https://fbref.com/en/stathead/matchup/teams/d609edc0/421387cf/Internazionale-vs-Fiorentina-History,,Inter,https://fbref.com/en/squads/d609edc0/Internazionale-Stats,https://fbref.com/en/comps/8/schedule/Champions-League-Scores-and-Fixtures,2026-02-12T05:18:32.759924+00:00
2026-04-04,,Serie A,Matchweek 31,Sat,Home,,,,Roma,,,,,,,https://fbref.com/en/stathead/matchup/teams/d609edc0/cf74a709/Internazionale-vs-Roma-History,,Inter,https://fbref.com/en/squads/d609edc0/Internazionale-Stats,https://fbref.com/en/comps/8/schedule/Champions-League-Scores-and-Fixtures,2026-02-12T05:18:32.759924+00:00
2026-04-12,,Serie A,Matchweek 32,Sun,Away,,,,Como,,,,,,,https://fbref.com/en/stathead/matchup/teams/d609edc0/28c9c3cd/Internazionale-vs-Como-History,,Inter,https://fbref.com/en/squads/d609edc0/Internazionale-Stats,https://fbref.com/en/comps/8/schedule/Champions-League-Scores-and-Fixtures,2026-02-12T05:18:32.759924+00:00
2026-04-19,,Serie A,Matchweek 33,Sun,Home,,,,Cagliari,,,,,,,https://fbref.com/en/stathead/matchup/teams/d609edc0/c4260e09/Internazionale-vs-Cagliari-History,,Inter,https://fbref.com/en/squads/d609edc0/Internazionale-Stats,https://fbref.com/en/comps/8/schedule/Champions-League-Scores-and-Fixtures,2026-02-12T05:18:32.759924+00:00
2026-04-22,18:00 (09:00),Coppa Italia,Semi-finals,Wed,Home,,,,Como,,,,,,,https://fbref.com/en/stathead/matchup/teams/d609edc0/28c9c3cd/Internazionale-vs-Como-History,Leg 2 of 2,Inter,https://fbref.com/en/squads/d609edc0/Internazionale-Stats,https://fbref.com/en/comps/8/schedule/Champions-League-Scores-and-Fixtures,2026-02-12T05:18:32.759924+00:00
2026-04-26,,Serie A,Matchweek 34,Sun,Away,,,,Torino,,,,,,,https://fbref.com/en/stathead/matchup/teams/d609edc0/105360fe/Internazionale-vs-Torino-History,,Inter,https://fbref.com/en/squads/d609edc0/Internazionale-Stats,https://fbref.com/en/comps/8/schedule/Champions-League-Scores-and-Fixtures,2026-02-12T05:18:32.759924+00:00
2026-05-03,,Serie A,Matchweek 35,Sun,Home,,,,Parma,,,,,,,https://fbref.com/en/stathead/matchup/teams/eab4234c/d609edc0/Parma-vs-Internazionale-History,,Inter,https://fbref.com/en/squads/d609edc0/Internazionale-Stats,https://fbref.com/en/comps/8/schedule/Champions-League-Scores-and-Fixtures,2026-02-12T05:18:32.759924+00:00
2026-05-10,,Serie A,Matchweek 36,Sun,Away,,,,Lazio,,,,,,,https://fbref.com/en/stathead/matchup/teams/d609edc0/7213da33/Internazionale-vs-Lazio-History,,Inter,https://fbref.com/en/squads/d609edc0/Internazionale-Stats,https://fbref.com/en/comps/8/schedule/Champions-League-Scores-and-Fixtures,2026-02-12T05:18:32.759924+00:00
2026-05-17,,Serie A,Matchweek 37,Sun,Home,,,,Hellas Verona,,,,,,,https://fbref.com/en/stathead/matchup/teams/d609edc0/0e72edf2/Internazionale-vs-Hellas-Verona-History,,Inter,https://fbref.com/en/squads/d609edc0/Internazionale-Stats,https://fbref.com/en/comps/8/schedule/Champions-League-Scores-and-Fixtures,2026-02-12T05:18:32.759924+00:00
2026-05-24,,Serie A,Matchweek 38,Sun,Away,,,,Bologna,,,,,,,https://fbref.com/en/stathead/matchup/teams/d609edc0/1d8099f8/Internazionale-vs-Bologna-History,,Inter,https://fbref.com/en/squads/d609edc0/Internazionale-Stats,https://fbref.com/en/comps/8/schedule/Champions-League-Scores-and-Fixtures,2026-02-12T05:18:32.759924+00:00
2025-08-24,20:45 (11:45),Serie A,Matchweek 1,Sun,Home,W,2,0,Parma,64,"41,251",Manuel Locatelli,3-4-3,3-4-3,Matteo Marcenaro,https://fbref.com/en/matches/c81450f5/Juventus-Parma-August-24-2025-Serie-A,,Juventus,https://fbref.com/en/squads/e0652b02/Juventus-Stats,https://fbref.com/en/comps/8/schedule/Champions-League-Scores-and-Fixtures,2026-02-12T05:18:33.035734+00:00
2025-08-31,18:30 (09:30),Serie A,Matchweek 2,Sun,Away,W,1,0,Genoa,56,"33,522",Manuel Locatelli,3-4-3,4-2-3-1,Daniele Chiffi,https://fbref.com/en/matches/c32d8523/Genoa-Juventus-August-31-2025-Serie-A,,Juventus,https://fbref.com/en/squads/e0652b02/Juventus-Stats,https://fbref.com/en/comps/8/schedule/Champions-League-Scores-and-Fixtures,2026-02-12T05:18:33.035734+00:00
2025-09-13,18:00 (09:00),Serie A,Matchweek 3,Sat,Home,W,4,3,Inter,41,"41,664",Manuel Locatelli,3-5-1-1,3-5-2,Andrea Colombo,https://fbref.com/en/matches/078df490/Derby-dItalia-Juventus-Internazionale-September-13-2025-Serie-A,,Juventus,https://fbref.com/en/squads/e0652b02/Juventus-Stats,https://fbref.com/en/comps/8/schedule/Champions-League-Scores-and-Fixtures,2026-02-12T05:18:33.035734+00:00
2025-09-16,21:00 (12:00),Champions Lg,League phase,Tue,Home,D,4,4,Dortmund,52,"41,497",Gleison Bremer,3-4-3,3-4-3,François Letexier,https://fbref.com/en/matches/fd940777/Juventus-Dortmund-September-16-2025-Champions-League,,Juventus,https://fbref.com/en/squads/e0652b02/Juventus-Stats,https://fbref.com/en/comps/8/schedule/Champions-League-Scores-and-Fixtures,2026-02-12T05:18:33.035734+00:00
2025-09-20,18:00 (09:00),Serie A,Matchweek 4,Sat,Away,D,1,1,Hellas Verona,72,"27,783",Manuel Locatelli,3-4-3,3-5-2,Antonio Rapuano,https://fbref.com/en/matches/7ffb9c39/Hellas-Verona-Juventus-September-20-2025-Serie-A,,Juventus,https://fbref.com/en/squads/e0652b02/Juventus-Stats,https://fbref.com/en/comps/8/schedule/Champions-League-Scores-and-Fixtures,2026-02-12T05:18:33.035734+00:00
2025-09-27,18:00 (09:00),Serie A,Matchweek 5,Sat,Home,D,1,1,Atalanta,67,"40,893",Gleison Bremer,3-4-3,3-4-3,Simone Sozza,https://fbref.com/en/matches/b08d79e5/Juventus-Atalanta-September-27-2025-Serie-A,,Juventus,https://fbref.com/en/squads/e0652b02/Juventus-Stats,https://fbref.com/en/comps/8/schedule/Champions-League-Scores-and-Fixtures,2026-02-12T05:18:33.035734+00:00
2025-10-01,21:00 (12:00),Champions Lg,League phase,Wed,Away,D,2,2,Villarreal,56,"20,087",Manuel Locatelli,3-4-3,4-3-3,István Kovács,https://fbref.com/en/matches/568fef5b/Villarreal-Juventus-October-1-2025-Champions-League,,Juventus,https://fbref.com/en/squads/e0652b02/Juventus-Stats,https://fbref.com/en/comps/8/schedule/Champions-League-Scores-and-Fixtures,2026-02-12T05:18:33.035734+00:00
2025-10-05,20:45 (11:45),Serie A,Matchweek 6,Sun,Home,D,0,0,Milan,51,"41,328",Manuel Locatelli,3-4-3,3-5-2,Marco Guida,https://fbref.com/en/matches/e730a21b/Juventus-Milan-October-5-2025-Serie-A,,Juventus,https://fbref.com/en/squads/e0652b02/Juventus-Stats,https://fbref.com/en/comps/8/schedule/Champions-League-Scores-and-Fixtures,2026-02-12T05:18:33.035734+00:00
2025-10-19,12:30 (03:30),Serie A,Matchweek 7,Sun,Away,L,0,2,Como,55,"12,039",Manuel Locatelli,4-3-3,4-2-3-1,Giovanni Ayroldi,https://fbref.com/en/matches/0a3078e3/Como-Juventus-October-19-2025-Serie-A,,Juventus,https://fbref.com/en/squads/e0652b02/Juventus-Stats,https://fbref.com/en/comps/8/schedule/Champions-League-Scores-and-Fixtures,2026-02-12T05:18:33.035734+00:00
2025-10-22,21:00 (12:00),Champions Lg,League phase,Wed,Away,L,0,1,Real Madrid,34,"76,521",Kenan Yıldız,3-4-3,4-3-3,Slavko Vinčič,https://fbref.com/en/matches/f852850a/Real-Madrid-Juventus-October-22-2025-Champions-League,,Juventus,https://fbref.com/en/squads/e0652b02/Juventus-Stats,https://fbref.com/en/comps/8/schedule/Champions-League-Scores-and-Fixtures,2026-02-12T05:18:33.035734+00:00
2025-10-26,20:45 (12:45),Serie A,Matchweek 8,Sun,Away,L,0,1,Lazio,60,"54,000",Manuel Locatelli,3-5-2,4-3-3,Andrea Colombo,https://fbref.com/en/matches/e2c30d84/Lazio-Juventus-October-26-2025-Serie-A,,Juventus,https://fbref.com/en/squads/e0652b02/Juventus-Stats,https://fbref.com/en/comps/8/schedule/Champions-League-Scores-and-Fixtures,2026-02-12T05:18:33.035734+00:00
2025-10-29,18:30 (10:30),Serie A,Matchweek 9,Wed,Home,W,3,1,Udinese,57,"40,034",Manuel Locatelli,3-1-4-2,3-5-2,Marco Di Bello,https://fbref.com/en/matches/97aaca72/Juventus-Udinese-October-29-2025-Serie-A,,Juventus,https://fbref.com/en/squads/e0652b02/Juventus-Stats,https://fbref.com/en/comps/8/schedule/Champions-League-Scores-and-Fixtures,2026-02-12T05:18:33.035734+00:00
2025-11-01,20:45 (12:45),Serie A,Matchweek 10,Sat,Away,W,2,1,Cremonese,49,"14,808",Manuel Locatelli,3-4-3,3-5-2,Daniele Chiffi,https://fbref.com/en/matches/4c499de2/Cremonese-Juventus-November-1-2025-Serie-A,,Juventus,https://fbref.com/en/squads/e0652b02/Juventus-Stats,https://fbref.com/en/comps/8/schedule/Champions-League-Scores-and-Fixtures,2026-02-12T05:18:33.035734+00:00
2025-11-04,21:00 (12:00),Champions Lg,League phase,Tue,Home,D,1,1,Sporting CP,50,"40,729",Manuel Locatelli,3-4-3,4-2-3-1,Daniel Siebert,https://fbref.com/en/matches/82e10a79/Juventus-Sporting-CP-November-4-2025-Champions-League,,Juventus,https://fbref.com/en/squads/e0652b02/Juventus-Stats,https://fbref.com/en/comps/8/schedule/Champions-League-Scores-and-Fixtures,2026-02-12T05:18:33.035734+00:00
2025-11-08,18:00 (09:00),Serie A,Matchweek 11,Sat,Home,D,0,0,Torino,73,"41,366",Manuel Locatelli,3-4-3,3-5-2,Luca Zufferli,https://fbref.com/en/matches/0d208329/Juventus-Torino-November-8-2025-Serie-A,,Juventus,https://fbref.com/en/squads/e0652b02/Juventus-Stats,https://fbref.com/en/comps/8/schedule/Champions-League-Scores-and-Fixtures,2026-02-12T05:18:33.035734+00:00
2025-11-22,18:00 (09:00),Serie A,Matchweek 12,Sat,Away,D,1,1,Fiorentina,59,"22,346",Manuel Locatelli,3-4-3,3-5-2,Daniele Doveri,https://fbref.com/en/matches/13b835d6/Fiorentina-Juventus-November-22-2025-Serie-A,,Juventus,https://fbref.com/en/squads/e0652b02/Juventus-Stats,https://fbref.com/en/comps/8/schedule/Champions-League-Scores-and-Fixtures,2026-02-12T05:18:33.035734+00:00
2025-11-25,21:00 (12:00),Champions Lg,League phase,Tue,Away,W,3,2,Bodø/Glimt,43,"7,824",Manuel Locatelli,3-4-3,4-3-3,Danny Makkelie,https://fbref.com/en/matches/03c473e7/BodoGlimt-Juventus-November-25-2025-Champions-League,,Juventus,https://fbref.com/en/squads/e0652b02/Juventus-Stats,https://fbref.com/en/comps/8/schedule/Champions-League-Scores-and-Fixtures,2026-02-12T05:18:33.035734+00:00
2025-11-29,18:00 (09:00),Serie A,Matchweek 13,Sat,Home,W,2,1,Cagliari,57,"39,282",Manuel Locatelli,3-4-3,3-5-2,Valerio Crezzini,https://fbref.com/en/matches/daa085f7/Juventus-Cagliari-November-29-2025-Serie-A,,Juventus,https://fbref.com/en/squads/e0652b02/Juventus-Stats,https://fbref.com/en/comps/8/schedule/Champions-League-Scores-and-Fixtures,2026-02-12T05:18:33.035734+00:00
2025-12-02,21:00 (12:00),Coppa Italia,Round of 16,Tue,Home,W,2,0,Udinese,60,"34,674",Kenan Yıldız,3-4-3,3-1-4-2,Francesco Fourneau,https://fbref.com/en/matches/f4b9f34f/Juventus-Udinese-December-2-2025-Coppa-Italia,,Juventus,https://fbref.com/en/squads/e0652b02/Juventus-Stats,https://fbref.com/en/comps/8/schedule/Champions-League-Scores-and-Fixtures,2026-02-12T05:18:33.035734+00:00
2025-12-07,20:45 (11:45),Serie A,Matchweek 14,Sun,Away,L,1,2,Napoli,50,"53,000",Manuel Locatelli,3-5-2,3-4-3,Federico La Penna,https://fbref.com/en/matches/e5906c49/Napoli-Juventus-December-7-2025-Serie-A,,Juventus,https://fbref.com/en/squads/e0652b02/Juventus-Stats,https://fbref.com/en/comps/8/schedule/Champions-League-Scores-and-Fixtures,2026-02-12T05:18:33.035734+00:00
2025-12-10,21:00 (12:00),Champions Lg,League phase,Wed,Home,W,2,0,Pafos FC,61,"40,336",Manuel Locatelli,3-4-3,3-4-3,Jesús Gil,https://fbref.com/en/matches/c2ced7c2/Juventus-Pafos-FC-December-10-2025-Champions-League,,Juventus,https://fbref.com/en/squads/e0652b02/Juventus-Stats,https://fbref.com/en/comps/8/schedule/Champions-League-Scores-and-Fixtures,2026-02-12T05:18:33.035734+00:00
2025-12-14,20:45 (11:45),Serie A,Matchweek 15,Sun,Away,W,1,0,Bologna,49,"30,000",Manuel Locatelli,3-4-3,4-2-3-1,Davide Massa,https://fbref.com/en/matches/f29b66d2/Bologna-Juventus-December-14-2025-Serie-A,,Juventus,https://fbref.com/en/squads/e0652b02/Juventus-Stats,https://fbref.com/en/comps/8/schedule/Champions-League-Scores-and-Fixtures,2026-02-12T05:18:33.035734+00:00
2025-12-20,20:45 (11:45),Serie A,Matchweek 16,Sat,Home,W,2,1,Roma,41,"41,602",Manuel Locatelli,3-4-3,3-4-3,Simone Sozza,https://fbref.com/en/matches/a155f4a0/Juventus-Roma-December-20-2025-Serie-A,,Juventus,https://fbref.com/en/squads/e0652b02/Juventus-Stats,https://fbref.com/en/comps/8/schedule/Champions-League-Scores-and-Fixtures,2026-02-12T05:18:33.035734+00:00
2025-12-27,20:45 (11:45),Serie A,Matchweek 17,Sat,Away,W,2,0,Pisa,59,"12,640",Manuel Locatelli,3-4-3,3-5-2,Fabio Maresca,https://fbref.com/en/matches/606743fc/Pisa-Juventus-December-27-2025-Serie-A,,Juventus,https://fbref.com/en/squads/e0652b02/Juventus-Stats,https://fbref.com/en/comps/8/schedule/Champions-League-Scores-and-Fixtures,2026-02-12T05:18:33.035734+00:00
2026-01-03,18:00 (09:00),Serie A,Matchweek 18,Sat,Home,D,1,1,Lecce,72,"40,639",Manuel Locatelli,4-2-3-1,4-3-3,Giuseppe Collu,https://fbref.com/en/matches/c4cbed32/Juventus-Lecce-January-3-2026-Serie-A,,Juventus,https://fbref.com/en/squads/e0652b02/Juventus-Stats,https://fbref.com/en/comps/8/schedule/Champions-League-Scores-and-Fixtures,2026-02-12T05:18:33.035734+00:00
2026-01-06,20:45 (11:45),Serie A,Matchweek 19,Tue,Away,W,3,0,Sassuolo,56,"19,488",Manuel Locatelli,3-4-3,4-3-3,Luca Zufferli,https://fbref.com/en/matches/d645a9c4/Sassuolo-Juventus-January-6-2026-Serie-A,,Juventus,https://fbref.com/en/squads/e0652b02/Juventus-Stats,https://fbref.com/en/comps/8/schedule/Champions-League-Scores-and-Fixtures,2026-02-12T05:18:33.035734+00:00
2026-01-12,20:45 (11:45),Serie A,Matchweek 20,Mon,Home,W,5,0,Cremonese,58,"39,585",Manuel Locatelli,4-2-3-1,3-5-2,Ermanno Feliciani,https://fbref.com/en/matches/5c018808/Juventus-Cremonese-January-12-2026-Serie-A,,Juventus,https://fbref.com/en/squads/e0652b02/Juventus-Stats,https://fbref.com/en/comps/8/schedule/Champions-League-Scores-and-Fixtures,2026-02-12T05:18:33.035734+00:00
2026-01-17,20:45 (11:45),Serie A,Matchweek 21,Sat,Away,L,0,1,Cagliari,78,"16,412",Manuel Locatelli,4-2-3-1,3-5-2,Davide Massa,https://fbref.com/en/matches/61c3c38f/Cagliari-Juventus-January-17-2026-Serie-A,,Juventus,https://fbref.com/en/squads/e0652b02/Juventus-Stats,https://fbref.com/en/comps/8/schedule/Champions-League-Scores-and-Fixtures,2026-02-12T05:18:33.035734+00:00
2026-01-21,21:00 (12:00),Champions Lg,League phase,Wed,Home,W,2,0,Benfica,46,"41,626",Manuel Locatelli,4-2-3-1,4-2-3-1,Serdar Gözübüyük,https://fbref.com/en/matches/25e9c011/Juventus-Benfica-January-21-2026-Champions-League,,Juventus,https://fbref.com/en/squads/e0652b02/Juventus-Stats,https://fbref.com/en/comps/8/schedule/Champions-League-Scores-and-Fixtures,2026-02-12T05:18:33.035734+00:00
2026-01-25,18:00 (09:00),Serie A,Matchweek 22,Sun,Home,W,3,0,Napoli,42,"41,654",Manuel Locatelli,3-4-3,3-4-3,Maurizio Mariani,https://fbref.com/en/matches/365c3d59/Juventus-Napoli-January-25-2026-Serie-A,,Juventus,https://fbref.com/en/squads/e0652b02/Juventus-Stats,https://fbref.com/en/comps/8/schedule/Champions-League-Scores-and-Fixtures,2026-02-12T05:18:33.035734+00:00
2026-01-28,21:00 (12:00),Champions Lg,League phase,Wed,Away,D,0,0,Monaco,50,"10,287",Gleison Bremer,3-4-3,3-4-3,Jose Maria Sánchez,https://fbref.com/en/matches/58961c11/Monaco-Juventus-January-28-2026-Champions-League,,Juventus,https://fbref.com/en/squads/e0652b02/Juventus-Stats,https://fbref.com/en/comps/8/schedule/Champions-League-Scores-and-Fixtures,2026-02-12T05:18:33.035734+00:00
2026-02-01,20:45 (11:45),Serie A,Matchweek 23,Sun,Away,W,4,1,Parma,61,"22,017",Manuel Locatelli,4-2-3-1,4-3-2-1,Francesco Fourneau,https://fbref.com/en/matches/ae9a2099/Parma-Juventus-February-1-2026-Serie-A,,Juventus,https://fbref.com/en/squads/e0652b02/Juventus-Stats,https://fbref.com/en/comps/8/schedule/Champions-League-Scores-and-Fixtures,2026-02-12T05:18:33.035734+00:00
2026-02-05,21:00 (12:00),Coppa Italia,Quarter-finals,Thu,Away,L,0,3,Atalanta,58,"22,623",Manuel Locatelli,4-2-3-1,3-4-3,Michael Fabbri,https://fbref.com/en/matches/de04f93f/Atalanta-Juventus-February-5-2026-Coppa-Italia,,Juventus,https://fbref.com/en/squads/e0652b02/Juventus-Stats,https://fbref.com/en/comps/8/schedule/Champions-League-Scores-and-Fixtures,2026-02-12T05:18:33.035734+00:00
2026-02-08,20:45 (11:45),Serie A,Matchweek 24,Sun,Home,D,2,2,Lazio,63,"41,405",Manuel Locatelli,3-4-3,4-3-3,Marco Guida,https://fbref.com/en/matches/83708428/Juventus-Lazio-February-8-2026-Serie-A,,Juventus,https://fbref.com/en/squads/e0652b02/Juventus-Stats,https://fbref.com/en/comps/8/schedule/Champions-League-Scores-and-Fixtures,2026-02-12T05:18:33.035734+00:00
2026-02-14,20:45 (11:45),Serie A,Matchweek 25,Sat,Away,,,,Inter,,,,,,,https://fbref.com/en/stathead/matchup/teams/e0652b02/d609edc0/Derby-dItalia-Juventus-vs-Internazionale-History,,Juventus,https://fbref.com/en/squads/e0652b02/Juventus-Stats,https://fbref.com/en/comps/8/schedule/Champions-League-Scores-and-Fixtures,2026-02-12T05:18:33.035734+00:00
2026-02-17,20:45 (09:45),Champions Lg,Knockout phase play-offs,Tue,Away,,,,Galatasaray,,,,,,,https://fbref.com/en/stathead/matchup/teams/ecd11ca2/e0652b02/Galatasaray-vs-Juventus-History,Leg 1 of 2,Juventus,https://fbref.com/en/squads/e0652b02/Juventus-Stats,https://fbref.com/en/comps/8/schedule/Champions-League-Scores-and-Fixtures,2026-02-12T05:18:33.035734+00:00
2026-02-21,15:00 (06:00),Serie A,Matchweek 26,Sat,Home,,,,Como,,,,,,,https://fbref.com/en/stathead/matchup/teams/e0652b02/28c9c3cd/Juventus-vs-Como-History,,Juventus,https://fbref.com/en/squads/e0652b02/Juventus-Stats,https://fbref.com/en/comps/8/schedule/Champions-League-Scores-and-Fixtures,2026-02-12T05:18:33.035734+00:00
2026-02-25,21:00 (12:00),Champions Lg,Knockout phase play-offs,Wed,Home,,,,Galatasaray,,,,,,,https://fbref.com/en/stathead/matchup/teams/ecd11ca2/e0652b02/Galatasaray-vs-Juventus-History,Leg 2 of 2,Juventus,https://fbref.com/en/squads/e0652b02/Juventus-Stats,https://fbref.com/en/comps/8/schedule/Champions-League-Scores-and-Fixtures,2026-02-12T05:18:33.035734+00:00
2026-03-01,,Serie A,Matchweek 27,Sun,Away,,,,Roma,,,,,,,https://fbref.com/en/stathead/matchup/teams/e0652b02/cf74a709/Juventus-vs-Roma-History,,Juventus,https://fbref.com/en/squads/e0652b02/Juventus-Stats,https://fbref.com/en/comps/8/schedule/Champions-League-Scores-and-Fixtures,2026-02-12T05:18:33.035734+00:00
2026-03-08,,Serie A,Matchweek 28,Sun,Home,,,,Pisa,,,,,,,https://fbref.com/en/stathead/matchup/teams/e0652b02/4cceedfc/Juventus-vs-Pisa-History,,Juventus,https://fbref.com/en/squads/e0652b02/Juventus-Stats,https://fbref.com/en/comps/8/schedule/Champions-League-Scores-and-Fixtures,2026-02-12T05:18:33.035734+00:00
2026-03-15,,Serie A,Matchweek 29,Sun,Away,,,,Udinese,,,,,,,https://fbref.com/en/stathead/matchup/teams/e0652b02/04eea015/Juventus-vs-Udinese-History,,Juventus,https://fbref.com/en/squads/e0652b02/Juventus-Stats,https://fbref.com/en/comps/8/schedule/Champions-League-Scores-and-Fixtures,2026-02-12T05:18:33.035734+00:00
2026-03-22,,Serie A,Matchweek 30,Sun,Home,,,,Sassuolo,,,,,,,https://fbref.com/en/stathead/matchup/teams/e2befd26/e0652b02/Sassuolo-vs-Juventus-History,,Juventus,https://fbref.com/en/squads/e0652b02/Juventus-Stats,https://fbref.com/en/comps/8/schedule/Champions-League-Scores-and-Fixtures,2026-02-12T05:18:33.035734+00:00
2026-04-04,,Serie A,Matchweek 31,Sat,Home,,,,Genoa,,,,,,,https://fbref.com/en/stathead/matchup/teams/e0652b02/658bf2de/Juventus-vs-Genoa-History,,Juventus,https://fbref.com/en/squads/e0652b02/Juventus-Stats,https://fbref.com/en/comps/8/schedule/Champions-League-Scores-and-Fixtures,2026-02-12T05:18:33.035734+00:00
2026-04-12,,Serie A,Matchweek 32,Sun,Away,,,,Atalanta,,,,,,,https://fbref.com/en/stathead/matchup/teams/e0652b02/922493f3/Juventus-vs-Atalanta-History,,Juventus,https://fbref.com/en/squads/e0652b02/Juventus-Stats,https://fbref.com/en/comps/8/schedule/Champions-League-Scores-and-Fixtures,2026-02-12T05:18:33.035734+00:00
2026-04-19,,Serie A,Matchweek 33,Sun,Home,,,,Bologna,,,,,,,https://fbref.com/en/stathead/matchup/teams/e0652b02/1d8099f8/Juventus-vs-Bologna-History,,Juventus,https://fbref.com/en/squads/e0652b02/Juventus-Stats,https://fbref.com/en/comps/8/schedule/Champions-League-Scores-and-Fixtures,2026-02-12T05:18:33.035734+00:00
2026-04-26,,Serie A,Matchweek 34,Sun,Away,,,,Milan,,,,,,,https://fbref.com/en/stathead/matchup/teams/e0652b02/dc56fe14/Juventus-vs-Milan-History,,Juventus,https://fbref.com/en/squads/e0652b02/Juventus-Stats,https://fbref.com/en/comps/8/schedule/Champions-League-Scores-and-Fixtures,2026-02-12T05:18:33.035734+00:00
2026-05-03,,Serie A,Matchweek 35,Sun,Home,,,,Hellas Verona,,,,,,,https://fbref.com/en/stathead/matchup/teams/e0652b02/0e72edf2/Juventus-vs-Hellas-Verona-History,,Juventus,https://fbref.com/en/squads/e0652b02/Juventus-Stats,https://fbref.com/en/comps/8/schedule/Champions-League-Scores-and-Fixtures,2026-02-12T05:18:33.035734+00:00
2026-05-10,,Serie A,Matchweek 36,Sun,Away,,,,Lecce,,,,,,,https://fbref.com/en/stathead/matchup/teams/ffcbe334/e0652b02/Lecce-vs-Juventus-History,,Juventus,https://fbref.com/en/squads/e0652b02/Juventus-Stats,https://fbref.com/en/comps/8/schedule/Champions-League-Scores-and-Fixtures,2026-02-12T05:18:33.035734+00:00
2026-05-17,,Serie A,Matchweek 37,Sun,Home,,,,Fiorentina,,,,,,,https://fbref.com/en/stathead/matchup/teams/e0652b02/421387cf/Juventus-vs-Fiorentina-History,,Juventus,https://fbref.com/en/squads/e0652b02/Juventus-Stats,https://fbref.com/en/comps/8/schedule/Champions-League-Scores-and-Fixtures,2026-02-12T05:18:33.035734+00:00
2026-05-24,,Serie A,Matchweek 38,Sun,Away,,,,Torino,,,,,,,https://fbref.com/en/stathead/matchup/teams/e0652b02/105360fe/Juventus-vs-Torino-History,,Juventus,https://fbref.com/en/squads/e0652b02/Juventus-Stats,https://fbref.com/en/comps/8/schedule/Champions-League-Scores-and-Fixtures,2026-02-12T05:18:33.035734+00:00
2025-08-15,18:00 (09:00),DFB-Pokal,Round of 64,Fri,Away,W,4,0,Sonnenhof Großaspach,69,"8,850",Robert Andrich,3-4-3,4-2-2-2,Michael Bacher,https://fbref.com/en/matches/c6b3449c/Sonnenhof-Grossaspach-Leverkusen-August-15-2025-DFB-Pokal,,Leverkusen,https://fbref.com/en/squads/c7a9f859/Leverkusen-Stats,https://fbref.com/en/comps/8/schedule/Champions-League-Scores-and-Fixtures,2026-02-12T05:18:33.284827+00:00
2025-08-23,15:30 (06:30),Bundesliga,Matchweek 1,Sat,Home,L,1,2,Hoffenheim,60,"29,390",Robert Andrich,3-4-3,4-4-2,Daniel Siebert,https://fbref.com/en/matches/78cc44a5/Leverkusen-Hoffenheim-August-23-2025-Bundesliga,,Leverkusen,https://fbref.com/en/squads/c7a9f859/Leverkusen-Stats,https://fbref.com/en/comps/8/schedule/Champions-League-Scores-and-Fixtures,2026-02-12T05:18:33.284827+00:00
2025-08-30,15:30 (06:30),Bundesliga,Matchweek 2,Sat,Away,D,3,3,Werder Bremen,56,"42,100",Robert Andrich,4-2-3-1,4-2-3-1,Robin Braun,https://fbref.com/en/matches/8d20b088/Werder-Bremen-Leverkusen-August-30-2025-Bundesliga,,Leverkusen,https://fbref.com/en/squads/c7a9f859/Leverkusen-Stats,https://fbref.com/en/comps/8/schedule/Champions-League-Scores-and-Fixtures,2026-02-12T05:18:33.284827+00:00
2025-09-12,20:30 (11:30),Bundesliga,Matchweek 3,Fri,Home,W,3,1,Eintracht Frankfurt,39,"30,210",Robert Andrich,3-4-3,4-2-3-1,Deniz Aytekin,https://fbref.com/en/matches/09882b39/Leverkusen-Eintracht-Frankfurt-September-12-2025-Bundesliga,,Leverkusen,https://fbref.com/en/squads/c7a9f859/Leverkusen-Stats,https://fbref.com/en/comps/8/schedule/Champions-League-Scores-and-Fixtures,2026-02-12T05:18:33.284827+00:00
2025-09-18,18:45 (09:45),Champions Lg,League phase,Thu,Away,D,2,2,FC Copenhagen,64,"34,504",Robert Andrich,3-4-3,4-4-2,Əliyar Ağayev,https://fbref.com/en/matches/04664542/FC-Copenhagen-Leverkusen-September-18-2025-Champions-League,,Leverkusen,https://fbref.com/en/squads/c7a9f859/Leverkusen-Stats,https://fbref.com/en/comps/8/schedule/Champions-League-Scores-and-Fixtures,2026-02-12T05:18:33.284827+00:00
2025-09-21,17:30 (08:30),Bundesliga,Matchweek 4,Sun,Home,D,1,1,Gladbach,61,"30,210",Álex Grimaldo,3-4-3,3-4-3,Felix Zwayer,https://fbref.com/en/matches/9d5112e8/Leverkusen-Monchengladbach-September-21-2025-Bundesliga,,Leverkusen,https://fbref.com/en/squads/c7a9f859/Leverkusen-Stats,https://fbref.com/en/comps/8/schedule/Champions-League-Scores-and-Fixtures,2026-02-12T05:18:33.284827+00:00
2025-09-27,15:30 (06:30),Bundesliga,Matchweek 5,Sat,Away,W,2,1,St Pauli,51,"29,546",Robert Andrich,3-4-3,3-4-1-2,Martin Petersen,https://fbref.com/en/matches/a35c04e4/St-Pauli-Leverkusen-September-27-2025-Bundesliga,,Leverkusen,https://fbref.com/en/squads/c7a9f859/Leverkusen-Stats,https://fbref.com/en/comps/8/schedule/Champions-League-Scores-and-Fixtures,2026-02-12T05:18:33.284827+00:00
2025-10-01,21:00 (12:00),Champions Lg,League phase,Wed,Home,D,1,1,PSV,46,"30,210",Álex Grimaldo,3-4-3,4-4-2,Glenn Nyberg,https://fbref.com/en/matches/adec29e6/Leverkusen-PSV-Eindhoven-October-1-2025-Champions-League,,Leverkusen,https://fbref.com/en/squads/c7a9f859/Leverkusen-Stats,https://fbref.com/en/comps/8/schedule/Champions-League-Scores-and-Fixtures,2026-02-12T05:18:33.284827+00:00
2025-10-04,15:30 (06:30),Bundesliga,Matchweek 6,Sat,Home,W,2,0,Union Berlin,74,"30,210",Álex Grimaldo,3-4-3,3-4-3,Christian Dingert,https://fbref.com/en/matches/a88c0cfc/Leverkusen-Union-Berlin-October-4-2025-Bundesliga,,Leverkusen,https://fbref.com/en/squads/c7a9f859/Leverkusen-Stats,https://fbref.com/en/comps/8/schedule/Champions-League-Scores-and-Fixtures,2026-02-12T05:18:33.284827+00:00
2025-10-18,15:30 (06:30),Bundesliga,Matchweek 7,Sat,Away,W,4,3,Mainz 05,58,"33,305",Robert Andrich,3-4-3,3-4-3,Florian Exner,https://fbref.com/en/matches/cbacd84f/Mainz-05-Leverkusen-October-18-2025-Bundesliga,,Leverkusen,https://fbref.com/en/squads/c7a9f859/Leverkusen-Stats,https://fbref.com/en/comps/8/schedule/Champions-League-Scores-and-Fixtures,2026-02-12T05:18:33.284827+00:00
2025-10-21,21:00 (12:00),Champions Lg,League phase,Tue,Home,L,2,7,Paris Saint-Germain,29,"30,210",Robert Andrich,3-4-3,4-3-3,Jesús Gil,https://fbref.com/en/matches/b3c2cd75/Leverkusen-Paris-Saint-Germain-October-21-2025-Champions-League,,Leverkusen,https://fbref.com/en/squads/c7a9f859/Leverkusen-Stats,https://fbref.com/en/comps/8/schedule/Champions-League-Scores-and-Fixtures,2026-02-12T05:18:33.284827+00:00
2025-10-26,15:30 (07:30),Bundesliga,Matchweek 8,Sun,Home,W,2,0,Freiburg,69,"30,210",Álex Grimaldo,3-4-3,4-2-3-1,Harm Osmers,https://fbref.com/en/matches/f42e0743/Leverkusen-Freiburg-October-26-2025-Bundesliga,,Leverkusen,https://fbref.com/en/squads/c7a9f859/Leverkusen-Stats,https://fbref.com/en/comps/8/schedule/Champions-League-Scores-and-Fixtures,2026-02-12T05:18:33.284827+00:00
2025-10-29,18:00 (10:00),DFB-Pokal,Round of 32,Wed,Away,W,4,2,Paderborn 07,64,"15,000",Robert Andrich,3-4-3,3-4-3,Patrick Ittrich,https://fbref.com/en/matches/db8315b6/Paderborn-07-Leverkusen-October-29-2025-DFB-Pokal,Required Extra Time,Leverkusen,https://fbref.com/en/squads/c7a9f859/Leverkusen-Stats,https://fbref.com/en/comps/8/schedule/Champions-League-Scores-and-Fixtures,2026-02-12T05:18:33.284827+00:00
2025-11-01,18:30 (10:30),Bundesliga,Matchweek 9,Sat,Away,L,0,3,Bayern Munich,41,"75,000",Robert Andrich,5-4-1,4-2-3-1,Deniz Aytekin,https://fbref.com/en/matches/23eeabbb/Bayern-Munich-Leverkusen-November-1-2025-Bundesliga,,Leverkusen,https://fbref.com/en/squads/c7a9f859/Leverkusen-Stats,https://fbref.com/en/comps/8/schedule/Champions-League-Scores-and-Fixtures,2026-02-12T05:18:33.284827+00:00
2025-11-05,20:00 (12:00),Champions Lg,League phase,Wed,Away,W,1,0,Benfica,47,"55,796",Álex Grimaldo,3-4-3,4-2-3-1,Simone Sozza,https://fbref.com/en/matches/9de891f0/Benfica-Leverkusen-November-5-2025-Champions-League,,Leverkusen,https://fbref.com/en/squads/c7a9f859/Leverkusen-Stats,https://fbref.com/en/comps/8/schedule/Champions-League-Scores-and-Fixtures,2026-02-12T05:18:33.284827+00:00
2025-11-08,15:30 (06:30),Bundesliga,Matchweek 10,Sat,Home,W,6,0,Heidenheim,74,"29,257",Robert Andrich,3-4-3,4-3-2-1,Bastian Dankert,https://fbref.com/en/matches/8e4a9eea/Leverkusen-Heidenheim-November-8-2025-Bundesliga,,Leverkusen,https://fbref.com/en/squads/c7a9f859/Leverkusen-Stats,https://fbref.com/en/comps/8/schedule/Champions-League-Scores-and-Fixtures,2026-02-12T05:18:33.284827+00:00
2025-11-22,15:30 (06:30),Bundesliga,Matchweek 11,Sat,Away,W,3,1,Wolfsburg,62,"25,036",Robert Andrich,3-4-3,4-2-3-1,Robert Hartmann,https://fbref.com/en/matches/7da89746/Wolfsburg-Leverkusen-November-22-2025-Bundesliga,,Leverkusen,https://fbref.com/en/squads/c7a9f859/Leverkusen-Stats,https://fbref.com/en/comps/8/schedule/Champions-League-Scores-and-Fixtures,2026-02-12T05:18:33.284827+00:00
2025-11-25,20:00 (12:00),Champions Lg,League phase,Tue,Away,W,2,0,Manchester City,45,"50,592",Álex Grimaldo,5-3-2,4-3-3,João Pinheiro,https://fbref.com/en/matches/ef8d3dfb/Manchester-City-Leverkusen-November-25-2025-Champions-League,,Leverkusen,https://fbref.com/en/squads/c7a9f859/Leverkusen-Stats,https://fbref.com/en/comps/8/schedule/Champions-League-Scores-and-Fixtures,2026-02-12T05:18:33.284827+00:00
2025-11-29,18:30 (09:30),Bundesliga,Matchweek 12,Sat,Home,L,1,2,Dortmund,63,"30,210",Robert Andrich,3-4-3,3-4-3,Tobias Welz,https://fbref.com/en/matches/17573d46/Leverkusen-Dortmund-November-29-2025-Bundesliga,,Leverkusen,https://fbref.com/en/squads/c7a9f859/Leverkusen-Stats,https://fbref.com/en/comps/8/schedule/Champions-League-Scores-and-Fixtures,2026-02-12T05:18:33.284827+00:00
2025-12-02,21:00 (12:00),DFB-Pokal,Round of 16,Tue,Away,W,1,0,Dortmund,42,"81,365",Robert Andrich,3-4-3,3-4-3,Tobias Stieler,https://fbref.com/en/matches/b9057e79/Dortmund-Leverkusen-December-2-2025-DFB-Pokal,,Leverkusen,https://fbref.com/en/squads/c7a9f859/Leverkusen-Stats,https://fbref.com/en/comps/8/schedule/Champions-League-Scores-and-Fixtures,2026-02-12T05:18:33.284827+00:00
2025-12-06,15:30 (06:30),Bundesliga,Matchweek 13,Sat,Away,L,0,2,Augsburg,68,"30,000",Robert Andrich,3-4-3,3-4-3,Sven Jablonski,https://fbref.com/en/matches/bcb23639/Augsburg-Leverkusen-December-6-2025-Bundesliga,,Leverkusen,https://fbref.com/en/squads/c7a9f859/Leverkusen-Stats,https://fbref.com/en/comps/8/schedule/Champions-League-Scores-and-Fixtures,2026-02-12T05:18:33.284827+00:00
2025-12-10,21:00 (12:00),Champions Lg,League phase,Wed,Home,D,2,2,Newcastle United,51,"30,210",Robert Andrich,3-4-3,4-3-3,Serdar Gözübüyük,https://fbref.com/en/matches/7a420467/Leverkusen-Newcastle-United-December-10-2025-Champions-League,,Leverkusen,https://fbref.com/en/squads/c7a9f859/Leverkusen-Stats,https://fbref.com/en/comps/8/schedule/Champions-League-Scores-and-Fixtures,2026-02-12T05:18:33.284827+00:00
2025-12-13,18:30 (09:30),Bundesliga,Matchweek 14,Sat,Home,W,2,0,Köln,61,"30,210",Robert Andrich,3-4-3,3-4-3,Harm Osmers,https://fbref.com/en/matches/140ccda0/Leverkusen-Koln-December-13-2025-Bundesliga,,Leverkusen,https://fbref.com/en/squads/c7a9f859/Leverkusen-Stats,https://fbref.com/en/comps/8/schedule/Champions-League-Scores-and-Fixtures,2026-02-12T05:18:33.284827+00:00
2025-12-20,18:30 (09:30),Bundesliga,Matchweek 15,Sat,Away,W,3,1,RB Leipzig,57,"46,053",Robert Andrich,3-4-3,4-3-3,Benjamin Brand,https://fbref.com/en/matches/10ba5054/RB-Leipzig-Leverkusen-December-20-2025-Bundesliga,,Leverkusen,https://fbref.com/en/squads/c7a9f859/Leverkusen-Stats,https://fbref.com/en/comps/8/schedule/Champions-League-Scores-and-Fixtures,2026-02-12T05:18:33.284827+00:00
2026-01-10,18:30 (09:30),Bundesliga,Matchweek 16,Sat,Home,L,1,4,Stuttgart,57,"30,210",Robert Andrich,3-4-3,4-2-3-1,Felix Zwayer,https://fbref.com/en/matches/0f4d2493/Leverkusen-Stuttgart-January-10-2026-Bundesliga,,Leverkusen,https://fbref.com/en/squads/c7a9f859/Leverkusen-Stats,https://fbref.com/en/comps/8/schedule/Champions-League-Scores-and-Fixtures,2026-02-12T05:18:33.284827+00:00
2026-01-17,15:30 (06:30),Bundesliga,Matchweek 18,Sat,Away,L,0,1,Hoffenheim,62,"26,957",Robert Andrich,3-4-3,4-2-3-1,Daniel Schlager,https://fbref.com/en/matches/0bb45d54/Hoffenheim-Leverkusen-January-17-2026-Bundesliga,,Leverkusen,https://fbref.com/en/squads/c7a9f859/Leverkusen-Stats,https://fbref.com/en/comps/8/schedule/Champions-League-Scores-and-Fixtures,2026-02-12T05:18:33.284827+00:00
2026-01-20,22:00 (12:00),Champions Lg,League phase,Tue,Away,L,0,2,Olympiacos,72,"32,400",Robert Andrich,3-4-3,4-2-3-1,Maurizio Mariani,https://fbref.com/en/matches/8b67bd16/Olympiacos-Leverkusen-January-20-2026-Champions-League,,Leverkusen,https://fbref.com/en/squads/c7a9f859/Leverkusen-Stats,https://fbref.com/en/comps/8/schedule/Champions-League-Scores-and-Fixtures,2026-02-12T05:18:33.284827+00:00
2026-01-24,15:30 (06:30),Bundesliga,Matchweek 19,Sat,Home,W,1,0,Werder Bremen,50,"30,210",Robert Andrich,3-4-3,3-5-2,Tobias Reichel,https://fbref.com/en/matches/9264ed6a/Leverkusen-Werder-Bremen-January-24-2026-Bundesliga,,Leverkusen,https://fbref.com/en/squads/c7a9f859/Leverkusen-Stats,https://fbref.com/en/comps/8/schedule/Champions-League-Scores-and-Fixtures,2026-02-12T05:18:33.284827+00:00
2026-01-28,21:00 (12:00),Champions Lg,League phase,Wed,Home,W,3,0,Villarreal,65,"30,210",Robert Andrich,3-4-3,4-4-2,Espen Eskås,https://fbref.com/en/matches/7448c24d/Leverkusen-Villarreal-January-28-2026-Champions-League,,Leverkusen,https://fbref.com/en/squads/c7a9f859/Leverkusen-Stats,https://fbref.com/en/comps/8/schedule/Champions-League-Scores-and-Fixtures,2026-02-12T05:18:33.284827+00:00
2026-01-31,15:30 (06:30),Bundesliga,Matchweek 20,Sat,Away,W,3,1,Eintracht Frankfurt,59,"59,000",Robert Andrich,3-4-3,3-4-3,Robert Schröder,https://fbref.com/en/matches/98d37a14/Eintracht-Frankfurt-Leverkusen-January-31-2026-Bundesliga,,Leverkusen,https://fbref.com/en/squads/c7a9f859/Leverkusen-Stats,https://fbref.com/en/comps/8/schedule/Champions-League-Scores-and-Fixtures,2026-02-12T05:18:33.284827+00:00
2026-02-03,20:45 (11:45),DFB-Pokal,Quarter-finals,Tue,Home,W,3,0,St Pauli,61,"30,210",Robert Andrich,3-4-3,3-4-3,Florian Badstübner,https://fbref.com/en/matches/b15cd8e4/Leverkusen-St-Pauli-February-3-2026-DFB-Pokal,,Leverkusen,https://fbref.com/en/squads/c7a9f859/Leverkusen-Stats,https://fbref.com/en/comps/8/schedule/Champions-League-Scores-and-Fixtures,2026-02-12T05:18:33.284827+00:00
2026-02-07,18:30 (09:30),Bundesliga,Matchweek 21,Sat,Away,D,1,1,Gladbach,61,"47,599",Álex Grimaldo,3-4-3,3-5-2,Christian Dingert,https://fbref.com/en/matches/b577a101/Monchengladbach-Leverkusen-February-7-2026-Bundesliga,,Leverkusen,https://fbref.com/en/squads/c7a9f859/Leverkusen-Stats,https://fbref.com/en/comps/8/schedule/Champions-League-Scores-and-Fixtures,2026-02-12T05:18:33.284827+00:00
2026-02-14,15:30 (06:30),Bundesliga,Matchweek 22,Sat,Home,,,,St Pauli,,,,,,,https://fbref.com/en/stathead/matchup/teams/c7a9f859/54864664/Leverkusen-vs-St-Pauli-History,,Leverkusen,https://fbref.com/en/squads/c7a9f859/Leverkusen-Stats,https://fbref.com/en/comps/8/schedule/Champions-League-Scores-and-Fixtures,2026-02-12T05:18:33.284827+00:00
2026-02-18,22:00 (12:00),Champions Lg,Knockout phase play-offs,Wed,Away,,,,Olympiacos,,,,,,,https://fbref.com/en/stathead/matchup/teams/c7a9f859/2fdb4aef/Leverkusen-vs-Olympiacos-History,Leg 1 of 2,Leverkusen,https://fbref.com/en/squads/c7a9f859/Leverkusen-Stats,https://fbref.com/en/comps/8/schedule/Champions-League-Scores-and-Fixtures,2026-02-12T05:18:33.284827+00:00
2026-02-21,15:30 (06:30),Bundesliga,Matchweek 23,Sat,Away,,,,Union Berlin,,,,,,,https://fbref.com/en/stathead/matchup/teams/c7a9f859/7a41008f/Leverkusen-vs-Union-Berlin-History,,Leverkusen,https://fbref.com/en/squads/c7a9f859/Leverkusen-Stats,https://fbref.com/en/comps/8/schedule/Champions-League-Scores-and-Fixtures,2026-02-12T05:18:33.284827+00:00
2026-02-24,21:00 (12:00),Champions Lg,Knockout phase play-offs,Tue,Home,,,,Olympiacos,,,,,,,https://fbref.com/en/stathead/matchup/teams/c7a9f859/2fdb4aef/Leverkusen-vs-Olympiacos-History,Leg 2 of 2,Leverkusen,https://fbref.com/en/squads/c7a9f859/Leverkusen-Stats,https://fbref.com/en/comps/8/schedule/Champions-League-Scores-and-Fixtures,2026-02-12T05:18:33.284827+00:00
2026-02-28,15:30 (06:30),Bundesliga,Matchweek 24,Sat,Home,,,,Mainz 05,,,,,,,https://fbref.com/en/stathead/matchup/teams/c7a9f859/a224b06a/Leverkusen-vs-Mainz-05-History,,Leverkusen,https://fbref.com/en/squads/c7a9f859/Leverkusen-Stats,https://fbref.com/en/comps/8/schedule/Champions-League-Scores-and-Fixtures,2026-02-12T05:18:33.284827+00:00
2026-03-04,20:30 (11:30),Bundesliga,Matchweek 17,Wed,Away,,,,Hamburger SV,,,,,,,https://fbref.com/en/stathead/matchup/teams/c7a9f859/26790c6a/Leverkusen-vs-Hamburger-SV-History,,Leverkusen,https://fbref.com/en/squads/c7a9f859/Leverkusen-Stats,https://fbref.com/en/comps/8/schedule/Champions-League-Scores-and-Fixtures,2026-02-12T05:18:33.284827+00:00
2026-03-07,15:30 (06:30),Bundesliga,Matchweek 25,Sat,Away,,,,Freiburg,,,,,,,https://fbref.com/en/stathead/matchup/teams/c7a9f859/a486e511/Leverkusen-vs-Freiburg-History,,Leverkusen,https://fbref.com/en/squads/c7a9f859/Leverkusen-Stats,https://fbref.com/en/comps/8/schedule/Champions-League-Scores-and-Fixtures,2026-02-12T05:18:33.284827+00:00
2026-03-14,15:30 (07:30),Bundesliga,Matchweek 26,Sat,Home,,,,Bayern Munich,,,,,,,https://fbref.com/en/stathead/matchup/teams/c7a9f859/054efa67/Leverkusen-vs-Bayern-Munich-History,,Leverkusen,https://fbref.com/en/squads/c7a9f859/Leverkusen-Stats,https://fbref.com/en/comps/8/schedule/Champions-League-Scores-and-Fixtures,2026-02-12T05:18:33.284827+00:00
2026-03-21,15:30 (07:30),Bundesliga,Matchweek 27,Sat,Away,,,,Heidenheim,,,,,,,https://fbref.com/en/stathead/matchup/teams/c7a9f859/18d9d2a7/Leverkusen-vs-Heidenheim-History,,Leverkusen,https://fbref.com/en/squads/c7a9f859/Leverkusen-Stats,https://fbref.com/en/comps/8/schedule/Champions-League-Scores-and-Fixtures,2026-02-12T05:18:33.284827+00:00
2026-04-04,,Bundesliga,Matchweek 28,Sat,Home,,,,Wolfsburg,,,,,,,https://fbref.com/en/stathead/matchup/teams/c7a9f859/4eaa11d7/Leverkusen-vs-Wolfsburg-History,,Leverkusen,https://fbref.com/en/squads/c7a9f859/Leverkusen-Stats,https://fbref.com/en/comps/8/schedule/Champions-League-Scores-and-Fixtures,2026-02-12T05:18:33.284827+00:00
2026-04-11,,Bundesliga,Matchweek 29,Sat,Away,,,,Dortmund,,,,,,,https://fbref.com/en/stathead/matchup/teams/c7a9f859/add600ae/Leverkusen-vs-Dortmund-History,,Leverkusen,https://fbref.com/en/squads/c7a9f859/Leverkusen-Stats,https://fbref.com/en/comps/8/schedule/Champions-League-Scores-and-Fixtures,2026-02-12T05:18:33.284827+00:00
2026-04-18,,Bundesliga,Matchweek 30,Sat,Home,,,,Augsburg,,,,,,,https://fbref.com/en/stathead/matchup/teams/c7a9f859/0cdc4311/Leverkusen-vs-Augsburg-History,,Leverkusen,https://fbref.com/en/squads/c7a9f859/Leverkusen-Stats,https://fbref.com/en/comps/8/schedule/Champions-League-Scores-and-Fixtures,2026-02-12T05:18:33.284827+00:00
2026-04-25,,Bundesliga,Matchweek 31,Sat,Away,,,,Köln,,,,,,,https://fbref.com/en/stathead/matchup/teams/c7a9f859/bc357bf7/Leverkusen-vs-Koln-History,,Leverkusen,https://fbref.com/en/squads/c7a9f859/Leverkusen-Stats,https://fbref.com/en/comps/8/schedule/Champions-League-Scores-and-Fixtures,2026-02-12T05:18:33.284827+00:00
2026-05-02,,Bundesliga,Matchweek 32,Sat,Home,,,,RB Leipzig,,,,,,,https://fbref.com/en/stathead/matchup/teams/c7a9f859/acbb6a5b/Leverkusen-vs-RB-Leipzig-History,,Leverkusen,https://fbref.com/en/squads/c7a9f859/Leverkusen-Stats,https://fbref.com/en/comps/8/schedule/Champions-League-Scores-and-Fixtures,2026-02-12T05:18:33.284827+00:00
2026-05-09,,Bundesliga,Matchweek 33,Sat,Away,,,,Stuttgart,,,,,,,https://fbref.com/en/stathead/matchup/teams/c7a9f859/598bc722/Leverkusen-vs-Stuttgart-History,,Leverkusen,https://fbref.com/en/squads/c7a9f859/Leverkusen-Stats,https://fbref.com/en/comps/8/schedule/Champions-League-Scores-and-Fixtures,2026-02-12T05:18:33.284827+00:00
2026-05-16,15:30 (06:30),Bundesliga,Matchweek 34,Sat,Home,,,,Hamburger SV,,,,,,,https://fbref.com/en/stathead/matchup/teams/c7a9f859/26790c6a/Leverkusen-vs-Hamburger-SV-History,,Leverkusen,https://fbref.com/en/squads/c7a9f859/Leverkusen-Stats,https://fbref.com/en/comps/8/schedule/Champions-League-Scores-and-Fixtures,2026-02-12T05:18:33.284827+00:00
2025-08-16,19:00 (10:00),Ligue 1,Matchweek 1,Sat,Home,W,3,1,Le Havre,74,"11,734",Denis Zakaria,4-2-3-1,4-1-4-1,Ruddy Buquet,https://fbref.com/en/matches/772d8629/Monaco-Le-Havre-August-16-2025-Ligue-1,,Monaco,https://fbref.com/en/squads/fd6114db/Monaco-Stats,https://fbref.com/en/comps/8/schedule/Champions-League-Scores-and-Fixtures,2026-02-12T05:18:33.552404+00:00
2025-08-24,20:45 (11:45),Ligue 1,Matchweek 2,Sun,Away,L,0,1,Lille,50,"43,549",Denis Zakaria,4-3-3,4-2-3-1,Willy Delajod,https://fbref.com/en/matches/1c61c286/Lille-Monaco-August-24-2025-Ligue-1,,Monaco,https://fbref.com/en/squads/fd6114db/Monaco-Stats,https://fbref.com/en/comps/8/schedule/Champions-League-Scores-and-Fixtures,2026-02-12T05:18:33.552404+00:00
2025-08-31,17:15 (08:15),Ligue 1,Matchweek 3,Sun,Home,W,3,2,Strasbourg,43,"8,718",Denis Zakaria,4-2-3-1,3-4-3,Benoît Bastien,https://fbref.com/en/matches/9fadc7e1/Monaco-Strasbourg-August-31-2025-Ligue-1,,Monaco,https://fbref.com/en/squads/fd6114db/Monaco-Stats,https://fbref.com/en/comps/8/schedule/Champions-League-Scores-and-Fixtures,2026-02-12T05:18:33.552404+00:00
2025-09-13,21:05 (12:05),Ligue 1,Matchweek 4,Sat,Away,W,2,1,Auxerre,67,"16,703",Denis Zakaria,4-4-2,5-4-1,Romain Lissorgue,https://fbref.com/en/matches/f3a8d388/Auxerre-Monaco-September-13-2025-Ligue-1,,Monaco,https://fbref.com/en/squads/fd6114db/Monaco-Stats,https://fbref.com/en/comps/8/schedule/Champions-League-Scores-and-Fixtures,2026-02-12T05:18:33.552404+00:00
2025-09-18,18:45 (09:45),Champions Lg,League phase,Thu,Away,L,1,4,Club Brugge,51,"25,007",Eric Dier,4-2-2-2,4-2-3-1,Simone Sozza,https://fbref.com/en/matches/cb2a4725/Club-Brugge-Monaco-September-18-2025-Champions-League,,Monaco,https://fbref.com/en/squads/fd6114db/Monaco-Stats,https://fbref.com/en/comps/8/schedule/Champions-League-Scores-and-Fixtures,2026-02-12T05:18:33.552404+00:00
2025-09-21,17:15 (08:15),Ligue 1,Matchweek 5,Sun,Home,W,5,2,Metz,44,"6,080",Thilo Kehrer,4-4-2,3-4-3,Stéphanie Frappart,https://fbref.com/en/matches/08aea0af/Monaco-Metz-September-21-2025-Ligue-1,,Monaco,https://fbref.com/en/squads/fd6114db/Monaco-Stats,https://fbref.com/en/comps/8/schedule/Champions-League-Scores-and-Fixtures,2026-02-12T05:18:33.552404+00:00
2025-09-27,17:00 (08:00),Ligue 1,Matchweek 6,Sat,Away,L,1,3,Lorient,53,"15,561",Thilo Kehrer,3-5-2,3-4-3,Ruddy Buquet,https://fbref.com/en/matches/ce237644/Lorient-Monaco-September-27-2025-Ligue-1,,Monaco,https://fbref.com/en/squads/fd6114db/Monaco-Stats,https://fbref.com/en/comps/8/schedule/Champions-League-Scores-and-Fixtures,2026-02-12T05:18:33.552404+00:00
2025-10-01,21:00 (12:00),Champions Lg,League phase,Wed,Home,D,2,2,Manchester City,29,"11,275",Thilo Kehrer,3-4-3,4-1-4-1,Jesús Gil,https://fbref.com/en/matches/625d4779/Monaco-Manchester-City-October-1-2025-Champions-League,,Monaco,https://fbref.com/en/squads/fd6114db/Monaco-Stats,https://fbref.com/en/comps/8/schedule/Champions-League-Scores-and-Fixtures,2026-02-12T05:18:33.552404+00:00
2025-10-05,17:15 (08:15),Ligue 1,Matchweek 7,Sun,Home,D,2,2,Nice,66,"8,500",Eric Dier,4-2-3-1,3-4-3,Willy Delajod,https://fbref.com/en/matches/93639c78/Monaco-Nice-October-5-2025-Ligue-1,,Monaco,https://fbref.com/en/squads/fd6114db/Monaco-Stats,https://fbref.com/en/comps/8/schedule/Champions-League-Scores-and-Fixtures,2026-02-12T05:18:33.552404+00:00
2025-10-18,19:00 (10:00),Ligue 1,Matchweek 8,Sat,Away,D,1,1,Angers,58,"13,423",Thilo Kehrer,3-4-3,4-2-3-1,Jeremy Stinat,https://fbref.com/en/matches/aeed11a9/Angers-Monaco-October-18-2025-Ligue-1,,Monaco,https://fbref.com/en/squads/fd6114db/Monaco-Stats,https://fbref.com/en/comps/8/schedule/Champions-League-Scores-and-Fixtures,2026-02-12T05:18:33.552404+00:00
2025-10-22,21:00 (12:00),Champions Lg,League phase,Wed,Home,D,0,0,Tottenham Hotspur,56,"11,365",Thilo Kehrer,3-4-3,4-2-3-1,Marco Guida,https://fbref.com/en/matches/e75c2e71/Monaco-Tottenham-Hotspur-October-22-2025-Champions-League,,Monaco,https://fbref.com/en/squads/fd6114db/Monaco-Stats,https://fbref.com/en/comps/8/schedule/Champions-League-Scores-and-Fixtures,2026-02-12T05:18:33.552404+00:00
2025-10-25,19:00 (10:00),Ligue 1,Matchweek 9,Sat,Home,W,1,0,Toulouse,54,"7,086",Thilo Kehrer,3-4-3,3-4-3,Guillaume Paradis,https://fbref.com/en/matches/fe7036bb/Monaco-Toulouse-October-25-2025-Ligue-1,,Monaco,https://fbref.com/en/squads/fd6114db/Monaco-Stats,https://fbref.com/en/comps/8/schedule/Champions-League-Scores-and-Fixtures,2026-02-12T05:18:33.552404+00:00
2025-10-29,21:05 (13:05),Ligue 1,Matchweek 10,Wed,Away,W,5,3,Nantes,52,"33,653",Thilo Kehrer,3-1-4-2,4-3-3,Jérôme Brisard,https://fbref.com/en/matches/61307c58/Nantes-Monaco-October-29-2025-Ligue-1,,Monaco,https://fbref.com/en/squads/fd6114db/Monaco-Stats,https://fbref.com/en/comps/8/schedule/Champions-League-Scores-and-Fixtures,2026-02-12T05:18:33.552404+00:00
2025-11-01,19:00 (11:00),Ligue 1,Matchweek 11,Sat,Home,L,0,1,Paris FC,55,"10,727",Thilo Kehrer,3-4-3,4-3-3,Eric Wattellier,https://fbref.com/en/matches/a6e9b50e/Monaco-Paris-FC-November-1-2025-Ligue-1,,Monaco,https://fbref.com/en/squads/fd6114db/Monaco-Stats,https://fbref.com/en/comps/8/schedule/Champions-League-Scores-and-Fixtures,2026-02-12T05:18:33.552404+00:00
2025-11-04,21:00 (12:00),Champions Lg,League phase,Tue,Away,W,1,0,Bodø/Glimt,36,"7,842",Thilo Kehrer,3-4-3,4-3-3,Damian Sylwestrzak,https://fbref.com/en/matches/c5a6b073/BodoGlimt-Monaco-November-4-2025-Champions-League,,Monaco,https://fbref.com/en/squads/fd6114db/Monaco-Stats,https://fbref.com/en/comps/8/schedule/Champions-League-Scores-and-Fixtures,2026-02-12T05:18:33.552404+00:00
2025-11-08,21:05 (12:05),Ligue 1,Matchweek 12,Sat,Home,L,1,4,Lens,50,"9,456",Thilo Kehrer,3-1-4-2,3-4-3,Bastien Dechepy,https://fbref.com/en/matches/8351b4ea/Monaco-Lens-November-8-2025-Ligue-1,,Monaco,https://fbref.com/en/squads/fd6114db/Monaco-Stats,https://fbref.com/en/comps/8/schedule/Champions-League-Scores-and-Fixtures,2026-02-12T05:18:33.552404+00:00
2025-11-22,19:00 (10:00),Ligue 1,Matchweek 13,Sat,Away,L,1,4,Rennes,50,"27,681",Denis Zakaria,3-4-3,3-5-2,Hakim Ben El Hadj Salem,https://fbref.com/en/matches/7d63a57f/Rennes-Monaco-November-22-2025-Ligue-1,,Monaco,https://fbref.com/en/squads/fd6114db/Monaco-Stats,https://fbref.com/en/comps/8/schedule/Champions-League-Scores-and-Fixtures,2026-02-12T05:18:33.552404+00:00
2025-11-26,19:45 (09:45),Champions Lg,League phase,Wed,Away,D,2,2,Pafos FC,52,"8,347",Denis Zakaria,4-2-3-1,4-2-3-1,Ivan Kružliak,https://fbref.com/en/matches/cdf213a8/Pafos-FC-Monaco-November-26-2025-Champions-League,,Monaco,https://fbref.com/en/squads/fd6114db/Monaco-Stats,https://fbref.com/en/comps/8/schedule/Champions-League-Scores-and-Fixtures,2026-02-12T05:18:33.552404+00:00
2025-11-29,17:00 (08:00),Ligue 1,Matchweek 14,Sat,Home,W,1,0,Paris Saint-Germain,43,"11,546",Thilo Kehrer,4-2-3-1,4-3-3,Clément Turpin,https://fbref.com/en/matches/6ed4169c/Monaco-Paris-Saint-Germain-November-29-2025-Ligue-1,,Monaco,https://fbref.com/en/squads/fd6114db/Monaco-Stats,https://fbref.com/en/comps/8/schedule/Champions-League-Scores-and-Fixtures,2026-02-12T05:18:33.552404+00:00
2025-12-05,19:00 (10:00),Ligue 1,Matchweek 15,Fri,Away,L,0,1,Brest,59,"14,522",Maghnes Akliouche,4-2-3-1,4-2-3-1,Thomas Léonard,https://fbref.com/en/matches/409f5358/Brest-Monaco-December-5-2025-Ligue-1,,Monaco,https://fbref.com/en/squads/fd6114db/Monaco-Stats,https://fbref.com/en/comps/8/schedule/Champions-League-Scores-and-Fixtures,2026-02-12T05:18:33.552404+00:00
2025-12-09,21:00 (12:00),Champions Lg,League phase,Tue,Home,W,1,0,Galatasaray,42,"9,887",Denis Zakaria,4-2-3-1,4-2-3-1,Danny Makkelie,https://fbref.com/en/matches/720903e7/Monaco-Galatasaray-December-9-2025-Champions-League,,Monaco,https://fbref.com/en/squads/fd6114db/Monaco-Stats,https://fbref.com/en/comps/8/schedule/Champions-League-Scores-and-Fixtures,2026-02-12T05:18:33.552404+00:00
2025-12-14,20:45 (11:45),Ligue 1,Matchweek 16,Sun,Away,L,0,1,Marseille,42,"64,509",Denis Zakaria,4-2-3-1,4-2-3-1,François Letexier,https://fbref.com/en/matches/fa8b8daf/Marseille-Monaco-December-14-2025-Ligue-1,,Monaco,https://fbref.com/en/squads/fd6114db/Monaco-Stats,https://fbref.com/en/comps/8/schedule/Champions-League-Scores-and-Fixtures,2026-02-12T05:18:33.552404+00:00
2025-12-21,14:45 (05:45),Coupe de France,Round of 64,Sun,Away,W,2,1,Auxerre,60,,Denis Zakaria,4-2-3-1,5-3-2,Romain Lissorgue,https://fbref.com/en/matches/db57513d/Auxerre-Monaco-December-21-2025-Coupe-de-France,,Monaco,https://fbref.com/en/squads/fd6114db/Monaco-Stats,https://fbref.com/en/comps/8/schedule/Champions-League-Scores-and-Fixtures,2026-02-12T05:18:33.552404+00:00
2026-01-03,17:00 (08:00),Ligue 1,Matchweek 17,Sat,Home,L,1,3,Lyon,44,"11,828",Thilo Kehrer,4-3-1-2,4-3-1-2,Jérôme Brisard,https://fbref.com/en/matches/6b9bd7bb/Monaco-Lyon-January-3-2026-Ligue-1,,Monaco,https://fbref.com/en/squads/fd6114db/Monaco-Stats,https://fbref.com/en/comps/8/schedule/Champions-League-Scores-and-Fixtures,2026-02-12T05:18:33.552404+00:00
2026-01-10,15:30 (06:30),Coupe de France,Round of 32,Sat,Away,W,3,1,Orléans,38,,Denis Zakaria,4-2-3-1,4-3-1-2,Stéphanie Frappart,https://fbref.com/en/matches/d37867d5/Orleans-Monaco-January-10-2026-Coupe-de-France,,Monaco,https://fbref.com/en/squads/fd6114db/Monaco-Stats,https://fbref.com/en/comps/8/schedule/Champions-League-Scores-and-Fixtures,2026-02-12T05:18:33.552404+00:00
2026-01-16,19:00 (10:00),Ligue 1,Matchweek 18,Fri,Home,L,1,3,Lorient,61,"4,810",Denis Zakaria,4-2-2-2,3-4-3,Willy Delajod,https://fbref.com/en/matches/4f512aeb/Monaco-Lorient-January-16-2026-Ligue-1,,Monaco,https://fbref.com/en/squads/fd6114db/Monaco-Stats,https://fbref.com/en/comps/8/schedule/Champions-League-Scores-and-Fixtures,2026-02-12T05:18:33.552404+00:00
2026-01-20,21:00 (12:00),Champions Lg,League phase,Tue,Away,L,1,6,Real Madrid,51,"73,599",Denis Zakaria,4-2-3-1,4-3-3,Espen Eskås,https://fbref.com/en/matches/95b73e54/Real-Madrid-Monaco-January-20-2026-Champions-League,,Monaco,https://fbref.com/en/squads/fd6114db/Monaco-Stats,https://fbref.com/en/comps/8/schedule/Champions-League-Scores-and-Fixtures,2026-02-12T05:18:33.552404+00:00
2026-01-24,19:00 (10:00),Ligue 1,Matchweek 19,Sat,Away,D,0,0,Le Havre,54,"19,033",Denis Zakaria,4-2-2-2,4-3-1-2,Marc Bollengier,https://fbref.com/en/matches/ddb83e61/Le-Havre-Monaco-January-24-2026-Ligue-1,,Monaco,https://fbref.com/en/squads/fd6114db/Monaco-Stats,https://fbref.com/en/comps/8/schedule/Champions-League-Scores-and-Fixtures,2026-02-12T05:18:33.552404+00:00
2026-01-28,21:00 (12:00),Champions Lg,League phase,Wed,Home,D,0,0,Juventus,50,"10,287",Denis Zakaria,3-4-3,3-4-3,Jose Maria Sánchez,https://fbref.com/en/matches/58961c11/Monaco-Juventus-January-28-2026-Champions-League,,Monaco,https://fbref.com/en/squads/fd6114db/Monaco-Stats,https://fbref.com/en/comps/8/schedule/Champions-League-Scores-and-Fixtures,2026-02-12T05:18:33.552404+00:00
2026-01-31,21:05 (12:05),Ligue 1,Matchweek 20,Sat,Home,W,4,0,Rennes,46,"5,319",Denis Zakaria,3-4-3,3-5-2,Ruddy Buquet,https://fbref.com/en/matches/28a1d84f/Monaco-Rennes-January-31-2026-Ligue-1,,Monaco,https://fbref.com/en/squads/fd6114db/Monaco-Stats,https://fbref.com/en/comps/8/schedule/Champions-League-Scores-and-Fixtures,2026-02-12T05:18:33.552404+00:00
2026-02-05,21:00 (12:00),Coupe de France,Round of 16,Thu,Away,L,1,3,Strasbourg,55,,Denis Zakaria,3-4-3,4-2-3-1,Jeremy Stinat,https://fbref.com/en/matches/e3b8e960/Strasbourg-Monaco-February-5-2026-Coupe-de-France,,Monaco,https://fbref.com/en/squads/fd6114db/Monaco-Stats,https://fbref.com/en/comps/8/schedule/Champions-League-Scores-and-Fixtures,2026-02-12T05:18:33.552404+00:00
2026-02-08,15:00 (06:00),Ligue 1,Matchweek 21,Sun,Away,D,0,0,Nice,56,"24,243",Denis Zakaria,3-4-3,4-2-3-1,Benoît Bastien,https://fbref.com/en/matches/653917b7/Nice-Monaco-February-8-2026-Ligue-1,,Monaco,https://fbref.com/en/squads/fd6114db/Monaco-Stats,https://fbref.com/en/comps/8/schedule/Champions-League-Scores-and-Fixtures,2026-02-12T05:18:33.552404+00:00
2026-02-13,21:05 (12:05),Ligue 1,Matchweek 22,Fri,Home,,,,Nantes,,,,,,,https://fbref.com/en/stathead/matchup/teams/fd6114db/d7a486cd/Monaco-vs-Nantes-History,,Monaco,https://fbref.com/en/squads/fd6114db/Monaco-Stats,https://fbref.com/en/comps/8/schedule/Champions-League-Scores-and-Fixtures,2026-02-12T05:18:33.552404+00:00
2026-02-17,21:00 (12:00),Champions Lg,Knockout phase play-offs,Tue,Home,,,,Paris Saint-Germain,,,,,,,https://fbref.com/en/stathead/matchup/teams/fd6114db/e2d8892c/Monaco-vs-Paris-Saint-Germain-History,Leg 1 of 2,Monaco,https://fbref.com/en/squads/fd6114db/Monaco-Stats,https://fbref.com/en/comps/8/schedule/Champions-League-Scores-and-Fixtures,2026-02-12T05:18:33.552404+00:00
2026-02-21,17:00 (08:00),Ligue 1,Matchweek 23,Sat,Away,,,,Lens,,,,,,,https://fbref.com/en/stathead/matchup/teams/fd6114db/fd4e0f7d/Monaco-vs-Lens-History,,Monaco,https://fbref.com/en/squads/fd6114db/Monaco-Stats,https://fbref.com/en/comps/8/schedule/Champions-League-Scores-and-Fixtures,2026-02-12T05:18:33.552404+00:00
2026-02-25,21:00 (12:00),Champions Lg,Knockout phase play-offs,Wed,Away,,,,Paris Saint-Germain,,,,,,,https://fbref.com/en/stathead/matchup/teams/fd6114db/e2d8892c/Monaco-vs-Paris-Saint-Germain-History,Leg 2 of 2,Monaco,https://fbref.com/en/squads/fd6114db/Monaco-Stats,https://fbref.com/en/comps/8/schedule/Champions-League-Scores-and-Fixtures,2026-02-12T05:18:33.552404+00:00
2026-02-28,19:00 (10:00),Ligue 1,Matchweek 24,Sat,Home,,,,Angers,,,,,,,https://fbref.com/en/stathead/matchup/teams/fd6114db/69236f98/Monaco-vs-Angers-History,,Monaco,https://fbref.com/en/squads/fd6114db/Monaco-Stats,https://fbref.com/en/comps/8/schedule/Champions-League-Scores-and-Fixtures,2026-02-12T05:18:33.552404+00:00
2026-03-06,20:45 (11:45),Ligue 1,Matchweek 25,Fri,Away,,,,Paris Saint-Germain,,,,,,,https://fbref.com/en/stathead/matchup/teams/fd6114db/e2d8892c/Monaco-vs-Paris-Saint-Germain-History,,Monaco,https://fbref.com/en/squads/fd6114db/Monaco-Stats,https://fbref.com/en/comps/8/schedule/Champions-League-Scores-and-Fixtures,2026-02-12T05:18:33.552404+00:00
2026-03-15,,Ligue 1,Matchweek 26,Sun,Home,,,,Brest,,,,,,,https://fbref.com/en/stathead/matchup/teams/fd6114db/fb08dbb3/Monaco-vs-Brest-History,,Monaco,https://fbref.com/en/squads/fd6114db/Monaco-Stats,https://fbref.com/en/comps/8/schedule/Champions-League-Scores-and-Fixtures,2026-02-12T05:18:33.552404+00:00
2026-03-22,,Ligue 1,Matchweek 27,Sun,Away,,,,Lyon,,,,,,,https://fbref.com/en/stathead/matchup/teams/fd6114db/d53c0b06/Monaco-vs-Lyon-History,,Monaco,https://fbref.com/en/squads/fd6114db/Monaco-Stats,https://fbref.com/en/comps/8/schedule/Champions-League-Scores-and-Fixtures,2026-02-12T05:18:33.552404+00:00
2026-04-05,,Ligue 1,Matchweek 28,Sun,Home,,,,Marseille,,,,,,,https://fbref.com/en/stathead/matchup/teams/fd6114db/5725cc7b/Monaco-vs-Marseille-History,,Monaco,https://fbref.com/en/squads/fd6114db/Monaco-Stats,https://fbref.com/en/comps/8/schedule/Champions-League-Scores-and-Fixtures,2026-02-12T05:18:33.552404+00:00
2026-04-12,,Ligue 1,Matchweek 29,Sun,Away,,,,Paris FC,,,,,,,https://fbref.com/en/stathead/matchup/teams/fd6114db/056a5a75/Monaco-vs-Paris-FC-History,,Monaco,https://fbref.com/en/squads/fd6114db/Monaco-Stats,https://fbref.com/en/comps/8/schedule/Champions-League-Scores-and-Fixtures,2026-02-12T05:18:33.552404+00:00
2026-04-19,,Ligue 1,Matchweek 30,Sun,Home,,,,Auxerre,,,,,,,https://fbref.com/en/stathead/matchup/teams/fd6114db/5ae09109/Monaco-vs-Auxerre-History,,Monaco,https://fbref.com/en/squads/fd6114db/Monaco-Stats,https://fbref.com/en/comps/8/schedule/Champions-League-Scores-and-Fixtures,2026-02-12T05:18:33.552404+00:00
2026-04-26,,Ligue 1,Matchweek 31,Sun,Away,,,,Toulouse,,,,,,,https://fbref.com/en/stathead/matchup/teams/fd6114db/3f8c4b5f/Monaco-vs-Toulouse-History,,Monaco,https://fbref.com/en/squads/fd6114db/Monaco-Stats,https://fbref.com/en/comps/8/schedule/Champions-League-Scores-and-Fixtures,2026-02-12T05:18:33.552404+00:00
2026-05-03,,Ligue 1,Matchweek 32,Sun,Away,,,,Metz,,,,,,,https://fbref.com/en/stathead/matchup/teams/fd6114db/f83960ae/Monaco-vs-Metz-History,,Monaco,https://fbref.com/en/squads/fd6114db/Monaco-Stats,https://fbref.com/en/comps/8/schedule/Champions-League-Scores-and-Fixtures,2026-02-12T05:18:33.552404+00:00
2026-05-09,21:00 (12:00),Ligue 1,Matchweek 33,Sat,Home,,,,Lille,,,,,,,https://fbref.com/en/stathead/matchup/teams/fd6114db/cb188c0c/Monaco-vs-Lille-History,,Monaco,https://fbref.com/en/squads/fd6114db/Monaco-Stats,https://fbref.com/en/comps/8/schedule/Champions-League-Scores-and-Fixtures,2026-02-12T05:18:33.552404+00:00
2026-05-16,21:00 (12:00),Ligue 1,Matchweek 34,Sat,Away,,,,Strasbourg,,,,,,,https://fbref.com/en/stathead/matchup/teams/fd6114db/c0d3eab4/Monaco-vs-Strasbourg-History,,Monaco,https://fbref.com/en/squads/fd6114db/Monaco-Stats,https://fbref.com/en/comps/8/schedule/Champions-League-Scores-and-Fixtures,2026-02-12T05:18:33.552404+00:00
2025-08-16,12:30 (04:30),Premier League,Matchweek 1,Sat,Away,D,0,0,Aston Villa,59,"42,526",Bruno Guimarães,4-3-3,4-2-3-1,Craig Pawson,https://fbref.com/en/matches/bbdf4739/Aston-Villa-Newcastle-United-August-16-2025-Premier-League,,Newcastle United,https://fbref.com/en/squads/b2b47a98/Newcastle-United-Stats,https://fbref.com/en/comps/8/schedule/Champions-League-Scores-and-Fixtures,2026-02-12T05:18:33.818471+00:00
2025-08-25,20:00 (12:00),Premier League,Matchweek 2,Mon,Home,L,2,3,Liverpool,38,"52,230",Bruno Guimarães,4-3-3,4-2-3-1,Simon Hooper,https://fbref.com/en/matches/2c75d21a/Newcastle-United-Liverpool-August-25-2025-Premier-League,,Newcastle United,https://fbref.com/en/squads/b2b47a98/Newcastle-United-Stats,https://fbref.com/en/comps/8/schedule/Champions-League-Scores-and-Fixtures,2026-02-12T05:18:33.818471+00:00
2025-08-30,17:30 (09:30),Premier League,Matchweek 3,Sat,Away,D,0,0,Leeds United,57,"36,727",Bruno Guimarães,5-3-2,4-3-3,Peter Bankes,https://fbref.com/en/matches/bc110e0b/Leeds-United-Newcastle-United-August-30-2025-Premier-League,,Newcastle United,https://fbref.com/en/squads/b2b47a98/Newcastle-United-Stats,https://fbref.com/en/comps/8/schedule/Champions-League-Scores-and-Fixtures,2026-02-12T05:18:33.818471+00:00
2025-09-13,15:00 (07:00),Premier League,Matchweek 4,Sat,Home,W,1,0,Wolves,57,"52,145",Bruno Guimarães,4-3-3,3-5-2,Chris Kavanagh,https://fbref.com/en/matches/55fbbbe6/Newcastle-United-Wolverhampton-Wanderers-September-13-2025-Premier-League,,Newcastle United,https://fbref.com/en/squads/b2b47a98/Newcastle-United-Stats,https://fbref.com/en/comps/8/schedule/Champions-League-Scores-and-Fixtures,2026-02-12T05:18:33.818471+00:00
2025-09-18,20:00 (12:00),Champions Lg,League phase,Thu,Home,L,1,2,Barcelona,36,"52,084",Bruno Guimarães,4-3-3,4-2-3-1,Glenn Nyberg,https://fbref.com/en/matches/53708b73/Newcastle-United-Barcelona-September-18-2025-Champions-League,,Newcastle United,https://fbref.com/en/squads/b2b47a98/Newcastle-United-Stats,https://fbref.com/en/comps/8/schedule/Champions-League-Scores-and-Fixtures,2026-02-12T05:18:33.818471+00:00
2025-09-21,14:00 (06:00),Premier League,Matchweek 5,Sun,Away,D,0,0,Bournemouth,44,"11,212",Dan Burn,3-4-3,4-2-3-1,Robert Jones,https://fbref.com/en/matches/f55b1b65/Bournemouth-Newcastle-United-September-21-2025-Premier-League,,Newcastle United,https://fbref.com/en/squads/b2b47a98/Newcastle-United-Stats,https://fbref.com/en/comps/8/schedule/Champions-League-Scores-and-Fixtures,2026-02-12T05:18:33.818471+00:00
2025-09-24,19:45 (11:45),EFL Cup,Third round,Wed,Home,W,4,1,Bradford City,77,"51,249",Bruno Guimarães,4-3-3,3-4-3,Thomas Kirk,https://fbref.com/en/matches/d8fb358d/Newcastle-United-Bradford-City-September-24-2025-EFL-Cup,,Newcastle United,https://fbref.com/en/squads/b2b47a98/Newcastle-United-Stats,https://fbref.com/en/comps/8/schedule/Champions-League-Scores-and-Fixtures,2026-02-12T05:18:33.818471+00:00
2025-09-28,16:30 (08:30),Premier League,Matchweek 6,Sun,Home,L,1,2,Arsenal,36,"52,199",Bruno Guimarães,4-3-3,4-2-3-1,Jarred Gillett,https://fbref.com/en/matches/e851cb5c/Newcastle-United-Arsenal-September-28-2025-Premier-League,,Newcastle United,https://fbref.com/en/squads/b2b47a98/Newcastle-United-Stats,https://fbref.com/en/comps/8/schedule/Champions-League-Scores-and-Fixtures,2026-02-12T05:18:33.818471+00:00
2025-10-01,18:45 (09:45),Champions Lg,League phase,Wed,Away,W,4,0,Union SG,57,"16,038",Bruno Guimarães,4-3-3,3-4-1-2,Urs Schnyder,https://fbref.com/en/matches/b59bda26/Union-SG-Newcastle-United-October-1-2025-Champions-League,,Newcastle United,https://fbref.com/en/squads/b2b47a98/Newcastle-United-Stats,https://fbref.com/en/comps/8/schedule/Champions-League-Scores-and-Fixtures,2026-02-12T05:18:33.818471+00:00
2025-10-05,14:00 (06:00),Premier League,Matchweek 7,Sun,Home,W,2,0,Nottingham Forest,52,"52,189",Bruno Guimarães,4-3-3,3-4-3,Peter Bankes,https://fbref.com/en/matches/e33f1657/Newcastle-United-Nottingham-Forest-October-5-2025-Premier-League,,Newcastle United,https://fbref.com/en/squads/b2b47a98/Newcastle-United-Stats,https://fbref.com/en/comps/8/schedule/Champions-League-Scores-and-Fixtures,2026-02-12T05:18:33.818471+00:00
2025-10-18,15:00 (07:00),Premier League,Matchweek 8,Sat,Away,L,1,2,Brighton,54,"31,620",Bruno Guimarães,4-3-3,4-2-3-1,Craig Pawson,https://fbref.com/en/matches/7c25388b/Brighton-and-Hove-Albion-Newcastle-United-October-18-2025-Premier-League,,Newcastle United,https://fbref.com/en/squads/b2b47a98/Newcastle-United-Stats,https://fbref.com/en/comps/8/schedule/Champions-League-Scores-and-Fixtures,2026-02-12T05:18:33.818471+00:00
2025-10-21,20:00 (12:00),Champions Lg,League phase,Tue,Home,W,3,0,Benfica,52,"52,073",Bruno Guimarães,4-3-3,4-4-1-1,Szymon Marciniak,https://fbref.com/en/matches/0a4bcfee/Newcastle-United-Benfica-October-21-2025-Champions-League,,Newcastle United,https://fbref.com/en/squads/b2b47a98/Newcastle-United-Stats,https://fbref.com/en/comps/8/schedule/Champions-League-Scores-and-Fixtures,2026-02-12T05:18:33.818471+00:00
2025-10-25,15:00 (07:00),Premier League,Matchweek 9,Sat,Home,W,2,1,Fulham,51,"52,152",Bruno Guimarães,4-3-3,4-2-3-1,Peter Bankes,https://fbref.com/en/matches/0f6b6849/Newcastle-United-Fulham-October-25-2025-Premier-League,,Newcastle United,https://fbref.com/en/squads/b2b47a98/Newcastle-United-Stats,https://fbref.com/en/comps/8/schedule/Champions-League-Scores-and-Fixtures,2026-02-12T05:18:33.818471+00:00
2025-10-29,20:00 (13:00),EFL Cup,Fourth round,Wed,Home,W,2,0,Tottenham Hotspur,47,"51,216",Dan Burn,4-3-3,4-2-3-1,Chris Kavanagh,https://fbref.com/en/matches/eb996c85/Newcastle-United-Tottenham-Hotspur-October-29-2025-EFL-Cup,,Newcastle United,https://fbref.com/en/squads/b2b47a98/Newcastle-United-Stats,https://fbref.com/en/comps/8/schedule/Champions-League-Scores-and-Fixtures,2026-02-12T05:18:33.818471+00:00
2025-11-02,14:00 (06:00),Premier League,Matchweek 10,Sun,Away,L,1,3,West Ham United,62,"62,441",Bruno Guimarães,4-3-3,4-3-3,Robert Jones,https://fbref.com/en/matches/55587dfc/West-Ham-United-Newcastle-United-November-2-2025-Premier-League,,Newcastle United,https://fbref.com/en/squads/b2b47a98/Newcastle-United-Stats,https://fbref.com/en/comps/8/schedule/Champions-League-Scores-and-Fixtures,2026-02-12T05:18:33.818471+00:00
2025-11-05,20:00 (12:00),Champions Lg,League phase,Wed,Home,W,2,0,Athletic Club,58,"51,923",Bruno Guimarães,4-3-3,4-2-3-1,Ivan Kružliak,https://fbref.com/en/matches/83f9e231/Newcastle-United-Athletic-Club-November-5-2025-Champions-League,,Newcastle United,https://fbref.com/en/squads/b2b47a98/Newcastle-United-Stats,https://fbref.com/en/comps/8/schedule/Champions-League-Scores-and-Fixtures,2026-02-12T05:18:33.818471+00:00
2025-11-09,14:00 (06:00),Premier League,Matchweek 11,Sun,Away,L,1,3,Brentford,51,"17,207",Bruno Guimarães,4-3-3,4-2-3-1,Stuart Attwell,https://fbref.com/en/matches/7398b723/Brentford-Newcastle-United-November-9-2025-Premier-League,,Newcastle United,https://fbref.com/en/squads/b2b47a98/Newcastle-United-Stats,https://fbref.com/en/comps/8/schedule/Champions-League-Scores-and-Fixtures,2026-02-12T05:18:33.818471+00:00
2025-11-22,17:30 (09:30),Premier League,Matchweek 12,Sat,Home,W,2,1,Manchester City,32,"52,181",Bruno Guimarães,4-5-1,4-3-2-1,Samuel Barrott,https://fbref.com/en/matches/efd005dc/Newcastle-United-Manchester-City-November-22-2025-Premier-League,,Newcastle United,https://fbref.com/en/squads/b2b47a98/Newcastle-United-Stats,https://fbref.com/en/comps/8/schedule/Champions-League-Scores-and-Fixtures,2026-02-12T05:18:33.818471+00:00
2025-11-25,21:00 (12:00),Champions Lg,League phase,Tue,Away,L,1,2,Marseille,43,"64,521",Bruno Guimarães,3-4-3,4-2-3-1,Maurizio Mariani,https://fbref.com/en/matches/e53305cc/Marseille-Newcastle-United-November-25-2025-Champions-League,,Newcastle United,https://fbref.com/en/squads/b2b47a98/Newcastle-United-Stats,https://fbref.com/en/comps/8/schedule/Champions-League-Scores-and-Fixtures,2026-02-12T05:18:33.818471+00:00
2025-11-29,17:30 (09:30),Premier League,Matchweek 13,Sat,Away,W,4,1,Everton,51,"52,489",Bruno Guimarães,4-3-3,4-2-3-1,Craig Pawson,https://fbref.com/en/matches/1e17ace9/Everton-Newcastle-United-November-29-2025-Premier-League,,Newcastle United,https://fbref.com/en/squads/b2b47a98/Newcastle-United-Stats,https://fbref.com/en/comps/8/schedule/Champions-League-Scores-and-Fixtures,2026-02-12T05:18:33.818471+00:00
2025-12-02,20:15 (12:15),Premier League,Matchweek 14,Tue,Home,D,2,2,Tottenham Hotspur,53,"52,007",Dan Burn,4-3-3,4-2-3-1,Thomas Bramall,https://fbref.com/en/matches/7c5f15be/Newcastle-United-Tottenham-Hotspur-December-2-2025-Premier-League,,Newcastle United,https://fbref.com/en/squads/b2b47a98/Newcastle-United-Stats,https://fbref.com/en/comps/8/schedule/Champions-League-Scores-and-Fixtures,2026-02-12T05:18:33.818471+00:00
2025-12-06,15:00 (07:00),Premier League,Matchweek 15,Sat,Home,W,2,1,Burnley,69,"52,041",Bruno Guimarães,4-3-3,4-3-3,Stuart Attwell,https://fbref.com/en/matches/e5ed4270/Newcastle-United-Burnley-December-6-2025-Premier-League,,Newcastle United,https://fbref.com/en/squads/b2b47a98/Newcastle-United-Stats,https://fbref.com/en/comps/8/schedule/Champions-League-Scores-and-Fixtures,2026-02-12T05:18:33.818471+00:00
2025-12-10,21:00 (12:00),Champions Lg,League phase,Wed,Away,D,2,2,Leverkusen,49,"30,210",Bruno Guimarães,4-3-3,3-4-3,Serdar Gözübüyük,https://fbref.com/en/matches/7a420467/Leverkusen-Newcastle-United-December-10-2025-Champions-League,,Newcastle United,https://fbref.com/en/squads/b2b47a98/Newcastle-United-Stats,https://fbref.com/en/comps/8/schedule/Champions-League-Scores-and-Fixtures,2026-02-12T05:18:33.818471+00:00
2025-12-14,14:00 (06:00),Premier League,Matchweek 16,Sun,Away,L,0,1,Sunderland,54,"47,158",Bruno Guimarães,4-3-3,4-2-3-1,Peter Bankes,https://fbref.com/en/matches/f0108982/Sunderland-Newcastle-United-December-14-2025-Premier-League,,Newcastle United,https://fbref.com/en/squads/b2b47a98/Newcastle-United-Stats,https://fbref.com/en/comps/8/schedule/Champions-League-Scores-and-Fixtures,2026-02-12T05:18:33.818471+00:00
2025-12-17,20:15 (12:15),EFL Cup,Quarter-finals,Wed,Home,W,2,1,Fulham,61,"51,301",Bruno Guimarães,4-3-3,4-2-3-1,Darren England,https://fbref.com/en/matches/a4a54bff/Newcastle-United-Fulham-December-17-2025-EFL-Cup,,Newcastle United,https://fbref.com/en/squads/b2b47a98/Newcastle-United-Stats,https://fbref.com/en/comps/8/schedule/Champions-League-Scores-and-Fixtures,2026-02-12T05:18:33.818471+00:00
2025-12-20,12:30 (04:30),Premier League,Matchweek 17,Sat,Home,D,2,2,Chelsea,47,"52,226",Bruno Guimarães,4-3-3,4-2-3-1,Andy Madley,https://fbref.com/en/matches/4972e40c/Newcastle-United-Chelsea-December-20-2025-Premier-League,,Newcastle United,https://fbref.com/en/squads/b2b47a98/Newcastle-United-Stats,https://fbref.com/en/comps/8/schedule/Champions-League-Scores-and-Fixtures,2026-02-12T05:18:33.818471+00:00
2025-12-26,20:00 (12:00),Premier League,Matchweek 18,Fri,Away,L,0,1,Manchester Utd,67,"73,996",Bruno Guimarães,4-3-3,4-2-3-1,Anthony Taylor,https://fbref.com/en/matches/aff462b8/Manchester-United-Newcastle-United-December-26-2025-Premier-League,,Newcastle United,https://fbref.com/en/squads/b2b47a98/Newcastle-United-Stats,https://fbref.com/en/comps/8/schedule/Champions-League-Scores-and-Fixtures,2026-02-12T05:18:33.818471+00:00
2025-12-30,19:30 (11:30),Premier League,Matchweek 19,Tue,Away,W,3,1,Burnley,51,"21,020",Bruno Guimarães,4-3-3,3-4-3,Robert Jones,https://fbref.com/en/matches/7e8f51ca/Burnley-Newcastle-United-December-30-2025-Premier-League,,Newcastle United,https://fbref.com/en/squads/b2b47a98/Newcastle-United-Stats,https://fbref.com/en/comps/8/schedule/Champions-League-Scores-and-Fixtures,2026-02-12T05:18:33.818471+00:00
2026-01-04,15:00 (07:00),Premier League,Matchweek 20,Sun,Home,W,2,0,Crystal Palace,59,"51,979",Bruno Guimarães,4-3-3,3-4-3,John Brooks,https://fbref.com/en/matches/b4262b3c/Newcastle-United-Crystal-Palace-January-4-2026-Premier-League,,Newcastle United,https://fbref.com/en/squads/b2b47a98/Newcastle-United-Stats,https://fbref.com/en/comps/8/schedule/Champions-League-Scores-and-Fixtures,2026-02-12T05:18:33.818471+00:00
2026-01-07,20:15 (12:15),Premier League,Matchweek 21,Wed,Home,W,4,3,Leeds United,63,"51,176",Bruno Guimarães,4-3-3,3-1-4-2,Michael Salisbury,https://fbref.com/en/matches/460a6353/Newcastle-United-Leeds-United-January-7-2026-Premier-League,,Newcastle United,https://fbref.com/en/squads/b2b47a98/Newcastle-United-Stats,https://fbref.com/en/comps/8/schedule/Champions-League-Scores-and-Fixtures,2026-02-12T05:18:33.818471+00:00
2026-01-10,15:00 (07:00),FA Cup,Third round proper,Sat,Home,D,3 (7),3 (6),Bournemouth,63,"51,563",Kieran Trippier,4-2-3-1,4-2-3-1,Thomas Bramall,https://fbref.com/en/matches/b814fb2f/Newcastle-United-Bournemouth-January-10-2026-FA-Cup,Newcastle United won on penalty kicks following extra time,Newcastle United,https://fbref.com/en/squads/b2b47a98/Newcastle-United-Stats,https://fbref.com/en/comps/8/schedule/Champions-League-Scores-and-Fixtures,2026-02-12T05:18:33.818471+00:00
2026-01-13,20:00 (12:00),EFL Cup,Semi-finals,Tue,Home,L,0,2,Manchester City,43,"51,392",Bruno Guimarães,4-3-3,4-1-4-1,Chris Kavanagh,https://fbref.com/en/matches/b280d46e/Newcastle-United-Manchester-City-January-13-2026-EFL-Cup,Leg 1 of 2,Newcastle United,https://fbref.com/en/squads/b2b47a98/Newcastle-United-Stats,https://fbref.com/en/comps/8/schedule/Champions-League-Scores-and-Fixtures,2026-02-12T05:18:33.818471+00:00
2026-01-18,14:00 (06:00),Premier League,Matchweek 22,Sun,Away,D,0,0,Wolves,66,"29,751",Bruno Guimarães,4-3-3,3-5-2,Samuel Barrott,https://fbref.com/en/matches/318b1da4/Wolverhampton-Wanderers-Newcastle-United-January-18-2026-Premier-League,,Newcastle United,https://fbref.com/en/squads/b2b47a98/Newcastle-United-Stats,https://fbref.com/en/comps/8/schedule/Champions-League-Scores-and-Fixtures,2026-02-12T05:18:33.818471+00:00
2026-01-21,20:00 (12:00),Champions Lg,League phase,Wed,Home,W,3,0,PSV,54,"52,076",Bruno Guimarães,4-3-3,4-2-3-1,Daniel Siebert,https://fbref.com/en/matches/e4cb71d9/Newcastle-United-PSV-Eindhoven-January-21-2026-Champions-League,,Newcastle United,https://fbref.com/en/squads/b2b47a98/Newcastle-United-Stats,https://fbref.com/en/comps/8/schedule/Champions-League-Scores-and-Fixtures,2026-02-12T05:18:33.818471+00:00
2026-01-25,14:00 (06:00),Premier League,Matchweek 23,Sun,Home,L,0,2,Aston Villa,60,"52,134",Kieran Trippier,4-3-3,4-2-3-1,Jarred Gillett,https://fbref.com/en/matches/fbd2a96b/Newcastle-United-Aston-Villa-January-25-2026-Premier-League,,Newcastle United,https://fbref.com/en/squads/b2b47a98/Newcastle-United-Stats,https://fbref.com/en/comps/8/schedule/Champions-League-Scores-and-Fixtures,2026-02-12T05:18:33.818471+00:00
2026-01-28,21:00 (12:00),Champions Lg,League phase,Wed,Away,D,1,1,Paris Saint-Germain,33,"47,637",Dan Burn,3-4-3,4-3-3,Slavko Vinčič,https://fbref.com/en/matches/783e17da/Paris-Saint-Germain-Newcastle-United-January-28-2026-Champions-League,,Newcastle United,https://fbref.com/en/squads/b2b47a98/Newcastle-United-Stats,https://fbref.com/en/comps/8/schedule/Champions-League-Scores-and-Fixtures,2026-02-12T05:18:33.818471+00:00
2026-01-31,20:00 (12:00),Premier League,Matchweek 24,Sat,Away,L,1,4,Liverpool,46,"60,416",Kieran Trippier,4-3-3,4-2-3-1,Simon Hooper,https://fbref.com/en/matches/753e73e5/Liverpool-Newcastle-United-January-31-2026-Premier-League,,Newcastle United,https://fbref.com/en/squads/b2b47a98/Newcastle-United-Stats,https://fbref.com/en/comps/8/schedule/Champions-League-Scores-and-Fixtures,2026-02-12T05:18:33.818471+00:00
2026-02-04,20:00 (12:00),EFL Cup,Semi-finals,Wed,Away,L,1,3,Manchester City,37,,Kieran Trippier,3-4-1-2,4-1-4-1,Tony Harrington,https://fbref.com/en/matches/59333c5f/Manchester-City-Newcastle-United-February-4-2026-EFL-Cup,Leg 2 of 2; Manchester City won,Newcastle United,https://fbref.com/en/squads/b2b47a98/Newcastle-United-Stats,https://fbref.com/en/comps/8/schedule/Champions-League-Scores-and-Fixtures,2026-02-12T05:18:33.818471+00:00
2026-02-07,17:30 (09:30),Premier League,Matchweek 25,Sat,Home,L,2,3,Brentford,54,"52,032",Bruno Guimarães,4-3-3,4-2-3-1,Andy Madley,https://fbref.com/en/matches/c576b069/Newcastle-United-Brentford-February-7-2026-Premier-League,,Newcastle United,https://fbref.com/en/squads/b2b47a98/Newcastle-United-Stats,https://fbref.com/en/comps/8/schedule/Champions-League-Scores-and-Fixtures,2026-02-12T05:18:33.818471+00:00
2026-02-10,19:30 (11:30),Premier League,Matchweek 26,Tue,Away,W,2,1,Tottenham Hotspur,47,"59,773",Bruno Guimarães,4-3-3,4-3-3,Anthony Taylor,https://fbref.com/en/matches/bacd18c5/Tottenham-Hotspur-Newcastle-United-February-10-2026-Premier-League,,Newcastle United,https://fbref.com/en/squads/b2b47a98/Newcastle-United-Stats,https://fbref.com/en/comps/8/schedule/Champions-League-Scores-and-Fixtures,2026-02-12T05:18:33.818471+00:00
2026-02-14,17:45 (09:45),FA Cup,Fourth round proper,Sat,Away,,,,Aston Villa,,,,,,,https://fbref.com/en/stathead/matchup/teams/b2b47a98/8602292d/Newcastle-United-vs-Aston-Villa-History,,Newcastle United,https://fbref.com/en/squads/b2b47a98/Newcastle-United-Stats,https://fbref.com/en/comps/8/schedule/Champions-League-Scores-and-Fixtures,2026-02-12T05:18:33.818471+00:00
2026-02-18,21:45 (09:45),Champions Lg,Knockout phase play-offs,Wed,Away,,,,Qarabağ,,,,,,,https://fbref.com/en/stathead/matchup/teams/b2b47a98/44b65410/Newcastle-United-vs-Qarabag-History,Leg 1 of 2,Newcastle United,https://fbref.com/en/squads/b2b47a98/Newcastle-United-Stats,https://fbref.com/en/comps/8/schedule/Champions-League-Scores-and-Fixtures,2026-02-12T05:18:33.818471+00:00
2026-02-21,20:00 (12:00),Premier League,Matchweek 27,Sat,Away,,,,Manchester City,,,,,,,https://fbref.com/en/stathead/matchup/teams/b8fd03ef/b2b47a98/Manchester-City-vs-Newcastle-United-History,,Newcastle United,https://fbref.com/en/squads/b2b47a98/Newcastle-United-Stats,https://fbref.com/en/comps/8/schedule/Champions-League-Scores-and-Fixtures,2026-02-12T05:18:33.818471+00:00
2026-02-24,20:00 (12:00),Champions Lg,Knockout phase play-offs,Tue,Home,,,,Qarabağ,,,,,,,https://fbref.com/en/stathead/matchup/teams/b2b47a98/44b65410/Newcastle-United-vs-Qarabag-History,Leg 2 of 2,Newcastle United,https://fbref.com/en/squads/b2b47a98/Newcastle-United-Stats,https://fbref.com/en/comps/8/schedule/Champions-League-Scores-and-Fixtures,2026-02-12T05:18:33.818471+00:00
2026-02-28,15:00 (07:00),Premier League,Matchweek 28,Sat,Home,,,,Everton,,,,,,,https://fbref.com/en/stathead/matchup/teams/d3fd31cc/b2b47a98/Everton-vs-Newcastle-United-History,,Newcastle United,https://fbref.com/en/squads/b2b47a98/Newcastle-United-Stats,https://fbref.com/en/comps/8/schedule/Champions-League-Scores-and-Fixtures,2026-02-12T05:18:33.818471+00:00
2026-03-04,20:15 (12:15),Premier League,Matchweek 29,Wed,Home,,,,Manchester Utd,,,,,,,https://fbref.com/en/stathead/matchup/teams/b2b47a98/19538871/Newcastle-United-vs-Manchester-United-History,,Newcastle United,https://fbref.com/en/squads/b2b47a98/Newcastle-United-Stats,https://fbref.com/en/comps/8/schedule/Champions-League-Scores-and-Fixtures,2026-02-12T05:18:33.818471+00:00
2026-03-14,17:30 (10:30),Premier League,Matchweek 30,Sat,Away,,,,Chelsea,,,,,,,https://fbref.com/en/stathead/matchup/teams/cff3d9bb/b2b47a98/Chelsea-vs-Newcastle-United-History,,Newcastle United,https://fbref.com/en/squads/b2b47a98/Newcastle-United-Stats,https://fbref.com/en/comps/8/schedule/Champions-League-Scores-and-Fixtures,2026-02-12T05:18:33.818471+00:00
2026-03-22,12:00 (05:00),Premier League,Matchweek 31,Sun,Home,,,,Sunderland,,,,,,,https://fbref.com/en/stathead/matchup/teams/b2b47a98/8ef52968/Newcastle-United-vs-Sunderland-History,,Newcastle United,https://fbref.com/en/squads/b2b47a98/Newcastle-United-Stats,https://fbref.com/en/comps/8/schedule/Champions-League-Scores-and-Fixtures,2026-02-12T05:18:33.818471+00:00
2026-04-11,15:00 (07:00),Premier League,Matchweek 32,Sat,Away,,,,Crystal Palace,,,,,,,https://fbref.com/en/stathead/matchup/teams/b2b47a98/47c64c55/Newcastle-United-vs-Crystal-Palace-History,,Newcastle United,https://fbref.com/en/squads/b2b47a98/Newcastle-United-Stats,https://fbref.com/en/comps/8/schedule/Champions-League-Scores-and-Fixtures,2026-02-12T05:18:33.818471+00:00
2026-04-18,15:00 (07:00),Premier League,Matchweek 33,Sat,Home,,,,Bournemouth,,,,,,,https://fbref.com/en/stathead/matchup/teams/b2b47a98/4ba7cbea/Newcastle-United-vs-Bournemouth-History,,Newcastle United,https://fbref.com/en/squads/b2b47a98/Newcastle-United-Stats,https://fbref.com/en/comps/8/schedule/Champions-League-Scores-and-Fixtures,2026-02-12T05:18:33.818471+00:00
2026-04-25,15:00 (07:00),Premier League,Matchweek 34,Sat,Away,,,,Arsenal,,,,,,,https://fbref.com/en/stathead/matchup/teams/b2b47a98/18bb7c10/Newcastle-United-vs-Arsenal-History,,Newcastle United,https://fbref.com/en/squads/b2b47a98/Newcastle-United-Stats,https://fbref.com/en/comps/8/schedule/Champions-League-Scores-and-Fixtures,2026-02-12T05:18:33.818471+00:00
2026-05-02,15:00 (07:00),Premier League,Matchweek 35,Sat,Home,,,,Brighton,,,,,,,https://fbref.com/en/stathead/matchup/teams/d07537b9/b2b47a98/Brighton-and-Hove-Albion-vs-Newcastle-United-History,,Newcastle United,https://fbref.com/en/squads/b2b47a98/Newcastle-United-Stats,https://fbref.com/en/comps/8/schedule/Champions-League-Scores-and-Fixtures,2026-02-12T05:18:33.818471+00:00
2026-05-09,15:00 (07:00),Premier League,Matchweek 36,Sat,Away,,,,Nottingham Forest,,,,,,,https://fbref.com/en/stathead/matchup/teams/e4a775cb/b2b47a98/Nottingham-Forest-vs-Newcastle-United-History,,Newcastle United,https://fbref.com/en/squads/b2b47a98/Newcastle-United-Stats,https://fbref.com/en/comps/8/schedule/Champions-League-Scores-and-Fixtures,2026-02-12T05:18:33.818471+00:00
2026-05-17,15:00 (07:00),Premier League,Matchweek 37,Sun,Home,,,,West Ham United,,,,,,,https://fbref.com/en/stathead/matchup/teams/b2b47a98/7c21e445/Newcastle-United-vs-West-Ham-United-History,,Newcastle United,https://fbref.com/en/squads/b2b47a98/Newcastle-United-Stats,https://fbref.com/en/comps/8/schedule/Champions-League-Scores-and-Fixtures,2026-02-12T05:18:33.818471+00:00
2026-05-24,16:00 (08:00),Premier League,Matchweek 38,Sun,Away,,,,Fulham,,,,,,,https://fbref.com/en/stathead/matchup/teams/fd962109/b2b47a98/Fulham-vs-Newcastle-United-History,,Newcastle United,https://fbref.com/en/squads/b2b47a98/Newcastle-United-Stats,https://fbref.com/en/comps/8/schedule/Champions-League-Scores-and-Fixtures,2026-02-12T05:18:33.818471+00:00
2025-08-23,20:00 (10:00),Super League,Regular season,Sat,Home,W,2,0,Asteras Tripoli,,,Kostas Tzolakis,4-2-3-1,4-4-2,Tasos Sidiropoulos,https://fbref.com/en/matches/bd50034b/Olympiacos-Asteras-Tripoli-August-23-2025-Super-League-Greece,,Olympiacos,https://fbref.com/en/squads/2fdb4aef/Olympiacos-Stats,https://fbref.com/en/comps/8/schedule/Champions-League-Scores-and-Fixtures,2026-02-12T05:18:34.066897+00:00
2025-08-30,19:00 (09:00),Super League,Regular season,Sat,Away,W,2,0,Volos N.F.C.,,"9,259",Panagiotis Retsos,4-2-3-1,4-2-3-1,Stavros Tsimenteridis,https://fbref.com/en/matches/4cd29a17/Volos-NFC-Olympiacos-August-30-2025-Super-League-Greece,,Olympiacos,https://fbref.com/en/squads/2fdb4aef/Olympiacos-Stats,https://fbref.com/en/comps/8/schedule/Champions-League-Scores-and-Fixtures,2026-02-12T05:18:34.066897+00:00
2025-09-13,18:00 (08:00),Super League,Regular season,Sat,Home,W,5,0,Panserraikos,,"30,000",Panagiotis Retsos,4-2-3-1,4-4-2,Spyridon Zampalas,https://fbref.com/en/matches/e0f008cb/Olympiacos-Panserraikos-September-13-2025-Super-League-Greece,,Olympiacos,https://fbref.com/en/squads/2fdb4aef/Olympiacos-Stats,https://fbref.com/en/comps/8/schedule/Champions-League-Scores-and-Fixtures,2026-02-12T05:18:34.066897+00:00
2025-09-17,19:45 (09:45),Champions Lg,League phase,Wed,Home,D,0,0,Pafos FC,69,"32,050",Panagiotis Retsos,4-2-3-1,4-1-4-1,István Kovács,https://fbref.com/en/matches/24c159e8/Olympiacos-Pafos-FC-September-17-2025-Champions-League,,Olympiacos,https://fbref.com/en/squads/2fdb4aef/Olympiacos-Stats,https://fbref.com/en/comps/8/schedule/Champions-League-Scores-and-Fixtures,2026-02-12T05:18:34.066897+00:00
2025-09-21,21:00 (11:00),Super League,Regular season,Sun,Away,D,1,1,Panathinaikos,,"11,880",Panagiotis Retsos,4-2-3-1,4-2-3-1,Deniz Aytekin,https://fbref.com/en/matches/1b8746d4/Panathinaikos-Olympiacos-September-21-2025-Super-League-Greece,,Olympiacos,https://fbref.com/en/squads/2fdb4aef/Olympiacos-Stats,https://fbref.com/en/comps/8/schedule/Champions-League-Scores-and-Fixtures,2026-02-12T05:18:34.066897+00:00
2025-09-27,18:00 (08:00),Super League,Regular season,Sat,Home,W,3,2,Levadiakos,,"30,500",Panagiotis Retsos,4-2-3-1,4-2-3-1,Alexandros Katsikogiannis,https://fbref.com/en/matches/36afbf3d/Olympiacos-Levadiakos-September-27-2025-Super-League-Greece,,Olympiacos,https://fbref.com/en/squads/2fdb4aef/Olympiacos-Stats,https://fbref.com/en/comps/8/schedule/Champions-League-Scores-and-Fixtures,2026-02-12T05:18:34.066897+00:00
2025-10-01,20:00 (12:00),Champions Lg,League phase,Wed,Away,L,0,2,Arsenal,39,"56,820",Panagiotis Retsos,4-2-3-1,4-3-3,François Letexier,https://fbref.com/en/matches/9b470fba/Arsenal-Olympiacos-October-1-2025-Champions-League,,Olympiacos,https://fbref.com/en/squads/2fdb4aef/Olympiacos-Stats,https://fbref.com/en/comps/8/schedule/Champions-League-Scores-and-Fixtures,2026-02-12T05:18:34.066897+00:00
2025-10-05,20:30 (10:30),Super League,Regular season,Sun,Away,L,1,2,PAOK,,"23,961",Kostas Tzolakis,4-2-3-1,4-2-3-1,Harm Osmers,https://fbref.com/en/matches/b4fddde6/PAOK-Olympiacos-October-5-2025-Super-League-Greece,,Olympiacos,https://fbref.com/en/squads/2fdb4aef/Olympiacos-Stats,https://fbref.com/en/comps/8/schedule/Champions-League-Scores-and-Fixtures,2026-02-12T05:18:34.066897+00:00
2025-10-18,17:00 (07:00),Super League,Regular season,Sat,Away,W,2,0,Larissa,,"10,184",Panagiotis Retsos,4-2-3-1,4-4-2,Alexandros Tsakalidis,https://fbref.com/en/matches/dfefd109/Larissa-Olympiacos-October-18-2025-Super-League-Greece,,Olympiacos,https://fbref.com/en/squads/2fdb4aef/Olympiacos-Stats,https://fbref.com/en/comps/8/schedule/Champions-League-Scores-and-Fixtures,2026-02-12T05:18:34.066897+00:00
2025-10-21,18:45 (09:45),Champions Lg,League phase,Tue,Away,L,1,6,Barcelona,28,"46,264",Panagiotis Retsos,4-2-3-1,4-2-3-1,Urs Schnyder,https://fbref.com/en/matches/d1cd53ab/Barcelona-Olympiacos-October-21-2025-Champions-League,,Olympiacos,https://fbref.com/en/squads/2fdb4aef/Olympiacos-Stats,https://fbref.com/en/comps/8/schedule/Champions-League-Scores-and-Fixtures,2026-02-12T05:18:34.066897+00:00
2025-10-26,21:00 (12:00),Super League,Regular season,Sun,Home,W,2,0,AEK Athens,,"32,930",Panagiotis Retsos,4-2-3-1,4-2-3-1,Uroš Stojković,https://fbref.com/en/matches/992ecac4/Olympiacos-AEK-Athens-October-26-2025-Super-League-Greece,,Olympiacos,https://fbref.com/en/squads/2fdb4aef/Olympiacos-Stats,https://fbref.com/en/comps/8/schedule/Champions-League-Scores-and-Fixtures,2026-02-12T05:18:34.066897+00:00
2025-11-01,20:00 (11:00),Super League,Regular season,Sat,Home,W,2,1,Aris,,"31,000",Panagiotis Retsos,4-2-3-1,4-4-2,Daniel Siebert,https://fbref.com/en/matches/cc2038f1/Olympiacos-Aris-November-1-2025-Super-League-Greece,,Olympiacos,https://fbref.com/en/squads/2fdb4aef/Olympiacos-Stats,https://fbref.com/en/comps/8/schedule/Champions-League-Scores-and-Fixtures,2026-02-12T05:18:34.066897+00:00
2025-11-04,22:00 (12:00),Champions Lg,League phase,Tue,Home,D,1,1,PSV,40,"32,570",Panagiotis Retsos,4-2-3-1,4-2-3-1,Clément Turpin,https://fbref.com/en/matches/f11d1d87/Olympiacos-PSV-Eindhoven-November-4-2025-Champions-League,,Olympiacos,https://fbref.com/en/squads/2fdb4aef/Olympiacos-Stats,https://fbref.com/en/comps/8/schedule/Champions-League-Scores-and-Fixtures,2026-02-12T05:18:34.066897+00:00
2025-11-09,15:00 (05:00),Super League,Regular season,Sun,Away,W,3,1,AO Kifisia,,"1,940",Panagiotis Retsos,4-2-3-1,4-1-4-1,Christos Vergetis,https://fbref.com/en/matches/fa389d0b/AO-Kifisia-Olympiacos-November-9-2025-Super-League-Greece,,Olympiacos,https://fbref.com/en/squads/2fdb4aef/Olympiacos-Stats,https://fbref.com/en/comps/8/schedule/Champions-League-Scores-and-Fixtures,2026-02-12T05:18:34.066897+00:00
2025-11-22,20:00 (10:00),Super League,Regular season,Sat,Home,W,3,0,Atromitos,,"30,001",Panagiotis Retsos,4-2-3-1,4-2-3-1,Tasos Sidiropoulos,https://fbref.com/en/matches/b1b6c776/Olympiacos-Atromitos-November-22-2025-Super-League-Greece,,Olympiacos,https://fbref.com/en/squads/2fdb4aef/Olympiacos-Stats,https://fbref.com/en/comps/8/schedule/Champions-League-Scores-and-Fixtures,2026-02-12T05:18:34.066897+00:00
2025-11-26,22:00 (12:00),Champions Lg,League phase,Wed,Home,L,3,4,Real Madrid,41,"32,325",Panagiotis Retsos,4-2-3-1,4-2-3-1,Michael Oliver,https://fbref.com/en/matches/4218b93a/Olympiacos-Real-Madrid-November-26-2025-Champions-League,,Olympiacos,https://fbref.com/en/squads/2fdb4aef/Olympiacos-Stats,https://fbref.com/en/comps/8/schedule/Champions-League-Scores-and-Fixtures,2026-02-12T05:18:34.066897+00:00
2025-11-30,17:00 (07:00),Super League,Regular season,Sun,Away,W,1,0,Panetolikos,,"3,061",Panagiotis Retsos,4-4-1-1,4-2-3-1,Alexandros Tsakalidis,https://fbref.com/en/matches/efeafa31/Panetolikos-Olympiacos-November-30-2025-Super-League-Greece,,Olympiacos,https://fbref.com/en/squads/2fdb4aef/Olympiacos-Stats,https://fbref.com/en/comps/8/schedule/Champions-League-Scores-and-Fixtures,2026-02-12T05:18:34.066897+00:00
2025-12-06,17:00 (07:00),Super League,Regular season,Sat,Home,W,3,0,OFI Crete,,"28,759",Rodinei,4-2-3-1,4-2-3-1,Fotis Polychronis,https://fbref.com/en/matches/27db6de7/Olympiacos-OFI-Crete-December-6-2025-Super-League-Greece,,Olympiacos,https://fbref.com/en/squads/2fdb4aef/Olympiacos-Stats,https://fbref.com/en/comps/8/schedule/Champions-League-Scores-and-Fixtures,2026-02-12T05:18:34.066897+00:00
2025-12-09,20:30 (07:30),Champions Lg,League phase,Tue,Away,W,1,0,kz FC Kairat,54,"19,463",Rodinei,4-2-3-1,4-2-3-1,Juan Martínez,https://fbref.com/en/matches/d86d814b/FC-Kairat-Olympiacos-December-9-2025-Champions-League,,Olympiacos,https://fbref.com/en/squads/2fdb4aef/Olympiacos-Stats,https://fbref.com/en/comps/8/schedule/Champions-League-Scores-and-Fixtures,2026-02-12T05:18:34.066897+00:00
2025-12-14,20:00 (10:00),Super League,Regular season,Sun,Away,D,0,0,Aris,,"4,876",Kostas Tzolakis,4-2-3-1,4-2-3-1,Sven Jablonski,https://fbref.com/en/matches/c7f91fc7/Aris-Olympiacos-December-14-2025-Super-League-Greece,,Olympiacos,https://fbref.com/en/squads/2fdb4aef/Olympiacos-Stats,https://fbref.com/en/comps/8/schedule/Champions-League-Scores-and-Fixtures,2026-02-12T05:18:34.066897+00:00
2025-12-20,20:30 (10:30),Super League,Regular season,Sat,Home,D,1,1,AO Kifisia,,"29,501",Panagiotis Retsos,4-2-3-1,4-2-3-1,Angelos Evangelou,https://fbref.com/en/matches/ac6721d6/Olympiacos-AO-Kifisia-December-20-2025-Super-League-Greece,,Olympiacos,https://fbref.com/en/squads/2fdb4aef/Olympiacos-Stats,https://fbref.com/en/comps/8/schedule/Champions-League-Scores-and-Fixtures,2026-02-12T05:18:34.066897+00:00
2026-01-10,19:30 (09:30),Super League,Regular season,Sat,Away,W,2,0,Atromitos,,"2,818",Kostas Tzolakis,4-2-3-1,4-2-3-1,Stavros Tsimenteridis,https://fbref.com/en/matches/7737fb4f/Atromitos-Olympiacos-January-10-2026-Super-League-Greece,,Olympiacos,https://fbref.com/en/squads/2fdb4aef/Olympiacos-Stats,https://fbref.com/en/comps/8/schedule/Champions-League-Scores-and-Fixtures,2026-02-12T05:18:34.066897+00:00
2026-01-20,22:00 (12:00),Champions Lg,League phase,Tue,Home,W,2,0,Leverkusen,28,"32,400",Panagiotis Retsos,4-2-3-1,3-4-3,Maurizio Mariani,https://fbref.com/en/matches/8b67bd16/Olympiacos-Leverkusen-January-20-2026-Champions-League,,Olympiacos,https://fbref.com/en/squads/2fdb4aef/Olympiacos-Stats,https://fbref.com/en/comps/8/schedule/Champions-League-Scores-and-Fixtures,2026-02-12T05:18:34.066897+00:00
2026-01-24,17:00 (07:00),Super League,Regular season,Sat,Home,W,1,0,Volos N.F.C.,,,Kostas Tzolakis,4-2-3-1,4-2-3-1,Tasos Sidiropoulos,https://fbref.com/en/matches/5648630a/Olympiacos-Volos-NFC-January-24-2026-Super-League-Greece,,Olympiacos,https://fbref.com/en/squads/2fdb4aef/Olympiacos-Stats,https://fbref.com/en/comps/8/schedule/Champions-League-Scores-and-Fixtures,2026-02-12T05:18:34.066897+00:00
2026-01-28,21:00 (12:00),Champions Lg,League phase,Wed,Away,W,2,1,Ajax,37,"51,719",Panagiotis Retsos,4-2-3-1,4-2-3-1,François Letexier,https://fbref.com/en/matches/d4d9df62/Ajax-Olympiacos-January-28-2026-Champions-League,,Olympiacos,https://fbref.com/en/squads/2fdb4aef/Olympiacos-Stats,https://fbref.com/en/comps/8/schedule/Champions-League-Scores-and-Fixtures,2026-02-12T05:18:34.066897+00:00
2026-02-01,21:00 (11:00),Super League,Regular season,Sun,Away,D,1,1,AEK Athens,,"31,100",Panagiotis Retsos,4-2-3-1,4-4-2,Danny Makkelie,https://fbref.com/en/matches/d699d4ea/AEK-Athens-Olympiacos-February-1-2026-Super-League-Greece,,Olympiacos,https://fbref.com/en/squads/2fdb4aef/Olympiacos-Stats,https://fbref.com/en/comps/8/schedule/Champions-League-Scores-and-Fixtures,2026-02-12T05:18:34.066897+00:00
2026-02-04,18:30 (08:30),Super League,Regular season,Wed,Away,W,3,0,Asteras Tripoli,,,Panagiotis Retsos,4-2-3-1,4-2-3-1,Alexandros Katsikogiannis,https://fbref.com/en/matches/e00b8a0b/Asteras-Tripoli-Olympiacos-February-4-2026-Super-League-Greece,,Olympiacos,https://fbref.com/en/squads/2fdb4aef/Olympiacos-Stats,https://fbref.com/en/comps/8/schedule/Champions-League-Scores-and-Fixtures,2026-02-12T05:18:34.066897+00:00
2026-02-08,21:00 (11:00),Super League,Regular season,Sun,Home,L,0,1,Panathinaikos,,,Panagiotis Retsos,4-2-3-1,3-4-3,Erik Lambrechts,https://fbref.com/en/matches/2ce2f84d/Olympiacos-Panathinaikos-February-8-2026-Super-League-Greece,,Olympiacos,https://fbref.com/en/squads/2fdb4aef/Olympiacos-Stats,https://fbref.com/en/comps/8/schedule/Champions-League-Scores-and-Fixtures,2026-02-12T05:18:34.066897+00:00
2026-02-14,19:30 (09:30),Super League,Regular season,Sat,Away,,,,Levadiakos,,,,,,,https://fbref.com/en/stathead/matchup/teams/2fdb4aef/2fb7213e/Olympiacos-vs-Levadiakos-History,,Olympiacos,https://fbref.com/en/squads/2fdb4aef/Olympiacos-Stats,https://fbref.com/en/comps/8/schedule/Champions-League-Scores-and-Fixtures,2026-02-12T05:18:34.066897+00:00
2026-02-18,22:00 (12:00),Champions Lg,Knockout phase play-offs,Wed,Home,,,,Leverkusen,,,,,,,https://fbref.com/en/stathead/matchup/teams/c7a9f859/2fdb4aef/Leverkusen-vs-Olympiacos-History,Leg 1 of 2,Olympiacos,https://fbref.com/en/squads/2fdb4aef/Olympiacos-Stats,https://fbref.com/en/comps/8/schedule/Champions-League-Scores-and-Fixtures,2026-02-12T05:18:34.066897+00:00
2026-02-21,17:00 (07:00),Super League,Regular season,Sat,Home,,,,Panetolikos,,,,,,,https://fbref.com/en/stathead/matchup/teams/6fc21c65/2fdb4aef/Panetolikos-vs-Olympiacos-History,,Olympiacos,https://fbref.com/en/squads/2fdb4aef/Olympiacos-Stats,https://fbref.com/en/comps/8/schedule/Champions-League-Scores-and-Fixtures,2026-02-12T05:18:34.066897+00:00
2026-02-24,21:00 (12:00),Champions Lg,Knockout phase play-offs,Tue,Away,,,,Leverkusen,,,,,,,https://fbref.com/en/stathead/matchup/teams/c7a9f859/2fdb4aef/Leverkusen-vs-Olympiacos-History,Leg 2 of 2,Olympiacos,https://fbref.com/en/squads/2fdb4aef/Olympiacos-Stats,https://fbref.com/en/comps/8/schedule/Champions-League-Scores-and-Fixtures,2026-02-12T05:18:34.066897+00:00
2026-03-01,16:00 (06:00),Super League,Regular season,Sun,Away,,,,Panserraikos,,,,,,,https://fbref.com/en/stathead/matchup/teams/31b8553d/2fdb4aef/Panserraikos-vs-Olympiacos-History,,Olympiacos,https://fbref.com/en/squads/2fdb4aef/Olympiacos-Stats,https://fbref.com/en/comps/8/schedule/Champions-League-Scores-and-Fixtures,2026-02-12T05:18:34.066897+00:00
2026-03-08,21:00 (12:00),Super League,Regular season,Sun,Home,,,,PAOK,,,,,,,https://fbref.com/en/stathead/matchup/teams/5a5e7874/2fdb4aef/PAOK-vs-Olympiacos-History,,Olympiacos,https://fbref.com/en/squads/2fdb4aef/Olympiacos-Stats,https://fbref.com/en/comps/8/schedule/Champions-League-Scores-and-Fixtures,2026-02-12T05:18:34.066897+00:00
2026-03-14,17:00 (08:00),Super League,Regular season,Sat,Away,,,,OFI Crete,,,,,,,https://fbref.com/en/stathead/matchup/teams/80b1ef30/2fdb4aef/OFI-Crete-vs-Olympiacos-History,,Olympiacos,https://fbref.com/en/squads/2fdb4aef/Olympiacos-Stats,https://fbref.com/en/comps/8/schedule/Champions-League-Scores-and-Fixtures,2026-02-12T05:18:34.066897+00:00
2026-03-22,19:00 (10:00),Super League,Regular season,Sun,Home,,,,Larissa,,,,,,,https://fbref.com/en/stathead/matchup/teams/9478ac3f/2fdb4aef/Larissa-vs-Olympiacos-History,,Olympiacos,https://fbref.com/en/squads/2fdb4aef/Olympiacos-Stats,https://fbref.com/en/comps/8/schedule/Champions-League-Scores-and-Fixtures,2026-02-12T05:18:34.066897+00:00
2025-08-13,21:00 (12:00),Super Cup,UEFA Super Cup,Wed,Neutral,D,2 (4),2 (3),Tottenham Hotspur,74,"21,025",Marquinhos,4-3-3,4-3-3,João Pinheiro,https://fbref.com/en/matches/7eef879c/Paris-Saint-Germain-Tottenham-Hotspur-August-13-2025-UEFA-Super-Cup,Paris Saint-Germain won on penalty kicks following normal time,Paris Saint-Germain,https://fbref.com/en/squads/e2d8892c/Paris-Saint-Germain-Stats,https://fbref.com/en/comps/8/schedule/Champions-League-Scores-and-Fixtures,2026-02-12T05:18:34.317961+00:00
2025-08-17,20:45 (11:45),Ligue 1,Matchweek 1,Sun,Away,W,1,0,Nantes,71,"34,053",Vitinha,4-3-3,4-1-4-1,Benoît Bastien,https://fbref.com/en/matches/8ed2fa41/Nantes-Paris-Saint-Germain-August-17-2025-Ligue-1,,Paris Saint-Germain,https://fbref.com/en/squads/e2d8892c/Paris-Saint-Germain-Stats,https://fbref.com/en/comps/8/schedule/Champions-League-Scores-and-Fixtures,2026-02-12T05:18:34.317961+00:00
2025-08-22,20:45 (11:45),Ligue 1,Matchweek 2,Fri,Home,W,1,0,Angers,83,"47,401",Marquinhos,4-3-3,3-5-2,Hakim Ben El Hadj Salem,https://fbref.com/en/matches/d1b5836d/Paris-Saint-Germain-Angers-August-22-2025-Ligue-1,,Paris Saint-Germain,https://fbref.com/en/squads/e2d8892c/Paris-Saint-Germain-Stats,https://fbref.com/en/comps/8/schedule/Champions-League-Scores-and-Fixtures,2026-02-12T05:18:34.317961+00:00
2025-08-30,21:05 (12:05),Ligue 1,Matchweek 3,Sat,Away,W,6,3,Toulouse,76,"31,515",Achraf Hakimi,4-3-3,5-4-1,Eric Wattellier,https://fbref.com/en/matches/3a38fbf2/Toulouse-Paris-Saint-Germain-August-30-2025-Ligue-1,,Paris Saint-Germain,https://fbref.com/en/squads/e2d8892c/Paris-Saint-Germain-Stats,https://fbref.com/en/comps/8/schedule/Champions-League-Scores-and-Fixtures,2026-02-12T05:18:34.317961+00:00
2025-09-14,17:15 (08:15),Ligue 1,Matchweek 4,Sun,Home,W,2,0,Lens,68,"47,642",Achraf Hakimi,4-3-3,3-4-3,Jérémie Pignard,https://fbref.com/en/matches/e8f63a9b/Paris-Saint-Germain-Lens-September-14-2025-Ligue-1,,Paris Saint-Germain,https://fbref.com/en/squads/e2d8892c/Paris-Saint-Germain-Stats,https://fbref.com/en/comps/8/schedule/Champions-League-Scores-and-Fixtures,2026-02-12T05:18:34.317961+00:00
2025-09-17,21:00 (12:00),Champions Lg,League phase,Wed,Home,W,4,0,Atalanta,67,"47,151",Marquinhos,4-3-3,3-4-1-2,Sandro Schärer,https://fbref.com/en/matches/d7a07227/Paris-Saint-Germain-Atalanta-September-17-2025-Champions-League,,Paris Saint-Germain,https://fbref.com/en/squads/e2d8892c/Paris-Saint-Germain-Stats,https://fbref.com/en/comps/8/schedule/Champions-League-Scores-and-Fixtures,2026-02-12T05:18:34.317961+00:00
2025-09-22,20:00 (11:00),Ligue 1,Matchweek 5,Mon,Away,L,0,1,Marseille,68,"66,190",Marquinhos,3-5-2,3-4-3,Jérôme Brisard,https://fbref.com/en/matches/e53e3ae2/Marseille-Paris-Saint-Germain-September-22-2025-Ligue-1,,Paris Saint-Germain,https://fbref.com/en/squads/e2d8892c/Paris-Saint-Germain-Stats,https://fbref.com/en/comps/8/schedule/Champions-League-Scores-and-Fixtures,2026-02-12T05:18:34.317961+00:00
2025-09-27,21:05 (12:05),Ligue 1,Matchweek 6,Sat,Home,W,2,0,Auxerre,66,"47,792",Vitinha,4-3-3,5-4-1,Thomas Léonard,https://fbref.com/en/matches/1012a2a6/Paris-Saint-Germain-Auxerre-September-27-2025-Ligue-1,,Paris Saint-Germain,https://fbref.com/en/squads/e2d8892c/Paris-Saint-Germain-Stats,https://fbref.com/en/comps/8/schedule/Champions-League-Scores-and-Fixtures,2026-02-12T05:18:34.317961+00:00
2025-10-01,21:00 (12:00),Champions Lg,League phase,Wed,Away,W,2,1,Barcelona,53,"50,207",Achraf Hakimi,4-3-3,4-2-3-1,Michael Oliver,https://fbref.com/en/matches/01f948be/Barcelona-Paris-Saint-Germain-October-1-2025-Champions-League,,Paris Saint-Germain,https://fbref.com/en/squads/e2d8892c/Paris-Saint-Germain-Stats,https://fbref.com/en/comps/8/schedule/Champions-League-Scores-and-Fixtures,2026-02-12T05:18:34.317961+00:00
2025-10-05,20:45 (11:45),Ligue 1,Matchweek 7,Sun,Away,D,1,1,Lille,62,"47,355",Warren Zaïre-Emery,4-3-3,4-3-3,Benoît Bastien,https://fbref.com/en/matches/d476968b/Lille-Paris-Saint-Germain-October-5-2025-Ligue-1,,Paris Saint-Germain,https://fbref.com/en/squads/e2d8892c/Paris-Saint-Germain-Stats,https://fbref.com/en/comps/8/schedule/Champions-League-Scores-and-Fixtures,2026-02-12T05:18:34.317961+00:00
2025-10-17,20:45 (11:45),Ligue 1,Matchweek 8,Fri,Home,D,3,3,Strasbourg,71,"47,754",Warren Zaïre-Emery,4-3-3,3-4-3,Clément Turpin,https://fbref.com/en/matches/99baddf3/Paris-Saint-Germain-Strasbourg-October-17-2025-Ligue-1,,Paris Saint-Germain,https://fbref.com/en/squads/e2d8892c/Paris-Saint-Germain-Stats,https://fbref.com/en/comps/8/schedule/Champions-League-Scores-and-Fixtures,2026-02-12T05:18:34.317961+00:00
2025-10-21,21:00 (12:00),Champions Lg,League phase,Tue,Away,W,7,2,Leverkusen,71,"30,210",Achraf Hakimi,4-3-3,3-4-3,Jesús Gil,https://fbref.com/en/matches/b3c2cd75/Leverkusen-Paris-Saint-Germain-October-21-2025-Champions-League,,Paris Saint-Germain,https://fbref.com/en/squads/e2d8892c/Paris-Saint-Germain-Stats,https://fbref.com/en/comps/8/schedule/Champions-League-Scores-and-Fixtures,2026-02-12T05:18:34.317961+00:00
2025-10-25,17:00 (08:00),Ligue 1,Matchweek 9,Sat,Away,W,3,0,Brest,75,"14,978",Achraf Hakimi,4-3-3,4-2-3-1,Jérémie Pignard,https://fbref.com/en/matches/c95d53be/Brest-Paris-Saint-Germain-October-25-2025-Ligue-1,,Paris Saint-Germain,https://fbref.com/en/squads/e2d8892c/Paris-Saint-Germain-Stats,https://fbref.com/en/comps/8/schedule/Champions-League-Scores-and-Fixtures,2026-02-12T05:18:34.317961+00:00
2025-10-29,19:00 (11:00),Ligue 1,Matchweek 10,Wed,Away,D,1,1,Lorient,78,"16,706",Marquinhos,4-3-3,5-4-1,Willy Delajod,https://fbref.com/en/matches/fae0cebf/Lorient-Paris-Saint-Germain-October-29-2025-Ligue-1,,Paris Saint-Germain,https://fbref.com/en/squads/e2d8892c/Paris-Saint-Germain-Stats,https://fbref.com/en/comps/8/schedule/Champions-League-Scores-and-Fixtures,2026-02-12T05:18:34.317961+00:00
2025-11-01,17:00 (09:00),Ligue 1,Matchweek 11,Sat,Home,W,1,0,Nice,77,"47,629",Achraf Hakimi,4-3-3,5-4-1,François Letexier,https://fbref.com/en/matches/3f271d67/Paris-Saint-Germain-Nice-November-1-2025-Ligue-1,,Paris Saint-Germain,https://fbref.com/en/squads/e2d8892c/Paris-Saint-Germain-Stats,https://fbref.com/en/comps/8/schedule/Champions-League-Scores-and-Fixtures,2026-02-12T05:18:34.317961+00:00
2025-11-04,21:00 (12:00),Champions Lg,League phase,Tue,Home,L,1,2,Bayern Munich,71,"45,747",Marquinhos,4-3-3,4-2-3-1,Maurizio Mariani,https://fbref.com/en/matches/29822d1e/Paris-Saint-Germain-Bayern-Munich-November-4-2025-Champions-League,,Paris Saint-Germain,https://fbref.com/en/squads/e2d8892c/Paris-Saint-Germain-Stats,https://fbref.com/en/comps/8/schedule/Champions-League-Scores-and-Fixtures,2026-02-12T05:18:34.317961+00:00
2025-11-09,20:45 (11:45),Ligue 1,Matchweek 12,Sun,Away,W,3,2,Lyon,72,"58,257",Vitinha,4-3-3,4-2-3-1,Benoît Bastien,https://fbref.com/en/matches/76c23d28/Lyon-Paris-Saint-Germain-November-9-2025-Ligue-1,,Paris Saint-Germain,https://fbref.com/en/squads/e2d8892c/Paris-Saint-Germain-Stats,https://fbref.com/en/comps/8/schedule/Champions-League-Scores-and-Fixtures,2026-02-12T05:18:34.317961+00:00
2025-11-22,21:05 (12:05),Ligue 1,Matchweek 13,Sat,Home,W,3,0,Le Havre,65,"47,694",Vitinha,4-3-3,4-1-3-2,Mathieu Vernice,https://fbref.com/en/matches/a64360fe/Paris-Saint-Germain-Le-Havre-November-22-2025-Ligue-1,,Paris Saint-Germain,https://fbref.com/en/squads/e2d8892c/Paris-Saint-Germain-Stats,https://fbref.com/en/comps/8/schedule/Champions-League-Scores-and-Fixtures,2026-02-12T05:18:34.317961+00:00
2025-11-26,21:00 (12:00),Champions Lg,League phase,Wed,Home,W,5,3,Tottenham Hotspur,67,"47,574",Marquinhos,4-3-3,4-2-2-2,Felix Zwayer,https://fbref.com/en/matches/cff71a79/Paris-Saint-Germain-Tottenham-Hotspur-November-26-2025-Champions-League,,Paris Saint-Germain,https://fbref.com/en/squads/e2d8892c/Paris-Saint-Germain-Stats,https://fbref.com/en/comps/8/schedule/Champions-League-Scores-and-Fixtures,2026-02-12T05:18:34.317961+00:00
2025-11-29,17:00 (08:00),Ligue 1,Matchweek 14,Sat,Away,L,0,1,Monaco,57,"11,546",Marquinhos,4-3-3,4-2-3-1,Clément Turpin,https://fbref.com/en/matches/6ed4169c/Monaco-Paris-Saint-Germain-November-29-2025-Ligue-1,,Paris Saint-Germain,https://fbref.com/en/squads/e2d8892c/Paris-Saint-Germain-Stats,https://fbref.com/en/comps/8/schedule/Champions-League-Scores-and-Fixtures,2026-02-12T05:18:34.317961+00:00
2025-12-06,21:05 (12:05),Ligue 1,Matchweek 15,Sat,Home,W,5,0,Rennes,66,"47,823",Marquinhos,4-3-3,3-5-2,Marc Bollengier,https://fbref.com/en/matches/13c41c30/Paris-Saint-Germain-Rennes-December-6-2025-Ligue-1,,Paris Saint-Germain,https://fbref.com/en/squads/e2d8892c/Paris-Saint-Germain-Stats,https://fbref.com/en/comps/8/schedule/Champions-League-Scores-and-Fixtures,2026-02-12T05:18:34.317961+00:00
2025-12-10,21:00 (12:00),Champions Lg,League phase,Wed,Away,D,0,0,Athletic Club,72,"51,772",Marquinhos,4-3-3,4-2-3-1,Daniel Siebert,https://fbref.com/en/matches/95dd2723/Athletic-Club-Paris-Saint-Germain-December-10-2025-Champions-League,,Paris Saint-Germain,https://fbref.com/en/squads/e2d8892c/Paris-Saint-Germain-Stats,https://fbref.com/en/comps/8/schedule/Champions-League-Scores-and-Fixtures,2026-02-12T05:18:34.317961+00:00
2025-12-13,19:00 (10:00),Ligue 1,Matchweek 16,Sat,Away,W,3,2,Metz,59,"28,500",Vitinha,4-3-3,4-2-3-1,Romain Lissorgue,https://fbref.com/en/matches/6fce1682/Metz-Paris-Saint-Germain-December-13-2025-Ligue-1,,Paris Saint-Germain,https://fbref.com/en/squads/e2d8892c/Paris-Saint-Germain-Stats,https://fbref.com/en/comps/8/schedule/Champions-League-Scores-and-Fixtures,2026-02-12T05:18:34.317961+00:00
2025-12-20,21:00 (12:00),Coupe de France,Round of 64,Sat,Away,W,4,0,Vendée Fontenay Foot,77,,Ousmane Dembélé,4-3-3,4-3-3,Jeremy Stinat,https://fbref.com/en/matches/519ec51b/Vendee-Fontenay-Foot-Paris-Saint-Germain-December-20-2025-Coupe-de-France,,Paris Saint-Germain,https://fbref.com/en/squads/e2d8892c/Paris-Saint-Germain-Stats,https://fbref.com/en/comps/8/schedule/Champions-League-Scores-and-Fixtures,2026-02-12T05:18:34.317961+00:00
2026-01-04,20:45 (11:45),Ligue 1,Matchweek 17,Sun,Home,W,2,1,Paris FC,70,"47,000",Vitinha,4-3-3,5-4-1,Benoît Bastien,https://fbref.com/en/matches/9dc082a7/Paris-Saint-Germain-Paris-FC-January-4-2026-Ligue-1,,Paris Saint-Germain,https://fbref.com/en/squads/e2d8892c/Paris-Saint-Germain-Stats,https://fbref.com/en/comps/8/schedule/Champions-League-Scores-and-Fixtures,2026-02-12T05:18:34.317961+00:00
2026-01-08,21:00 (10:00),Trophée des Champions,Trophée des Champions,Thu,Neutral,D,2 (4),2 (1),Marseille,54,"52,215",Marquinhos,4-3-3,3-4-3,Thomas Léonard,https://fbref.com/en/matches/aaf59324/Paris-Saint-Germain-Marseille-January-8-2026-Trophee-des-Champions,Paris Saint-Germain won on penalty kicks following extra time,Paris Saint-Germain,https://fbref.com/en/squads/e2d8892c/Paris-Saint-Germain-Stats,https://fbref.com/en/comps/8/schedule/Champions-League-Scores-and-Fixtures,2026-02-12T05:18:34.317961+00:00
2026-01-12,21:10 (12:10),Coupe de France,Round of 32,Mon,Home,L,0,1,Paris FC,70,,Vitinha,4-3-3,5-4-1,Ruddy Buquet,https://fbref.com/en/matches/3baef293/Paris-Saint-Germain-Paris-FC-January-12-2026-Coupe-de-France,,Paris Saint-Germain,https://fbref.com/en/squads/e2d8892c/Paris-Saint-Germain-Stats,https://fbref.com/en/comps/8/schedule/Champions-League-Scores-and-Fixtures,2026-02-12T05:18:34.317961+00:00
2026-01-16,21:00 (12:00),Ligue 1,Matchweek 18,Fri,Home,W,3,0,Lille,61,"46,909",Marquinhos,4-3-3,4-3-3,Jérôme Brisard,https://fbref.com/en/matches/29fd89ee/Paris-Saint-Germain-Lille-January-16-2026-Ligue-1,,Paris Saint-Germain,https://fbref.com/en/squads/e2d8892c/Paris-Saint-Germain-Stats,https://fbref.com/en/comps/8/schedule/Champions-League-Scores-and-Fixtures,2026-02-12T05:18:34.317961+00:00
2026-01-20,20:00 (12:00),Champions Lg,League phase,Tue,Away,L,1,2,Sporting CP,75,"51,428",Marquinhos,4-3-3,3-4-3,Anthony Taylor,https://fbref.com/en/matches/cd77ed9a/Sporting-CP-Paris-Saint-Germain-January-20-2026-Champions-League,,Paris Saint-Germain,https://fbref.com/en/squads/e2d8892c/Paris-Saint-Germain-Stats,https://fbref.com/en/comps/8/schedule/Champions-League-Scores-and-Fixtures,2026-02-12T05:18:34.317961+00:00
2026-01-23,20:00 (11:00),Ligue 1,Matchweek 19,Fri,Away,W,1,0,Auxerre,69,"17,254",Vitinha,4-3-3,5-4-1,Mathieu Vernice,https://fbref.com/en/matches/53ea2be5/Auxerre-Paris-Saint-Germain-January-23-2026-Ligue-1,,Paris Saint-Germain,https://fbref.com/en/squads/e2d8892c/Paris-Saint-Germain-Stats,https://fbref.com/en/comps/8/schedule/Champions-League-Scores-and-Fixtures,2026-02-12T05:18:34.317961+00:00
2026-01-28,21:00 (12:00),Champions Lg,League phase,Wed,Home,D,1,1,Newcastle United,67,"47,637",Marquinhos,4-3-3,3-4-3,Slavko Vinčič,https://fbref.com/en/matches/783e17da/Paris-Saint-Germain-Newcastle-United-January-28-2026-Champions-League,,Paris Saint-Germain,https://fbref.com/en/squads/e2d8892c/Paris-Saint-Germain-Stats,https://fbref.com/en/comps/8/schedule/Champions-League-Scores-and-Fixtures,2026-02-12T05:18:34.317961+00:00
2026-02-01,20:45 (11:45),Ligue 1,Matchweek 20,Sun,Away,W,2,1,Strasbourg,68,"31,324",Marquinhos,4-3-3,4-2-3-1,Eric Wattellier,https://fbref.com/en/matches/fbaa262a/Strasbourg-Paris-Saint-Germain-February-1-2026-Ligue-1,,Paris Saint-Germain,https://fbref.com/en/squads/e2d8892c/Paris-Saint-Germain-Stats,https://fbref.com/en/comps/8/schedule/Champions-League-Scores-and-Fixtures,2026-02-12T05:18:34.317961+00:00
2026-02-08,20:45 (11:45),Ligue 1,Matchweek 21,Sun,Home,W,5,0,Marseille,58,"47,926",Marquinhos,4-3-3,5-4-1,Willy Delajod,https://fbref.com/en/matches/468775dd/Paris-Saint-Germain-Marseille-February-8-2026-Ligue-1,,Paris Saint-Germain,https://fbref.com/en/squads/e2d8892c/Paris-Saint-Germain-Stats,https://fbref.com/en/comps/8/schedule/Champions-League-Scores-and-Fixtures,2026-02-12T05:18:34.317961+00:00
2026-02-13,19:00 (10:00),Ligue 1,Matchweek 22,Fri,Away,,,,Rennes,,,,,,,https://fbref.com/en/stathead/matchup/teams/e2d8892c/b3072e00/Paris-Saint-Germain-vs-Rennes-History,,Paris Saint-Germain,https://fbref.com/en/squads/e2d8892c/Paris-Saint-Germain-Stats,https://fbref.com/en/comps/8/schedule/Champions-League-Scores-and-Fixtures,2026-02-12T05:18:34.317961+00:00
2026-02-17,21:00 (12:00),Champions Lg,Knockout phase play-offs,Tue,Away,,,,Monaco,,,,,,,https://fbref.com/en/stathead/matchup/teams/fd6114db/e2d8892c/Monaco-vs-Paris-Saint-Germain-History,Leg 1 of 2,Paris Saint-Germain,https://fbref.com/en/squads/e2d8892c/Paris-Saint-Germain-Stats,https://fbref.com/en/comps/8/schedule/Champions-League-Scores-and-Fixtures,2026-02-12T05:18:34.317961+00:00
2026-02-21,21:05 (12:05),Ligue 1,Matchweek 23,Sat,Home,,,,Metz,,,,,,,https://fbref.com/en/stathead/matchup/teams/f83960ae/e2d8892c/Metz-vs-Paris-Saint-Germain-History,,Paris Saint-Germain,https://fbref.com/en/squads/e2d8892c/Paris-Saint-Germain-Stats,https://fbref.com/en/comps/8/schedule/Champions-League-Scores-and-Fixtures,2026-02-12T05:18:34.317961+00:00
2026-02-25,21:00 (12:00),Champions Lg,Knockout phase play-offs,Wed,Home,,,,Monaco,,,,,,,https://fbref.com/en/stathead/matchup/teams/fd6114db/e2d8892c/Monaco-vs-Paris-Saint-Germain-History,Leg 2 of 2,Paris Saint-Germain,https://fbref.com/en/squads/e2d8892c/Paris-Saint-Germain-Stats,https://fbref.com/en/comps/8/schedule/Champions-League-Scores-and-Fixtures,2026-02-12T05:18:34.317961+00:00
2026-02-28,21:05 (12:05),Ligue 1,Matchweek 24,Sat,Away,,,,Le Havre,,,,,,,https://fbref.com/en/stathead/matchup/teams/e2d8892c/5c2737db/Paris-Saint-Germain-vs-Le-Havre-History,,Paris Saint-Germain,https://fbref.com/en/squads/e2d8892c/Paris-Saint-Germain-Stats,https://fbref.com/en/comps/8/schedule/Champions-League-Scores-and-Fixtures,2026-02-12T05:18:34.317961+00:00
2026-03-06,20:45 (11:45),Ligue 1,Matchweek 25,Fri,Home,,,,Monaco,,,,,,,https://fbref.com/en/stathead/matchup/teams/fd6114db/e2d8892c/Monaco-vs-Paris-Saint-Germain-History,,Paris Saint-Germain,https://fbref.com/en/squads/e2d8892c/Paris-Saint-Germain-Stats,https://fbref.com/en/comps/8/schedule/Champions-League-Scores-and-Fixtures,2026-02-12T05:18:34.317961+00:00
2026-03-15,,Ligue 1,Matchweek 26,Sun,Home,,,,Nantes,,,,,,,https://fbref.com/en/stathead/matchup/teams/e2d8892c/d7a486cd/Paris-Saint-Germain-vs-Nantes-History,,Paris Saint-Germain,https://fbref.com/en/squads/e2d8892c/Paris-Saint-Germain-Stats,https://fbref.com/en/comps/8/schedule/Champions-League-Scores-and-Fixtures,2026-02-12T05:18:34.317961+00:00
2026-03-22,,Ligue 1,Matchweek 27,Sun,Away,,,,Nice,,,,,,,https://fbref.com/en/stathead/matchup/teams/e2d8892c/132ebc33/Paris-Saint-Germain-vs-Nice-History,,Paris Saint-Germain,https://fbref.com/en/squads/e2d8892c/Paris-Saint-Germain-Stats,https://fbref.com/en/comps/8/schedule/Champions-League-Scores-and-Fixtures,2026-02-12T05:18:34.317961+00:00
2026-04-05,,Ligue 1,Matchweek 28,Sun,Home,,,,Toulouse,,,,,,,https://fbref.com/en/stathead/matchup/teams/e2d8892c/3f8c4b5f/Paris-Saint-Germain-vs-Toulouse-History,,Paris Saint-Germain,https://fbref.com/en/squads/e2d8892c/Paris-Saint-Germain-Stats,https://fbref.com/en/comps/8/schedule/Champions-League-Scores-and-Fixtures,2026-02-12T05:18:34.317961+00:00
2026-04-12,,Ligue 1,Matchweek 29,Sun,Away,,,,Lens,,,,,,,https://fbref.com/en/stathead/matchup/teams/fd4e0f7d/e2d8892c/Lens-vs-Paris-Saint-Germain-History,,Paris Saint-Germain,https://fbref.com/en/squads/e2d8892c/Paris-Saint-Germain-Stats,https://fbref.com/en/comps/8/schedule/Champions-League-Scores-and-Fixtures,2026-02-12T05:18:34.317961+00:00
2026-04-19,,Ligue 1,Matchweek 30,Sun,Home,,,,Lyon,,,,,,,https://fbref.com/en/stathead/matchup/teams/e2d8892c/d53c0b06/Paris-Saint-Germain-vs-Lyon-History,,Paris Saint-Germain,https://fbref.com/en/squads/e2d8892c/Paris-Saint-Germain-Stats,https://fbref.com/en/comps/8/schedule/Champions-League-Scores-and-Fixtures,2026-02-12T05:18:34.317961+00:00
2026-04-26,,Ligue 1,Matchweek 31,Sun,Away,,,,Angers,,,,,,,https://fbref.com/en/stathead/matchup/teams/e2d8892c/69236f98/Paris-Saint-Germain-vs-Angers-History,,Paris Saint-Germain,https://fbref.com/en/squads/e2d8892c/Paris-Saint-Germain-Stats,https://fbref.com/en/comps/8/schedule/Champions-League-Scores-and-Fixtures,2026-02-12T05:18:34.317961+00:00
2026-05-03,,Ligue 1,Matchweek 32,Sun,Home,,,,Lorient,,,,,,,https://fbref.com/en/stathead/matchup/teams/e2d8892c/d2c87802/Paris-Saint-Germain-vs-Lorient-History,,Paris Saint-Germain,https://fbref.com/en/squads/e2d8892c/Paris-Saint-Germain-Stats,https://fbref.com/en/comps/8/schedule/Champions-League-Scores-and-Fixtures,2026-02-12T05:18:34.317961+00:00
2026-05-09,21:00 (12:00),Ligue 1,Matchweek 33,Sat,Home,,,,Brest,,,,,,,https://fbref.com/en/stathead/matchup/teams/fb08dbb3/e2d8892c/Brest-vs-Paris-Saint-Germain-History,,Paris Saint-Germain,https://fbref.com/en/squads/e2d8892c/Paris-Saint-Germain-Stats,https://fbref.com/en/comps/8/schedule/Champions-League-Scores-and-Fixtures,2026-02-12T05:18:34.317961+00:00
2026-05-16,21:00 (12:00),Ligue 1,Matchweek 34,Sat,Away,,,,Paris FC,,,,,,,https://fbref.com/en/stathead/matchup/teams/e2d8892c/056a5a75/Paris-Saint-Germain-vs-Paris-FC-History,,Paris Saint-Germain,https://fbref.com/en/squads/e2d8892c/Paris-Saint-Germain-Stats,https://fbref.com/en/comps/8/schedule/Champions-League-Scores-and-Fixtures,2026-02-12T05:18:34.317961+00:00
2025-07-23,19:45 (11:45),Champions Lg,Second qualifying round,Wed,Away,W,3,0,Shelbourne FC,56,"3,650",Abdellah Zoubir,4-3-3,5-3-2,Ante Čulina,https://fbref.com/en/matches/41d2d213/Shelbourne-FC-Qarabag-July-23-2025-Champions-League,Leg 1 of 2,Qarabağ,https://fbref.com/en/squads/44b65410/Qarabag-Stats,https://fbref.com/en/comps/8/schedule/Champions-League-Scores-and-Fixtures,2026-02-12T05:18:34.536633+00:00
2025-07-30,20:00 (09:00),Champions Lg,Second qualifying round,Wed,Home,W,1,0,Shelbourne FC,,"25,573",Abdellah Zoubir,4-2-3-1,4-3-3,Andrea Colombo,https://fbref.com/en/matches/0774bbfb/Qarabag-Shelbourne-FC-July-30-2025-Champions-League,Leg 2 of 2; Qarabağ won,Qarabağ,https://fbref.com/en/squads/44b65410/Qarabag-Stats,https://fbref.com/en/comps/8/schedule/Champions-League-Scores-and-Fixtures,2026-02-12T05:18:34.536633+00:00
2025-08-05,20:00 (11:00),Champions Lg,Third qualifying round,Tue,Away,W,1,0,mk FK Shkëndija,54,"15,930",Abdellah Zoubir,4-2-3-1,4-2-3-1,Ivan Kružliak,https://fbref.com/en/matches/6c47e192/FK-Shkendija-Qarabag-August-5-2025-Champions-League,Leg 1 of 2,Qarabağ,https://fbref.com/en/squads/44b65410/Qarabag-Stats,https://fbref.com/en/comps/8/schedule/Champions-League-Scores-and-Fixtures,2026-02-12T05:18:34.536633+00:00
2025-08-12,20:00 (09:00),Champions Lg,Third qualifying round,Tue,Home,W,5,1,mk FK Shkëndija,,"30,252",Abdellah Zoubir,4-2-3-1,4-2-3-1,Danny Makkelie,https://fbref.com/en/matches/f91a1c66/Qarabag-FK-Shkendija-August-12-2025-Champions-League,Leg 2 of 2; Qarabağ won,Qarabağ,https://fbref.com/en/squads/44b65410/Qarabag-Stats,https://fbref.com/en/comps/8/schedule/Champions-League-Scores-and-Fixtures,2026-02-12T05:18:34.536633+00:00
2025-08-19,21:00 (12:00),Champions Lg,Play-off round,Tue,Away,W,3,1,Ferencváros,56,"19,675",Abdellah Zoubir,4-2-3-1,3-5-2,João Pinheiro,https://fbref.com/en/matches/e7204af7/Ferencvaros-Qarabag-August-19-2025-Champions-League,Leg 1 of 2,Qarabağ,https://fbref.com/en/squads/44b65410/Qarabag-Stats,https://fbref.com/en/comps/8/schedule/Champions-League-Scores-and-Fixtures,2026-02-12T05:18:34.536633+00:00
2025-08-27,20:45 (09:45),Champions Lg,Play-off round,Wed,Home,L,2,3,Ferencváros,40,"29,744",Abdellah Zoubir,4-2-3-1,3-5-2,Clément Turpin,https://fbref.com/en/matches/9d82dbb4/Qarabag-Ferencvaros-August-27-2025-Champions-League,Leg 2 of 2; Qarabağ won,Qarabağ,https://fbref.com/en/squads/44b65410/Qarabag-Stats,https://fbref.com/en/comps/8/schedule/Champions-League-Scores-and-Fixtures,2026-02-12T05:18:34.536633+00:00
2025-09-16,20:00 (12:00),Champions Lg,League phase,Tue,Away,W,3,2,Benfica,47,"53,257",Abdellah Zoubir,4-2-3-1,4-2-3-1,Erik Lambrechts,https://fbref.com/en/matches/09951d6f/Benfica-Qarabag-September-16-2025-Champions-League,,Qarabağ,https://fbref.com/en/squads/44b65410/Qarabag-Stats,https://fbref.com/en/comps/8/schedule/Champions-League-Scores-and-Fixtures,2026-02-12T05:18:34.536633+00:00
2025-10-01,20:45 (09:45),Champions Lg,League phase,Wed,Home,W,2,0,FC Copenhagen,49,"30,250",Abdellah Zoubir,4-2-3-1,4-4-2,Serdar Gözübüyük,https://fbref.com/en/matches/dd305ccd/Qarabag-FC-Copenhagen-October-1-2025-Champions-League,,Qarabağ,https://fbref.com/en/squads/44b65410/Qarabag-Stats,https://fbref.com/en/comps/8/schedule/Champions-League-Scores-and-Fixtures,2026-02-12T05:18:34.536633+00:00
2025-10-22,18:45 (09:45),Champions Lg,League phase,Wed,Away,L,1,3,Athletic Club,40,"50,741",Abdellah Zoubir,4-2-3-1,4-2-3-1,Igor Pajač,https://fbref.com/en/matches/a3b54f5a/Athletic-Club-Qarabag-October-22-2025-Champions-League,,Qarabağ,https://fbref.com/en/squads/44b65410/Qarabag-Stats,https://fbref.com/en/comps/8/schedule/Champions-League-Scores-and-Fixtures,2026-02-12T05:18:34.536633+00:00
2025-11-05,21:45 (09:45),Champions Lg,League phase,Wed,Home,D,2,2,Chelsea,39,"30,887",Abdellah Zoubir,4-2-3-1,4-2-3-1,Sebastian Gishamer,https://fbref.com/en/matches/a905a8d0/Qarabag-Chelsea-November-5-2025-Champions-League,,Qarabağ,https://fbref.com/en/squads/44b65410/Qarabag-Stats,https://fbref.com/en/comps/8/schedule/Champions-League-Scores-and-Fixtures,2026-02-12T05:18:34.536633+00:00
2025-11-25,21:00 (12:00),Champions Lg,League phase,Tue,Away,L,0,2,Napoli,45,"32,019",Abdellah Zoubir,4-2-3-1,3-4-3,Szymon Marciniak,https://fbref.com/en/matches/9918c573/Napoli-Qarabag-November-25-2025-Champions-League,,Qarabağ,https://fbref.com/en/squads/44b65410/Qarabag-Stats,https://fbref.com/en/comps/8/schedule/Champions-League-Scores-and-Fixtures,2026-02-12T05:18:34.536633+00:00
2025-12-10,21:45 (09:45),Champions Lg,League phase,Wed,Home,L,2,4,Ajax,47,"31,090",Abdellah Zoubir,4-2-3-1,4-3-3,Rade Obrenović,https://fbref.com/en/matches/a0306924/Qarabag-Ajax-December-10-2025-Champions-League,,Qarabağ,https://fbref.com/en/squads/44b65410/Qarabag-Stats,https://fbref.com/en/comps/8/schedule/Champions-League-Scores-and-Fixtures,2026-02-12T05:18:34.536633+00:00
2026-01-21,21:45 (09:45),Champions Lg,League phase,Wed,Home,W,3,2,Eintracht Frankfurt,58,"27,820",Abdellah Zoubir,4-2-3-1,3-4-3,Sandro Schärer,https://fbref.com/en/matches/8208b187/Qarabag-Eintracht-Frankfurt-January-21-2026-Champions-League,,Qarabağ,https://fbref.com/en/squads/44b65410/Qarabag-Stats,https://fbref.com/en/comps/8/schedule/Champions-League-Scores-and-Fixtures,2026-02-12T05:18:34.536633+00:00
2026-01-28,20:00 (12:00),Champions Lg,League phase,Wed,Away,L,0,6,Liverpool,44,"60,043",Abdellah Zoubir,4-2-3-1,4-2-3-1,Ivan Kružliak,https://fbref.com/en/matches/118f6dda/Liverpool-Qarabag-January-28-2026-Champions-League,,Qarabağ,https://fbref.com/en/squads/44b65410/Qarabag-Stats,https://fbref.com/en/comps/8/schedule/Champions-League-Scores-and-Fixtures,2026-02-12T05:18:34.536633+00:00
2026-02-18,21:45 (09:45),Champions Lg,Knockout phase play-offs,Wed,Home,,,,Newcastle United,,,,,,,https://fbref.com/en/stathead/matchup/teams/b2b47a98/44b65410/Newcastle-United-vs-Qarabag-History,Leg 1 of 2,Qarabağ,https://fbref.com/en/squads/44b65410/Qarabag-Stats,https://fbref.com/en/comps/8/schedule/Champions-League-Scores-and-Fixtures,2026-02-12T05:18:34.536633+00:00
2026-02-24,20:00 (12:00),Champions Lg,Knockout phase play-offs,Tue,Away,,,,Newcastle United,,,,,,,https://fbref.com/en/stathead/matchup/teams/b2b47a98/44b65410/Newcastle-United-vs-Qarabag-History,Leg 2 of 2,Qarabağ,https://fbref.com/en/squads/44b65410/Qarabag-Stats,https://fbref.com/en/comps/8/schedule/Champions-League-Scores-and-Fixtures,2026-02-12T05:18:34.536633+00:00
2025-08-19,21:00 (12:00),La Liga,Matchweek 1,Tue,Home,W,1,0,Osasuna,71,"68,407",Federico Valverde,4-3-3,3-4-3,Adrián Cordero,https://fbref.com/en/matches/d34e407e/Real-Madrid-Osasuna-August-19-2025-La-Liga,,Real Madrid,https://fbref.com/en/squads/53a2f082/Real-Madrid-Stats,https://fbref.com/en/comps/8/schedule/Champions-League-Scores-and-Fixtures,2026-02-12T05:18:34.776299+00:00
2025-08-24,21:30 (12:30),La Liga,Matchweek 2,Sun,Away,W,3,0,Oviedo,65,"29,758",Dani Carvajal,4-2-3-1,3-4-3,Ricardo de Burgos,https://fbref.com/en/matches/fde70dd0/Oviedo-Real-Madrid-August-24-2025-La-Liga,,Real Madrid,https://fbref.com/en/squads/53a2f082/Real-Madrid-Stats,https://fbref.com/en/comps/8/schedule/Champions-League-Scores-and-Fixtures,2026-02-12T05:18:34.776299+00:00
2025-08-30,21:30 (12:30),La Liga,Matchweek 3,Sat,Home,W,2,1,Mallorca,58,"72,699",Federico Valverde,4-2-3-1,5-3-2,Jose Maria Sánchez,https://fbref.com/en/matches/9c0a49c5/Real-Madrid-Mallorca-August-30-2025-La-Liga,,Real Madrid,https://fbref.com/en/squads/53a2f082/Real-Madrid-Stats,https://fbref.com/en/comps/8/schedule/Champions-League-Scores-and-Fixtures,2026-02-12T05:18:34.776299+00:00
2025-09-13,16:15 (07:15),La Liga,Matchweek 4,Sat,Away,W,2,1,Real Sociedad,36,"36,958",Dani Carvajal,4-2-3-1,4-2-3-1,Jesús Gil,https://fbref.com/en/matches/980d729f/Real-Sociedad-Real-Madrid-September-13-2025-La-Liga,,Real Madrid,https://fbref.com/en/squads/53a2f082/Real-Madrid-Stats,https://fbref.com/en/comps/8/schedule/Champions-League-Scores-and-Fixtures,2026-02-12T05:18:34.776299+00:00
2025-09-16,21:00 (12:00),Champions Lg,League phase,Tue,Home,W,2,1,Marseille,43,"74,610",Federico Valverde,4-2-3-1,4-2-3-1,Irfan Peljto,https://fbref.com/en/matches/da642f56/Real-Madrid-Marseille-September-16-2025-Champions-League,,Real Madrid,https://fbref.com/en/squads/53a2f082/Real-Madrid-Stats,https://fbref.com/en/comps/8/schedule/Champions-League-Scores-and-Fixtures,2026-02-12T05:18:34.776299+00:00
2025-09-20,16:15 (07:15),La Liga,Matchweek 5,Sat,Home,W,2,0,Espanyol,72,"73,466",Dani Carvajal,4-4-2,4-2-3-1,Juan Martínez,https://fbref.com/en/matches/965b0ab3/Real-Madrid-Espanyol-September-20-2025-La-Liga,,Real Madrid,https://fbref.com/en/squads/53a2f082/Real-Madrid-Stats,https://fbref.com/en/comps/8/schedule/Champions-League-Scores-and-Fixtures,2026-02-12T05:18:34.776299+00:00
2025-09-23,21:30 (12:30),La Liga,Matchweek 6,Tue,Away,W,4,1,Levante,62,"23,361",Federico Valverde,3-4-3,4-4-2,Isidro Díaz de Mera,https://fbref.com/en/matches/74a8527b/Levante-Real-Madrid-September-23-2025-La-Liga,,Real Madrid,https://fbref.com/en/squads/53a2f082/Real-Madrid-Stats,https://fbref.com/en/comps/8/schedule/Champions-League-Scores-and-Fixtures,2026-02-12T05:18:34.776299+00:00
2025-09-27,16:15 (07:15),La Liga,Matchweek 7,Sat,Away,L,2,5,Atlético Madrid,63,"69,167",Dani Carvajal,4-2-3-1,4-4-2,Javier Alberola,https://fbref.com/en/matches/33523b09/El-Derbi-Madrileno-Atletico-Madrid-Real-Madrid-September-27-2025-La-Liga,,Real Madrid,https://fbref.com/en/squads/53a2f082/Real-Madrid-Stats,https://fbref.com/en/comps/8/schedule/Champions-League-Scores-and-Fixtures,2026-02-12T05:18:34.776299+00:00
2025-09-30,21:45 (09:45),Champions Lg,League phase,Tue,Away,W,5,0,kz FC Kairat,67,"22,788",Vinicius Júnior,4-2-3-1,4-4-2,Marco Guida,https://fbref.com/en/matches/36ad3a92/FC-Kairat-Real-Madrid-September-30-2025-Champions-League,,Real Madrid,https://fbref.com/en/squads/53a2f082/Real-Madrid-Stats,https://fbref.com/en/comps/8/schedule/Champions-League-Scores-and-Fixtures,2026-02-12T05:18:34.776299+00:00
2025-10-04,21:00 (12:00),La Liga,Matchweek 8,Sat,Home,W,3,1,Villarreal,70,"75,216",Federico Valverde,4-2-3-1,4-4-2,Guillermo Cuadra,https://fbref.com/en/matches/2aff6c8b/Real-Madrid-Villarreal-October-4-2025-La-Liga,,Real Madrid,https://fbref.com/en/squads/53a2f082/Real-Madrid-Stats,https://fbref.com/en/comps/8/schedule/Champions-League-Scores-and-Fixtures,2026-02-12T05:18:34.776299+00:00
2025-10-19,21:00 (12:00),La Liga,Matchweek 9,Sun,Away,W,1,0,Getafe,76,"10,090",Federico Valverde,4-2-3-1,5-3-2,José Luis Munuera,https://fbref.com/en/matches/cc0d078a/Getafe-Real-Madrid-October-19-2025-La-Liga,,Real Madrid,https://fbref.com/en/squads/53a2f082/Real-Madrid-Stats,https://fbref.com/en/comps/8/schedule/Champions-League-Scores-and-Fixtures,2026-02-12T05:18:34.776299+00:00
2025-10-22,21:00 (12:00),Champions Lg,League phase,Wed,Home,W,1,0,Juventus,66,"76,521",Federico Valverde,4-3-3,3-4-3,Slavko Vinčič,https://fbref.com/en/matches/f852850a/Real-Madrid-Juventus-October-22-2025-Champions-League,,Real Madrid,https://fbref.com/en/squads/53a2f082/Real-Madrid-Stats,https://fbref.com/en/comps/8/schedule/Champions-League-Scores-and-Fixtures,2026-02-12T05:18:34.776299+00:00
2025-10-26,16:15 (08:15),La Liga,Matchweek 10,Sun,Home,W,2,1,Barcelona,32,"78,107",Federico Valverde,4-1-4-1,4-2-3-1,César Soto,https://fbref.com/en/matches/9c9d1f09/El-Clasico-Real-Madrid-Barcelona-October-26-2025-La-Liga,,Real Madrid,https://fbref.com/en/squads/53a2f082/Real-Madrid-Stats,https://fbref.com/en/comps/8/schedule/Champions-League-Scores-and-Fixtures,2026-02-12T05:18:34.776299+00:00
2025-11-01,21:00 (13:00),La Liga,Matchweek 11,Sat,Home,W,4,0,Valencia,65,"74,796",Federico Valverde,4-3-3,4-4-2,Mateo Busquets,https://fbref.com/en/matches/5333666a/Real-Madrid-Valencia-November-1-2025-La-Liga,,Real Madrid,https://fbref.com/en/squads/53a2f082/Real-Madrid-Stats,https://fbref.com/en/comps/8/schedule/Champions-League-Scores-and-Fixtures,2026-02-12T05:18:34.776299+00:00
2025-11-04,20:00 (12:00),Champions Lg,League phase,Tue,Away,L,0,1,Liverpool,61,"59,916",Federico Valverde,4-1-4-1,4-2-3-1,István Kovács,https://fbref.com/en/matches/c520d457/Liverpool-Real-Madrid-November-4-2025-Champions-League,,Real Madrid,https://fbref.com/en/squads/53a2f082/Real-Madrid-Stats,https://fbref.com/en/comps/8/schedule/Champions-League-Scores-and-Fixtures,2026-02-12T05:18:34.776299+00:00
2025-11-09,16:15 (07:15),La Liga,Matchweek 12,Sun,Away,D,0,0,Rayo Vallecano,55,"14,468",Federico Valverde,4-2-3-1,4-2-3-1,Juan Martínez,https://fbref.com/en/matches/3ecfed22/Rayo-Vallecano-Real-Madrid-November-9-2025-La-Liga,,Real Madrid,https://fbref.com/en/squads/53a2f082/Real-Madrid-Stats,https://fbref.com/en/comps/8/schedule/Champions-League-Scores-and-Fixtures,2026-02-12T05:18:34.776299+00:00
2025-11-23,21:00 (12:00),La Liga,Matchweek 13,Sun,Away,D,2,2,Elche,52,"31,024",Thibaut Courtois,3-4-1-2,5-3-2,Francisco Hernández,https://fbref.com/en/matches/5a7f1446/Elche-Real-Madrid-November-23-2025-La-Liga,,Real Madrid,https://fbref.com/en/squads/53a2f082/Real-Madrid-Stats,https://fbref.com/en/comps/8/schedule/Champions-League-Scores-and-Fixtures,2026-02-12T05:18:34.776299+00:00
2025-11-26,22:00 (12:00),Champions Lg,League phase,Wed,Away,W,4,3,Olympiacos,59,"32,325",Federico Valverde,4-2-3-1,4-2-3-1,Michael Oliver,https://fbref.com/en/matches/4218b93a/Olympiacos-Real-Madrid-November-26-2025-Champions-League,,Real Madrid,https://fbref.com/en/squads/53a2f082/Real-Madrid-Stats,https://fbref.com/en/comps/8/schedule/Champions-League-Scores-and-Fixtures,2026-02-12T05:18:34.776299+00:00
2025-11-30,21:00 (12:00),La Liga,Matchweek 14,Sun,Away,D,1,1,Girona,60,"14,005",Federico Valverde,4-3-3,4-2-3-1,Ricardo de Burgos,https://fbref.com/en/matches/75fff438/Girona-Real-Madrid-November-30-2025-La-Liga,,Real Madrid,https://fbref.com/en/squads/53a2f082/Real-Madrid-Stats,https://fbref.com/en/comps/8/schedule/Champions-League-Scores-and-Fixtures,2026-02-12T05:18:34.776299+00:00
2025-12-03,19:00 (10:00),La Liga,Matchweek 19,Wed,Away,W,3,0,Athletic Club,62,"51,313",Federico Valverde,4-3-3,4-1-4-1,Jesús Gil,https://fbref.com/en/matches/261d9c63/Athletic-Club-Real-Madrid-December-3-2025-La-Liga,,Real Madrid,https://fbref.com/en/squads/53a2f082/Real-Madrid-Stats,https://fbref.com/en/comps/8/schedule/Champions-League-Scores-and-Fixtures,2026-02-12T05:18:34.776299+00:00
2025-12-07,21:00 (12:00),La Liga,Matchweek 15,Sun,Home,L,0,2,Celta Vigo,58,"74,511",Federico Valverde,4-4-2,3-4-3,Alejandro Quintero,https://fbref.com/en/matches/2a8f1453/Real-Madrid-Celta-Vigo-December-7-2025-La-Liga,,Real Madrid,https://fbref.com/en/squads/53a2f082/Real-Madrid-Stats,https://fbref.com/en/comps/8/schedule/Champions-League-Scores-and-Fixtures,2026-02-12T05:18:34.776299+00:00
2025-12-10,21:00 (12:00),Champions Lg,League phase,Wed,Home,L,1,2,Manchester City,52,"76,977",Federico Valverde,4-4-2,4-3-3,Clément Turpin,https://fbref.com/en/matches/b3ad23d4/Real-Madrid-Manchester-City-December-10-2025-Champions-League,,Real Madrid,https://fbref.com/en/squads/53a2f082/Real-Madrid-Stats,https://fbref.com/en/comps/8/schedule/Champions-League-Scores-and-Fixtures,2026-02-12T05:18:34.776299+00:00
2025-12-14,21:00 (12:00),La Liga,Matchweek 16,Sun,Away,W,2,1,Alavés,48,"19,290",Federico Valverde,4-4-2,4-1-4-1,Víctor García,https://fbref.com/en/matches/f5294ef5/Alaves-Real-Madrid-December-14-2025-La-Liga,,Real Madrid,https://fbref.com/en/squads/53a2f082/Real-Madrid-Stats,https://fbref.com/en/comps/8/schedule/Champions-League-Scores-and-Fixtures,2026-02-12T05:18:34.776299+00:00
2025-12-17,21:00 (12:00),Copa del Rey,Round of 32,Wed,Away,W,3,2,CF Talavera de la Reina,65,"4,200",Andriy Lunin,4-3-3,4-4-2,Guillermo Cuadra,https://fbref.com/en/matches/e95f11b6/CF-Talavera-de-la-Reina-Real-Madrid-December-17-2025-Copa-del-Rey,,Real Madrid,https://fbref.com/en/squads/53a2f082/Real-Madrid-Stats,https://fbref.com/en/comps/8/schedule/Champions-League-Scores-and-Fixtures,2026-02-12T05:18:34.776299+00:00
2025-12-20,21:00 (12:00),La Liga,Matchweek 17,Sat,Home,W,2,0,Sevilla,53,"72,062",Vinicius Júnior,4-3-3,5-3-2,Alejandro Muñíz,https://fbref.com/en/matches/2e44168b/Real-Madrid-Sevilla-December-20-2025-La-Liga,,Real Madrid,https://fbref.com/en/squads/53a2f082/Real-Madrid-Stats,https://fbref.com/en/comps/8/schedule/Champions-League-Scores-and-Fixtures,2026-02-12T05:18:34.776299+00:00
2026-01-04,16:15 (07:15),La Liga,Matchweek 18,Sun,Home,W,5,1,Real Betis,61,"75,190",Federico Valverde,4-4-2,4-2-3-1,Alejandro Hernández,https://fbref.com/en/matches/27659606/Real-Madrid-Real-Betis-January-4-2026-La-Liga,,Real Madrid,https://fbref.com/en/squads/53a2f082/Real-Madrid-Stats,https://fbref.com/en/comps/8/schedule/Champions-League-Scores-and-Fixtures,2026-02-12T05:18:34.776299+00:00
2026-01-08,22:00 (11:00),Supercopa de España,Semi-finals,Thu,Neutral,W,2,1,Atlético Madrid,45,"55,651",Federico Valverde,4-2-3-1,4-4-2,Mateo Busquets,https://fbref.com/en/matches/c0ad1dca/El-Derbi-Madrileno-Atletico-Madrid-Real-Madrid-January-8-2026-Supercopa-de-Espana,,Real Madrid,https://fbref.com/en/squads/53a2f082/Real-Madrid-Stats,https://fbref.com/en/comps/8/schedule/Champions-League-Scores-and-Fixtures,2026-02-12T05:18:34.776299+00:00
2026-01-11,22:00 (11:00),Supercopa de España,Final,Sun,Neutral,L,2,3,Barcelona,32,"60,326",Federico Valverde,4-4-2,4-3-3,José Luis Munuera,https://fbref.com/en/matches/08d6715c/El-Clasico-Barcelona-Real-Madrid-January-11-2026-Supercopa-de-Espana,,Real Madrid,https://fbref.com/en/squads/53a2f082/Real-Madrid-Stats,https://fbref.com/en/comps/8/schedule/Champions-League-Scores-and-Fixtures,2026-02-12T05:18:34.776299+00:00
2026-01-14,21:00 (12:00),Copa del Rey,Round of 16,Wed,Away,L,2,3,Albacete,78,"16,800",Federico Valverde,4-3-3,5-3-2,Víctor García,https://fbref.com/en/matches/45ac2210/Albacete-Real-Madrid-January-14-2026-Copa-del-Rey,,Real Madrid,https://fbref.com/en/squads/53a2f082/Real-Madrid-Stats,https://fbref.com/en/comps/8/schedule/Champions-League-Scores-and-Fixtures,2026-02-12T05:18:34.776299+00:00
2026-01-17,14:00 (05:00),La Liga,Matchweek 20,Sat,Home,W,2,0,Levante,70,"70,104",Federico Valverde,4-3-3,4-2-3-1,Miguel Sesma,https://fbref.com/en/matches/b54b4c6c/Real-Madrid-Levante-January-17-2026-La-Liga,,Real Madrid,https://fbref.com/en/squads/53a2f082/Real-Madrid-Stats,https://fbref.com/en/comps/8/schedule/Champions-League-Scores-and-Fixtures,2026-02-12T05:18:34.776299+00:00
2026-01-20,21:00 (12:00),Champions Lg,League phase,Tue,Home,W,6,1,Monaco,49,"73,599",Federico Valverde,4-3-3,4-2-3-1,Espen Eskås,https://fbref.com/en/matches/95b73e54/Real-Madrid-Monaco-January-20-2026-Champions-League,,Real Madrid,https://fbref.com/en/squads/53a2f082/Real-Madrid-Stats,https://fbref.com/en/comps/8/schedule/Champions-League-Scores-and-Fixtures,2026-02-12T05:18:34.776299+00:00
2026-01-24,21:00 (12:00),La Liga,Matchweek 21,Sat,Away,W,2,0,Villarreal,58,"20,432",Federico Valverde,4-3-3,4-4-2,César Soto,https://fbref.com/en/matches/4639daf6/Villarreal-Real-Madrid-January-24-2026-La-Liga,,Real Madrid,https://fbref.com/en/squads/53a2f082/Real-Madrid-Stats,https://fbref.com/en/comps/8/schedule/Champions-League-Scores-and-Fixtures,2026-02-12T05:18:34.776299+00:00
2026-01-28,20:00 (12:00),Champions Lg,League phase,Wed,Away,L,2,4,Benfica,67,"64,305",Federico Valverde,4-3-3,4-2-3-1,Davide Massa,https://fbref.com/en/matches/3a9b3391/Benfica-Real-Madrid-January-28-2026-Champions-League,,Real Madrid,https://fbref.com/en/squads/53a2f082/Real-Madrid-Stats,https://fbref.com/en/comps/8/schedule/Champions-League-Scores-and-Fixtures,2026-02-12T05:18:34.776299+00:00
2026-02-01,14:00 (05:00),La Liga,Matchweek 22,Sun,Home,W,2,1,Rayo Vallecano,57,"71,051",Federico Valverde,4-4-2,4-2-3-1,Isidro Díaz de Mera,https://fbref.com/en/matches/cc262b94/Real-Madrid-Rayo-Vallecano-February-1-2026-La-Liga,,Real Madrid,https://fbref.com/en/squads/53a2f082/Real-Madrid-Stats,https://fbref.com/en/comps/8/schedule/Champions-League-Scores-and-Fixtures,2026-02-12T05:18:34.776299+00:00
2026-02-08,21:00 (12:00),La Liga,Matchweek 23,Sun,Away,W,2,0,Valencia,60,"47,515",Federico Valverde,4-4-2,4-4-2,Javier Alberola,https://fbref.com/en/matches/ffdedf0a/Valencia-Real-Madrid-February-8-2026-La-Liga,,Real Madrid,https://fbref.com/en/squads/53a2f082/Real-Madrid-Stats,https://fbref.com/en/comps/8/schedule/Champions-League-Scores-and-Fixtures,2026-02-12T05:18:34.776299+00:00
2026-02-14,21:00 (12:00),La Liga,Matchweek 24,Sat,Home,,,,Real Sociedad,,,,,,,https://fbref.com/en/stathead/matchup/teams/e31d1cd9/53a2f082/Real-Sociedad-vs-Real-Madrid-History,,Real Madrid,https://fbref.com/en/squads/53a2f082/Real-Madrid-Stats,https://fbref.com/en/comps/8/schedule/Champions-League-Scores-and-Fixtures,2026-02-12T05:18:34.776299+00:00
2026-02-17,20:00 (12:00),Champions Lg,Knockout phase play-offs,Tue,Away,,,,Benfica,,,,,,,https://fbref.com/en/stathead/matchup/teams/a77c513e/53a2f082/Benfica-vs-Real-Madrid-History,Leg 1 of 2,Real Madrid,https://fbref.com/en/squads/53a2f082/Real-Madrid-Stats,https://fbref.com/en/comps/8/schedule/Champions-League-Scores-and-Fixtures,2026-02-12T05:18:34.776299+00:00
2026-02-21,18:30 (09:30),La Liga,Matchweek 25,Sat,Away,,,,Osasuna,,,,,,,https://fbref.com/en/stathead/matchup/teams/53a2f082/03c57e2b/Real-Madrid-vs-Osasuna-History,,Real Madrid,https://fbref.com/en/squads/53a2f082/Real-Madrid-Stats,https://fbref.com/en/comps/8/schedule/Champions-League-Scores-and-Fixtures,2026-02-12T05:18:34.776299+00:00
2026-02-25,21:00 (12:00),Champions Lg,Knockout phase play-offs,Wed,Home,,,,Benfica,,,,,,,https://fbref.com/en/stathead/matchup/teams/a77c513e/53a2f082/Benfica-vs-Real-Madrid-History,Leg 2 of 2,Real Madrid,https://fbref.com/en/squads/53a2f082/Real-Madrid-Stats,https://fbref.com/en/comps/8/schedule/Champions-League-Scores-and-Fixtures,2026-02-12T05:18:34.776299+00:00
2026-03-02,21:00 (12:00),La Liga,Matchweek 26,Mon,Home,,,,Getafe,,,,,,,https://fbref.com/en/stathead/matchup/teams/7848bd64/53a2f082/Getafe-vs-Real-Madrid-History,,Real Madrid,https://fbref.com/en/squads/53a2f082/Real-Madrid-Stats,https://fbref.com/en/comps/8/schedule/Champions-League-Scores-and-Fixtures,2026-02-12T05:18:34.776299+00:00
2026-03-07,21:00 (12:00),La Liga,Matchweek 27,Sat,Away,,,,Celta Vigo,,,,,,,https://fbref.com/en/stathead/matchup/teams/f25da7fb/53a2f082/Celta-Vigo-vs-Real-Madrid-History,,Real Madrid,https://fbref.com/en/squads/53a2f082/Real-Madrid-Stats,https://fbref.com/en/comps/8/schedule/Champions-League-Scores-and-Fixtures,2026-02-12T05:18:34.776299+00:00
2026-03-15,,La Liga,Matchweek 28,Sun,Home,,,,Elche,,,,,,,https://fbref.com/en/stathead/matchup/teams/6c8b07df/53a2f082/Elche-vs-Real-Madrid-History,,Real Madrid,https://fbref.com/en/squads/53a2f082/Real-Madrid-Stats,https://fbref.com/en/comps/8/schedule/Champions-League-Scores-and-Fixtures,2026-02-12T05:18:34.776299+00:00
2026-03-22,,La Liga,Matchweek 29,Sun,Home,,,,Atlético Madrid,,,,,,,https://fbref.com/en/stathead/matchup/teams/db3b9613/53a2f082/El-Derbi-Madrileno-Atletico-Madrid-vs-Real-Madrid-History,,Real Madrid,https://fbref.com/en/squads/53a2f082/Real-Madrid-Stats,https://fbref.com/en/comps/8/schedule/Champions-League-Scores-and-Fixtures,2026-02-12T05:18:34.776299+00:00
2026-04-05,,La Liga,Matchweek 30,Sun,Away,,,,Mallorca,,,,,,,https://fbref.com/en/stathead/matchup/teams/53a2f082/2aa12281/Real-Madrid-vs-Mallorca-History,,Real Madrid,https://fbref.com/en/squads/53a2f082/Real-Madrid-Stats,https://fbref.com/en/comps/8/schedule/Champions-League-Scores-and-Fixtures,2026-02-12T05:18:34.776299+00:00
2026-04-12,,La Liga,Matchweek 31,Sun,Home,,,,Girona,,,,,,,https://fbref.com/en/stathead/matchup/teams/9024a00a/53a2f082/Girona-vs-Real-Madrid-History,,Real Madrid,https://fbref.com/en/squads/53a2f082/Real-Madrid-Stats,https://fbref.com/en/comps/8/schedule/Champions-League-Scores-and-Fixtures,2026-02-12T05:18:34.776299+00:00
2026-04-22,,La Liga,Matchweek 33,Wed,Home,,,,Alavés,,,,,,,https://fbref.com/en/stathead/matchup/teams/8d6fd021/53a2f082/Alaves-vs-Real-Madrid-History,,Real Madrid,https://fbref.com/en/squads/53a2f082/Real-Madrid-Stats,https://fbref.com/en/comps/8/schedule/Champions-League-Scores-and-Fixtures,2026-02-12T05:18:34.776299+00:00
2026-04-26,,La Liga,Matchweek 32,Sun,Away,,,,Real Betis,,,,,,,https://fbref.com/en/stathead/matchup/teams/fc536746/53a2f082/Real-Betis-vs-Real-Madrid-History,,Real Madrid,https://fbref.com/en/squads/53a2f082/Real-Madrid-Stats,https://fbref.com/en/comps/8/schedule/Champions-League-Scores-and-Fixtures,2026-02-12T05:18:34.776299+00:00
2026-05-03,,La Liga,Matchweek 34,Sun,Away,,,,Espanyol,,,,,,,https://fbref.com/en/stathead/matchup/teams/a8661628/53a2f082/Espanyol-vs-Real-Madrid-History,,Real Madrid,https://fbref.com/en/squads/53a2f082/Real-Madrid-Stats,https://fbref.com/en/comps/8/schedule/Champions-League-Scores-and-Fixtures,2026-02-12T05:18:34.776299+00:00
2026-05-10,,La Liga,Matchweek 35,Sun,Away,,,,Barcelona,,,,,,,https://fbref.com/en/stathead/matchup/teams/53a2f082/206d90db/El-Clasico-Real-Madrid-vs-Barcelona-History,,Real Madrid,https://fbref.com/en/squads/53a2f082/Real-Madrid-Stats,https://fbref.com/en/comps/8/schedule/Champions-League-Scores-and-Fixtures,2026-02-12T05:18:34.776299+00:00
2026-05-13,,La Liga,Matchweek 36,Wed,Home,,,,Oviedo,,,,,,,https://fbref.com/en/stathead/matchup/teams/ab358912/53a2f082/Oviedo-vs-Real-Madrid-History,,Real Madrid,https://fbref.com/en/squads/53a2f082/Real-Madrid-Stats,https://fbref.com/en/comps/8/schedule/Champions-League-Scores-and-Fixtures,2026-02-12T05:18:34.776299+00:00
2026-05-17,,La Liga,Matchweek 37,Sun,Away,,,,Sevilla,,,,,,,https://fbref.com/en/stathead/matchup/teams/ad2be733/53a2f082/Sevilla-vs-Real-Madrid-History,,Real Madrid,https://fbref.com/en/squads/53a2f082/Real-Madrid-Stats,https://fbref.com/en/comps/8/schedule/Champions-League-Scores-and-Fixtures,2026-02-12T05:18:34.776299+00:00
2026-05-24,,La Liga,Matchweek 38,Sun,Home,,,,Athletic Club,,,,,,,https://fbref.com/en/stathead/matchup/teams/53a2f082/2b390eca/Real-Madrid-vs-Athletic-Club-History,,Real Madrid,https://fbref.com/en/squads/53a2f082/Real-Madrid-Stats,https://fbref.com/en/comps/8/schedule/Champions-League-Scores-and-Fixtures,2026-02-12T05:18:34.776299+00:00
