country,association_name,official_name,association_code,member_id,overall_rank,overall_country_coefficient,season_rank,season_country_coefficient,uefa_season_year,overall_source_url,season_source_url,scraped_at_utc
Spain,Spain,Spain,ESP,122,1,68.467,1,14.857,2002,https://www.uefa.com/nationalassociations/uefarankings/country/?year=2002,https://www.uefa.com/nationalassociations/uefarankings/country/seasons/?year=2002,2026-02-13T21:37:57.705796+00:00
Italy,Italy,Italy,ITA,66,2,58.668,3,12.571,2002,https://www.uefa.com/nationalassociations/uefarankings/country/?year=2002,https://www.uefa.com/nationalassociations/uefarankings/country/seasons/?year=2002,2026-02-13T21:37:57.705796+00:00
England,England,England,ENG,39,3,55.459,4,11.571,2002,https://www.uefa.com/nationalassociations/uefarankings/country/?year=2002,https://www.uefa.com/nationalassociations/uefarankings/country/seasons/?year=2002,2026-02-13T21:37:57.705796+00:00
Germany,Germany,Germany,GER,47,4,52.99,2,13.5,2002,https://www.uefa.com/nationalassociations/uefarankings/country/?year=2002,https://www.uefa.com/nationalassociations/uefarankings/country/seasons/?year=2002,2026-02-13T21:37:57.705796+00:00
France,France,France,FRA,43,5,42.352,9,7.125,2002,https://www.uefa.com/nationalassociations/uefarankings/country/?year=2002,https://www.uefa.com/nationalassociations/uefarankings/country/seasons/?year=2002,2026-02-13T21:37:57.705796+00:00
Greece,Greece,Greece,GRE,49,6,36.116,5,11.25,2002,https://www.uefa.com/nationalassociations/uefarankings/country/?year=2002,https://www.uefa.com/nationalassociations/uefarankings/country/seasons/?year=2002,2026-02-13T21:37:57.705796+00:00
Netherlands,Netherlands,Netherlands,NED,95,7,34.165,6,10.166,2002,https://www.uefa.com/nationalassociations/uefarankings/country/?year=2002,https://www.uefa.com/nationalassociations/uefarankings/country/seasons/?year=2002,2026-02-13T21:37:57.705796+00:00
Türkiye,Türki̇ye,Türki̇ye,TUR,135,8,28.725,13,5.625,2002,https://www.uefa.com/nationalassociations/uefarankings/country/?year=2002,https://www.uefa.com/nationalassociations/uefarankings/country/seasons/?year=2002,2026-02-13T21:37:57.705796+00:00
Portugal,Portugal,Portugal,POR,110,9,28.249,7,9.375,2002,https://www.uefa.com/nationalassociations/uefarankings/country/?year=2002,https://www.uefa.com/nationalassociations/uefarankings/country/seasons/?year=2002,2026-02-13T21:37:57.705796+00:00
Russia,Russia,Russia,RUS,57451,10,27.291,26,2.333,2002,https://www.uefa.com/nationalassociations/uefarankings/country/?year=2002,https://www.uefa.com/nationalassociations/uefarankings/country/seasons/?year=2002,2026-02-13T21:37:57.705796+00:00
Czechia,Czechia,Czechia,CZE,58837,11,26.625,14,5.5,2002,https://www.uefa.com/nationalassociations/uefarankings/country/?year=2002,https://www.uefa.com/nationalassociations/uefarankings/country/seasons/?year=2002,2026-02-13T21:37:57.705796+00:00
Scotland,Scotland,Scotland,SCO,117,12,26.125,10,6.625,2002,https://www.uefa.com/nationalassociations/uefarankings/country/?year=2002,https://www.uefa.com/nationalassociations/uefarankings/country/seasons/?year=2002,2026-02-13T21:37:57.705796+00:00
Ukraine,Ukraine,Ukraine,UKR,57166,13,25.958,20,3.625,2002,https://www.uefa.com/nationalassociations/uefarankings/country/?year=2002,https://www.uefa.com/nationalassociations/uefarankings/country/seasons/?year=2002,2026-02-13T21:37:57.705796+00:00
Belgium,Belgium,Belgium,BEL,13,14,25.525,12,5.875,2002,https://www.uefa.com/nationalassociations/uefarankings/country/?year=2002,https://www.uefa.com/nationalassociations/uefarankings/country/seasons/?year=2002,2026-02-13T21:37:57.705796+00:00
Austria,Austria,Austria,AUT,8,15,23.25,22,3.375,2002,https://www.uefa.com/nationalassociations/uefarankings/country/?year=2002,https://www.uefa.com/nationalassociations/uefarankings/country/seasons/?year=2002,2026-02-13T21:37:57.705796+00:00
Switzerland,Switzerland,Switzerland,SUI,128,16,22.625,11,6.125,2002,https://www.uefa.com/nationalassociations/uefarankings/country/?year=2002,https://www.uefa.com/nationalassociations/uefarankings/country/seasons/?year=2002,2026-02-13T21:37:57.705796+00:00
Norway,Norway,Norway,NOR,101,17,21.475,23,3.25,2002,https://www.uefa.com/nationalassociations/uefarankings/country/?year=2002,https://www.uefa.com/nationalassociations/uefarankings/country/seasons/?year=2002,2026-02-13T21:37:57.705796+00:00
Israel,Israel,Israel,ISR,65,18,21.332,8,8.333,2002,https://www.uefa.com/nationalassociations/uefarankings/country/?year=2002,https://www.uefa.com/nationalassociations/uefarankings/country/seasons/?year=2002,2026-02-13T21:37:57.705796+00:00
Croatia,Croatia,Croatia,CRO,56370,19,21.041,17,4.375,2002,https://www.uefa.com/nationalassociations/uefarankings/country/?year=2002,https://www.uefa.com/nationalassociations/uefarankings/country/seasons/?year=2002,2026-02-13T21:37:57.705796+00:00
Poland,Poland,Poland,POL,109,20,17.5,18,4.125,2002,https://www.uefa.com/nationalassociations/uefarankings/country/?year=2002,https://www.uefa.com/nationalassociations/uefarankings/country/seasons/?year=2002,2026-02-13T21:37:57.705796+00:00
Denmark,Denmark,Denmark,DEN,35,21,17.375,16,4.5,2002,https://www.uefa.com/nationalassociations/uefarankings/country/?year=2002,https://www.uefa.com/nationalassociations/uefarankings/country/seasons/?year=2002,2026-02-13T21:37:57.705796+00:00
Sweden,Sweden,Sweden,SWE,127,22,17.241,19,3.833,2002,https://www.uefa.com/nationalassociations/uefarankings/country/?year=2002,https://www.uefa.com/nationalassociations/uefarankings/country/seasons/?year=2002,2026-02-13T21:37:57.705796+00:00
Serbia,Serbia,Serbia,SRB,147,23,16.331,24,3.166,2002,https://www.uefa.com/nationalassociations/uefarankings/country/?year=2002,https://www.uefa.com/nationalassociations/uefarankings/country/seasons/?year=2002,2026-02-13T21:37:57.705796+00:00
Slovakia,Slovakia,Slovakia,SVK,58836,24,15.665,21,3.5,2002,https://www.uefa.com/nationalassociations/uefarankings/country/?year=2002,https://www.uefa.com/nationalassociations/uefarankings/country/seasons/?year=2002,2026-02-13T21:37:57.705796+00:00
Bulgaria,Bulgaria,Bulgaria,BUL,20,25,15.165,15,4.833,2002,https://www.uefa.com/nationalassociations/uefarankings/country/?year=2002,https://www.uefa.com/nationalassociations/uefarankings/country/seasons/?year=2002,2026-02-13T21:37:57.705796+00:00
Romania,Romania,Romania,ROU,113,26,13.916,25,2.625,2002,https://www.uefa.com/nationalassociations/uefarankings/country/?year=2002,https://www.uefa.com/nationalassociations/uefarankings/country/seasons/?year=2002,2026-02-13T21:37:57.705796+00:00
Hungary,Hungary,Hungary,HUN,57,27,13.749,27,1.5,2002,https://www.uefa.com/nationalassociations/uefarankings/country/?year=2002,https://www.uefa.com/nationalassociations/uefarankings/country/seasons/?year=2002,2026-02-13T21:37:57.705796+00:00
Slovenia,Slovenia,Slovenia,SVN,57163,28,11.832,28,1.5,2002,https://www.uefa.com/nationalassociations/uefarankings/country/?year=2002,https://www.uefa.com/nationalassociations/uefarankings/country/seasons/?year=2002,2026-02-13T21:37:57.705796+00:00
Cyprus,Cyprus,Cyprus,CYP,33,29,9.332,30,1.333,2002,https://www.uefa.com/nationalassociations/uefarankings/country/?year=2002,https://www.uefa.com/nationalassociations/uefarankings/country/seasons/?year=2002,2026-02-13T21:37:57.705796+00:00
Finland,Finland,Finland,FIN,42,30,8.041,29,1.375,2002,https://www.uefa.com/nationalassociations/uefarankings/country/?year=2002,https://www.uefa.com/nationalassociations/uefarankings/country/seasons/?year=2002,2026-02-13T21:37:57.705796+00:00
Latvia,Latvia,Latvia,LVA,56558,31,7.165,40,0.666,2002,https://www.uefa.com/nationalassociations/uefarankings/country/?year=2002,https://www.uefa.com/nationalassociations/uefarankings/country/seasons/?year=2002,2026-02-13T21:37:57.705796+00:00
Georgia,Georgia,Georgia,GEO,57157,32,6.999,31,1.333,2002,https://www.uefa.com/nationalassociations/uefarankings/country/?year=2002,https://www.uefa.com/nationalassociations/uefarankings/country/seasons/?year=2002,2026-02-13T21:37:57.705796+00:00
Moldova,Moldova,Moldova,MDA,57160,33,5.165,33,1.166,2002,https://www.uefa.com/nationalassociations/uefarankings/country/?year=2002,https://www.uefa.com/nationalassociations/uefarankings/country/seasons/?year=2002,2026-02-13T21:37:57.705796+00:00
Iceland,Iceland,Iceland,ISL,58,34,4.832,35,0.833,2002,https://www.uefa.com/nationalassociations/uefarankings/country/?year=2002,https://www.uefa.com/nationalassociations/uefarankings/country/seasons/?year=2002,2026-02-13T21:37:57.705796+00:00
Belarus,Belarus,Belarus,BLR,57155,35,4.083,36,0.75,2002,https://www.uefa.com/nationalassociations/uefarankings/country/?year=2002,https://www.uefa.com/nationalassociations/uefarankings/country/seasons/?year=2002,2026-02-13T21:37:57.705796+00:00
Lithuania,Lithuania,Lithuania,LTU,56557,36,3.831,44,0.333,2002,https://www.uefa.com/nationalassociations/uefarankings/country/?year=2002,https://www.uefa.com/nationalassociations/uefarankings/country/seasons/?year=2002,2026-02-13T21:37:57.705796+00:00
Republic of Ireland,Republic of Ireland,Republic of Ireland,IRL,64,37,3.331,37,0.666,2002,https://www.uefa.com/nationalassociations/uefarankings/country/?year=2002,https://www.uefa.com/nationalassociations/uefarankings/country/seasons/?year=2002,2026-02-13T21:37:57.705796+00:00
North Macedonia,North Macedonia,North Macedonia,MKD,59205,38,2.997,38,0.666,2002,https://www.uefa.com/nationalassociations/uefarankings/country/?year=2002,https://www.uefa.com/nationalassociations/uefarankings/country/seasons/?year=2002,2026-02-13T21:37:57.705796+00:00
Malta,Malta,Malta,MLT,88,39,2.498,32,1.166,2002,https://www.uefa.com/nationalassociations/uefarankings/country/?year=2002,https://www.uefa.com/nationalassociations/uefarankings/country/seasons/?year=2002,2026-02-13T21:37:57.705796+00:00
Wales,Wales,Wales,WAL,144,40,1.832,34,1.0,2002,https://www.uefa.com/nationalassociations/uefarankings/country/?year=2002,https://www.uefa.com/nationalassociations/uefarankings/country/seasons/?year=2002,2026-02-13T21:37:57.705796+00:00
Estonia,Estonia,Estonia,EST,56556,41,1.665,41,0.5,2002,https://www.uefa.com/nationalassociations/uefarankings/country/?year=2002,https://www.uefa.com/nationalassociations/uefarankings/country/seasons/?year=2002,2026-02-13T21:37:57.705796+00:00
Bosnia and Herzegovina,Bosnia and Herzegovina,Bosnia and Herzegovina,BIH,60094,42,1.333,47,0.333,2002,https://www.uefa.com/nationalassociations/uefarankings/country/?year=2002,https://www.uefa.com/nationalassociations/uefarankings/country/seasons/?year=2002,2026-02-13T21:37:57.705796+00:00
Armenia,Armenia,Armenia,ARM,57419,43,1.332,49,0.0,2002,https://www.uefa.com/nationalassociations/uefarankings/country/?year=2002,https://www.uefa.com/nationalassociations/uefarankings/country/seasons/?year=2002,2026-02-13T21:37:57.705796+00:00
Northern Ireland,Northern Ireland,Northern Ireland,NIR,63,44,1.331,45,0.333,2002,https://www.uefa.com/nationalassociations/uefarankings/country/?year=2002,https://www.uefa.com/nationalassociations/uefarankings/country/seasons/?year=2002,2026-02-13T21:37:57.705796+00:00
Albania,Albania,Albania,ALB,2,45,1.165,39,0.666,2002,https://www.uefa.com/nationalassociations/uefarankings/country/?year=2002,https://www.uefa.com/nationalassociations/uefarankings/country/seasons/?year=2002,2026-02-13T21:37:57.705796+00:00
Faroe Islands,Faroe Islands,Faroe Islands,FRO,51218,46,1.165,43,0.5,2002,https://www.uefa.com/nationalassociations/uefarankings/country/?year=2002,https://www.uefa.com/nationalassociations/uefarankings/country/seasons/?year=2002,2026-02-13T21:37:57.705796+00:00
Azerbaijan,Azerbaijan,Azerbaijan,AZE,57154,47,1.165,48,0.166,2002,https://www.uefa.com/nationalassociations/uefarankings/country/?year=2002,https://www.uefa.com/nationalassociations/uefarankings/country/seasons/?year=2002,2026-02-13T21:37:57.705796+00:00
Liechtenstein,Liechtenstein,Liechtenstein,LIE,81,48,1.0,42,0.5,2002,https://www.uefa.com/nationalassociations/uefarankings/country/?year=2002,https://www.uefa.com/nationalassociations/uefarankings/country/seasons/?year=2002,2026-02-13T21:37:57.705796+00:00
Luxembourg,Luxembourg,Luxembourg,LUX,82,49,0.832,46,0.333,2002,https://www.uefa.com/nationalassociations/uefarankings/country/?year=2002,https://www.uefa.com/nationalassociations/uefarankings/country/seasons/?year=2002,2026-02-13T21:37:57.705796+00:00
Andorra,Andorra,Andorra,AND,60618,50,0.0,50,0.0,2002,https://www.uefa.com/nationalassociations/uefarankings/country/?year=2002,https://www.uefa.com/nationalassociations/uefarankings/country/seasons/?year=2002,2026-02-13T21:37:57.705796+00:00
San Marino,San Marino,San Marino,SMR,50168,51,0.0,51,0.0,2002,https://www.uefa.com/nationalassociations/uefarankings/country/?year=2002,https://www.uefa.com/nationalassociations/uefarankings/country/seasons/?year=2002,2026-02-13T21:37:57.705796+00:00
Spain,Spain,Spain,ESP,122,1,75.539,2,15.5,2003,https://www.uefa.com/nationalassociations/uefarankings/country/?year=2003,https://www.uefa.com/nationalassociations/uefarankings/country/seasons/?year=2003,2026-02-13T21:37:57.705796+00:00
Italy,Italy,Italy,ITA,66,2,62.311,1,15.928,2003,https://www.uefa.com/nationalassociations/uefarankings/country/?year=2003,https://www.uefa.com/nationalassociations/uefarankings/country/seasons/?year=2003,2026-02-13T21:37:57.705796+00:00
England,England,England,ENG,39,3,58.34,4,10.666,2003,https://www.uefa.com/nationalassociations/uefarankings/country/?year=2003,https://www.uefa.com/nationalassociations/uefarankings/country/seasons/?year=2003,2026-02-13T21:37:57.705796+00:00
Germany,Germany,Germany,GER,47,4,51.132,5,9.142,2003,https://www.uefa.com/nationalassociations/uefarankings/country/?year=2003,https://www.uefa.com/nationalassociations/uefarankings/country/seasons/?year=2003,2026-02-13T21:37:57.705796+00:00
France,France,France,FRA,43,5,43.468,6,7.916,2003,https://www.uefa.com/nationalassociations/uefarankings/country/?year=2003,https://www.uefa.com/nationalassociations/uefarankings/country/seasons/?year=2003,2026-02-13T21:37:57.705796+00:00
Greece,Greece,Greece,GRE,49,6,36.782,8,7.166,2003,https://www.uefa.com/nationalassociations/uefarankings/country/?year=2003,https://www.uefa.com/nationalassociations/uefarankings/country/seasons/?year=2003,2026-02-13T21:37:57.705796+00:00
Portugal,Portugal,Portugal,POR,110,7,35.583,3,10.75,2003,https://www.uefa.com/nationalassociations/uefarankings/country/?year=2003,https://www.uefa.com/nationalassociations/uefarankings/country/seasons/?year=2003,2026-02-13T21:37:57.705796+00:00
Netherlands,Netherlands,Netherlands,NED,95,8,33.498,12,6.166,2003,https://www.uefa.com/nationalassociations/uefarankings/country/?year=2003,https://www.uefa.com/nationalassociations/uefarankings/country/seasons/?year=2003,2026-02-13T21:37:57.705796+00:00
Scotland,Scotland,Scotland,SCO,117,9,30.375,7,7.375,2003,https://www.uefa.com/nationalassociations/uefarankings/country/?year=2003,https://www.uefa.com/nationalassociations/uefarankings/country/seasons/?year=2003,2026-02-13T21:37:57.705796+00:00
Türkiye,Türki̇ye,Türki̇ye,TUR,135,10,28.991,16,4.666,2003,https://www.uefa.com/nationalassociations/uefarankings/country/?year=2003,https://www.uefa.com/nationalassociations/uefarankings/country/seasons/?year=2003,2026-02-13T21:37:57.705796+00:00
Belgium,Belgium,Belgium,BEL,13,11,28.5,9,6.875,2003,https://www.uefa.com/nationalassociations/uefarankings/country/?year=2003,https://www.uefa.com/nationalassociations/uefarankings/country/seasons/?year=2003,2026-02-13T21:37:57.705796+00:00
Czechia,Czechia,Czechia,CZE,58837,12,27.95,11,6.2,2003,https://www.uefa.com/nationalassociations/uefarankings/country/?year=2003,https://www.uefa.com/nationalassociations/uefarankings/country/seasons/?year=2003,2026-02-13T21:37:57.705796+00:00
Switzerland,Switzerland,Switzerland,SUI,128,13,26.25,13,5.875,2003,https://www.uefa.com/nationalassociations/uefarankings/country/?year=2003,https://www.uefa.com/nationalassociations/uefarankings/country/seasons/?year=2003,2026-02-13T21:37:57.705796+00:00
Ukraine,Ukraine,Ukraine,UKR,57166,14,24.583,17,4.25,2003,https://www.uefa.com/nationalassociations/uefarankings/country/?year=2003,https://www.uefa.com/nationalassociations/uefarankings/country/seasons/?year=2003,2026-02-13T21:37:57.705796+00:00
Israel,Israel,Israel,ISR,65,15,23.999,14,5.833,2003,https://www.uefa.com/nationalassociations/uefarankings/country/?year=2003,https://www.uefa.com/nationalassociations/uefarankings/country/seasons/?year=2003,2026-02-13T21:37:57.705796+00:00
Austria,Austria,Austria,AUT,8,16,23.375,19,4.0,2003,https://www.uefa.com/nationalassociations/uefarankings/country/?year=2003,https://www.uefa.com/nationalassociations/uefarankings/country/seasons/?year=2003,2026-02-13T21:37:57.705796+00:00
Poland,Poland,Poland,POL,109,17,21.625,10,6.625,2003,https://www.uefa.com/nationalassociations/uefarankings/country/?year=2003,https://www.uefa.com/nationalassociations/uefarankings/country/seasons/?year=2003,2026-02-13T21:37:57.705796+00:00
Russia,Russia,Russia,RUS,57451,18,21.041,20,3.625,2003,https://www.uefa.com/nationalassociations/uefarankings/country/?year=2003,https://www.uefa.com/nationalassociations/uefarankings/country/seasons/?year=2003,2026-02-13T21:37:57.705796+00:00
Serbia,Serbia,Serbia,SRB,147,19,19.831,15,4.833,2003,https://www.uefa.com/nationalassociations/uefarankings/country/?year=2003,https://www.uefa.com/nationalassociations/uefarankings/country/seasons/?year=2003,2026-02-13T21:37:57.705796+00:00
Norway,Norway,Norway,NOR,101,20,19.575,26,2.7,2003,https://www.uefa.com/nationalassociations/uefarankings/country/?year=2003,https://www.uefa.com/nationalassociations/uefarankings/country/seasons/?year=2003,2026-02-13T21:37:57.705796+00:00
Bulgaria,Bulgaria,Bulgaria,BUL,20,21,18.665,18,4.166,2003,https://www.uefa.com/nationalassociations/uefarankings/country/?year=2003,https://www.uefa.com/nationalassociations/uefarankings/country/seasons/?year=2003,2026-02-13T21:37:57.705796+00:00
Croatia,Croatia,Croatia,CRO,56370,22,18.625,25,2.75,2003,https://www.uefa.com/nationalassociations/uefarankings/country/?year=2003,https://www.uefa.com/nationalassociations/uefarankings/country/seasons/?year=2003,2026-02-13T21:37:57.705796+00:00
Sweden,Sweden,Sweden,SWE,127,23,17.591,27,2.25,2003,https://www.uefa.com/nationalassociations/uefarankings/country/?year=2003,https://www.uefa.com/nationalassociations/uefarankings/country/seasons/?year=2003,2026-02-13T21:37:57.705796+00:00
Denmark,Denmark,Denmark,DEN,35,24,17.375,21,3.25,2003,https://www.uefa.com/nationalassociations/uefarankings/country/?year=2003,https://www.uefa.com/nationalassociations/uefarankings/country/seasons/?year=2003,2026-02-13T21:37:57.705796+00:00
Slovakia,Slovakia,Slovakia,SVK,58836,25,13.665,38,0.666,2003,https://www.uefa.com/nationalassociations/uefarankings/country/?year=2003,https://www.uefa.com/nationalassociations/uefarankings/country/seasons/?year=2003,2026-02-13T21:37:57.705796+00:00
Romania,Romania,Romania,ROU,113,26,12.957,28,2.166,2003,https://www.uefa.com/nationalassociations/uefarankings/country/?year=2003,https://www.uefa.com/nationalassociations/uefarankings/country/seasons/?year=2003,2026-02-13T21:37:57.705796+00:00
Hungary,Hungary,Hungary,HUN,57,27,12.79,23,3.166,2003,https://www.uefa.com/nationalassociations/uefarankings/country/?year=2003,https://www.uefa.com/nationalassociations/uefarankings/country/seasons/?year=2003,2026-02-13T21:37:57.705796+00:00
Cyprus,Cyprus,Cyprus,CYP,33,28,10.165,22,3.166,2003,https://www.uefa.com/nationalassociations/uefarankings/country/?year=2003,https://www.uefa.com/nationalassociations/uefarankings/country/seasons/?year=2003,2026-02-13T21:37:57.705796+00:00
Slovenia,Slovenia,Slovenia,SVN,57163,29,9.332,40,0.666,2003,https://www.uefa.com/nationalassociations/uefarankings/country/?year=2003,https://www.uefa.com/nationalassociations/uefarankings/country/seasons/?year=2003,2026-02-13T21:37:57.705796+00:00
Finland,Finland,Finland,FIN,42,30,7.208,43,0.333,2003,https://www.uefa.com/nationalassociations/uefarankings/country/?year=2003,https://www.uefa.com/nationalassociations/uefarankings/country/seasons/?year=2003,2026-02-13T21:37:57.705796+00:00
Latvia,Latvia,Latvia,LVA,56558,31,6.665,30,1.166,2003,https://www.uefa.com/nationalassociations/uefarankings/country/?year=2003,https://www.uefa.com/nationalassociations/uefarankings/country/seasons/?year=2003,2026-02-13T21:37:57.705796+00:00
Moldova,Moldova,Moldova,MDA,57160,32,5.832,35,1.0,2003,https://www.uefa.com/nationalassociations/uefarankings/country/?year=2003,https://www.uefa.com/nationalassociations/uefarankings/country/seasons/?year=2003,2026-02-13T21:37:57.705796+00:00
Georgia,Georgia,Georgia,GEO,57157,33,5.666,29,1.333,2003,https://www.uefa.com/nationalassociations/uefarankings/country/?year=2003,https://www.uefa.com/nationalassociations/uefarankings/country/seasons/?year=2003,2026-02-13T21:37:57.705796+00:00
Bosnia and Herzegovina,Bosnia and Herzegovina,Bosnia and Herzegovina,BIH,60094,34,4.333,24,3.0,2003,https://www.uefa.com/nationalassociations/uefarankings/country/?year=2003,https://www.uefa.com/nationalassociations/uefarankings/country/seasons/?year=2003,2026-02-13T21:37:57.705796+00:00
Lithuania,Lithuania,Lithuania,LTU,56557,35,3.998,37,0.833,2003,https://www.uefa.com/nationalassociations/uefarankings/country/?year=2003,https://www.uefa.com/nationalassociations/uefarankings/country/seasons/?year=2003,2026-02-13T21:37:57.705796+00:00
Iceland,Iceland,Iceland,ISL,58,36,3.498,47,0.166,2003,https://www.uefa.com/nationalassociations/uefarankings/country/?year=2003,https://www.uefa.com/nationalassociations/uefarankings/country/seasons/?year=2003,2026-02-13T21:37:57.705796+00:00
North Macedonia,North Macedonia,North Macedonia,MKD,59205,37,3.497,32,1.166,2003,https://www.uefa.com/nationalassociations/uefarankings/country/?year=2003,https://www.uefa.com/nationalassociations/uefarankings/country/seasons/?year=2003,2026-02-13T21:37:57.705796+00:00
Belarus,Belarus,Belarus,BLR,57155,38,3.416,33,1.166,2003,https://www.uefa.com/nationalassociations/uefarankings/country/?year=2003,https://www.uefa.com/nationalassociations/uefarankings/country/seasons/?year=2003,2026-02-13T21:37:57.705796+00:00
Republic of Ireland,Republic of Ireland,Republic of Ireland,IRL,64,39,3.331,48,0.166,2003,https://www.uefa.com/nationalassociations/uefarankings/country/?year=2003,https://www.uefa.com/nationalassociations/uefarankings/country/seasons/?year=2003,2026-02-13T21:37:57.705796+00:00
Malta,Malta,Malta,MLT,88,40,2.998,36,0.833,2003,https://www.uefa.com/nationalassociations/uefarankings/country/?year=2003,https://www.uefa.com/nationalassociations/uefarankings/country/seasons/?year=2003,2026-02-13T21:37:57.705796+00:00
Armenia,Armenia,Armenia,ARM,57419,41,2.165,31,1.166,2003,https://www.uefa.com/nationalassociations/uefarankings/country/?year=2003,https://www.uefa.com/nationalassociations/uefarankings/country/seasons/?year=2003,2026-02-13T21:37:57.705796+00:00
Wales,Wales,Wales,WAL,144,42,2.165,44,0.333,2003,https://www.uefa.com/nationalassociations/uefarankings/country/?year=2003,https://www.uefa.com/nationalassociations/uefarankings/country/seasons/?year=2003,2026-02-13T21:37:57.705796+00:00
Liechtenstein,Liechtenstein,Liechtenstein,LIE,81,43,2.0,34,1.0,2003,https://www.uefa.com/nationalassociations/uefarankings/country/?year=2003,https://www.uefa.com/nationalassociations/uefarankings/country/seasons/?year=2003,2026-02-13T21:37:57.705796+00:00
Albania,Albania,Albania,ALB,2,44,1.831,39,0.666,2003,https://www.uefa.com/nationalassociations/uefarankings/country/?year=2003,https://www.uefa.com/nationalassociations/uefarankings/country/seasons/?year=2003,2026-02-13T21:37:57.705796+00:00
Estonia,Estonia,Estonia,EST,56556,45,1.665,49,0.166,2003,https://www.uefa.com/nationalassociations/uefarankings/country/?year=2003,https://www.uefa.com/nationalassociations/uefarankings/country/seasons/?year=2003,2026-02-13T21:37:57.705796+00:00
Northern Ireland,Northern Ireland,Northern Ireland,NIR,63,46,1.498,45,0.333,2003,https://www.uefa.com/nationalassociations/uefarankings/country/?year=2003,https://www.uefa.com/nationalassociations/uefarankings/country/seasons/?year=2003,2026-02-13T21:37:57.705796+00:00
Luxembourg,Luxembourg,Luxembourg,LUX,82,47,1.332,42,0.5,2003,https://www.uefa.com/nationalassociations/uefarankings/country/?year=2003,https://www.uefa.com/nationalassociations/uefarankings/country/seasons/?year=2003,2026-02-13T21:37:57.705796+00:00
Faroe Islands,Faroe Islands,Faroe Islands,FRO,51218,48,1.165,46,0.166,2003,https://www.uefa.com/nationalassociations/uefarankings/country/?year=2003,https://www.uefa.com/nationalassociations/uefarankings/country/seasons/?year=2003,2026-02-13T21:37:57.705796+00:00
Azerbaijan,Azerbaijan,Azerbaijan,AZE,57154,49,1.165,48,0.166,2003,https://www.uefa.com/nationalassociations/uefarankings/country/?year=2003,https://www.uefa.com/nationalassociations/uefarankings/country/seasons/?year=2003,2026-02-13T21:37:57.705796+00:00
Kazakhstan,Kazakhstan,Kazakhstan,KAZ,65146,50,0.5,41,0.5,2003,https://www.uefa.com/nationalassociations/uefarankings/country/?year=2003,https://www.uefa.com/nationalassociations/uefarankings/country/seasons/?year=2003,2026-02-13T21:37:57.705796+00:00
Andorra,Andorra,Andorra,AND,60618,51,0.0,50,0.0,2003,https://www.uefa.com/nationalassociations/uefarankings/country/?year=2003,https://www.uefa.com/nationalassociations/uefarankings/country/seasons/?year=2003,2026-02-13T21:37:57.705796+00:00
San Marino,San Marino,San Marino,SMR,50168,52,0.0,51,0.0,2003,https://www.uefa.com/nationalassociations/uefarankings/country/?year=2003,https://www.uefa.com/nationalassociations/uefarankings/country/seasons/?year=2003,2026-02-13T21:37:57.705796+00:00
Spain,Spain,Spain,ESP,122,1,79.851,1,14.312,2004,https://www.uefa.com/nationalassociations/uefarankings/country/?year=2004,https://www.uefa.com/nationalassociations/uefarankings/country/seasons/?year=2004,2026-02-13T21:37:57.705796+00:00
England,England,England,ENG,39,2,62.153,3,11.25,2004,https://www.uefa.com/nationalassociations/uefarankings/country/?year=2004,https://www.uefa.com/nationalassociations/uefarankings/country/seasons/?year=2004,2026-02-13T21:37:57.705796+00:00
Italy,Italy,Italy,ITA,66,3,59.186,5,8.875,2004,https://www.uefa.com/nationalassociations/uefarankings/country/?year=2004,https://www.uefa.com/nationalassociations/uefarankings/country/seasons/?year=2004,2026-02-13T21:37:57.705796+00:00
Germany,Germany,Germany,GER,47,4,49.489,15,4.714,2004,https://www.uefa.com/nationalassociations/uefarankings/country/?year=2004,https://www.uefa.com/nationalassociations/uefarankings/country/seasons/?year=2004,2026-02-13T21:37:57.705796+00:00
France,France,France,FRA,43,5,48.326,2,13.5,2004,https://www.uefa.com/nationalassociations/uefarankings/country/?year=2004,https://www.uefa.com/nationalassociations/uefarankings/country/seasons/?year=2004,2026-02-13T21:37:57.705796+00:00
Portugal,Portugal,Portugal,POR,110,6,42.333,4,10.25,2004,https://www.uefa.com/nationalassociations/uefarankings/country/?year=2004,https://www.uefa.com/nationalassociations/uefarankings/country/seasons/?year=2004,2026-02-13T21:37:57.705796+00:00
Greece,Greece,Greece,GRE,49,7,34.748,19,4.166,2004,https://www.uefa.com/nationalassociations/uefarankings/country/?year=2004,https://www.uefa.com/nationalassociations/uefarankings/country/seasons/?year=2004,2026-02-13T21:37:57.705796+00:00
Netherlands,Netherlands,Netherlands,NED,95,8,34.081,12,5.416,2004,https://www.uefa.com/nationalassociations/uefarankings/country/?year=2004,https://www.uefa.com/nationalassociations/uefarankings/country/seasons/?year=2004,2026-02-13T21:37:57.705796+00:00
Czechia,Czechia,Czechia,CZE,58837,9,33.075,6,7.375,2004,https://www.uefa.com/nationalassociations/uefarankings/country/?year=2004,https://www.uefa.com/nationalassociations/uefarankings/country/seasons/?year=2004,2026-02-13T21:37:57.705796+00:00
Türkiye,Türki̇ye,Türki̇ye,TUR,135,10,32.291,8,6.5,2004,https://www.uefa.com/nationalassociations/uefarankings/country/?year=2004,https://www.uefa.com/nationalassociations/uefarankings/country/seasons/?year=2004,2026-02-13T21:37:57.705796+00:00
Scotland,Scotland,Scotland,SCO,117,11,32.125,7,7.375,2004,https://www.uefa.com/nationalassociations/uefarankings/country/?year=2004,https://www.uefa.com/nationalassociations/uefarankings/country/seasons/?year=2004,2026-02-13T21:37:57.705796+00:00
Belgium,Belgium,Belgium,BEL,13,12,28.875,11,5.875,2004,https://www.uefa.com/nationalassociations/uefarankings/country/?year=2004,https://www.uefa.com/nationalassociations/uefarankings/country/seasons/?year=2004,2026-02-13T21:37:57.705796+00:00
Switzerland,Switzerland,Switzerland,SUI,128,13,22.375,27,1.875,2004,https://www.uefa.com/nationalassociations/uefarankings/country/?year=2004,https://www.uefa.com/nationalassociations/uefarankings/country/seasons/?year=2004,2026-02-13T21:37:57.705796+00:00
Ukraine,Ukraine,Ukraine,UKR,57166,14,22.125,13,4.875,2004,https://www.uefa.com/nationalassociations/uefarankings/country/?year=2004,https://www.uefa.com/nationalassociations/uefarankings/country/seasons/?year=2004,2026-02-13T21:37:57.705796+00:00
Norway,Norway,Norway,NOR,101,15,21.9,9,6.125,2004,https://www.uefa.com/nationalassociations/uefarankings/country/?year=2004,https://www.uefa.com/nationalassociations/uefarankings/country/seasons/?year=2004,2026-02-13T21:37:57.705796+00:00
Poland,Poland,Poland,POL,109,16,21.75,21,4.125,2004,https://www.uefa.com/nationalassociations/uefarankings/country/?year=2004,https://www.uefa.com/nationalassociations/uefarankings/country/seasons/?year=2004,2026-02-13T21:37:57.705796+00:00
Israel,Israel,Israel,ISR,65,17,21.249,24,2.25,2004,https://www.uefa.com/nationalassociations/uefarankings/country/?year=2004,https://www.uefa.com/nationalassociations/uefarankings/country/seasons/?year=2004,2026-02-13T21:37:57.705796+00:00
Austria,Austria,Austria,AUT,8,18,21.125,26,2.125,2004,https://www.uefa.com/nationalassociations/uefarankings/country/?year=2004,https://www.uefa.com/nationalassociations/uefarankings/country/seasons/?year=2004,2026-02-13T21:37:57.705796+00:00
Serbia,Serbia,Serbia,SRB,147,19,20.165,16,4.5,2004,https://www.uefa.com/nationalassociations/uefarankings/country/?year=2004,https://www.uefa.com/nationalassociations/uefarankings/country/seasons/?year=2004,2026-02-13T21:37:57.705796+00:00
Bulgaria,Bulgaria,Bulgaria,BUL,20,20,19.998,20,4.166,2004,https://www.uefa.com/nationalassociations/uefarankings/country/?year=2004,https://www.uefa.com/nationalassociations/uefarankings/country/seasons/?year=2004,2026-02-13T21:37:57.705796+00:00
Russia,Russia,Russia,RUS,57451,21,19.916,10,5.875,2004,https://www.uefa.com/nationalassociations/uefarankings/country/?year=2004,https://www.uefa.com/nationalassociations/uefarankings/country/seasons/?year=2004,2026-02-13T21:37:57.705796+00:00
Denmark,Denmark,Denmark,DEN,35,22,17.45,18,4.2,2004,https://www.uefa.com/nationalassociations/uefarankings/country/?year=2004,https://www.uefa.com/nationalassociations/uefarankings/country/seasons/?year=2004,2026-02-13T21:37:57.705796+00:00
Croatia,Croatia,Croatia,CRO,56370,23,17.375,22,3.625,2004,https://www.uefa.com/nationalassociations/uefarankings/country/?year=2004,https://www.uefa.com/nationalassociations/uefarankings/country/seasons/?year=2004,2026-02-13T21:37:57.705796+00:00
Sweden,Sweden,Sweden,SWE,127,24,16.716,31,1.5,2004,https://www.uefa.com/nationalassociations/uefarankings/country/?year=2004,https://www.uefa.com/nationalassociations/uefarankings/country/seasons/?year=2004,2026-02-13T21:37:57.705796+00:00
Hungary,Hungary,Hungary,HUN,57,25,15.29,14,4.833,2004,https://www.uefa.com/nationalassociations/uefarankings/country/?year=2004,https://www.uefa.com/nationalassociations/uefarankings/country/seasons/?year=2004,2026-02-13T21:37:57.705796+00:00
Romania,Romania,Romania,ROU,113,26,14.79,17,4.333,2004,https://www.uefa.com/nationalassociations/uefarankings/country/?year=2004,https://www.uefa.com/nationalassociations/uefarankings/country/seasons/?year=2004,2026-02-13T21:37:57.705796+00:00
Slovakia,Slovakia,Slovakia,SVK,58836,27,12.832,23,2.5,2004,https://www.uefa.com/nationalassociations/uefarankings/country/?year=2004,https://www.uefa.com/nationalassociations/uefarankings/country/seasons/?year=2004,2026-02-13T21:37:57.705796+00:00
Slovenia,Slovenia,Slovenia,SVN,57163,28,9.165,25,2.166,2004,https://www.uefa.com/nationalassociations/uefarankings/country/?year=2004,https://www.uefa.com/nationalassociations/uefarankings/country/seasons/?year=2004,2026-02-13T21:37:57.705796+00:00
Cyprus,Cyprus,Cyprus,CYP,33,29,8.998,33,1.333,2004,https://www.uefa.com/nationalassociations/uefarankings/country/?year=2004,https://www.uefa.com/nationalassociations/uefarankings/country/seasons/?year=2004,2026-02-13T21:37:57.705796+00:00
Moldova,Moldova,Moldova,MDA,57160,30,6.832,32,1.5,2004,https://www.uefa.com/nationalassociations/uefarankings/country/?year=2004,https://www.uefa.com/nationalassociations/uefarankings/country/seasons/?year=2004,2026-02-13T21:37:57.705796+00:00
Latvia,Latvia,Latvia,LVA,56558,31,5.998,34,0.833,2004,https://www.uefa.com/nationalassociations/uefarankings/country/?year=2004,https://www.uefa.com/nationalassociations/uefarankings/country/seasons/?year=2004,2026-02-13T21:37:57.705796+00:00
Finland,Finland,Finland,FIN,42,32,5.874,28,1.666,2004,https://www.uefa.com/nationalassociations/uefarankings/country/?year=2004,https://www.uefa.com/nationalassociations/uefarankings/country/seasons/?year=2004,2026-02-13T21:37:57.705796+00:00
Bosnia and Herzegovina,Bosnia and Herzegovina,Bosnia and Herzegovina,BIH,60094,33,5.499,29,1.666,2004,https://www.uefa.com/nationalassociations/uefarankings/country/?year=2004,https://www.uefa.com/nationalassociations/uefarankings/country/seasons/?year=2004,2026-02-13T21:37:57.705796+00:00
Georgia,Georgia,Georgia,GEO,57157,34,4.999,40,0.333,2004,https://www.uefa.com/nationalassociations/uefarankings/country/?year=2004,https://www.uefa.com/nationalassociations/uefarankings/country/seasons/?year=2004,2026-02-13T21:37:57.705796+00:00
North Macedonia,North Macedonia,North Macedonia,MKD,59205,35,4.83,30,1.666,2004,https://www.uefa.com/nationalassociations/uefarankings/country/?year=2004,https://www.uefa.com/nationalassociations/uefarankings/country/seasons/?year=2004,2026-02-13T21:37:57.705796+00:00
Lithuania,Lithuania,Lithuania,LTU,56557,36,4.165,35,0.833,2004,https://www.uefa.com/nationalassociations/uefarankings/country/?year=2004,https://www.uefa.com/nationalassociations/uefarankings/country/seasons/?year=2004,2026-02-13T21:37:57.705796+00:00
Belarus,Belarus,Belarus,BLR,57155,37,3.582,36,0.666,2004,https://www.uefa.com/nationalassociations/uefarankings/country/?year=2004,https://www.uefa.com/nationalassociations/uefarankings/country/seasons/?year=2004,2026-02-13T21:37:57.705796+00:00
Iceland,Iceland,Iceland,ISL,58,38,3.332,38,0.5,2004,https://www.uefa.com/nationalassociations/uefarankings/country/?year=2004,https://www.uefa.com/nationalassociations/uefarankings/country/seasons/?year=2004,2026-02-13T21:37:57.705796+00:00
Malta,Malta,Malta,MLT,88,39,3.331,43,0.333,2004,https://www.uefa.com/nationalassociations/uefarankings/country/?year=2004,https://www.uefa.com/nationalassociations/uefarankings/country/seasons/?year=2004,2026-02-13T21:37:57.705796+00:00
Republic of Ireland,Republic of Ireland,Republic of Ireland,IRL,64,40,3.164,44,0.333,2004,https://www.uefa.com/nationalassociations/uefarankings/country/?year=2004,https://www.uefa.com/nationalassociations/uefarankings/country/seasons/?year=2004,2026-02-13T21:37:57.705796+00:00
Armenia,Armenia,Armenia,ARM,57419,41,2.831,37,0.666,2004,https://www.uefa.com/nationalassociations/uefarankings/country/?year=2004,https://www.uefa.com/nationalassociations/uefarankings/country/seasons/?year=2004,2026-02-13T21:37:57.705796+00:00
Wales,Wales,Wales,WAL,144,42,2.332,45,0.333,2004,https://www.uefa.com/nationalassociations/uefarankings/country/?year=2004,https://www.uefa.com/nationalassociations/uefarankings/country/seasons/?year=2004,2026-02-13T21:37:57.705796+00:00
Liechtenstein,Liechtenstein,Liechtenstein,LIE,81,43,2.0,51,0.0,2004,https://www.uefa.com/nationalassociations/uefarankings/country/?year=2004,https://www.uefa.com/nationalassociations/uefarankings/country/seasons/?year=2004,2026-02-13T21:37:57.705796+00:00
Albania,Albania,Albania,ALB,2,44,1.831,42,0.333,2004,https://www.uefa.com/nationalassociations/uefarankings/country/?year=2004,https://www.uefa.com/nationalassociations/uefarankings/country/seasons/?year=2004,2026-02-13T21:37:57.705796+00:00
Northern Ireland,Northern Ireland,Northern Ireland,NIR,63,45,1.665,39,0.5,2004,https://www.uefa.com/nationalassociations/uefarankings/country/?year=2004,https://www.uefa.com/nationalassociations/uefarankings/country/seasons/?year=2004,2026-02-13T21:37:57.705796+00:00
Estonia,Estonia,Estonia,EST,56556,46,1.665,41,0.333,2004,https://www.uefa.com/nationalassociations/uefarankings/country/?year=2004,https://www.uefa.com/nationalassociations/uefarankings/country/seasons/?year=2004,2026-02-13T21:37:57.705796+00:00
Luxembourg,Luxembourg,Luxembourg,LUX,82,47,1.498,46,0.166,2004,https://www.uefa.com/nationalassociations/uefarankings/country/?year=2004,https://www.uefa.com/nationalassociations/uefarankings/country/seasons/?year=2004,2026-02-13T21:37:57.705796+00:00
Azerbaijan,Azerbaijan,Azerbaijan,AZE,57154,48,1.165,48,0.166,2004,https://www.uefa.com/nationalassociations/uefarankings/country/?year=2004,https://www.uefa.com/nationalassociations/uefarankings/country/seasons/?year=2004,2026-02-13T21:37:57.705796+00:00
Faroe Islands,Faroe Islands,Faroe Islands,FRO,51218,49,0.832,49,0.0,2004,https://www.uefa.com/nationalassociations/uefarankings/country/?year=2004,https://www.uefa.com/nationalassociations/uefarankings/country/seasons/?year=2004,2026-02-13T21:37:57.705796+00:00
Kazakhstan,Kazakhstan,Kazakhstan,KAZ,65146,50,0.666,47,0.166,2004,https://www.uefa.com/nationalassociations/uefarankings/country/?year=2004,https://www.uefa.com/nationalassociations/uefarankings/country/seasons/?year=2004,2026-02-13T21:37:57.705796+00:00
Andorra,Andorra,Andorra,AND,60618,51,0.0,50,0.0,2004,https://www.uefa.com/nationalassociations/uefarankings/country/?year=2004,https://www.uefa.com/nationalassociations/uefarankings/country/seasons/?year=2004,2026-02-13T21:37:57.705796+00:00
San Marino,San Marino,San Marino,SMR,50168,52,0.0,48,0.0,2004,https://www.uefa.com/nationalassociations/uefarankings/country/?year=2004,https://www.uefa.com/nationalassociations/uefarankings/country/seasons/?year=2004,2026-02-13T21:37:57.705796+00:00
Spain,Spain,Spain,ESP,122,1,48.652,3,8.208,2005,https://www.uefa.com/nationalassociations/uefarankings/country/?year=2005,https://www.uefa.com/nationalassociations/uefarankings/country/seasons/?year=2005,2026-02-13T21:37:57.705796+00:00
England,England,England,ENG,39,2,41.729,1,10.277,2005,https://www.uefa.com/nationalassociations/uefarankings/country/?year=2005,https://www.uefa.com/nationalassociations/uefarankings/country/seasons/?year=2005,2026-02-13T21:37:57.705796+00:00
Italy,Italy,Italy,ITA,66,3,40.382,2,9.24,2005,https://www.uefa.com/nationalassociations/uefarankings/country/?year=2005,https://www.uefa.com/nationalassociations/uefarankings/country/seasons/?year=2005,2026-02-13T21:37:57.705796+00:00
France,France,France,FRA,43,4,32.649,5,7.542,2005,https://www.uefa.com/nationalassociations/uefarankings/country/?year=2005,https://www.uefa.com/nationalassociations/uefarankings/country/seasons/?year=2005,2026-02-13T21:37:57.705796+00:00
Germany,Germany,Germany,GER,47,5,32.333,6,6.977,2005,https://www.uefa.com/nationalassociations/uefarankings/country/?year=2005,https://www.uefa.com/nationalassociations/uefarankings/country/seasons/?year=2005,2026-02-13T21:37:57.705796+00:00
Portugal,Portugal,Portugal,POR,110,6,29.479,8,5.39,2005,https://www.uefa.com/nationalassociations/uefarankings/country/?year=2005,https://www.uefa.com/nationalassociations/uefarankings/country/seasons/?year=2005,2026-02-13T21:37:57.705796+00:00
Netherlands,Netherlands,Netherlands,NED,95,7,26.29,4,7.92,2005,https://www.uefa.com/nationalassociations/uefarankings/country/?year=2005,https://www.uefa.com/nationalassociations/uefarankings/country/seasons/?year=2005,2026-02-13T21:37:57.705796+00:00
Greece,Greece,Greece,GRE,49,8,23.43,11,4.07,2005,https://www.uefa.com/nationalassociations/uefarankings/country/?year=2005,https://www.uefa.com/nationalassociations/uefarankings/country/seasons/?year=2005,2026-02-13T21:37:57.705796+00:00
Belgium,Belgium,Belgium,BEL,13,9,20.953,12,4.042,2005,https://www.uefa.com/nationalassociations/uefarankings/country/?year=2005,https://www.uefa.com/nationalassociations/uefarankings/country/seasons/?year=2005,2026-02-13T21:37:57.705796+00:00
Scotland,Scotland,Scotland,SCO,117,10,20.953,15,3.135,2005,https://www.uefa.com/nationalassociations/uefarankings/country/?year=2005,https://www.uefa.com/nationalassociations/uefarankings/country/seasons/?year=2005,2026-02-13T21:37:57.705796+00:00
Türkiye,Türki̇ye,Türki̇ye,TUR,135,11,19.744,14,3.547,2005,https://www.uefa.com/nationalassociations/uefarankings/country/?year=2005,https://www.uefa.com/nationalassociations/uefarankings/country/seasons/?year=2005,2026-02-13T21:37:57.705796+00:00
Czechia,Czechia,Czechia,CZE,58837,12,18.446,24,1.897,2005,https://www.uefa.com/nationalassociations/uefarankings/country/?year=2005,https://www.uefa.com/nationalassociations/uefarankings/country/seasons/?year=2005,2026-02-13T21:37:57.705796+00:00
Russia,Russia,Russia,RUS,57451,13,16.939,7,6.6,2005,https://www.uefa.com/nationalassociations/uefarankings/country/?year=2005,https://www.uefa.com/nationalassociations/uefarankings/country/seasons/?year=2005,2026-02-13T21:37:57.705796+00:00
Austria,Austria,Austria,AUT,8,14,16.416,10,5.032,2005,https://www.uefa.com/nationalassociations/uefarankings/country/?year=2005,https://www.uefa.com/nationalassociations/uefarankings/country/seasons/?year=2005,2026-02-13T21:37:57.705796+00:00
Ukraine,Ukraine,Ukraine,UKR,57166,15,16.4,9,5.346,2005,https://www.uefa.com/nationalassociations/uefarankings/country/?year=2005,https://www.uefa.com/nationalassociations/uefarankings/country/seasons/?year=2005,2026-02-13T21:37:57.705796+00:00
Israel,Israel,Israel,ISR,65,16,14.437,18,2.392,2005,https://www.uefa.com/nationalassociations/uefarankings/country/?year=2005,https://www.uefa.com/nationalassociations/uefarankings/country/seasons/?year=2005,2026-02-13T21:37:57.705796+00:00
Serbia,Serbia,Serbia,SRB,147,17,14.025,16,2.805,2005,https://www.uefa.com/nationalassociations/uefarankings/country/?year=2005,https://www.uefa.com/nationalassociations/uefarankings/country/seasons/?year=2005,2026-02-13T21:37:57.705796+00:00
Poland,Poland,Poland,POL,109,18,13.858,27,1.65,2005,https://www.uefa.com/nationalassociations/uefarankings/country/?year=2005,https://www.uefa.com/nationalassociations/uefarankings/country/seasons/?year=2005,2026-02-13T21:37:57.705796+00:00
Switzerland,Switzerland,Switzerland,SUI,128,19,13.775,26,1.732,2005,https://www.uefa.com/nationalassociations/uefarankings/country/?year=2005,https://www.uefa.com/nationalassociations/uefarankings/country/seasons/?year=2005,2026-02-13T21:37:57.705796+00:00
Norway,Norway,Norway,NOR,101,20,13.331,19,2.31,2005,https://www.uefa.com/nationalassociations/uefarankings/country/?year=2005,https://www.uefa.com/nationalassociations/uefarankings/country/seasons/?year=2005,2026-02-13T21:37:57.705796+00:00
Bulgaria,Bulgaria,Bulgaria,BUL,20,21,12.237,30,1.567,2005,https://www.uefa.com/nationalassociations/uefarankings/country/?year=2005,https://www.uefa.com/nationalassociations/uefarankings/country/seasons/?year=2005,2026-02-13T21:37:57.705796+00:00
Croatia,Croatia,Croatia,CRO,56370,22,11.961,23,1.98,2005,https://www.uefa.com/nationalassociations/uefarankings/country/?year=2005,https://www.uefa.com/nationalassociations/uefarankings/country/seasons/?year=2005,2026-02-13T21:37:57.705796+00:00
Denmark,Denmark,Denmark,DEN,35,23,11.352,35,0.99,2005,https://www.uefa.com/nationalassociations/uefarankings/country/?year=2005,https://www.uefa.com/nationalassociations/uefarankings/country/seasons/?year=2005,2026-02-13T21:37:57.705796+00:00
Hungary,Hungary,Hungary,HUN,57,24,10.78,17,2.75,2005,https://www.uefa.com/nationalassociations/uefarankings/country/?year=2005,https://www.uefa.com/nationalassociations/uefarankings/country/seasons/?year=2005,2026-02-13T21:37:57.705796+00:00
Romania,Romania,Romania,ROU,113,25,10.202,13,3.63,2005,https://www.uefa.com/nationalassociations/uefarankings/country/?year=2005,https://www.uefa.com/nationalassociations/uefarankings/country/seasons/?year=2005,2026-02-13T21:37:57.705796+00:00
Sweden,Sweden,Sweden,SWE,127,26,10.153,22,1.98,2005,https://www.uefa.com/nationalassociations/uefarankings/country/?year=2005,https://www.uefa.com/nationalassociations/uefarankings/country/seasons/?year=2005,2026-02-13T21:37:57.705796+00:00
Slovakia,Slovakia,Slovakia,SVK,58836,27,7.7,37,0.88,2005,https://www.uefa.com/nationalassociations/uefarankings/country/?year=2005,https://www.uefa.com/nationalassociations/uefarankings/country/seasons/?year=2005,2026-02-13T21:37:57.705796+00:00
Slovenia,Slovenia,Slovenia,SVN,57163,28,6.38,20,2.31,2005,https://www.uefa.com/nationalassociations/uefarankings/country/?year=2005,https://www.uefa.com/nationalassociations/uefarankings/country/seasons/?year=2005,2026-02-13T21:37:57.705796+00:00
Cyprus,Cyprus,Cyprus,CYP,33,29,5.39,38,0.88,2005,https://www.uefa.com/nationalassociations/uefarankings/country/?year=2005,https://www.uefa.com/nationalassociations/uefarankings/country/seasons/?year=2005,2026-02-13T21:37:57.705796+00:00
Bosnia and Herzegovina,Bosnia and Herzegovina,Bosnia and Herzegovina,BIH,60094,30,4.73,32,1.1,2005,https://www.uefa.com/nationalassociations/uefarankings/country/?year=2005,https://www.uefa.com/nationalassociations/uefarankings/country/seasons/?year=2005,2026-02-13T21:37:57.705796+00:00
Latvia,Latvia,Latvia,LVA,56558,31,4.4,21,2.09,2005,https://www.uefa.com/nationalassociations/uefarankings/country/?year=2005,https://www.uefa.com/nationalassociations/uefarankings/country/seasons/?year=2005,2026-02-13T21:37:57.705796+00:00
Finland,Finland,Finland,FIN,42,32,4.317,33,1.1,2005,https://www.uefa.com/nationalassociations/uefarankings/country/?year=2005,https://www.uefa.com/nationalassociations/uefarankings/country/seasons/?year=2005,2026-02-13T21:37:57.705796+00:00
Moldova,Moldova,Moldova,MDA,57160,33,4.18,34,0.99,2005,https://www.uefa.com/nationalassociations/uefarankings/country/?year=2005,https://www.uefa.com/nationalassociations/uefarankings/country/seasons/?year=2005,2026-02-13T21:37:57.705796+00:00
Georgia,Georgia,Georgia,GEO,57157,34,4.07,25,1.76,2005,https://www.uefa.com/nationalassociations/uefarankings/country/?year=2005,https://www.uefa.com/nationalassociations/uefarankings/country/seasons/?year=2005,2026-02-13T21:37:57.705796+00:00
Lithuania,Lithuania,Lithuania,LTU,56557,35,3.52,28,1.65,2005,https://www.uefa.com/nationalassociations/uefarankings/country/?year=2005,https://www.uefa.com/nationalassociations/uefarankings/country/seasons/?year=2005,2026-02-13T21:37:57.705796+00:00
Iceland,Iceland,Iceland,ISL,58,36,3.19,29,1.65,2005,https://www.uefa.com/nationalassociations/uefarankings/country/?year=2005,https://www.uefa.com/nationalassociations/uefarankings/country/seasons/?year=2005,2026-02-13T21:37:57.705796+00:00
North Macedonia,North Macedonia,North Macedonia,MKD,59205,37,2.97,45,0.22,2005,https://www.uefa.com/nationalassociations/uefarankings/country/?year=2005,https://www.uefa.com/nationalassociations/uefarankings/country/seasons/?year=2005,2026-02-13T21:37:57.705796+00:00
Republic of Ireland,Republic of Ireland,Republic of Ireland,IRL,64,38,2.75,36,0.88,2005,https://www.uefa.com/nationalassociations/uefarankings/country/?year=2005,https://www.uefa.com/nationalassociations/uefarankings/country/seasons/?year=2005,2026-02-13T21:37:57.705796+00:00
Belarus,Belarus,Belarus,BLR,57155,39,2.695,44,0.33,2005,https://www.uefa.com/nationalassociations/uefarankings/country/?year=2005,https://www.uefa.com/nationalassociations/uefarankings/country/seasons/?year=2005,2026-02-13T21:37:57.705796+00:00
Liechtenstein,Liechtenstein,Liechtenstein,LIE,81,40,2.64,31,1.32,2005,https://www.uefa.com/nationalassociations/uefarankings/country/?year=2005,https://www.uefa.com/nationalassociations/uefarankings/country/seasons/?year=2005,2026-02-13T21:37:57.705796+00:00
Armenia,Armenia,Armenia,ARM,57419,41,1.98,42,0.33,2005,https://www.uefa.com/nationalassociations/uefarankings/country/?year=2005,https://www.uefa.com/nationalassociations/uefarankings/country/seasons/?year=2005,2026-02-13T21:37:57.705796+00:00
Malta,Malta,Malta,MLT,88,42,1.98,48,0.22,2005,https://www.uefa.com/nationalassociations/uefarankings/country/?year=2005,https://www.uefa.com/nationalassociations/uefarankings/country/seasons/?year=2005,2026-02-13T21:37:57.705796+00:00
Albania,Albania,Albania,ALB,2,43,1.76,39,0.66,2005,https://www.uefa.com/nationalassociations/uefarankings/country/?year=2005,https://www.uefa.com/nationalassociations/uefarankings/country/seasons/?year=2005,2026-02-13T21:37:57.705796+00:00
Estonia,Estonia,Estonia,EST,56556,44,1.65,40,0.55,2005,https://www.uefa.com/nationalassociations/uefarankings/country/?year=2005,https://www.uefa.com/nationalassociations/uefarankings/country/seasons/?year=2005,2026-02-13T21:37:57.705796+00:00
Northern Ireland,Northern Ireland,Northern Ireland,NIR,63,45,1.43,41,0.44,2005,https://www.uefa.com/nationalassociations/uefarankings/country/?year=2005,https://www.uefa.com/nationalassociations/uefarankings/country/seasons/?year=2005,2026-02-13T21:37:57.705796+00:00
Wales,Wales,Wales,WAL,144,46,1.21,51,0.0,2005,https://www.uefa.com/nationalassociations/uefarankings/country/?year=2005,https://www.uefa.com/nationalassociations/uefarankings/country/seasons/?year=2005,2026-02-13T21:37:57.705796+00:00
Luxembourg,Luxembourg,Luxembourg,LUX,82,47,1.1,46,0.22,2005,https://www.uefa.com/nationalassociations/uefarankings/country/?year=2005,https://www.uefa.com/nationalassociations/uefarankings/country/seasons/?year=2005,2026-02-13T21:37:57.705796+00:00
Azerbaijan,Azerbaijan,Azerbaijan,AZE,57154,48,0.88,43,0.33,2005,https://www.uefa.com/nationalassociations/uefarankings/country/?year=2005,https://www.uefa.com/nationalassociations/uefarankings/country/seasons/?year=2005,2026-02-13T21:37:57.705796+00:00
Faroe Islands,Faroe Islands,Faroe Islands,FRO,51218,49,0.66,47,0.22,2005,https://www.uefa.com/nationalassociations/uefarankings/country/?year=2005,https://www.uefa.com/nationalassociations/uefarankings/country/seasons/?year=2005,2026-02-13T21:37:57.705796+00:00
Kazakhstan,Kazakhstan,Kazakhstan,KAZ,65146,50,0.44,46,0.11,2005,https://www.uefa.com/nationalassociations/uefarankings/country/?year=2005,https://www.uefa.com/nationalassociations/uefarankings/country/seasons/?year=2005,2026-02-13T21:37:57.705796+00:00
Andorra,Andorra,Andorra,AND,60618,51,0.0,49,0.0,2005,https://www.uefa.com/nationalassociations/uefarankings/country/?year=2005,https://www.uefa.com/nationalassociations/uefarankings/country/seasons/?year=2005,2026-02-13T21:37:57.705796+00:00
San Marino,San Marino,San Marino,SMR,50168,51,0.0,50,0.0,2005,https://www.uefa.com/nationalassociations/uefarankings/country/?year=2005,https://www.uefa.com/nationalassociations/uefarankings/country/seasons/?year=2005,2026-02-13T21:37:57.705796+00:00
Spain,Spain,Spain,ESP,122,1,48.013,2,10.324,2006,https://www.uefa.com/nationalassociations/uefarankings/country/?year=2006,https://www.uefa.com/nationalassociations/uefarankings/country/seasons/?year=2006,2026-02-13T21:37:57.705796+00:00
Italy,Italy,Italy,ITA,66,2,44.041,3,10.135,2006,https://www.uefa.com/nationalassociations/uefarankings/country/?year=2006,https://www.uefa.com/nationalassociations/uefarankings/country/seasons/?year=2006,2026-02-13T21:37:57.705796+00:00
England,England,England,ENG,39,3,41.901,4,9.522,2006,https://www.uefa.com/nationalassociations/uefarankings/country/?year=2006,https://www.uefa.com/nationalassociations/uefarankings/country/seasons/?year=2006,2026-02-13T21:37:57.705796+00:00
France,France,France,FRA,43,4,33.515,5,7.136,2006,https://www.uefa.com/nationalassociations/uefarankings/country/?year=2006,https://www.uefa.com/nationalassociations/uefarankings/country/seasons/?year=2006,2026-02-13T21:37:57.705796+00:00
Germany,Germany,Germany,GER,47,5,31.92,6,6.888,2006,https://www.uefa.com/nationalassociations/uefarankings/country/?year=2006,https://www.uefa.com/nationalassociations/uefarankings/country/seasons/?year=2006,2026-02-13T21:37:57.705796+00:00
Portugal,Portugal,Portugal,POR,110,6,29.067,13,3.63,2006,https://www.uefa.com/nationalassociations/uefarankings/country/?year=2006,https://www.uefa.com/nationalassociations/uefarankings/country/seasons/?year=2006,2026-02-13T21:37:57.705796+00:00
Netherlands,Netherlands,Netherlands,NED,95,7,27.28,10,5.005,2006,https://www.uefa.com/nationalassociations/uefarankings/country/?year=2006,https://www.uefa.com/nationalassociations/uefarankings/country/seasons/?year=2006,2026-02-13T21:37:57.705796+00:00
Greece,Greece,Greece,GRE,49,8,21.175,20,2.2,2006,https://www.uefa.com/nationalassociations/uefarankings/country/?year=2006,https://www.uefa.com/nationalassociations/uefarankings/country/seasons/?year=2006,2026-02-13T21:37:57.705796+00:00
Russia,Russia,Russia,RUS,57451,9,21.009,7,6.6,2006,https://www.uefa.com/nationalassociations/uefarankings/country/?year=2006,https://www.uefa.com/nationalassociations/uefarankings/country/seasons/?year=2006,2026-02-13T21:37:57.705796+00:00
Romania,Romania,Romania,ROU,113,10,20.762,1,11.11,2006,https://www.uefa.com/nationalassociations/uefarankings/country/?year=2006,https://www.uefa.com/nationalassociations/uefarankings/country/seasons/?year=2006,2026-02-13T21:37:57.705796+00:00
Scotland,Scotland,Scotland,SCO,117,11,20.046,17,2.805,2006,https://www.uefa.com/nationalassociations/uefarankings/country/?year=2006,https://www.uefa.com/nationalassociations/uefarankings/country/seasons/?year=2006,2026-02-13T21:37:57.705796+00:00
Belgium,Belgium,Belgium,BEL,13,12,19.963,12,3.63,2006,https://www.uefa.com/nationalassociations/uefarankings/country/?year=2006,https://www.uefa.com/nationalassociations/uefarankings/country/seasons/?year=2006,2026-02-13T21:37:57.705796+00:00
Ukraine,Ukraine,Ukraine,UKR,57166,13,17.555,11,3.795,2006,https://www.uefa.com/nationalassociations/uefarankings/country/?year=2006,https://www.uefa.com/nationalassociations/uefarankings/country/seasons/?year=2006,2026-02-13T21:37:57.705796+00:00
Czechia,Czechia,Czechia,CZE,58837,14,17.538,15,3.052,2006,https://www.uefa.com/nationalassociations/uefarankings/country/?year=2006,https://www.uefa.com/nationalassociations/uefarankings/country/seasons/?year=2006,2026-02-13T21:37:57.705796+00:00
Türkiye,Türki̇ye,Türki̇ye,TUR,135,15,17.269,18,2.64,2006,https://www.uefa.com/nationalassociations/uefarankings/country/?year=2006,https://www.uefa.com/nationalassociations/uefarankings/country/seasons/?year=2006,2026-02-13T21:37:57.705796+00:00
Switzerland,Switzerland,Switzerland,SUI,128,16,17.075,8,6.187,2006,https://www.uefa.com/nationalassociations/uefarankings/country/?year=2006,https://www.uefa.com/nationalassociations/uefarankings/country/seasons/?year=2006,2026-02-13T21:37:57.705796+00:00
Bulgaria,Bulgaria,Bulgaria,BUL,20,17,16.032,9,5.775,2006,https://www.uefa.com/nationalassociations/uefarankings/country/?year=2006,https://www.uefa.com/nationalassociations/uefarankings/country/seasons/?year=2006,2026-02-13T21:37:57.705796+00:00
Israel,Israel,Israel,ISR,65,18,14.217,30,0.99,2006,https://www.uefa.com/nationalassociations/uefarankings/country/?year=2006,https://www.uefa.com/nationalassociations/uefarankings/country/seasons/?year=2006,2026-02-13T21:37:57.705796+00:00
Norway,Norway,Norway,NOR,101,19,13.843,14,3.564,2006,https://www.uefa.com/nationalassociations/uefarankings/country/?year=2006,https://www.uefa.com/nationalassociations/uefarankings/country/seasons/?year=2006,2026-02-13T21:37:57.705796+00:00
Austria,Austria,Austria,AUT,8,20,13.446,21,2.145,2006,https://www.uefa.com/nationalassociations/uefarankings/country/?year=2006,https://www.uefa.com/nationalassociations/uefarankings/country/seasons/?year=2006,2026-02-13T21:37:57.705796+00:00
Serbia,Serbia,Serbia,SRB,147,21,13.2,22,2.145,2006,https://www.uefa.com/nationalassociations/uefarankings/country/?year=2006,https://www.uefa.com/nationalassociations/uefarankings/country/seasons/?year=2006,2026-02-13T21:37:57.705796+00:00
Poland,Poland,Poland,POL,109,22,12.208,36,0.742,2006,https://www.uefa.com/nationalassociations/uefarankings/country/?year=2006,https://www.uefa.com/nationalassociations/uefarankings/country/seasons/?year=2006,2026-02-13T21:37:57.705796+00:00
Denmark,Denmark,Denmark,DEN,35,23,11.187,19,2.31,2006,https://www.uefa.com/nationalassociations/uefarankings/country/?year=2006,https://www.uefa.com/nationalassociations/uefarankings/country/seasons/?year=2006,2026-02-13T21:37:57.705796+00:00
Hungary,Hungary,Hungary,HUN,57,24,9.68,40,0.66,2006,https://www.uefa.com/nationalassociations/uefarankings/country/?year=2006,https://www.uefa.com/nationalassociations/uefarankings/country/seasons/?year=2006,2026-02-13T21:37:57.705796+00:00
Croatia,Croatia,Croatia,CRO,56370,25,9.294,49,0.22,2006,https://www.uefa.com/nationalassociations/uefarankings/country/?year=2006,https://www.uefa.com/nationalassociations/uefarankings/country/seasons/?year=2006,2026-02-13T21:37:57.705796+00:00
Sweden,Sweden,Sweden,SWE,127,26,8.745,24,1.76,2006,https://www.uefa.com/nationalassociations/uefarankings/country/?year=2006,https://www.uefa.com/nationalassociations/uefarankings/country/seasons/?year=2006,2026-02-13T21:37:57.705796+00:00
Slovakia,Slovakia,Slovakia,SVK,58836,27,8.14,16,2.86,2006,https://www.uefa.com/nationalassociations/uefarankings/country/?year=2006,https://www.uefa.com/nationalassociations/uefarankings/country/seasons/?year=2006,2026-02-13T21:37:57.705796+00:00
Cyprus,Cyprus,Cyprus,CYP,33,28,6.71,23,1.98,2006,https://www.uefa.com/nationalassociations/uefarankings/country/?year=2006,https://www.uefa.com/nationalassociations/uefarankings/country/seasons/?year=2006,2026-02-13T21:37:57.705796+00:00
Slovenia,Slovenia,Slovenia,SVN,57163,29,6.71,26,1.54,2006,https://www.uefa.com/nationalassociations/uefarankings/country/?year=2006,https://www.uefa.com/nationalassociations/uefarankings/country/seasons/?year=2006,2026-02-13T21:37:57.705796+00:00
Bosnia and Herzegovina,Bosnia and Herzegovina,Bosnia and Herzegovina,BIH,60094,30,5.39,29,0.99,2006,https://www.uefa.com/nationalassociations/uefarankings/country/?year=2006,https://www.uefa.com/nationalassociations/uefarankings/country/seasons/?year=2006,2026-02-13T21:37:57.705796+00:00
Finland,Finland,Finland,FIN,42,31,4.867,25,1.54,2006,https://www.uefa.com/nationalassociations/uefarankings/country/?year=2006,https://www.uefa.com/nationalassociations/uefarankings/country/seasons/?year=2006,2026-02-13T21:37:57.705796+00:00
Latvia,Latvia,Latvia,LVA,56558,32,4.73,35,0.88,2006,https://www.uefa.com/nationalassociations/uefarankings/country/?year=2006,https://www.uefa.com/nationalassociations/uefarankings/country/seasons/?year=2006,2026-02-13T21:37:57.705796+00:00
Moldova,Moldova,Moldova,MDA,57160,33,4.51,28,1.1,2006,https://www.uefa.com/nationalassociations/uefarankings/country/?year=2006,https://www.uefa.com/nationalassociations/uefarankings/country/seasons/?year=2006,2026-02-13T21:37:57.705796+00:00
Georgia,Georgia,Georgia,GEO,57157,34,4.18,45,0.44,2006,https://www.uefa.com/nationalassociations/uefarankings/country/?year=2006,https://www.uefa.com/nationalassociations/uefarankings/country/seasons/?year=2006,2026-02-13T21:37:57.705796+00:00
Lithuania,Lithuania,Lithuania,LTU,56557,35,3.85,32,0.88,2006,https://www.uefa.com/nationalassociations/uefarankings/country/?year=2006,https://www.uefa.com/nationalassociations/uefarankings/country/seasons/?year=2006,2026-02-13T21:37:57.705796+00:00
North Macedonia,North Macedonia,North Macedonia,MKD,59205,36,3.52,31,0.99,2006,https://www.uefa.com/nationalassociations/uefarankings/country/?year=2006,https://www.uefa.com/nationalassociations/uefarankings/country/seasons/?year=2006,2026-02-13T21:37:57.705796+00:00
Iceland,Iceland,Iceland,ISL,58,37,3.19,41,0.55,2006,https://www.uefa.com/nationalassociations/uefarankings/country/?year=2006,https://www.uefa.com/nationalassociations/uefarankings/country/seasons/?year=2006,2026-02-13T21:37:57.705796+00:00
Liechtenstein,Liechtenstein,Liechtenstein,LIE,81,38,2.97,37,0.66,2006,https://www.uefa.com/nationalassociations/uefarankings/country/?year=2006,https://www.uefa.com/nationalassociations/uefarankings/country/seasons/?year=2006,2026-02-13T21:37:57.705796+00:00
Belarus,Belarus,Belarus,BLR,57155,39,2.915,34,0.88,2006,https://www.uefa.com/nationalassociations/uefarankings/country/?year=2006,https://www.uefa.com/nationalassociations/uefarankings/country/seasons/?year=2006,2026-02-13T21:37:57.705796+00:00
Republic of Ireland,Republic of Ireland,Republic of Ireland,IRL,64,40,2.86,27,1.21,2006,https://www.uefa.com/nationalassociations/uefarankings/country/?year=2006,https://www.uefa.com/nationalassociations/uefarankings/country/seasons/?year=2006,2026-02-13T21:37:57.705796+00:00
Albania,Albania,Albania,ALB,2,41,2.42,38,0.66,2006,https://www.uefa.com/nationalassociations/uefarankings/country/?year=2006,https://www.uefa.com/nationalassociations/uefarankings/country/seasons/?year=2006,2026-02-13T21:37:57.705796+00:00
Armenia,Armenia,Armenia,ARM,57419,42,1.98,46,0.44,2006,https://www.uefa.com/nationalassociations/uefarankings/country/?year=2006,https://www.uefa.com/nationalassociations/uefarankings/country/seasons/?year=2006,2026-02-13T21:37:57.705796+00:00
Estonia,Estonia,Estonia,EST,56556,43,1.76,42,0.55,2006,https://www.uefa.com/nationalassociations/uefarankings/country/?year=2006,https://www.uefa.com/nationalassociations/uefarankings/country/seasons/?year=2006,2026-02-13T21:37:57.705796+00:00
Malta,Malta,Malta,MLT,88,44,1.76,51,0.0,2006,https://www.uefa.com/nationalassociations/uefarankings/country/?year=2006,https://www.uefa.com/nationalassociations/uefarankings/country/seasons/?year=2006,2026-02-13T21:37:57.705796+00:00
Wales,Wales,Wales,WAL,144,45,1.54,44,0.44,2006,https://www.uefa.com/nationalassociations/uefarankings/country/?year=2006,https://www.uefa.com/nationalassociations/uefarankings/country/seasons/?year=2006,2026-02-13T21:37:57.705796+00:00
Northern Ireland,Northern Ireland,Northern Ireland,NIR,63,46,1.54,48,0.33,2006,https://www.uefa.com/nationalassociations/uefarankings/country/?year=2006,https://www.uefa.com/nationalassociations/uefarankings/country/seasons/?year=2006,2026-02-13T21:37:57.705796+00:00
Azerbaijan,Azerbaijan,Azerbaijan,AZE,57154,47,1.32,33,0.88,2006,https://www.uefa.com/nationalassociations/uefarankings/country/?year=2006,https://www.uefa.com/nationalassociations/uefarankings/country/seasons/?year=2006,2026-02-13T21:37:57.705796+00:00
Luxembourg,Luxembourg,Luxembourg,LUX,82,48,1.21,47,0.33,2006,https://www.uefa.com/nationalassociations/uefarankings/country/?year=2006,https://www.uefa.com/nationalassociations/uefarankings/country/seasons/?year=2006,2026-02-13T21:37:57.705796+00:00
Kazakhstan,Kazakhstan,Kazakhstan,KAZ,65146,49,1.1,39,0.66,2006,https://www.uefa.com/nationalassociations/uefarankings/country/?year=2006,https://www.uefa.com/nationalassociations/uefarankings/country/seasons/?year=2006,2026-02-13T21:37:57.705796+00:00
Faroe Islands,Faroe Islands,Faroe Islands,FRO,51218,50,1.1,43,0.44,2006,https://www.uefa.com/nationalassociations/uefarankings/country/?year=2006,https://www.uefa.com/nationalassociations/uefarankings/country/seasons/?year=2006,2026-02-13T21:37:57.705796+00:00
Andorra,Andorra,Andorra,AND,60618,51,0.0,50,0.0,2006,https://www.uefa.com/nationalassociations/uefarankings/country/?year=2006,https://www.uefa.com/nationalassociations/uefarankings/country/seasons/?year=2006,2026-02-13T21:37:57.705796+00:00
San Marino,San Marino,San Marino,SMR,50168,51,0.0,52,0.0,2006,https://www.uefa.com/nationalassociations/uefarankings/country/?year=2006,https://www.uefa.com/nationalassociations/uefarankings/country/seasons/?year=2006,2026-02-13T21:37:57.705796+00:00
Spain,Spain,Spain,ESP,122,1,50.748,1,12.54,2007,https://www.uefa.com/nationalassociations/uefarankings/country/?year=2007,https://www.uefa.com/nationalassociations/uefarankings/country/seasons/?year=2007,2026-02-13T21:37:57.705796+00:00
England,England,England,ENG,39,2,45.236,2,10.972,2007,https://www.uefa.com/nationalassociations/uefarankings/country/?year=2007,https://www.uefa.com/nationalassociations/uefarankings/country/seasons/?year=2007,2026-02-13T21:37:57.705796+00:00
Italy,Italy,Italy,ITA,66,3,43.616,3,7.872,2007,https://www.uefa.com/nationalassociations/uefarankings/country/?year=2007,https://www.uefa.com/nationalassociations/uefarankings/country/seasons/?year=2007,2026-02-13T21:37:57.705796+00:00
France,France,France,FRA,43,4,35.413,5,6.6,2007,https://www.uefa.com/nationalassociations/uefarankings/country/?year=2007,https://www.uefa.com/nationalassociations/uefarankings/country/seasons/?year=2007,2026-02-13T21:37:57.705796+00:00
Germany,Germany,Germany,GER,47,5,29.28,6,6.27,2007,https://www.uefa.com/nationalassociations/uefarankings/country/?year=2007,https://www.uefa.com/nationalassociations/uefarankings/country/seasons/?year=2007,2026-02-13T21:37:57.705796+00:00
Portugal,Portugal,Portugal,POR,110,6,28.215,8,5.335,2007,https://www.uefa.com/nationalassociations/uefarankings/country/?year=2007,https://www.uefa.com/nationalassociations/uefarankings/country/seasons/?year=2007,2026-02-13T21:37:57.705796+00:00
Romania,Romania,Romania,ROU,113,7,26.51,4,7.48,2007,https://www.uefa.com/nationalassociations/uefarankings/country/?year=2007,https://www.uefa.com/nationalassociations/uefarankings/country/seasons/?year=2007,2026-02-13T21:37:57.705796+00:00
Netherlands,Netherlands,Netherlands,NED,95,8,25.991,7,5.421,2007,https://www.uefa.com/nationalassociations/uefarankings/country/?year=2007,https://www.uefa.com/nationalassociations/uefarankings/country/seasons/?year=2007,2026-02-13T21:37:57.705796+00:00
Russia,Russia,Russia,RUS,57451,9,23.841,10,4.372,2007,https://www.uefa.com/nationalassociations/uefarankings/country/?year=2007,https://www.uefa.com/nationalassociations/uefarankings/country/seasons/?year=2007,2026-02-13T21:37:57.705796+00:00
Scotland,Scotland,Scotland,SCO,117,10,20.129,9,4.455,2007,https://www.uefa.com/nationalassociations/uefarankings/country/?year=2007,https://www.uefa.com/nationalassociations/uefarankings/country/seasons/?year=2007,2026-02-13T21:37:57.705796+00:00
Ukraine,Ukraine,Ukraine,UKR,57166,11,19.453,11,4.29,2007,https://www.uefa.com/nationalassociations/uefarankings/country/?year=2007,https://www.uefa.com/nationalassociations/uefarankings/country/seasons/?year=2007,2026-02-13T21:37:57.705796+00:00
Belgium,Belgium,Belgium,BEL,13,12,19.188,17,3.102,2007,https://www.uefa.com/nationalassociations/uefarankings/country/?year=2007,https://www.uefa.com/nationalassociations/uefarankings/country/seasons/?year=2007,2026-02-13T21:37:57.705796+00:00
Czechia,Czechia,Czechia,CZE,58837,13,17.703,15,3.795,2007,https://www.uefa.com/nationalassociations/uefarankings/country/?year=2007,https://www.uefa.com/nationalassociations/uefarankings/country/seasons/?year=2007,2026-02-13T21:37:57.705796+00:00
Türkiye,Türki̇ye,Türki̇ye,TUR,135,14,17.583,13,4.026,2007,https://www.uefa.com/nationalassociations/uefarankings/country/?year=2007,https://www.uefa.com/nationalassociations/uefarankings/country/seasons/?year=2007,2026-02-13T21:37:57.705796+00:00
Greece,Greece,Greece,GRE,49,15,16.83,18,3.08,2007,https://www.uefa.com/nationalassociations/uefarankings/country/?year=2007,https://www.uefa.com/nationalassociations/uefarankings/country/seasons/?year=2007,2026-02-13T21:37:57.705796+00:00
Bulgaria,Bulgaria,Bulgaria,BUL,20,16,16.224,16,3.382,2007,https://www.uefa.com/nationalassociations/uefarankings/country/?year=2007,https://www.uefa.com/nationalassociations/uefarankings/country/seasons/?year=2007,2026-02-13T21:37:57.705796+00:00
Switzerland,Switzerland,Switzerland,SUI,128,17,15.739,19,2.706,2007,https://www.uefa.com/nationalassociations/uefarankings/country/?year=2007,https://www.uefa.com/nationalassociations/uefarankings/country/seasons/?year=2007,2026-02-13T21:37:57.705796+00:00
Norway,Norway,Norway,NOR,101,18,13.018,25,1.32,2007,https://www.uefa.com/nationalassociations/uefarankings/country/?year=2007,https://www.uefa.com/nationalassociations/uefarankings/country/seasons/?year=2007,2026-02-13T21:37:57.705796+00:00
Israel,Israel,Israel,ISR,65,19,12.677,14,3.96,2007,https://www.uefa.com/nationalassociations/uefarankings/country/?year=2007,https://www.uefa.com/nationalassociations/uefarankings/country/seasons/?year=2007,2026-02-13T21:37:57.705796+00:00
Serbia,Serbia,Serbia,SRB,147,20,12.512,23,1.402,2007,https://www.uefa.com/nationalassociations/uefarankings/country/?year=2007,https://www.uefa.com/nationalassociations/uefarankings/country/seasons/?year=2007,2026-02-13T21:37:57.705796+00:00
Denmark,Denmark,Denmark,DEN,35,21,12.259,12,4.042,2007,https://www.uefa.com/nationalassociations/uefarankings/country/?year=2007,https://www.uefa.com/nationalassociations/uefarankings/country/seasons/?year=2007,2026-02-13T21:37:57.705796+00:00
Austria,Austria,Austria,AUT,8,22,12.209,30,0.99,2007,https://www.uefa.com/nationalassociations/uefarankings/country/?year=2007,https://www.uefa.com/nationalassociations/uefarankings/country/seasons/?year=2007,2026-02-13T21:37:57.705796+00:00
Poland,Poland,Poland,POL,109,23,11.218,21,1.732,2007,https://www.uefa.com/nationalassociations/uefarankings/country/?year=2007,https://www.uefa.com/nationalassociations/uefarankings/country/seasons/?year=2007,2026-02-13T21:37:57.705796+00:00
Hungary,Hungary,Hungary,HUN,57,24,9.35,42,0.66,2007,https://www.uefa.com/nationalassociations/uefarankings/country/?year=2007,https://www.uefa.com/nationalassociations/uefarankings/country/seasons/?year=2007,2026-02-13T21:37:57.705796+00:00
Slovakia,Slovakia,Slovakia,SVK,58836,25,7.15,24,1.32,2007,https://www.uefa.com/nationalassociations/uefarankings/country/?year=2007,https://www.uefa.com/nationalassociations/uefarankings/country/seasons/?year=2007,2026-02-13T21:37:57.705796+00:00
Croatia,Croatia,Croatia,CRO,56370,26,7.067,41,0.66,2007,https://www.uefa.com/nationalassociations/uefarankings/country/?year=2007,https://www.uefa.com/nationalassociations/uefarankings/country/seasons/?year=2007,2026-02-13T21:37:57.705796+00:00
Cyprus,Cyprus,Cyprus,CYP,33,27,6.985,29,1.155,2007,https://www.uefa.com/nationalassociations/uefarankings/country/?year=2007,https://www.uefa.com/nationalassociations/uefarankings/country/seasons/?year=2007,2026-02-13T21:37:57.705796+00:00
Sweden,Sweden,Sweden,SWE,127,28,6.957,38,0.742,2007,https://www.uefa.com/nationalassociations/uefarankings/country/?year=2007,https://www.uefa.com/nationalassociations/uefarankings/country/seasons/?year=2007,2026-02-13T21:37:57.705796+00:00
Slovenia,Slovenia,Slovenia,SVN,57163,29,6.545,35,0.825,2007,https://www.uefa.com/nationalassociations/uefarankings/country/?year=2007,https://www.uefa.com/nationalassociations/uefarankings/country/seasons/?year=2007,2026-02-13T21:37:57.705796+00:00
Bosnia and Herzegovina,Bosnia and Herzegovina,Bosnia and Herzegovina,BIH,60094,30,6.38,28,1.21,2007,https://www.uefa.com/nationalassociations/uefarankings/country/?year=2007,https://www.uefa.com/nationalassociations/uefarankings/country/seasons/?year=2007,2026-02-13T21:37:57.705796+00:00
Latvia,Latvia,Latvia,LVA,56558,31,5.72,22,1.43,2007,https://www.uefa.com/nationalassociations/uefarankings/country/?year=2007,https://www.uefa.com/nationalassociations/uefarankings/country/seasons/?year=2007,2026-02-13T21:37:57.705796+00:00
Lithuania,Lithuania,Lithuania,LTU,56557,32,4.84,27,1.21,2007,https://www.uefa.com/nationalassociations/uefarankings/country/?year=2007,https://www.uefa.com/nationalassociations/uefarankings/country/seasons/?year=2007,2026-02-13T21:37:57.705796+00:00
Finland,Finland,Finland,FIN,42,33,4.84,34,0.88,2007,https://www.uefa.com/nationalassociations/uefarankings/country/?year=2007,https://www.uefa.com/nationalassociations/uefarankings/country/seasons/?year=2007,2026-02-13T21:37:57.705796+00:00
Moldova,Moldova,Moldova,MDA,57160,34,4.73,32,0.99,2007,https://www.uefa.com/nationalassociations/uefarankings/country/?year=2007,https://www.uefa.com/nationalassociations/uefarankings/country/seasons/?year=2007,2026-02-13T21:37:57.705796+00:00
Republic of Ireland,Republic of Ireland,Republic of Ireland,IRL,64,35,4.29,20,1.87,2007,https://www.uefa.com/nationalassociations/uefarankings/country/?year=2007,https://www.uefa.com/nationalassociations/uefarankings/country/seasons/?year=2007,2026-02-13T21:37:57.705796+00:00
Georgia,Georgia,Georgia,GEO,57157,36,4.07,36,0.77,2007,https://www.uefa.com/nationalassociations/uefarankings/country/?year=2007,https://www.uefa.com/nationalassociations/uefarankings/country/seasons/?year=2007,2026-02-13T21:37:57.705796+00:00
Liechtenstein,Liechtenstein,Liechtenstein,LIE,81,37,3.96,26,1.32,2007,https://www.uefa.com/nationalassociations/uefarankings/country/?year=2007,https://www.uefa.com/nationalassociations/uefarankings/country/seasons/?year=2007,2026-02-13T21:37:57.705796+00:00
North Macedonia,North Macedonia,North Macedonia,MKD,59205,38,3.85,37,0.77,2007,https://www.uefa.com/nationalassociations/uefarankings/country/?year=2007,https://www.uefa.com/nationalassociations/uefarankings/country/seasons/?year=2007,2026-02-13T21:37:57.705796+00:00
Iceland,Iceland,Iceland,ISL,58,39,3.3,40,0.66,2007,https://www.uefa.com/nationalassociations/uefarankings/country/?year=2007,https://www.uefa.com/nationalassociations/uefarankings/country/seasons/?year=2007,2026-02-13T21:37:57.705796+00:00
Belarus,Belarus,Belarus,BLR,57155,40,3.08,39,0.66,2007,https://www.uefa.com/nationalassociations/uefarankings/country/?year=2007,https://www.uefa.com/nationalassociations/uefarankings/country/seasons/?year=2007,2026-02-13T21:37:57.705796+00:00
Albania,Albania,Albania,ALB,2,41,2.53,43,0.55,2007,https://www.uefa.com/nationalassociations/uefarankings/country/?year=2007,https://www.uefa.com/nationalassociations/uefarankings/country/seasons/?year=2007,2026-02-13T21:37:57.705796+00:00
Estonia,Estonia,Estonia,EST,56556,42,2.42,31,0.99,2007,https://www.uefa.com/nationalassociations/uefarankings/country/?year=2007,https://www.uefa.com/nationalassociations/uefarankings/country/seasons/?year=2007,2026-02-13T21:37:57.705796+00:00
Armenia,Armenia,Armenia,ARM,57419,43,2.31,46,0.33,2007,https://www.uefa.com/nationalassociations/uefarankings/country/?year=2007,https://www.uefa.com/nationalassociations/uefarankings/country/seasons/?year=2007,2026-02-13T21:37:57.705796+00:00
Azerbaijan,Azerbaijan,Azerbaijan,AZE,57154,44,2.09,33,0.88,2007,https://www.uefa.com/nationalassociations/uefarankings/country/?year=2007,https://www.uefa.com/nationalassociations/uefarankings/country/seasons/?year=2007,2026-02-13T21:37:57.705796+00:00
Kazakhstan,Kazakhstan,Kazakhstan,KAZ,65146,45,1.54,45,0.44,2007,https://www.uefa.com/nationalassociations/uefarankings/country/?year=2007,https://www.uefa.com/nationalassociations/uefarankings/country/seasons/?year=2007,2026-02-13T21:37:57.705796+00:00
Northern Ireland,Northern Ireland,Northern Ireland,NIR,63,46,1.43,49,0.11,2007,https://www.uefa.com/nationalassociations/uefarankings/country/?year=2007,https://www.uefa.com/nationalassociations/uefarankings/country/seasons/?year=2007,2026-02-13T21:37:57.705796+00:00
Wales,Wales,Wales,WAL,144,47,1.32,44,0.44,2007,https://www.uefa.com/nationalassociations/uefarankings/country/?year=2007,https://www.uefa.com/nationalassociations/uefarankings/country/seasons/?year=2007,2026-02-13T21:37:57.705796+00:00
Faroe Islands,Faroe Islands,Faroe Islands,FRO,51218,48,1.1,47,0.33,2007,https://www.uefa.com/nationalassociations/uefarankings/country/?year=2007,https://www.uefa.com/nationalassociations/uefarankings/country/seasons/?year=2007,2026-02-13T21:37:57.705796+00:00
Luxembourg,Luxembourg,Luxembourg,LUX,82,49,1.1,48,0.11,2007,https://www.uefa.com/nationalassociations/uefarankings/country/?year=2007,https://www.uefa.com/nationalassociations/uefarankings/country/seasons/?year=2007,2026-02-13T21:37:57.705796+00:00
Malta,Malta,Malta,MLT,88,50,1.1,50,0.11,2007,https://www.uefa.com/nationalassociations/uefarankings/country/?year=2007,https://www.uefa.com/nationalassociations/uefarankings/country/seasons/?year=2007,2026-02-13T21:37:57.705796+00:00
Andorra,Andorra,Andorra,AND,60618,51,0.0,51,0.0,2007,https://www.uefa.com/nationalassociations/uefarankings/country/?year=2007,https://www.uefa.com/nationalassociations/uefarankings/country/seasons/?year=2007,2026-02-13T21:37:57.705796+00:00
San Marino,San Marino,San Marino,SMR,50168,51,0.0,52,0.0,2007,https://www.uefa.com/nationalassociations/uefarankings/country/?year=2007,https://www.uefa.com/nationalassociations/uefarankings/country/seasons/?year=2007,2026-02-13T21:37:57.705796+00:00
England,England,England,ENG,39,1,75.749,1,17.875,2008,https://www.uefa.com/nationalassociations/uefarankings/country/?year=2008,https://www.uefa.com/nationalassociations/uefarankings/country/seasons/?year=2008,2026-02-13T21:37:57.705796+00:00
Spain,Spain,Spain,ESP,122,2,75.266,2,13.875,2008,https://www.uefa.com/nationalassociations/uefarankings/country/?year=2008,https://www.uefa.com/nationalassociations/uefarankings/country/seasons/?year=2008,2026-02-13T21:37:57.705796+00:00
Italy,Italy,Italy,ITA,66,3,60.41,6,10.25,2008,https://www.uefa.com/nationalassociations/uefarankings/country/?year=2008,https://www.uefa.com/nationalassociations/uefarankings/country/seasons/?year=2008,2026-02-13T21:37:57.705796+00:00
France,France,France,FRA,43,4,52.668,10,6.928,2008,https://www.uefa.com/nationalassociations/uefarankings/country/?year=2008,https://www.uefa.com/nationalassociations/uefarankings/country/seasons/?year=2008,2026-02-13T21:37:57.705796+00:00
Germany,Germany,Germany,GER,47,5,48.722,3,13.5,2008,https://www.uefa.com/nationalassociations/uefarankings/country/?year=2008,https://www.uefa.com/nationalassociations/uefarankings/country/seasons/?year=2008,2026-02-13T21:37:57.705796+00:00
Russia,Russia,Russia,RUS,57451,6,43.75,4,11.25,2008,https://www.uefa.com/nationalassociations/uefarankings/country/?year=2008,https://www.uefa.com/nationalassociations/uefarankings/country/seasons/?year=2008,2026-02-13T21:37:57.705796+00:00
Romania,Romania,Romania,ROU,113,7,40.599,25,2.6,2008,https://www.uefa.com/nationalassociations/uefarankings/country/?year=2008,https://www.uefa.com/nationalassociations/uefarankings/country/seasons/?year=2008,2026-02-13T21:37:57.705796+00:00
Portugal,Portugal,Portugal,POR,110,8,39.927,8,7.928,2008,https://www.uefa.com/nationalassociations/uefarankings/country/?year=2008,https://www.uefa.com/nationalassociations/uefarankings/country/seasons/?year=2008,2026-02-13T21:37:57.705796+00:00
Netherlands,Netherlands,Netherlands,NED,95,9,38.213,16,5.0,2008,https://www.uefa.com/nationalassociations/uefarankings/country/?year=2008,https://www.uefa.com/nationalassociations/uefarankings/country/seasons/?year=2008,2026-02-13T21:37:57.705796+00:00
Scotland,Scotland,Scotland,SCO,117,10,33.375,5,10.25,2008,https://www.uefa.com/nationalassociations/uefarankings/country/?year=2008,https://www.uefa.com/nationalassociations/uefarankings/country/seasons/?year=2008,2026-02-13T21:37:57.705796+00:00
Türkiye,Türki̇ye,Türki̇ye,TUR,135,11,31.725,7,9.75,2008,https://www.uefa.com/nationalassociations/uefarankings/country/?year=2008,https://www.uefa.com/nationalassociations/uefarankings/country/seasons/?year=2008,2026-02-13T21:37:57.705796+00:00
Ukraine,Ukraine,Ukraine,UKR,57166,12,30.1,17,4.875,2008,https://www.uefa.com/nationalassociations/uefarankings/country/?year=2008,https://www.uefa.com/nationalassociations/uefarankings/country/seasons/?year=2008,2026-02-13T21:37:57.705796+00:00
Belgium,Belgium,Belgium,BEL,13,13,26.7,18,4.5,2008,https://www.uefa.com/nationalassociations/uefarankings/country/?year=2008,https://www.uefa.com/nationalassociations/uefarankings/country/seasons/?year=2008,2026-02-13T21:37:57.705796+00:00
Greece,Greece,Greece,GRE,49,14,25.831,9,7.5,2008,https://www.uefa.com/nationalassociations/uefarankings/country/?year=2008,https://www.uefa.com/nationalassociations/uefarankings/country/seasons/?year=2008,2026-02-13T21:37:57.705796+00:00
Czechia,Czechia,Czechia,CZE,58837,15,25.75,15,5.125,2008,https://www.uefa.com/nationalassociations/uefarankings/country/?year=2008,https://www.uefa.com/nationalassociations/uefarankings/country/seasons/?year=2008,2026-02-13T21:37:57.705796+00:00
Switzerland,Switzerland,Switzerland,SUI,128,16,24.225,11,6.25,2008,https://www.uefa.com/nationalassociations/uefarankings/country/?year=2008,https://www.uefa.com/nationalassociations/uefarankings/country/seasons/?year=2008,2026-02-13T21:37:57.705796+00:00
Bulgaria,Bulgaria,Bulgaria,BUL,20,17,23.166,21,2.75,2008,https://www.uefa.com/nationalassociations/uefarankings/country/?year=2008,https://www.uefa.com/nationalassociations/uefarankings/country/seasons/?year=2008,2026-02-13T21:37:57.705796+00:00
Norway,Norway,Norway,NOR,101,18,22.425,12,5.4,2008,https://www.uefa.com/nationalassociations/uefarankings/country/?year=2008,https://www.uefa.com/nationalassociations/uefarankings/country/seasons/?year=2008,2026-02-13T21:37:57.705796+00:00
Denmark,Denmark,Denmark,DEN,35,19,20.45,14,5.125,2008,https://www.uefa.com/nationalassociations/uefarankings/country/?year=2008,https://www.uefa.com/nationalassociations/uefarankings/country/seasons/?year=2008,2026-02-13T21:37:57.705796+00:00
Austria,Austria,Austria,AUT,8,20,17.7,20,3.2,2008,https://www.uefa.com/nationalassociations/uefarankings/country/?year=2008,https://www.uefa.com/nationalassociations/uefarankings/country/seasons/?year=2008,2026-02-13T21:37:57.705796+00:00
Serbia,Serbia,Serbia,SRB,147,21,16.75,23,2.625,2008,https://www.uefa.com/nationalassociations/uefarankings/country/?year=2008,https://www.uefa.com/nationalassociations/uefarankings/country/seasons/?year=2008,2026-02-13T21:37:57.705796+00:00
Israel,Israel,Israel,ISR,65,22,15.75,26,2.375,2008,https://www.uefa.com/nationalassociations/uefarankings/country/?year=2008,https://www.uefa.com/nationalassociations/uefarankings/country/seasons/?year=2008,2026-02-13T21:37:57.705796+00:00
Sweden,Sweden,Sweden,SWE,127,23,13.691,13,5.4,2008,https://www.uefa.com/nationalassociations/uefarankings/country/?year=2008,https://www.uefa.com/nationalassociations/uefarankings/country/seasons/?year=2008,2026-02-13T21:37:57.705796+00:00
Slovakia,Slovakia,Slovakia,SVK,58836,24,12.332,27,2.166,2008,https://www.uefa.com/nationalassociations/uefarankings/country/?year=2008,https://www.uefa.com/nationalassociations/uefarankings/country/seasons/?year=2008,2026-02-13T21:37:57.705796+00:00
Poland,Poland,Poland,POL,109,25,12.041,30,1.666,2008,https://www.uefa.com/nationalassociations/uefarankings/country/?year=2008,https://www.uefa.com/nationalassociations/uefarankings/country/seasons/?year=2008,2026-02-13T21:37:57.705796+00:00
Hungary,Hungary,Hungary,HUN,57,26,11.999,37,1.0,2008,https://www.uefa.com/nationalassociations/uefarankings/country/?year=2008,https://www.uefa.com/nationalassociations/uefarankings/country/seasons/?year=2008,2026-02-13T21:37:57.705796+00:00
Croatia,Croatia,Croatia,CRO,56370,27,11.624,19,3.666,2008,https://www.uefa.com/nationalassociations/uefarankings/country/?year=2008,https://www.uefa.com/nationalassociations/uefarankings/country/seasons/?year=2008,2026-02-13T21:37:57.705796+00:00
Cyprus,Cyprus,Cyprus,CYP,33,28,10.082,22,2.666,2008,https://www.uefa.com/nationalassociations/uefarankings/country/?year=2008,https://www.uefa.com/nationalassociations/uefarankings/country/seasons/?year=2008,2026-02-13T21:37:57.705796+00:00
Slovenia,Slovenia,Slovenia,SVN,57163,29,9.915,42,0.666,2008,https://www.uefa.com/nationalassociations/uefarankings/country/?year=2008,https://www.uefa.com/nationalassociations/uefarankings/country/seasons/?year=2008,2026-02-13T21:37:57.705796+00:00
Finland,Finland,Finland,FIN,42,30,9.623,24,2.625,2008,https://www.uefa.com/nationalassociations/uefarankings/country/?year=2008,https://www.uefa.com/nationalassociations/uefarankings/country/seasons/?year=2008,2026-02-13T21:37:57.705796+00:00
Latvia,Latvia,Latvia,LVA,56558,31,8.831,34,1.333,2008,https://www.uefa.com/nationalassociations/uefarankings/country/?year=2008,https://www.uefa.com/nationalassociations/uefarankings/country/seasons/?year=2008,2026-02-13T21:37:57.705796+00:00
Bosnia and Herzegovina,Bosnia and Herzegovina,Bosnia and Herzegovina,BIH,60094,32,8.498,29,1.833,2008,https://www.uefa.com/nationalassociations/uefarankings/country/?year=2008,https://www.uefa.com/nationalassociations/uefarankings/country/seasons/?year=2008,2026-02-13T21:37:57.705796+00:00
Lithuania,Lithuania,Lithuania,LTU,56557,33,7.999,32,1.5,2008,https://www.uefa.com/nationalassociations/uefarankings/country/?year=2008,https://www.uefa.com/nationalassociations/uefarankings/country/seasons/?year=2008,2026-02-13T21:37:57.705796+00:00
Moldova,Moldova,Moldova,MDA,57160,34,7.499,35,1.333,2008,https://www.uefa.com/nationalassociations/uefarankings/country/?year=2008,https://www.uefa.com/nationalassociations/uefarankings/country/seasons/?year=2008,2026-02-13T21:37:57.705796+00:00
Republic of Ireland,Republic of Ireland,Republic of Ireland,IRL,64,35,7.332,39,1.0,2008,https://www.uefa.com/nationalassociations/uefarankings/country/?year=2008,https://www.uefa.com/nationalassociations/uefarankings/country/seasons/?year=2008,2026-02-13T21:37:57.705796+00:00
North Macedonia,North Macedonia,North Macedonia,MKD,59205,36,6.331,31,1.666,2008,https://www.uefa.com/nationalassociations/uefarankings/country/?year=2008,https://www.uefa.com/nationalassociations/uefarankings/country/seasons/?year=2008,2026-02-13T21:37:57.705796+00:00
Iceland,Iceland,Iceland,ISL,58,37,5.999,36,1.166,2008,https://www.uefa.com/nationalassociations/uefarankings/country/?year=2008,https://www.uefa.com/nationalassociations/uefarankings/country/seasons/?year=2008,2026-02-13T21:37:57.705796+00:00
Georgia,Georgia,Georgia,GEO,57157,38,5.831,38,1.0,2008,https://www.uefa.com/nationalassociations/uefarankings/country/?year=2008,https://www.uefa.com/nationalassociations/uefarankings/country/seasons/?year=2008,2026-02-13T21:37:57.705796+00:00
Liechtenstein,Liechtenstein,Liechtenstein,LIE,81,39,5.5,48,0.5,2008,https://www.uefa.com/nationalassociations/uefarankings/country/?year=2008,https://www.uefa.com/nationalassociations/uefarankings/country/seasons/?year=2008,2026-02-13T21:37:57.705796+00:00
Belarus,Belarus,Belarus,BLR,57155,40,5.332,28,1.833,2008,https://www.uefa.com/nationalassociations/uefarankings/country/?year=2008,https://www.uefa.com/nationalassociations/uefarankings/country/seasons/?year=2008,2026-02-13T21:37:57.705796+00:00
Estonia,Estonia,Estonia,EST,56556,41,4.332,40,0.833,2008,https://www.uefa.com/nationalassociations/uefarankings/country/?year=2008,https://www.uefa.com/nationalassociations/uefarankings/country/seasons/?year=2008,2026-02-13T21:37:57.705796+00:00
Azerbaijan,Azerbaijan,Azerbaijan,AZE,57154,42,3.832,43,0.666,2008,https://www.uefa.com/nationalassociations/uefarankings/country/?year=2008,https://www.uefa.com/nationalassociations/uefarankings/country/seasons/?year=2008,2026-02-13T21:37:57.705796+00:00
Albania,Albania,Albania,ALB,2,43,3.666,49,0.5,2008,https://www.uefa.com/nationalassociations/uefarankings/country/?year=2008,https://www.uefa.com/nationalassociations/uefarankings/country/seasons/?year=2008,2026-02-13T21:37:57.705796+00:00
Armenia,Armenia,Armenia,ARM,57419,44,3.665,33,1.333,2008,https://www.uefa.com/nationalassociations/uefarankings/country/?year=2008,https://www.uefa.com/nationalassociations/uefarankings/country/seasons/?year=2008,2026-02-13T21:37:57.705796+00:00
Kazakhstan,Kazakhstan,Kazakhstan,KAZ,65146,45,2.582,41,0.75,2008,https://www.uefa.com/nationalassociations/uefarankings/country/?year=2008,https://www.uefa.com/nationalassociations/uefarankings/country/seasons/?year=2008,2026-02-13T21:37:57.705796+00:00
Northern Ireland,Northern Ireland,Northern Ireland,NIR,63,46,2.332,46,0.5,2008,https://www.uefa.com/nationalassociations/uefarankings/country/?year=2008,https://www.uefa.com/nationalassociations/uefarankings/country/seasons/?year=2008,2026-02-13T21:37:57.705796+00:00
Wales,Wales,Wales,WAL,144,47,2.331,44,0.666,2008,https://www.uefa.com/nationalassociations/uefarankings/country/?year=2008,https://www.uefa.com/nationalassociations/uefarankings/country/seasons/?year=2008,2026-02-13T21:37:57.705796+00:00
Faroe Islands,Faroe Islands,Faroe Islands,FRO,51218,48,1.832,51,0.333,2008,https://www.uefa.com/nationalassociations/uefarankings/country/?year=2008,https://www.uefa.com/nationalassociations/uefarankings/country/seasons/?year=2008,2026-02-13T21:37:57.705796+00:00
Luxembourg,Luxembourg,Luxembourg,LUX,82,49,1.498,50,0.333,2008,https://www.uefa.com/nationalassociations/uefarankings/country/?year=2008,https://www.uefa.com/nationalassociations/uefarankings/country/seasons/?year=2008,2026-02-13T21:37:57.705796+00:00
Malta,Malta,Malta,MLT,88,50,0.832,53,0.0,2008,https://www.uefa.com/nationalassociations/uefarankings/country/?year=2008,https://www.uefa.com/nationalassociations/uefarankings/country/seasons/?year=2008,2026-02-13T21:37:57.705796+00:00
Andorra,Andorra,Andorra,AND,60618,51,0.5,47,0.5,2008,https://www.uefa.com/nationalassociations/uefarankings/country/?year=2008,https://www.uefa.com/nationalassociations/uefarankings/country/seasons/?year=2008,2026-02-13T21:37:57.705796+00:00
Montenegro,Montenegro,Montenegro,MNE,92853,52,0.5,45,0.5,2008,https://www.uefa.com/nationalassociations/uefarankings/country/?year=2008,https://www.uefa.com/nationalassociations/uefarankings/country/seasons/?year=2008,2026-02-13T21:37:57.705796+00:00
San Marino,San Marino,San Marino,SMR,50168,53,0.25,52,0.25,2008,https://www.uefa.com/nationalassociations/uefarankings/country/?year=2008,https://www.uefa.com/nationalassociations/uefarankings/country/seasons/?year=2008,2026-02-13T21:37:57.705796+00:00
England,England,England,ENG,39,1,79.499,2,15.0,2009,https://www.uefa.com/nationalassociations/uefarankings/country/?year=2009,https://www.uefa.com/nationalassociations/uefarankings/country/seasons/?year=2009,2026-02-13T21:37:57.705796+00:00
Spain,Spain,Spain,ESP,122,2,74.266,3,13.312,2009,https://www.uefa.com/nationalassociations/uefarankings/country/?year=2009,https://www.uefa.com/nationalassociations/uefarankings/country/seasons/?year=2009,2026-02-13T21:37:57.705796+00:00
Italy,Italy,Italy,ITA,66,3,62.91,5,11.375,2009,https://www.uefa.com/nationalassociations/uefarankings/country/?year=2009,https://www.uefa.com/nationalassociations/uefarankings/country/seasons/?year=2009,2026-02-13T21:37:57.705796+00:00
Germany,Germany,Germany,GER,47,4,56.695,4,12.687,2009,https://www.uefa.com/nationalassociations/uefarankings/country/?year=2009,https://www.uefa.com/nationalassociations/uefarankings/country/seasons/?year=2009,2026-02-13T21:37:57.705796+00:00
France,France,France,FRA,43,5,50.168,6,11.0,2009,https://www.uefa.com/nationalassociations/uefarankings/country/?year=2009,https://www.uefa.com/nationalassociations/uefarankings/country/seasons/?year=2009,2026-02-13T21:37:57.705796+00:00
Russia,Russia,Russia,RUS,57451,6,47.625,7,9.75,2009,https://www.uefa.com/nationalassociations/uefarankings/country/?year=2009,https://www.uefa.com/nationalassociations/uefarankings/country/seasons/?year=2009,2026-02-13T21:37:57.705796+00:00
Ukraine,Ukraine,Ukraine,UKR,57166,7,41.85,1,16.625,2009,https://www.uefa.com/nationalassociations/uefarankings/country/?year=2009,https://www.uefa.com/nationalassociations/uefarankings/country/seasons/?year=2009,2026-02-13T21:37:57.705796+00:00
Netherlands,Netherlands,Netherlands,NED,95,8,39.13,12,6.333,2009,https://www.uefa.com/nationalassociations/uefarankings/country/?year=2009,https://www.uefa.com/nationalassociations/uefarankings/country/seasons/?year=2009,2026-02-13T21:37:57.705796+00:00
Romania,Romania,Romania,ROU,113,9,38.908,21,2.642,2009,https://www.uefa.com/nationalassociations/uefarankings/country/?year=2009,https://www.uefa.com/nationalassociations/uefarankings/country/seasons/?year=2009,2026-02-13T21:37:57.705796+00:00
Portugal,Portugal,Portugal,POR,110,10,36.462,10,6.785,2009,https://www.uefa.com/nationalassociations/uefarankings/country/?year=2009,https://www.uefa.com/nationalassociations/uefarankings/country/seasons/?year=2009,2026-02-13T21:37:57.705796+00:00
Türkiye,Türki̇ye,Türki̇ye,TUR,135,11,32.225,9,7.0,2009,https://www.uefa.com/nationalassociations/uefarankings/country/?year=2009,https://www.uefa.com/nationalassociations/uefarankings/country/seasons/?year=2009,2026-02-13T21:37:57.705796+00:00
Greece,Greece,Greece,GRE,49,12,28.165,11,6.5,2009,https://www.uefa.com/nationalassociations/uefarankings/country/?year=2009,https://www.uefa.com/nationalassociations/uefarankings/country/seasons/?year=2009,2026-02-13T21:37:57.705796+00:00
Scotland,Scotland,Scotland,SCO,117,13,27.875,29,1.875,2009,https://www.uefa.com/nationalassociations/uefarankings/country/?year=2009,https://www.uefa.com/nationalassociations/uefarankings/country/seasons/?year=2009,2026-02-13T21:37:57.705796+00:00
Belgium,Belgium,Belgium,BEL,13,14,25.325,16,4.5,2009,https://www.uefa.com/nationalassociations/uefarankings/country/?year=2009,https://www.uefa.com/nationalassociations/uefarankings/country/seasons/?year=2009,2026-02-13T21:37:57.705796+00:00
Switzerland,Switzerland,Switzerland,SUI,128,15,25.25,20,2.9,2009,https://www.uefa.com/nationalassociations/uefarankings/country/?year=2009,https://www.uefa.com/nationalassociations/uefarankings/country/seasons/?year=2009,2026-02-13T21:37:57.705796+00:00
Denmark,Denmark,Denmark,DEN,35,16,24.45,8,8.2,2009,https://www.uefa.com/nationalassociations/uefarankings/country/?year=2009,https://www.uefa.com/nationalassociations/uefarankings/country/seasons/?year=2009,2026-02-13T21:37:57.705796+00:00
Bulgaria,Bulgaria,Bulgaria,BUL,20,17,21.25,27,2.25,2009,https://www.uefa.com/nationalassociations/uefarankings/country/?year=2009,https://www.uefa.com/nationalassociations/uefarankings/country/seasons/?year=2009,2026-02-13T21:37:57.705796+00:00
Czechia,Czechia,Czechia,CZE,58837,18,20.75,26,2.375,2009,https://www.uefa.com/nationalassociations/uefarankings/country/?year=2009,https://www.uefa.com/nationalassociations/uefarankings/country/seasons/?year=2009,2026-02-13T21:37:57.705796+00:00
Norway,Norway,Norway,NOR,101,19,18.8,24,2.5,2009,https://www.uefa.com/nationalassociations/uefarankings/country/?year=2009,https://www.uefa.com/nationalassociations/uefarankings/country/seasons/?year=2009,2026-02-13T21:37:57.705796+00:00
Austria,Austria,Austria,AUT,8,20,17.825,28,2.25,2009,https://www.uefa.com/nationalassociations/uefarankings/country/?year=2009,https://www.uefa.com/nationalassociations/uefarankings/country/seasons/?year=2009,2026-02-13T21:37:57.705796+00:00
Serbia,Serbia,Serbia,SRB,147,21,15.25,19,3.0,2009,https://www.uefa.com/nationalassociations/uefarankings/country/?year=2009,https://www.uefa.com/nationalassociations/uefarankings/country/seasons/?year=2009,2026-02-13T21:37:57.705796+00:00
Israel,Israel,Israel,ISR,65,22,15.25,32,1.75,2009,https://www.uefa.com/nationalassociations/uefarankings/country/?year=2009,https://www.uefa.com/nationalassociations/uefarankings/country/seasons/?year=2009,2026-02-13T21:37:57.705796+00:00
Cyprus,Cyprus,Cyprus,CYP,33,23,15.082,13,6.333,2009,https://www.uefa.com/nationalassociations/uefarankings/country/?year=2009,https://www.uefa.com/nationalassociations/uefarankings/country/seasons/?year=2009,2026-02-13T21:37:57.705796+00:00
Sweden,Sweden,Sweden,SWE,127,24,14.691,23,2.5,2009,https://www.uefa.com/nationalassociations/uefarankings/country/?year=2009,https://www.uefa.com/nationalassociations/uefarankings/country/seasons/?year=2009,2026-02-13T21:37:57.705796+00:00
Slovakia,Slovakia,Slovakia,SVK,58836,25,14.665,15,4.833,2009,https://www.uefa.com/nationalassociations/uefarankings/country/?year=2009,https://www.uefa.com/nationalassociations/uefarankings/country/seasons/?year=2009,2026-02-13T21:37:57.705796+00:00
Poland,Poland,Poland,POL,109,26,12.916,14,5.0,2009,https://www.uefa.com/nationalassociations/uefarankings/country/?year=2009,https://www.uefa.com/nationalassociations/uefarankings/country/seasons/?year=2009,2026-02-13T21:37:57.705796+00:00
Croatia,Croatia,Croatia,CRO,56370,27,12.332,17,4.333,2009,https://www.uefa.com/nationalassociations/uefarankings/country/?year=2009,https://www.uefa.com/nationalassociations/uefarankings/country/seasons/?year=2009,2026-02-13T21:37:57.705796+00:00
Finland,Finland,Finland,FIN,42,28,9.79,31,1.833,2009,https://www.uefa.com/nationalassociations/uefarankings/country/?year=2009,https://www.uefa.com/nationalassociations/uefarankings/country/seasons/?year=2009,2026-02-13T21:37:57.705796+00:00
Lithuania,Lithuania,Lithuania,LTU,56557,29,9.666,25,2.5,2009,https://www.uefa.com/nationalassociations/uefarankings/country/?year=2009,https://www.uefa.com/nationalassociations/uefarankings/country/seasons/?year=2009,2026-02-13T21:37:57.705796+00:00
Republic of Ireland,Republic of Ireland,Republic of Ireland,IRL,64,30,9.499,22,2.5,2009,https://www.uefa.com/nationalassociations/uefarankings/country/?year=2009,https://www.uefa.com/nationalassociations/uefarankings/country/seasons/?year=2009,2026-02-13T21:37:57.705796+00:00
Latvia,Latvia,Latvia,LVA,56558,31,9.164,36,1.166,2009,https://www.uefa.com/nationalassociations/uefarankings/country/?year=2009,https://www.uefa.com/nationalassociations/uefarankings/country/seasons/?year=2009,2026-02-13T21:37:57.705796+00:00
Slovenia,Slovenia,Slovenia,SVN,57163,32,9.082,33,1.333,2009,https://www.uefa.com/nationalassociations/uefarankings/country/?year=2009,https://www.uefa.com/nationalassociations/uefarankings/country/seasons/?year=2009,2026-02-13T21:37:57.705796+00:00
Belarus,Belarus,Belarus,BLR,57155,33,8.666,18,4.0,2009,https://www.uefa.com/nationalassociations/uefarankings/country/?year=2009,https://www.uefa.com/nationalassociations/uefarankings/country/seasons/?year=2009,2026-02-13T21:37:57.705796+00:00
Bosnia and Herzegovina,Bosnia and Herzegovina,Bosnia and Herzegovina,BIH,60094,34,8.665,30,1.833,2009,https://www.uefa.com/nationalassociations/uefarankings/country/?year=2009,https://www.uefa.com/nationalassociations/uefarankings/country/seasons/?year=2009,2026-02-13T21:37:57.705796+00:00
Hungary,Hungary,Hungary,HUN,57,35,8.166,37,1.0,2009,https://www.uefa.com/nationalassociations/uefarankings/country/?year=2009,https://www.uefa.com/nationalassociations/uefarankings/country/seasons/?year=2009,2026-02-13T21:37:57.705796+00:00
Iceland,Iceland,Iceland,ISL,58,36,6.665,35,1.166,2009,https://www.uefa.com/nationalassociations/uefarankings/country/?year=2009,https://www.uefa.com/nationalassociations/uefarankings/country/seasons/?year=2009,2026-02-13T21:37:57.705796+00:00
Moldova,Moldova,Moldova,MDA,57160,37,6.665,39,0.666,2009,https://www.uefa.com/nationalassociations/uefarankings/country/?year=2009,https://www.uefa.com/nationalassociations/uefarankings/country/seasons/?year=2009,2026-02-13T21:37:57.705796+00:00
Georgia,Georgia,Georgia,GEO,57157,38,6.664,34,1.166,2009,https://www.uefa.com/nationalassociations/uefarankings/country/?year=2009,https://www.uefa.com/nationalassociations/uefarankings/country/seasons/?year=2009,2026-02-13T21:37:57.705796+00:00
Liechtenstein,Liechtenstein,Liechtenstein,LIE,81,39,5.5,53,0.0,2009,https://www.uefa.com/nationalassociations/uefarankings/country/?year=2009,https://www.uefa.com/nationalassociations/uefarankings/country/seasons/?year=2009,2026-02-13T21:37:57.705796+00:00
North Macedonia,North Macedonia,North Macedonia,MKD,59205,40,5.165,43,0.5,2009,https://www.uefa.com/nationalassociations/uefarankings/country/?year=2009,https://www.uefa.com/nationalassociations/uefarankings/country/seasons/?year=2009,2026-02-13T21:37:57.705796+00:00
Azerbaijan,Azerbaijan,Azerbaijan,AZE,57154,41,4.498,40,0.666,2009,https://www.uefa.com/nationalassociations/uefarankings/country/?year=2009,https://www.uefa.com/nationalassociations/uefarankings/country/seasons/?year=2009,2026-02-13T21:37:57.705796+00:00
Estonia,Estonia,Estonia,EST,56556,42,4.332,45,0.333,2009,https://www.uefa.com/nationalassociations/uefarankings/country/?year=2009,https://www.uefa.com/nationalassociations/uefarankings/country/seasons/?year=2009,2026-02-13T21:37:57.705796+00:00
Albania,Albania,Albania,ALB,2,43,3.999,41,0.666,2009,https://www.uefa.com/nationalassociations/uefarankings/country/?year=2009,https://www.uefa.com/nationalassociations/uefarankings/country/seasons/?year=2009,2026-02-13T21:37:57.705796+00:00
Kazakhstan,Kazakhstan,Kazakhstan,KAZ,65146,44,3.249,38,0.833,2009,https://www.uefa.com/nationalassociations/uefarankings/country/?year=2009,https://www.uefa.com/nationalassociations/uefarankings/country/seasons/?year=2009,2026-02-13T21:37:57.705796+00:00
Armenia,Armenia,Armenia,ARM,57419,45,2.999,52,0.0,2009,https://www.uefa.com/nationalassociations/uefarankings/country/?year=2009,https://www.uefa.com/nationalassociations/uefarankings/country/seasons/?year=2009,2026-02-13T21:37:57.705796+00:00
Wales,Wales,Wales,WAL,144,46,2.331,44,0.333,2009,https://www.uefa.com/nationalassociations/uefarankings/country/?year=2009,https://www.uefa.com/nationalassociations/uefarankings/country/seasons/?year=2009,2026-02-13T21:37:57.705796+00:00
Northern Ireland,Northern Ireland,Northern Ireland,NIR,63,47,2.165,46,0.333,2009,https://www.uefa.com/nationalassociations/uefarankings/country/?year=2009,https://www.uefa.com/nationalassociations/uefarankings/country/seasons/?year=2009,2026-02-13T21:37:57.705796+00:00
Faroe Islands,Faroe Islands,Faroe Islands,FRO,51218,48,2.165,47,0.333,2009,https://www.uefa.com/nationalassociations/uefarankings/country/?year=2009,https://www.uefa.com/nationalassociations/uefarankings/country/seasons/?year=2009,2026-02-13T21:37:57.705796+00:00
Luxembourg,Luxembourg,Luxembourg,LUX,82,49,1.332,50,0.0,2009,https://www.uefa.com/nationalassociations/uefarankings/country/?year=2009,https://www.uefa.com/nationalassociations/uefarankings/country/seasons/?year=2009,2026-02-13T21:37:57.705796+00:00
Montenegro,Montenegro,Montenegro,MNE,92853,50,1.0,42,0.5,2009,https://www.uefa.com/nationalassociations/uefarankings/country/?year=2009,https://www.uefa.com/nationalassociations/uefarankings/country/seasons/?year=2009,2026-02-13T21:37:57.705796+00:00
Andorra,Andorra,Andorra,AND,60618,51,0.5,49,0.0,2009,https://www.uefa.com/nationalassociations/uefarankings/country/?year=2009,https://www.uefa.com/nationalassociations/uefarankings/country/seasons/?year=2009,2026-02-13T21:37:57.705796+00:00
Malta,Malta,Malta,MLT,88,52,0.499,51,0.0,2009,https://www.uefa.com/nationalassociations/uefarankings/country/?year=2009,https://www.uefa.com/nationalassociations/uefarankings/country/seasons/?year=2009,2026-02-13T21:37:57.705796+00:00
San Marino,San Marino,San Marino,SMR,50168,53,0.25,48,0.0,2009,https://www.uefa.com/nationalassociations/uefarankings/country/?year=2009,https://www.uefa.com/nationalassociations/uefarankings/country/seasons/?year=2009,2026-02-13T21:37:57.705796+00:00
England,England,England,ENG,39,1,81.856,2,17.928,2010,https://www.uefa.com/nationalassociations/uefarankings/country/?year=2010,https://www.uefa.com/nationalassociations/uefarankings/country/seasons/?year=2010,2026-02-13T21:37:57.705796+00:00
Spain,Spain,Spain,ESP,122,2,79.757,3,17.928,2010,https://www.uefa.com/nationalassociations/uefarankings/country/?year=2010,https://www.uefa.com/nationalassociations/uefarankings/country/seasons/?year=2010,2026-02-13T21:37:57.705796+00:00
Italy,Italy,Italy,ITA,66,3,64.338,4,15.428,2010,https://www.uefa.com/nationalassociations/uefarankings/country/?year=2010,https://www.uefa.com/nationalassociations/uefarankings/country/seasons/?year=2010,2026-02-13T21:37:57.705796+00:00
Germany,Germany,Germany,GER,47,4,64.207,1,18.083,2010,https://www.uefa.com/nationalassociations/uefarankings/country/?year=2010,https://www.uefa.com/nationalassociations/uefarankings/country/seasons/?year=2010,2026-02-13T21:37:57.705796+00:00
France,France,France,FRA,43,5,53.74,5,15.0,2010,https://www.uefa.com/nationalassociations/uefarankings/country/?year=2010,https://www.uefa.com/nationalassociations/uefarankings/country/seasons/?year=2010,2026-02-13T21:37:57.705796+00:00
Russia,Russia,Russia,RUS,57451,6,43.791,13,6.166,2010,https://www.uefa.com/nationalassociations/uefarankings/country/?year=2010,https://www.uefa.com/nationalassociations/uefarankings/country/seasons/?year=2010,2026-02-13T21:37:57.705796+00:00
Ukraine,Ukraine,Ukraine,UKR,57166,7,39.55,15,5.8,2010,https://www.uefa.com/nationalassociations/uefarankings/country/?year=2010,https://www.uefa.com/nationalassociations/uefarankings/country/seasons/?year=2010,2026-02-13T21:37:57.705796+00:00
Romania,Romania,Romania,ROU,113,8,39.491,14,6.083,2010,https://www.uefa.com/nationalassociations/uefarankings/country/?year=2010,https://www.uefa.com/nationalassociations/uefarankings/country/seasons/?year=2010,2026-02-13T21:37:57.705796+00:00
Portugal,Portugal,Portugal,POR,110,9,38.296,6,10.0,2010,https://www.uefa.com/nationalassociations/uefarankings/country/?year=2010,https://www.uefa.com/nationalassociations/uefarankings/country/seasons/?year=2010,2026-02-13T21:37:57.705796+00:00
Netherlands,Netherlands,Netherlands,NED,95,10,36.546,7,9.416,2010,https://www.uefa.com/nationalassociations/uefarankings/country/?year=2010,https://www.uefa.com/nationalassociations/uefarankings/country/seasons/?year=2010,2026-02-13T21:37:57.705796+00:00
Türkiye,Türki̇ye,Türki̇ye,TUR,135,11,34.45,11,7.6,2010,https://www.uefa.com/nationalassociations/uefarankings/country/?year=2010,https://www.uefa.com/nationalassociations/uefarankings/country/seasons/?year=2010,2026-02-13T21:37:57.705796+00:00
Greece,Greece,Greece,GRE,49,12,29.899,10,7.9,2010,https://www.uefa.com/nationalassociations/uefarankings/country/?year=2010,https://www.uefa.com/nationalassociations/uefarankings/country/seasons/?year=2010,2026-02-13T21:37:57.705796+00:00
Switzerland,Switzerland,Switzerland,SUI,128,13,28.375,16,5.75,2010,https://www.uefa.com/nationalassociations/uefarankings/country/?year=2010,https://www.uefa.com/nationalassociations/uefarankings/country/seasons/?year=2010,2026-02-13T21:37:57.705796+00:00
Belgium,Belgium,Belgium,BEL,13,14,27.9,9,8.7,2010,https://www.uefa.com/nationalassociations/uefarankings/country/?year=2010,https://www.uefa.com/nationalassociations/uefarankings/country/seasons/?year=2010,2026-02-13T21:37:57.705796+00:00
Denmark,Denmark,Denmark,DEN,35,15,27.35,17,4.4,2010,https://www.uefa.com/nationalassociations/uefarankings/country/?year=2010,https://www.uefa.com/nationalassociations/uefarankings/country/seasons/?year=2010,2026-02-13T21:37:57.705796+00:00
Scotland,Scotland,Scotland,SCO,117,16,25.791,25,2.666,2010,https://www.uefa.com/nationalassociations/uefarankings/country/?year=2010,https://www.uefa.com/nationalassociations/uefarankings/country/seasons/?year=2010,2026-02-13T21:37:57.705796+00:00
Bulgaria,Bulgaria,Bulgaria,BUL,20,17,22.0,21,3.125,2010,https://www.uefa.com/nationalassociations/uefarankings/country/?year=2010,https://www.uefa.com/nationalassociations/uefarankings/country/seasons/?year=2010,2026-02-13T21:37:57.705796+00:00
Czechia,Czechia,Czechia,CZE,58837,18,21.975,19,4.1,2010,https://www.uefa.com/nationalassociations/uefarankings/country/?year=2010,https://www.uefa.com/nationalassociations/uefarankings/country/seasons/?year=2010,2026-02-13T21:37:57.705796+00:00
Austria,Austria,Austria,AUT,8,19,19.575,8,9.375,2010,https://www.uefa.com/nationalassociations/uefarankings/country/?year=2010,https://www.uefa.com/nationalassociations/uefarankings/country/seasons/?year=2010,2026-02-13T21:37:57.705796+00:00
Israel,Israel,Israel,ISR,65,20,18.875,12,7.25,2010,https://www.uefa.com/nationalassociations/uefarankings/country/?year=2010,https://www.uefa.com/nationalassociations/uefarankings/country/seasons/?year=2010,2026-02-13T21:37:57.705796+00:00
Cyprus,Cyprus,Cyprus,CYP,33,21,17.999,18,4.25,2010,https://www.uefa.com/nationalassociations/uefarankings/country/?year=2010,https://www.uefa.com/nationalassociations/uefarankings/country/seasons/?year=2010,2026-02-13T21:37:57.705796+00:00
Norway,Norway,Norway,NOR,101,22,17.4,31,2.1,2010,https://www.uefa.com/nationalassociations/uefarankings/country/?year=2010,https://www.uefa.com/nationalassociations/uefarankings/country/seasons/?year=2010,2026-02-13T21:37:57.705796+00:00
Slovakia,Slovakia,Slovakia,SVK,58836,23,15.832,27,2.5,2010,https://www.uefa.com/nationalassociations/uefarankings/country/?year=2010,https://www.uefa.com/nationalassociations/uefarankings/country/seasons/?year=2010,2026-02-13T21:37:57.705796+00:00
Sweden,Sweden,Sweden,SWE,127,24,14.191,26,2.5,2010,https://www.uefa.com/nationalassociations/uefarankings/country/?year=2010,https://www.uefa.com/nationalassociations/uefarankings/country/seasons/?year=2010,2026-02-13T21:37:57.705796+00:00
Serbia,Serbia,Serbia,SRB,147,25,14.0,23,3.0,2010,https://www.uefa.com/nationalassociations/uefarankings/country/?year=2010,https://www.uefa.com/nationalassociations/uefarankings/country/seasons/?year=2010,2026-02-13T21:37:57.705796+00:00
Poland,Poland,Poland,POL,109,26,12.541,29,2.125,2010,https://www.uefa.com/nationalassociations/uefarankings/country/?year=2010,https://www.uefa.com/nationalassociations/uefarankings/country/seasons/?year=2010,2026-02-13T21:37:57.705796+00:00
Croatia,Croatia,Croatia,CRO,56370,27,12.332,22,3.0,2010,https://www.uefa.com/nationalassociations/uefarankings/country/?year=2010,https://www.uefa.com/nationalassociations/uefarankings/country/seasons/?year=2010,2026-02-13T21:37:57.705796+00:00
Belarus,Belarus,Belarus,BLR,57155,28,11.541,20,3.375,2010,https://www.uefa.com/nationalassociations/uefarankings/country/?year=2010,https://www.uefa.com/nationalassociations/uefarankings/country/seasons/?year=2010,2026-02-13T21:37:57.705796+00:00
Republic of Ireland,Republic of Ireland,Republic of Ireland,IRL,64,29,9.541,36,1.375,2010,https://www.uefa.com/nationalassociations/uefarankings/country/?year=2010,https://www.uefa.com/nationalassociations/uefarankings/country/seasons/?year=2010,2026-02-13T21:37:57.705796+00:00
Finland,Finland,Finland,FIN,42,30,9.499,37,1.375,2010,https://www.uefa.com/nationalassociations/uefarankings/country/?year=2010,https://www.uefa.com/nationalassociations/uefarankings/country/seasons/?year=2010,2026-02-13T21:37:57.705796+00:00
Bosnia and Herzegovina,Bosnia and Herzegovina,Bosnia and Herzegovina,BIH,60094,31,8.749,32,1.75,2010,https://www.uefa.com/nationalassociations/uefarankings/country/?year=2010,https://www.uefa.com/nationalassociations/uefarankings/country/seasons/?year=2010,2026-02-13T21:37:57.705796+00:00
Lithuania,Lithuania,Lithuania,LTU,56557,32,8.416,39,1.25,2010,https://www.uefa.com/nationalassociations/uefarankings/country/?year=2010,https://www.uefa.com/nationalassociations/uefarankings/country/seasons/?year=2010,2026-02-13T21:37:57.705796+00:00
Latvia,Latvia,Latvia,LVA,56558,33,8.248,28,2.25,2010,https://www.uefa.com/nationalassociations/uefarankings/country/?year=2010,https://www.uefa.com/nationalassociations/uefarankings/country/seasons/?year=2010,2026-02-13T21:37:57.705796+00:00
Moldova,Moldova,Moldova,MDA,57160,34,7.29,30,2.125,2010,https://www.uefa.com/nationalassociations/uefarankings/country/?year=2010,https://www.uefa.com/nationalassociations/uefarankings/country/seasons/?year=2010,2026-02-13T21:37:57.705796+00:00
Slovenia,Slovenia,Slovenia,SVN,57163,35,6.957,35,1.375,2010,https://www.uefa.com/nationalassociations/uefarankings/country/?year=2010,https://www.uefa.com/nationalassociations/uefarankings/country/seasons/?year=2010,2026-02-13T21:37:57.705796+00:00
Hungary,Hungary,Hungary,HUN,57,36,6.75,24,2.75,2010,https://www.uefa.com/nationalassociations/uefarankings/country/?year=2010,https://www.uefa.com/nationalassociations/uefarankings/country/seasons/?year=2010,2026-02-13T21:37:57.705796+00:00
Georgia,Georgia,Georgia,GEO,57157,37,5.748,33,1.75,2010,https://www.uefa.com/nationalassociations/uefarankings/country/?year=2010,https://www.uefa.com/nationalassociations/uefarankings/country/seasons/?year=2010,2026-02-13T21:37:57.705796+00:00
Azerbaijan,Azerbaijan,Azerbaijan,AZE,57154,38,5.498,34,1.5,2010,https://www.uefa.com/nationalassociations/uefarankings/country/?year=2010,https://www.uefa.com/nationalassociations/uefarankings/country/seasons/?year=2010,2026-02-13T21:37:57.705796+00:00
Iceland,Iceland,Iceland,ISL,58,39,5.415,38,1.25,2010,https://www.uefa.com/nationalassociations/uefarankings/country/?year=2010,https://www.uefa.com/nationalassociations/uefarankings/country/seasons/?year=2010,2026-02-13T21:37:57.705796+00:00
North Macedonia,North Macedonia,North Macedonia,MKD,59205,40,5.332,46,0.5,2010,https://www.uefa.com/nationalassociations/uefarankings/country/?year=2010,https://www.uefa.com/nationalassociations/uefarankings/country/seasons/?year=2010,2026-02-13T21:37:57.705796+00:00
Liechtenstein,Liechtenstein,Liechtenstein,LIE,81,41,4.5,43,1.0,2010,https://www.uefa.com/nationalassociations/uefarankings/country/?year=2010,https://www.uefa.com/nationalassociations/uefarankings/country/seasons/?year=2010,2026-02-13T21:37:57.705796+00:00
Kazakhstan,Kazakhstan,Kazakhstan,KAZ,65146,42,4.499,40,1.25,2010,https://www.uefa.com/nationalassociations/uefarankings/country/?year=2010,https://www.uefa.com/nationalassociations/uefarankings/country/seasons/?year=2010,2026-02-13T21:37:57.705796+00:00
Estonia,Estonia,Estonia,EST,56556,43,4.374,44,0.875,2010,https://www.uefa.com/nationalassociations/uefarankings/country/?year=2010,https://www.uefa.com/nationalassociations/uefarankings/country/seasons/?year=2010,2026-02-13T21:37:57.705796+00:00
Albania,Albania,Albania,ALB,2,44,3.999,42,1.0,2010,https://www.uefa.com/nationalassociations/uefarankings/country/?year=2010,https://www.uefa.com/nationalassociations/uefarankings/country/seasons/?year=2010,2026-02-13T21:37:57.705796+00:00
Armenia,Armenia,Armenia,ARM,57419,45,2.999,47,0.5,2010,https://www.uefa.com/nationalassociations/uefarankings/country/?year=2010,https://www.uefa.com/nationalassociations/uefarankings/country/seasons/?year=2010,2026-02-13T21:37:57.705796+00:00
Wales,Wales,Wales,WAL,144,46,2.581,51,0.25,2010,https://www.uefa.com/nationalassociations/uefarankings/country/?year=2010,https://www.uefa.com/nationalassociations/uefarankings/country/seasons/?year=2010,2026-02-13T21:37:57.705796+00:00
Montenegro,Montenegro,Montenegro,MNE,92853,47,2.125,41,1.125,2010,https://www.uefa.com/nationalassociations/uefarankings/country/?year=2010,https://www.uefa.com/nationalassociations/uefarankings/country/seasons/?year=2010,2026-02-13T21:37:57.705796+00:00
Faroe Islands,Faroe Islands,Faroe Islands,FRO,51218,48,1.832,53,0.0,2010,https://www.uefa.com/nationalassociations/uefarankings/country/?year=2010,https://www.uefa.com/nationalassociations/uefarankings/country/seasons/?year=2010,2026-02-13T21:37:57.705796+00:00
Northern Ireland,Northern Ireland,Northern Ireland,NIR,63,49,1.624,52,0.125,2010,https://www.uefa.com/nationalassociations/uefarankings/country/?year=2010,https://www.uefa.com/nationalassociations/uefarankings/country/seasons/?year=2010,2026-02-13T21:37:57.705796+00:00
Luxembourg,Luxembourg,Luxembourg,LUX,82,50,1.249,50,0.25,2010,https://www.uefa.com/nationalassociations/uefarankings/country/?year=2010,https://www.uefa.com/nationalassociations/uefarankings/country/seasons/?year=2010,2026-02-13T21:37:57.705796+00:00
Andorra,Andorra,Andorra,AND,60618,51,1.0,48,0.5,2010,https://www.uefa.com/nationalassociations/uefarankings/country/?year=2010,https://www.uefa.com/nationalassociations/uefarankings/country/seasons/?year=2010,2026-02-13T21:37:57.705796+00:00
Malta,Malta,Malta,MLT,88,52,0.916,45,0.75,2010,https://www.uefa.com/nationalassociations/uefarankings/country/?year=2010,https://www.uefa.com/nationalassociations/uefarankings/country/seasons/?year=2010,2026-02-13T21:37:57.705796+00:00
San Marino,San Marino,San Marino,SMR,50168,53,0.75,49,0.5,2010,https://www.uefa.com/nationalassociations/uefarankings/country/?year=2010,https://www.uefa.com/nationalassociations/uefarankings/country/seasons/?year=2010,2026-02-13T21:37:57.705796+00:00
England,England,England,ENG,39,1,85.785,2,18.357,2011,https://www.uefa.com/nationalassociations/uefarankings/country/?year=2011,https://www.uefa.com/nationalassociations/uefarankings/country/seasons/?year=2011,2026-02-13T21:37:57.705796+00:00
Spain,Spain,Spain,ESP,122,2,82.329,3,18.214,2011,https://www.uefa.com/nationalassociations/uefarankings/country/?year=2011,https://www.uefa.com/nationalassociations/uefarankings/country/seasons/?year=2011,2026-02-13T21:37:57.705796+00:00
Germany,Germany,Germany,GER,47,3,69.436,4,15.666,2011,https://www.uefa.com/nationalassociations/uefarankings/country/?year=2011,https://www.uefa.com/nationalassociations/uefarankings/country/seasons/?year=2011,2026-02-13T21:37:57.705796+00:00
Italy,Italy,Italy,ITA,66,4,60.552,5,11.571,2011,https://www.uefa.com/nationalassociations/uefarankings/country/?year=2011,https://www.uefa.com/nationalassociations/uefarankings/country/seasons/?year=2011,2026-02-13T21:37:57.705796+00:00
France,France,France,FRA,43,5,53.678,8,10.75,2011,https://www.uefa.com/nationalassociations/uefarankings/country/?year=2011,https://www.uefa.com/nationalassociations/uefarankings/country/seasons/?year=2011,2026-02-13T21:37:57.705796+00:00
Portugal,Portugal,Portugal,POR,110,6,51.596,1,18.8,2011,https://www.uefa.com/nationalassociations/uefarankings/country/?year=2011,https://www.uefa.com/nationalassociations/uefarankings/country/seasons/?year=2011,2026-02-13T21:37:57.705796+00:00
Russia,Russia,Russia,RUS,57451,7,44.707,7,10.916,2011,https://www.uefa.com/nationalassociations/uefarankings/country/?year=2011,https://www.uefa.com/nationalassociations/uefarankings/country/seasons/?year=2011,2026-02-13T21:37:57.705796+00:00
Ukraine,Ukraine,Ukraine,UKR,57166,8,43.883,9,10.083,2011,https://www.uefa.com/nationalassociations/uefarankings/country/?year=2011,https://www.uefa.com/nationalassociations/uefarankings/country/seasons/?year=2011,2026-02-13T21:37:57.705796+00:00
Netherlands,Netherlands,Netherlands,NED,95,9,40.129,6,11.166,2011,https://www.uefa.com/nationalassociations/uefarankings/country/?year=2011,https://www.uefa.com/nationalassociations/uefarankings/country/seasons/?year=2011,2026-02-13T21:37:57.705796+00:00
Türkiye,Türki̇ye,Türki̇ye,TUR,135,10,35.05,17,4.6,2011,https://www.uefa.com/nationalassociations/uefarankings/country/?year=2011,https://www.uefa.com/nationalassociations/uefarankings/country/seasons/?year=2011,2026-02-13T21:37:57.705796+00:00
Greece,Greece,Greece,GRE,49,11,34.166,10,7.6,2011,https://www.uefa.com/nationalassociations/uefarankings/country/?year=2011,https://www.uefa.com/nationalassociations/uefarankings/country/seasons/?year=2011,2026-02-13T21:37:57.705796+00:00
Denmark,Denmark,Denmark,DEN,35,12,30.55,11,6.7,2011,https://www.uefa.com/nationalassociations/uefarankings/country/?year=2011,https://www.uefa.com/nationalassociations/uefarankings/country/seasons/?year=2011,2026-02-13T21:37:57.705796+00:00
Belgium,Belgium,Belgium,BEL,13,13,27.0,16,4.6,2011,https://www.uefa.com/nationalassociations/uefarankings/country/?year=2011,https://www.uefa.com/nationalassociations/uefarankings/country/seasons/?year=2011,2026-02-13T21:37:57.705796+00:00
Romania,Romania,Romania,ROU,113,14,25.824,24,3.166,2011,https://www.uefa.com/nationalassociations/uefarankings/country/?year=2011,https://www.uefa.com/nationalassociations/uefarankings/country/seasons/?year=2011,2026-02-13T21:37:57.705796+00:00
Scotland,Scotland,Scotland,SCO,117,15,25.141,21,3.6,2011,https://www.uefa.com/nationalassociations/uefarankings/country/?year=2011,https://www.uefa.com/nationalassociations/uefarankings/country/seasons/?year=2011,2026-02-13T21:37:57.705796+00:00
Switzerland,Switzerland,Switzerland,SUI,128,16,24.9,12,5.9,2011,https://www.uefa.com/nationalassociations/uefarankings/country/?year=2011,https://www.uefa.com/nationalassociations/uefarankings/country/seasons/?year=2011,2026-02-13T21:37:57.705796+00:00
Israel,Israel,Israel,ISR,65,17,22.0,15,4.625,2011,https://www.uefa.com/nationalassociations/uefarankings/country/?year=2011,https://www.uefa.com/nationalassociations/uefarankings/country/seasons/?year=2011,2026-02-13T21:37:57.705796+00:00
Czechia,Czechia,Czechia,CZE,58837,18,20.85,22,3.5,2011,https://www.uefa.com/nationalassociations/uefarankings/country/?year=2011,https://www.uefa.com/nationalassociations/uefarankings/country/seasons/?year=2011,2026-02-13T21:37:57.705796+00:00
Austria,Austria,Austria,AUT,8,19,20.7,19,4.375,2011,https://www.uefa.com/nationalassociations/uefarankings/country/?year=2011,https://www.uefa.com/nationalassociations/uefarankings/country/seasons/?year=2011,2026-02-13T21:37:57.705796+00:00
Cyprus,Cyprus,Cyprus,CYP,33,20,18.124,25,3.125,2011,https://www.uefa.com/nationalassociations/uefarankings/country/?year=2011,https://www.uefa.com/nationalassociations/uefarankings/country/seasons/?year=2011,2026-02-13T21:37:57.705796+00:00
Bulgaria,Bulgaria,Bulgaria,BUL,20,21,17.875,14,4.625,2011,https://www.uefa.com/nationalassociations/uefarankings/country/?year=2011,https://www.uefa.com/nationalassociations/uefarankings/country/seasons/?year=2011,2026-02-13T21:37:57.705796+00:00
Croatia,Croatia,Croatia,CRO,56370,22,16.124,20,4.125,2011,https://www.uefa.com/nationalassociations/uefarankings/country/?year=2011,https://www.uefa.com/nationalassociations/uefarankings/country/seasons/?year=2011,2026-02-13T21:37:57.705796+00:00
Belarus,Belarus,Belarus,BLR,57155,23,16.083,13,5.875,2011,https://www.uefa.com/nationalassociations/uefarankings/country/?year=2011,https://www.uefa.com/nationalassociations/uefarankings/country/seasons/?year=2011,2026-02-13T21:37:57.705796+00:00
Poland,Poland,Poland,POL,109,24,15.916,18,4.5,2011,https://www.uefa.com/nationalassociations/uefarankings/country/?year=2011,https://www.uefa.com/nationalassociations/uefarankings/country/seasons/?year=2011,2026-02-13T21:37:57.705796+00:00
Slovakia,Slovakia,Slovakia,SVK,58836,25,14.499,26,3.0,2011,https://www.uefa.com/nationalassociations/uefarankings/country/?year=2011,https://www.uefa.com/nationalassociations/uefarankings/country/seasons/?year=2011,2026-02-13T21:37:57.705796+00:00
Norway,Norway,Norway,NOR,101,26,14.375,29,2.375,2011,https://www.uefa.com/nationalassociations/uefarankings/country/?year=2011,https://www.uefa.com/nationalassociations/uefarankings/country/seasons/?year=2011,2026-02-13T21:37:57.705796+00:00
Serbia,Serbia,Serbia,SRB,147,27,14.25,23,3.5,2011,https://www.uefa.com/nationalassociations/uefarankings/country/?year=2011,https://www.uefa.com/nationalassociations/uefarankings/country/seasons/?year=2011,2026-02-13T21:37:57.705796+00:00
Sweden,Sweden,Sweden,SWE,127,28,14.125,28,2.6,2011,https://www.uefa.com/nationalassociations/uefarankings/country/?year=2011,https://www.uefa.com/nationalassociations/uefarankings/country/seasons/?year=2011,2026-02-13T21:37:57.705796+00:00
Bosnia and Herzegovina,Bosnia and Herzegovina,Bosnia and Herzegovina,BIH,60094,29,9.124,32,1.875,2011,https://www.uefa.com/nationalassociations/uefarankings/country/?year=2011,https://www.uefa.com/nationalassociations/uefarankings/country/seasons/?year=2011,2026-02-13T21:37:57.705796+00:00
Finland,Finland,Finland,FIN,42,30,8.966,34,1.8,2011,https://www.uefa.com/nationalassociations/uefarankings/country/?year=2011,https://www.uefa.com/nationalassociations/uefarankings/country/seasons/?year=2011,2026-02-13T21:37:57.705796+00:00
Republic of Ireland,Republic of Ireland,Republic of Ireland,IRL,64,31,8.708,40,1.0,2011,https://www.uefa.com/nationalassociations/uefarankings/country/?year=2011,https://www.uefa.com/nationalassociations/uefarankings/country/seasons/?year=2011,2026-02-13T21:37:57.705796+00:00
Hungary,Hungary,Hungary,HUN,57,32,8.5,27,2.75,2011,https://www.uefa.com/nationalassociations/uefarankings/country/?year=2011,https://www.uefa.com/nationalassociations/uefarankings/country/seasons/?year=2011,2026-02-13T21:37:57.705796+00:00
Moldova,Moldova,Moldova,MDA,57160,33,7.749,30,2.125,2011,https://www.uefa.com/nationalassociations/uefarankings/country/?year=2011,https://www.uefa.com/nationalassociations/uefarankings/country/seasons/?year=2011,2026-02-13T21:37:57.705796+00:00
Lithuania,Lithuania,Lithuania,LTU,56557,34,7.708,45,0.625,2011,https://www.uefa.com/nationalassociations/uefarankings/country/?year=2011,https://www.uefa.com/nationalassociations/uefarankings/country/seasons/?year=2011,2026-02-13T21:37:57.705796+00:00
Latvia,Latvia,Latvia,LVA,56558,35,7.415,47,0.5,2011,https://www.uefa.com/nationalassociations/uefarankings/country/?year=2011,https://www.uefa.com/nationalassociations/uefarankings/country/seasons/?year=2011,2026-02-13T21:37:57.705796+00:00
Georgia,Georgia,Georgia,GEO,57157,36,6.957,33,1.875,2011,https://www.uefa.com/nationalassociations/uefarankings/country/?year=2011,https://www.uefa.com/nationalassociations/uefarankings/country/seasons/?year=2011,2026-02-13T21:37:57.705796+00:00
Azerbaijan,Azerbaijan,Azerbaijan,AZE,57154,37,6.165,31,2.0,2011,https://www.uefa.com/nationalassociations/uefarankings/country/?year=2011,https://www.uefa.com/nationalassociations/uefarankings/country/seasons/?year=2011,2026-02-13T21:37:57.705796+00:00
Slovenia,Slovenia,Slovenia,SVN,57163,38,6.124,37,1.5,2011,https://www.uefa.com/nationalassociations/uefarankings/country/?year=2011,https://www.uefa.com/nationalassociations/uefarankings/country/seasons/?year=2011,2026-02-13T21:37:57.705796+00:00
North Macedonia,North Macedonia,North Macedonia,MKD,59205,39,5.207,38,1.375,2011,https://www.uefa.com/nationalassociations/uefarankings/country/?year=2011,https://www.uefa.com/nationalassociations/uefarankings/country/seasons/?year=2011,2026-02-13T21:37:57.705796+00:00
Iceland,Iceland,Iceland,ISL,58,40,4.957,48,0.375,2011,https://www.uefa.com/nationalassociations/uefarankings/country/?year=2011,https://www.uefa.com/nationalassociations/uefarankings/country/seasons/?year=2011,2026-02-13T21:37:57.705796+00:00
Kazakhstan,Kazakhstan,Kazakhstan,KAZ,65146,41,4.374,42,0.875,2011,https://www.uefa.com/nationalassociations/uefarankings/country/?year=2011,https://www.uefa.com/nationalassociations/uefarankings/country/seasons/?year=2011,2026-02-13T21:37:57.705796+00:00
Liechtenstein,Liechtenstein,Liechtenstein,LIE,81,42,4.0,46,0.5,2011,https://www.uefa.com/nationalassociations/uefarankings/country/?year=2011,https://www.uefa.com/nationalassociations/uefarankings/country/seasons/?year=2011,2026-02-13T21:37:57.705796+00:00
Montenegro,Montenegro,Montenegro,MNE,92853,43,3.875,35,1.75,2011,https://www.uefa.com/nationalassociations/uefarankings/country/?year=2011,https://www.uefa.com/nationalassociations/uefarankings/country/seasons/?year=2011,2026-02-13T21:37:57.705796+00:00
Albania,Albania,Albania,ALB,2,44,3.874,43,0.875,2011,https://www.uefa.com/nationalassociations/uefarankings/country/?year=2011,https://www.uefa.com/nationalassociations/uefarankings/country/seasons/?year=2011,2026-02-13T21:37:57.705796+00:00
Estonia,Estonia,Estonia,EST,56556,45,3.791,51,0.25,2011,https://www.uefa.com/nationalassociations/uefarankings/country/?year=2011,https://www.uefa.com/nationalassociations/uefarankings/country/seasons/?year=2011,2026-02-13T21:37:57.705796+00:00
Wales,Wales,Wales,WAL,144,46,2.79,41,0.875,2011,https://www.uefa.com/nationalassociations/uefarankings/country/?year=2011,https://www.uefa.com/nationalassociations/uefarankings/country/seasons/?year=2011,2026-02-13T21:37:57.705796+00:00
Armenia,Armenia,Armenia,ARM,57419,47,2.583,49,0.25,2011,https://www.uefa.com/nationalassociations/uefarankings/country/?year=2011,https://www.uefa.com/nationalassociations/uefarankings/country/seasons/?year=2011,2026-02-13T21:37:57.705796+00:00
Malta,Malta,Malta,MLT,88,48,2.416,36,1.5,2011,https://www.uefa.com/nationalassociations/uefarankings/country/?year=2011,https://www.uefa.com/nationalassociations/uefarankings/country/seasons/?year=2011,2026-02-13T21:37:57.705796+00:00
Northern Ireland,Northern Ireland,Northern Ireland,NIR,63,49,2.249,39,1.125,2011,https://www.uefa.com/nationalassociations/uefarankings/country/?year=2011,https://www.uefa.com/nationalassociations/uefarankings/country/seasons/?year=2011,2026-02-13T21:37:57.705796+00:00
Faroe Islands,Faroe Islands,Faroe Islands,FRO,51218,50,1.416,50,0.25,2011,https://www.uefa.com/nationalassociations/uefarankings/country/?year=2011,https://www.uefa.com/nationalassociations/uefarankings/country/seasons/?year=2011,2026-02-13T21:37:57.705796+00:00
Luxembourg,Luxembourg,Luxembourg,LUX,82,51,1.374,44,0.625,2011,https://www.uefa.com/nationalassociations/uefarankings/country/?year=2011,https://www.uefa.com/nationalassociations/uefarankings/country/seasons/?year=2011,2026-02-13T21:37:57.705796+00:00
Andorra,Andorra,Andorra,AND,60618,52,1.0,53,0.0,2011,https://www.uefa.com/nationalassociations/uefarankings/country/?year=2011,https://www.uefa.com/nationalassociations/uefarankings/country/seasons/?year=2011,2026-02-13T21:37:57.705796+00:00
San Marino,San Marino,San Marino,SMR,50168,53,0.916,52,0.166,2011,https://www.uefa.com/nationalassociations/uefarankings/country/?year=2011,https://www.uefa.com/nationalassociations/uefarankings/country/seasons/?year=2011,2026-02-13T21:37:57.705796+00:00
England,England,England,ENG,39,1,84.41,2,15.25,2012,https://www.uefa.com/nationalassociations/uefarankings/country/?year=2012,https://www.uefa.com/nationalassociations/uefarankings/country/seasons/?year=2012,2026-02-13T21:37:57.705796+00:00
Spain,Spain,Spain,ESP,122,2,84.186,1,20.857,2012,https://www.uefa.com/nationalassociations/uefarankings/country/?year=2012,https://www.uefa.com/nationalassociations/uefarankings/country/seasons/?year=2012,2026-02-13T21:37:57.705796+00:00
Germany,Germany,Germany,GER,47,3,75.186,3,15.25,2012,https://www.uefa.com/nationalassociations/uefarankings/country/?year=2012,https://www.uefa.com/nationalassociations/uefarankings/country/seasons/?year=2012,2026-02-13T21:37:57.705796+00:00
Italy,Italy,Italy,ITA,66,4,59.981,6,11.357,2012,https://www.uefa.com/nationalassociations/uefarankings/country/?year=2012,https://www.uefa.com/nationalassociations/uefarankings/country/seasons/?year=2012,2026-02-13T21:37:57.705796+00:00
Portugal,Portugal,Portugal,POR,110,5,55.346,5,11.833,2012,https://www.uefa.com/nationalassociations/uefarankings/country/?year=2012,https://www.uefa.com/nationalassociations/uefarankings/country/seasons/?year=2012,2026-02-13T21:37:57.705796+00:00
France,France,France,FRA,43,6,54.178,7,10.5,2012,https://www.uefa.com/nationalassociations/uefarankings/country/?year=2012,https://www.uefa.com/nationalassociations/uefarankings/country/seasons/?year=2012,2026-02-13T21:37:57.705796+00:00
Russia,Russia,Russia,RUS,57451,7,47.832,9,9.75,2012,https://www.uefa.com/nationalassociations/uefarankings/country/?year=2012,https://www.uefa.com/nationalassociations/uefarankings/country/seasons/?year=2012,2026-02-13T21:37:57.705796+00:00
Netherlands,Netherlands,Netherlands,NED,95,8,45.515,4,13.6,2012,https://www.uefa.com/nationalassociations/uefarankings/country/?year=2012,https://www.uefa.com/nationalassociations/uefarankings/country/seasons/?year=2012,2026-02-13T21:37:57.705796+00:00
Ukraine,Ukraine,Ukraine,UKR,57166,9,45.133,11,7.75,2012,https://www.uefa.com/nationalassociations/uefarankings/country/?year=2012,https://www.uefa.com/nationalassociations/uefarankings/country/seasons/?year=2012,2026-02-13T21:37:57.705796+00:00
Greece,Greece,Greece,GRE,49,10,37.1,12,7.6,2012,https://www.uefa.com/nationalassociations/uefarankings/country/?year=2012,https://www.uefa.com/nationalassociations/uefarankings/country/seasons/?year=2012,2026-02-13T21:37:57.705796+00:00
Türkiye,Türki̇ye,Türki̇ye,TUR,135,11,34.05,18,5.1,2012,https://www.uefa.com/nationalassociations/uefarankings/country/?year=2012,https://www.uefa.com/nationalassociations/uefarankings/country/seasons/?year=2012,2026-02-13T21:37:57.705796+00:00
Belgium,Belgium,Belgium,BEL,13,12,32.4,8,10.1,2012,https://www.uefa.com/nationalassociations/uefarankings/country/?year=2012,https://www.uefa.com/nationalassociations/uefarankings/country/seasons/?year=2012,2026-02-13T21:37:57.705796+00:00
Denmark,Denmark,Denmark,DEN,35,13,27.525,22,3.1,2012,https://www.uefa.com/nationalassociations/uefarankings/country/?year=2012,https://www.uefa.com/nationalassociations/uefarankings/country/seasons/?year=2012,2026-02-13T21:37:57.705796+00:00
Switzerland,Switzerland,Switzerland,SUI,128,14,26.8,16,6.0,2012,https://www.uefa.com/nationalassociations/uefarankings/country/?year=2012,https://www.uefa.com/nationalassociations/uefarankings/country/seasons/?year=2012,2026-02-13T21:37:57.705796+00:00
Austria,Austria,Austria,AUT,8,15,26.325,13,7.125,2012,https://www.uefa.com/nationalassociations/uefarankings/country/?year=2012,https://www.uefa.com/nationalassociations/uefarankings/country/seasons/?year=2012,2026-02-13T21:37:57.705796+00:00
Cyprus,Cyprus,Cyprus,CYP,33,16,25.499,10,9.125,2012,https://www.uefa.com/nationalassociations/uefarankings/country/?year=2012,https://www.uefa.com/nationalassociations/uefarankings/country/seasons/?year=2012,2026-02-13T21:37:57.705796+00:00
Israel,Israel,Israel,ISR,65,17,22.0,15,6.0,2012,https://www.uefa.com/nationalassociations/uefarankings/country/?year=2012,https://www.uefa.com/nationalassociations/uefarankings/country/seasons/?year=2012,2026-02-13T21:37:57.705796+00:00
Scotland,Scotland,Scotland,SCO,117,18,21.141,25,2.75,2012,https://www.uefa.com/nationalassociations/uefarankings/country/?year=2012,https://www.uefa.com/nationalassociations/uefarankings/country/seasons/?year=2012,2026-02-13T21:37:57.705796+00:00
Czechia,Czechia,Czechia,CZE,58837,19,20.35,17,5.25,2012,https://www.uefa.com/nationalassociations/uefarankings/country/?year=2012,https://www.uefa.com/nationalassociations/uefarankings/country/seasons/?year=2012,2026-02-13T21:37:57.705796+00:00
Poland,Poland,Poland,POL,109,20,19.916,14,6.625,2012,https://www.uefa.com/nationalassociations/uefarankings/country/?year=2012,https://www.uefa.com/nationalassociations/uefarankings/country/seasons/?year=2012,2026-02-13T21:37:57.705796+00:00
Croatia,Croatia,Croatia,CRO,56370,21,18.874,20,3.75,2012,https://www.uefa.com/nationalassociations/uefarankings/country/?year=2012,https://www.uefa.com/nationalassociations/uefarankings/country/seasons/?year=2012,2026-02-13T21:37:57.705796+00:00
Romania,Romania,Romania,ROU,113,22,18.824,19,4.333,2012,https://www.uefa.com/nationalassociations/uefarankings/country/?year=2012,https://www.uefa.com/nationalassociations/uefarankings/country/seasons/?year=2012,2026-02-13T21:37:57.705796+00:00
Belarus,Belarus,Belarus,BLR,57155,23,18.208,21,3.125,2012,https://www.uefa.com/nationalassociations/uefarankings/country/?year=2012,https://www.uefa.com/nationalassociations/uefarankings/country/seasons/?year=2012,2026-02-13T21:37:57.705796+00:00
Sweden,Sweden,Sweden,SWE,127,24,15.9,23,2.9,2012,https://www.uefa.com/nationalassociations/uefarankings/country/?year=2012,https://www.uefa.com/nationalassociations/uefarankings/country/seasons/?year=2012,2026-02-13T21:37:57.705796+00:00
Slovakia,Slovakia,Slovakia,SVK,58836,25,14.874,26,2.375,2012,https://www.uefa.com/nationalassociations/uefarankings/country/?year=2012,https://www.uefa.com/nationalassociations/uefarankings/country/seasons/?year=2012,2026-02-13T21:37:57.705796+00:00
Norway,Norway,Norway,NOR,101,26,14.675,27,2.3,2012,https://www.uefa.com/nationalassociations/uefarankings/country/?year=2012,https://www.uefa.com/nationalassociations/uefarankings/country/seasons/?year=2012,2026-02-13T21:37:57.705796+00:00
Serbia,Serbia,Serbia,SRB,147,27,14.25,30,2.125,2012,https://www.uefa.com/nationalassociations/uefarankings/country/?year=2012,https://www.uefa.com/nationalassociations/uefarankings/country/seasons/?year=2012,2026-02-13T21:37:57.705796+00:00
Bulgaria,Bulgaria,Bulgaria,BUL,20,28,14.25,36,1.5,2012,https://www.uefa.com/nationalassociations/uefarankings/country/?year=2012,https://www.uefa.com/nationalassociations/uefarankings/country/seasons/?year=2012,2026-02-13T21:37:57.705796+00:00
Hungary,Hungary,Hungary,HUN,57,29,9.75,29,2.25,2012,https://www.uefa.com/nationalassociations/uefarankings/country/?year=2012,https://www.uefa.com/nationalassociations/uefarankings/country/seasons/?year=2012,2026-02-13T21:37:57.705796+00:00
Finland,Finland,Finland,FIN,42,30,9.133,34,1.5,2012,https://www.uefa.com/nationalassociations/uefarankings/country/?year=2012,https://www.uefa.com/nationalassociations/uefarankings/country/seasons/?year=2012,2026-02-13T21:37:57.705796+00:00
Georgia,Georgia,Georgia,GEO,57157,31,8.666,24,2.875,2012,https://www.uefa.com/nationalassociations/uefarankings/country/?year=2012,https://www.uefa.com/nationalassociations/uefarankings/country/seasons/?year=2012,2026-02-13T21:37:57.705796+00:00
Bosnia and Herzegovina,Bosnia and Herzegovina,Bosnia and Herzegovina,BIH,60094,32,8.416,40,1.125,2012,https://www.uefa.com/nationalassociations/uefarankings/country/?year=2012,https://www.uefa.com/nationalassociations/uefarankings/country/seasons/?year=2012,2026-02-13T21:37:57.705796+00:00
Republic of Ireland,Republic of Ireland,Republic of Ireland,IRL,64,33,7.375,35,1.5,2012,https://www.uefa.com/nationalassociations/uefarankings/country/?year=2012,https://www.uefa.com/nationalassociations/uefarankings/country/seasons/?year=2012,2026-02-13T21:37:57.705796+00:00
Slovenia,Slovenia,Slovenia,SVN,57163,34,7.124,28,2.25,2012,https://www.uefa.com/nationalassociations/uefarankings/country/?year=2012,https://www.uefa.com/nationalassociations/uefarankings/country/seasons/?year=2012,2026-02-13T21:37:57.705796+00:00
Lithuania,Lithuania,Lithuania,LTU,56557,35,6.875,41,1.0,2012,https://www.uefa.com/nationalassociations/uefarankings/country/?year=2012,https://www.uefa.com/nationalassociations/uefarankings/country/seasons/?year=2012,2026-02-13T21:37:57.705796+00:00
Moldova,Moldova,Moldova,MDA,57160,36,6.749,48,0.5,2012,https://www.uefa.com/nationalassociations/uefarankings/country/?year=2012,https://www.uefa.com/nationalassociations/uefarankings/country/seasons/?year=2012,2026-02-13T21:37:57.705796+00:00
Azerbaijan,Azerbaijan,Azerbaijan,AZE,57154,37,6.207,38,1.375,2012,https://www.uefa.com/nationalassociations/uefarankings/country/?year=2012,https://www.uefa.com/nationalassociations/uefarankings/country/seasons/?year=2012,2026-02-13T21:37:57.705796+00:00
Latvia,Latvia,Latvia,LVA,56558,38,5.874,45,0.625,2012,https://www.uefa.com/nationalassociations/uefarankings/country/?year=2012,https://www.uefa.com/nationalassociations/uefarankings/country/seasons/?year=2012,2026-02-13T21:37:57.705796+00:00
North Macedonia,North Macedonia,North Macedonia,MKD,59205,39,5.666,32,1.625,2012,https://www.uefa.com/nationalassociations/uefarankings/country/?year=2012,https://www.uefa.com/nationalassociations/uefarankings/country/seasons/?year=2012,2026-02-13T21:37:57.705796+00:00
Kazakhstan,Kazakhstan,Kazakhstan,KAZ,65146,40,5.333,33,1.625,2012,https://www.uefa.com/nationalassociations/uefarankings/country/?year=2012,https://www.uefa.com/nationalassociations/uefarankings/country/seasons/?year=2012,2026-02-13T21:37:57.705796+00:00
Iceland,Iceland,Iceland,ISL,58,41,5.332,37,1.375,2012,https://www.uefa.com/nationalassociations/uefarankings/country/?year=2012,https://www.uefa.com/nationalassociations/uefarankings/country/seasons/?year=2012,2026-02-13T21:37:57.705796+00:00
Montenegro,Montenegro,Montenegro,MNE,92853,42,4.375,46,0.5,2012,https://www.uefa.com/nationalassociations/uefarankings/country/?year=2012,https://www.uefa.com/nationalassociations/uefarankings/country/seasons/?year=2012,2026-02-13T21:37:57.705796+00:00
Liechtenstein,Liechtenstein,Liechtenstein,LIE,81,43,4.0,31,2.0,2012,https://www.uefa.com/nationalassociations/uefarankings/country/?year=2012,https://www.uefa.com/nationalassociations/uefarankings/country/seasons/?year=2012,2026-02-13T21:37:57.705796+00:00
Albania,Albania,Albania,ALB,2,44,3.916,42,0.875,2012,https://www.uefa.com/nationalassociations/uefarankings/country/?year=2012,https://www.uefa.com/nationalassociations/uefarankings/country/seasons/?year=2012,2026-02-13T21:37:57.705796+00:00
Malta,Malta,Malta,MLT,88,45,3.083,43,0.833,2012,https://www.uefa.com/nationalassociations/uefarankings/country/?year=2012,https://www.uefa.com/nationalassociations/uefarankings/country/seasons/?year=2012,2026-02-13T21:37:57.705796+00:00
Wales,Wales,Wales,WAL,144,46,2.749,44,0.625,2012,https://www.uefa.com/nationalassociations/uefarankings/country/?year=2012,https://www.uefa.com/nationalassociations/uefarankings/country/seasons/?year=2012,2026-02-13T21:37:57.705796+00:00
Estonia,Estonia,Estonia,EST,56556,47,2.666,50,0.375,2012,https://www.uefa.com/nationalassociations/uefarankings/country/?year=2012,https://www.uefa.com/nationalassociations/uefarankings/country/seasons/?year=2012,2026-02-13T21:37:57.705796+00:00
Northern Ireland,Northern Ireland,Northern Ireland,NIR,63,48,2.583,49,0.5,2012,https://www.uefa.com/nationalassociations/uefarankings/country/?year=2012,https://www.uefa.com/nationalassociations/uefarankings/country/seasons/?year=2012,2026-02-13T21:37:57.705796+00:00
Luxembourg,Luxembourg,Luxembourg,LUX,82,49,2.333,39,1.125,2012,https://www.uefa.com/nationalassociations/uefarankings/country/?year=2012,https://www.uefa.com/nationalassociations/uefarankings/country/seasons/?year=2012,2026-02-13T21:37:57.705796+00:00
Armenia,Armenia,Armenia,ARM,57419,50,2.208,51,0.125,2012,https://www.uefa.com/nationalassociations/uefarankings/country/?year=2012,https://www.uefa.com/nationalassociations/uefarankings/country/seasons/?year=2012,2026-02-13T21:37:57.705796+00:00
Faroe Islands,Faroe Islands,Faroe Islands,FRO,51218,51,1.416,47,0.5,2012,https://www.uefa.com/nationalassociations/uefarankings/country/?year=2012,https://www.uefa.com/nationalassociations/uefarankings/country/seasons/?year=2012,2026-02-13T21:37:57.705796+00:00
Andorra,Andorra,Andorra,AND,60618,52,1.0,54,0.0,2012,https://www.uefa.com/nationalassociations/uefarankings/country/?year=2012,https://www.uefa.com/nationalassociations/uefarankings/country/seasons/?year=2012,2026-02-13T21:37:57.705796+00:00
San Marino,San Marino,San Marino,SMR,50168,53,0.916,53,0.0,2012,https://www.uefa.com/nationalassociations/uefarankings/country/?year=2012,https://www.uefa.com/nationalassociations/uefarankings/country/seasons/?year=2012,2026-02-13T21:37:57.705796+00:00
Spain,Spain,Spain,ESP,122,1,88.025,2,17.714,2013,https://www.uefa.com/nationalassociations/uefarankings/country/?year=2013,https://www.uefa.com/nationalassociations/uefarankings/country/seasons/?year=2013,2026-02-13T21:37:57.705796+00:00
England,England,England,ENG,39,2,82.963,3,16.428,2013,https://www.uefa.com/nationalassociations/uefarankings/country/?year=2013,https://www.uefa.com/nationalassociations/uefarankings/country/seasons/?year=2013,2026-02-13T21:37:57.705796+00:00
Germany,Germany,Germany,GER,47,3,79.614,1,17.928,2013,https://www.uefa.com/nationalassociations/uefarankings/country/?year=2013,https://www.uefa.com/nationalassociations/uefarankings/country/seasons/?year=2013,2026-02-13T21:37:57.705796+00:00
Italy,Italy,Italy,ITA,66,4,64.147,4,14.416,2013,https://www.uefa.com/nationalassociations/uefarankings/country/?year=2013,https://www.uefa.com/nationalassociations/uefarankings/country/seasons/?year=2013,2026-02-13T21:37:57.705796+00:00
Portugal,Portugal,Portugal,POR,110,5,59.168,5,11.75,2013,https://www.uefa.com/nationalassociations/uefarankings/country/?year=2013,https://www.uefa.com/nationalassociations/uefarankings/country/seasons/?year=2013,2026-02-13T21:37:57.705796+00:00
France,France,France,FRA,43,6,59.0,6,11.75,2013,https://www.uefa.com/nationalassociations/uefarankings/country/?year=2013,https://www.uefa.com/nationalassociations/uefarankings/country/seasons/?year=2013,2026-02-13T21:37:57.705796+00:00
Ukraine,Ukraine,Ukraine,UKR,57166,7,49.758,9,9.5,2013,https://www.uefa.com/nationalassociations/uefarankings/country/?year=2013,https://www.uefa.com/nationalassociations/uefarankings/country/seasons/?year=2013,2026-02-13T21:37:57.705796+00:00
Russia,Russia,Russia,RUS,57451,8,46.332,8,9.75,2013,https://www.uefa.com/nationalassociations/uefarankings/country/?year=2013,https://www.uefa.com/nationalassociations/uefarankings/country/seasons/?year=2013,2026-02-13T21:37:57.705796+00:00
Netherlands,Netherlands,Netherlands,NED,95,9,44.729,20,4.214,2013,https://www.uefa.com/nationalassociations/uefarankings/country/?year=2013,https://www.uefa.com/nationalassociations/uefarankings/country/seasons/?year=2013,2026-02-13T21:37:57.705796+00:00
Türkiye,Türki̇ye,Türki̇ye,TUR,135,10,34.5,7,10.2,2013,https://www.uefa.com/nationalassociations/uefarankings/country/?year=2013,https://www.uefa.com/nationalassociations/uefarankings/country/seasons/?year=2013,2026-02-13T21:37:57.705796+00:00
Belgium,Belgium,Belgium,BEL,13,11,34.4,13,6.5,2013,https://www.uefa.com/nationalassociations/uefarankings/country/?year=2013,https://www.uefa.com/nationalassociations/uefarankings/country/seasons/?year=2013,2026-02-13T21:37:57.705796+00:00
Greece,Greece,Greece,GRE,49,12,34.0,17,4.4,2013,https://www.uefa.com/nationalassociations/uefarankings/country/?year=2013,https://www.uefa.com/nationalassociations/uefarankings/country/seasons/?year=2013,2026-02-13T21:37:57.705796+00:00
Switzerland,Switzerland,Switzerland,SUI,128,13,28.925,11,8.375,2013,https://www.uefa.com/nationalassociations/uefarankings/country/?year=2013,https://www.uefa.com/nationalassociations/uefarankings/country/seasons/?year=2013,2026-02-13T21:37:57.705796+00:00
Cyprus,Cyprus,Cyprus,CYP,33,14,26.833,21,4.0,2013,https://www.uefa.com/nationalassociations/uefarankings/country/?year=2013,https://www.uefa.com/nationalassociations/uefarankings/country/seasons/?year=2013,2026-02-13T21:37:57.705796+00:00
Denmark,Denmark,Denmark,DEN,35,15,25.7,22,3.3,2013,https://www.uefa.com/nationalassociations/uefarankings/country/?year=2013,https://www.uefa.com/nationalassociations/uefarankings/country/seasons/?year=2013,2026-02-13T21:37:57.705796+00:00
Austria,Austria,Austria,AUT,8,16,25.375,30,2.25,2013,https://www.uefa.com/nationalassociations/uefarankings/country/?year=2013,https://www.uefa.com/nationalassociations/uefarankings/country/seasons/?year=2013,2026-02-13T21:37:57.705796+00:00
Czechia,Czechia,Czechia,CZE,58837,17,23.725,10,8.5,2013,https://www.uefa.com/nationalassociations/uefarankings/country/?year=2013,https://www.uefa.com/nationalassociations/uefarankings/country/seasons/?year=2013,2026-02-13T21:37:57.705796+00:00
Romania,Romania,Romania,ROU,113,18,23.024,12,6.8,2013,https://www.uefa.com/nationalassociations/uefarankings/country/?year=2013,https://www.uefa.com/nationalassociations/uefarankings/country/seasons/?year=2013,2026-02-13T21:37:57.705796+00:00
Israel,Israel,Israel,ISR,65,19,22.875,23,3.25,2013,https://www.uefa.com/nationalassociations/uefarankings/country/?year=2013,https://www.uefa.com/nationalassociations/uefarankings/country/seasons/?year=2013,2026-02-13T21:37:57.705796+00:00
Belarus,Belarus,Belarus,BLR,57155,20,20.875,16,4.5,2013,https://www.uefa.com/nationalassociations/uefarankings/country/?year=2013,https://www.uefa.com/nationalassociations/uefarankings/country/seasons/?year=2013,2026-02-13T21:37:57.705796+00:00
Poland,Poland,Poland,POL,109,21,20.75,28,2.5,2013,https://www.uefa.com/nationalassociations/uefarankings/country/?year=2013,https://www.uefa.com/nationalassociations/uefarankings/country/seasons/?year=2013,2026-02-13T21:37:57.705796+00:00
Croatia,Croatia,Croatia,CRO,56370,22,19.583,18,4.375,2013,https://www.uefa.com/nationalassociations/uefarankings/country/?year=2013,https://www.uefa.com/nationalassociations/uefarankings/country/seasons/?year=2013,2026-02-13T21:37:57.705796+00:00
Sweden,Sweden,Sweden,SWE,127,23,15.625,14,5.125,2013,https://www.uefa.com/nationalassociations/uefarankings/country/?year=2013,https://www.uefa.com/nationalassociations/uefarankings/country/seasons/?year=2013,2026-02-13T21:37:57.705796+00:00
Scotland,Scotland,Scotland,SCO,117,24,15.191,19,4.3,2013,https://www.uefa.com/nationalassociations/uefarankings/country/?year=2013,https://www.uefa.com/nationalassociations/uefarankings/country/seasons/?year=2013,2026-02-13T21:37:57.705796+00:00
Serbia,Serbia,Serbia,SRB,147,25,14.625,27,3.0,2013,https://www.uefa.com/nationalassociations/uefarankings/country/?year=2013,https://www.uefa.com/nationalassociations/uefarankings/country/seasons/?year=2013,2026-02-13T21:37:57.705796+00:00
Slovakia,Slovakia,Slovakia,SVK,58836,26,14.208,32,1.5,2013,https://www.uefa.com/nationalassociations/uefarankings/country/?year=2013,https://www.uefa.com/nationalassociations/uefarankings/country/seasons/?year=2013,2026-02-13T21:37:57.705796+00:00
Norway,Norway,Norway,NOR,101,27,14.175,15,4.9,2013,https://www.uefa.com/nationalassociations/uefarankings/country/?year=2013,https://www.uefa.com/nationalassociations/uefarankings/country/seasons/?year=2013,2026-02-13T21:37:57.705796+00:00
Bulgaria,Bulgaria,Bulgaria,BUL,20,28,12.25,46,0.75,2013,https://www.uefa.com/nationalassociations/uefarankings/country/?year=2013,https://www.uefa.com/nationalassociations/uefarankings/country/seasons/?year=2013,2026-02-13T21:37:57.705796+00:00
Hungary,Hungary,Hungary,HUN,57,29,11.75,25,3.0,2013,https://www.uefa.com/nationalassociations/uefarankings/country/?year=2013,https://www.uefa.com/nationalassociations/uefarankings/country/seasons/?year=2013,2026-02-13T21:37:57.705796+00:00
Slovenia,Slovenia,Slovenia,SVN,57163,30,9.708,24,3.25,2013,https://www.uefa.com/nationalassociations/uefarankings/country/?year=2013,https://www.uefa.com/nationalassociations/uefarankings/country/seasons/?year=2013,2026-02-13T21:37:57.705796+00:00
Georgia,Georgia,Georgia,GEO,57157,31,9.166,33,1.5,2013,https://www.uefa.com/nationalassociations/uefarankings/country/?year=2013,https://www.uefa.com/nationalassociations/uefarankings/country/seasons/?year=2013,2026-02-13T21:37:57.705796+00:00
Azerbaijan,Azerbaijan,Azerbaijan,AZE,57154,32,8.541,26,3.0,2013,https://www.uefa.com/nationalassociations/uefarankings/country/?year=2013,https://www.uefa.com/nationalassociations/uefarankings/country/seasons/?year=2013,2026-02-13T21:37:57.705796+00:00
Finland,Finland,Finland,FIN,42,33,8.508,31,2.0,2013,https://www.uefa.com/nationalassociations/uefarankings/country/?year=2013,https://www.uefa.com/nationalassociations/uefarankings/country/seasons/?year=2013,2026-02-13T21:37:57.705796+00:00
Bosnia and Herzegovina,Bosnia and Herzegovina,Bosnia and Herzegovina,BIH,60094,34,7.833,40,1.25,2013,https://www.uefa.com/nationalassociations/uefarankings/country/?year=2013,https://www.uefa.com/nationalassociations/uefarankings/country/seasons/?year=2013,2026-02-13T21:37:57.705796+00:00
Moldova,Moldova,Moldova,MDA,57160,35,7.666,29,2.25,2013,https://www.uefa.com/nationalassociations/uefarankings/country/?year=2013,https://www.uefa.com/nationalassociations/uefarankings/country/seasons/?year=2013,2026-02-13T21:37:57.705796+00:00
Republic of Ireland,Republic of Ireland,Republic of Ireland,IRL,64,36,7.375,43,1.0,2013,https://www.uefa.com/nationalassociations/uefarankings/country/?year=2013,https://www.uefa.com/nationalassociations/uefarankings/country/seasons/?year=2013,2026-02-13T21:37:57.705796+00:00
Lithuania,Lithuania,Lithuania,LTU,56557,37,6.5,41,1.125,2013,https://www.uefa.com/nationalassociations/uefarankings/country/?year=2013,https://www.uefa.com/nationalassociations/uefarankings/country/seasons/?year=2013,2026-02-13T21:37:57.705796+00:00
Kazakhstan,Kazakhstan,Kazakhstan,KAZ,65146,38,5.958,34,1.375,2013,https://www.uefa.com/nationalassociations/uefarankings/country/?year=2013,https://www.uefa.com/nationalassociations/uefarankings/country/seasons/?year=2013,2026-02-13T21:37:57.705796+00:00
Latvia,Latvia,Latvia,LVA,56558,39,5.791,37,1.25,2013,https://www.uefa.com/nationalassociations/uefarankings/country/?year=2013,https://www.uefa.com/nationalassociations/uefarankings/country/seasons/?year=2013,2026-02-13T21:37:57.705796+00:00
Iceland,Iceland,Iceland,ISL,58,40,5.416,38,1.25,2013,https://www.uefa.com/nationalassociations/uefarankings/country/?year=2013,https://www.uefa.com/nationalassociations/uefarankings/country/seasons/?year=2013,2026-02-13T21:37:57.705796+00:00
Montenegro,Montenegro,Montenegro,MNE,92853,41,5.25,35,1.375,2013,https://www.uefa.com/nationalassociations/uefarankings/country/?year=2013,https://www.uefa.com/nationalassociations/uefarankings/country/seasons/?year=2013,2026-02-13T21:37:57.705796+00:00
North Macedonia,North Macedonia,North Macedonia,MKD,59205,42,5.25,39,1.25,2013,https://www.uefa.com/nationalassociations/uefarankings/country/?year=2013,https://www.uefa.com/nationalassociations/uefarankings/country/seasons/?year=2013,2026-02-13T21:37:57.705796+00:00
Albania,Albania,Albania,ALB,2,43,4.166,47,0.75,2013,https://www.uefa.com/nationalassociations/uefarankings/country/?year=2013,https://www.uefa.com/nationalassociations/uefarankings/country/seasons/?year=2013,2026-02-13T21:37:57.705796+00:00
Malta,Malta,Malta,MLT,88,44,3.958,45,0.875,2013,https://www.uefa.com/nationalassociations/uefarankings/country/?year=2013,https://www.uefa.com/nationalassociations/uefarankings/country/seasons/?year=2013,2026-02-13T21:37:57.705796+00:00
Liechtenstein,Liechtenstein,Liechtenstein,LIE,81,45,3.5,52,0.0,2013,https://www.uefa.com/nationalassociations/uefarankings/country/?year=2013,https://www.uefa.com/nationalassociations/uefarankings/country/seasons/?year=2013,2026-02-13T21:37:57.705796+00:00
Luxembourg,Luxembourg,Luxembourg,LUX,82,46,3.375,36,1.375,2013,https://www.uefa.com/nationalassociations/uefarankings/country/?year=2013,https://www.uefa.com/nationalassociations/uefarankings/country/seasons/?year=2013,2026-02-13T21:37:57.705796+00:00
Northern Ireland,Northern Ireland,Northern Ireland,NIR,63,47,3.083,42,1.0,2013,https://www.uefa.com/nationalassociations/uefarankings/country/?year=2013,https://www.uefa.com/nationalassociations/uefarankings/country/seasons/?year=2013,2026-02-13T21:37:57.705796+00:00
Wales,Wales,Wales,WAL,144,48,2.583,48,0.5,2013,https://www.uefa.com/nationalassociations/uefarankings/country/?year=2013,https://www.uefa.com/nationalassociations/uefarankings/country/seasons/?year=2013,2026-02-13T21:37:57.705796+00:00
Estonia,Estonia,Estonia,EST,56556,49,2.208,50,0.375,2013,https://www.uefa.com/nationalassociations/uefarankings/country/?year=2013,https://www.uefa.com/nationalassociations/uefarankings/country/seasons/?year=2013,2026-02-13T21:37:57.705796+00:00
Armenia,Armenia,Armenia,ARM,57419,50,1.75,44,0.875,2013,https://www.uefa.com/nationalassociations/uefarankings/country/?year=2013,https://www.uefa.com/nationalassociations/uefarankings/country/seasons/?year=2013,2026-02-13T21:37:57.705796+00:00
Faroe Islands,Faroe Islands,Faroe Islands,FRO,51218,51,1.583,49,0.5,2013,https://www.uefa.com/nationalassociations/uefarankings/country/?year=2013,https://www.uefa.com/nationalassociations/uefarankings/country/seasons/?year=2013,2026-02-13T21:37:57.705796+00:00
San Marino,San Marino,San Marino,SMR,50168,52,0.666,53,0.0,2013,https://www.uefa.com/nationalassociations/uefarankings/country/?year=2013,https://www.uefa.com/nationalassociations/uefarankings/country/seasons/?year=2013,2026-02-13T21:37:57.705796+00:00
Andorra,Andorra,Andorra,AND,60618,53,0.5,54,0.0,2013,https://www.uefa.com/nationalassociations/uefarankings/country/?year=2013,https://www.uefa.com/nationalassociations/uefarankings/country/seasons/?year=2013,2026-02-13T21:37:57.705796+00:00
Spain,Spain,Spain,ESP,122,1,97.713,1,23.0,2014,https://www.uefa.com/nationalassociations/uefarankings/country/?year=2014,https://www.uefa.com/nationalassociations/uefarankings/country/seasons/?year=2014,2026-02-13T21:37:57.705796+00:00
England,England,England,ENG,39,2,84.748,2,16.785,2014,https://www.uefa.com/nationalassociations/uefarankings/country/?year=2014,https://www.uefa.com/nationalassociations/uefarankings/country/seasons/?year=2014,2026-02-13T21:37:57.705796+00:00
Germany,Germany,Germany,GER,47,3,81.641,3,14.714,2014,https://www.uefa.com/nationalassociations/uefarankings/country/?year=2014,https://www.uefa.com/nationalassociations/uefarankings/country/seasons/?year=2014,2026-02-13T21:37:57.705796+00:00
Italy,Italy,Italy,ITA,66,4,66.938,4,14.166,2014,https://www.uefa.com/nationalassociations/uefarankings/country/?year=2014,https://www.uefa.com/nationalassociations/uefarankings/country/seasons/?year=2014,2026-02-13T21:37:57.705796+00:00
Portugal,Portugal,Portugal,POR,110,5,62.299,6,9.916,2014,https://www.uefa.com/nationalassociations/uefarankings/country/?year=2014,https://www.uefa.com/nationalassociations/uefarankings/country/seasons/?year=2014,2026-02-13T21:37:57.705796+00:00
France,France,France,FRA,43,6,56.5,7,8.5,2014,https://www.uefa.com/nationalassociations/uefarankings/country/?year=2014,https://www.uefa.com/nationalassociations/uefarankings/country/seasons/?year=2014,2026-02-13T21:37:57.705796+00:00
Russia,Russia,Russia,RUS,57451,7,46.998,5,10.416,2014,https://www.uefa.com/nationalassociations/uefarankings/country/?year=2014,https://www.uefa.com/nationalassociations/uefarankings/country/seasons/?year=2014,2026-02-13T21:37:57.705796+00:00
Netherlands,Netherlands,Netherlands,NED,95,8,44.312,16,5.916,2014,https://www.uefa.com/nationalassociations/uefarankings/country/?year=2014,https://www.uefa.com/nationalassociations/uefarankings/country/seasons/?year=2014,2026-02-13T21:37:57.705796+00:00
Ukraine,Ukraine,Ukraine,UKR,57166,9,40.966,9,7.833,2014,https://www.uefa.com/nationalassociations/uefarankings/country/?year=2014,https://www.uefa.com/nationalassociations/uefarankings/country/seasons/?year=2014,2026-02-13T21:37:57.705796+00:00
Belgium,Belgium,Belgium,BEL,13,10,36.3,14,6.4,2014,https://www.uefa.com/nationalassociations/uefarankings/country/?year=2014,https://www.uefa.com/nationalassociations/uefarankings/country/seasons/?year=2014,2026-02-13T21:37:57.705796+00:00
Türkiye,Türki̇ye,Türki̇ye,TUR,135,11,34.2,13,6.7,2014,https://www.uefa.com/nationalassociations/uefarankings/country/?year=2014,https://www.uefa.com/nationalassociations/uefarankings/country/seasons/?year=2014,2026-02-13T21:37:57.705796+00:00
Greece,Greece,Greece,GRE,49,12,33.6,15,6.1,2014,https://www.uefa.com/nationalassociations/uefarankings/country/?year=2014,https://www.uefa.com/nationalassociations/uefarankings/country/seasons/?year=2014,2026-02-13T21:37:57.705796+00:00
Switzerland,Switzerland,Switzerland,SUI,128,13,33.225,11,7.2,2014,https://www.uefa.com/nationalassociations/uefarankings/country/?year=2014,https://www.uefa.com/nationalassociations/uefarankings/country/seasons/?year=2014,2026-02-13T21:37:57.705796+00:00
Austria,Austria,Austria,AUT,8,14,30.925,10,7.8,2014,https://www.uefa.com/nationalassociations/uefarankings/country/?year=2014,https://www.uefa.com/nationalassociations/uefarankings/country/seasons/?year=2014,2026-02-13T21:37:57.705796+00:00
Czechia,Czechia,Czechia,CZE,58837,15,29.35,8,8.0,2014,https://www.uefa.com/nationalassociations/uefarankings/country/?year=2014,https://www.uefa.com/nationalassociations/uefarankings/country/seasons/?year=2014,2026-02-13T21:37:57.705796+00:00
Romania,Romania,Romania,ROU,113,16,27.257,12,6.875,2014,https://www.uefa.com/nationalassociations/uefarankings/country/?year=2014,https://www.uefa.com/nationalassociations/uefarankings/country/seasons/?year=2014,2026-02-13T21:37:57.705796+00:00
Israel,Israel,Israel,ISR,65,17,26.875,17,5.75,2014,https://www.uefa.com/nationalassociations/uefarankings/country/?year=2014,https://www.uefa.com/nationalassociations/uefarankings/country/seasons/?year=2014,2026-02-13T21:37:57.705796+00:00
Cyprus,Cyprus,Cyprus,CYP,33,18,23.25,26,2.75,2014,https://www.uefa.com/nationalassociations/uefarankings/country/?year=2014,https://www.uefa.com/nationalassociations/uefarankings/country/seasons/?year=2014,2026-02-13T21:37:57.705796+00:00
Denmark,Denmark,Denmark,DEN,35,19,21.3,20,3.8,2014,https://www.uefa.com/nationalassociations/uefarankings/country/?year=2014,https://www.uefa.com/nationalassociations/uefarankings/country/seasons/?year=2014,2026-02-13T21:37:57.705796+00:00
Croatia,Croatia,Croatia,CRO,56370,20,19.625,19,4.375,2014,https://www.uefa.com/nationalassociations/uefarankings/country/?year=2014,https://www.uefa.com/nationalassociations/uefarankings/country/seasons/?year=2014,2026-02-13T21:37:57.705796+00:00
Poland,Poland,Poland,POL,109,21,18.875,24,3.125,2014,https://www.uefa.com/nationalassociations/uefarankings/country/?year=2014,https://www.uefa.com/nationalassociations/uefarankings/country/seasons/?year=2014,2026-02-13T21:37:57.705796+00:00
Belarus,Belarus,Belarus,BLR,57155,22,18.625,34,1.75,2014,https://www.uefa.com/nationalassociations/uefarankings/country/?year=2014,https://www.uefa.com/nationalassociations/uefarankings/country/seasons/?year=2014,2026-02-13T21:37:57.705796+00:00
Scotland,Scotland,Scotland,SCO,117,23,16.566,22,3.25,2014,https://www.uefa.com/nationalassociations/uefarankings/country/?year=2014,https://www.uefa.com/nationalassociations/uefarankings/country/seasons/?year=2014,2026-02-13T21:37:57.705796+00:00
Sweden,Sweden,Sweden,SWE,127,24,16.325,23,3.2,2014,https://www.uefa.com/nationalassociations/uefarankings/country/?year=2014,https://www.uefa.com/nationalassociations/uefarankings/country/seasons/?year=2014,2026-02-13T21:37:57.705796+00:00
Bulgaria,Bulgaria,Bulgaria,BUL,20,25,15.625,18,5.625,2014,https://www.uefa.com/nationalassociations/uefarankings/country/?year=2014,https://www.uefa.com/nationalassociations/uefarankings/country/seasons/?year=2014,2026-02-13T21:37:57.705796+00:00
Norway,Norway,Norway,NOR,101,26,14.275,28,2.6,2014,https://www.uefa.com/nationalassociations/uefarankings/country/?year=2014,https://www.uefa.com/nationalassociations/uefarankings/country/seasons/?year=2014,2026-02-13T21:37:57.705796+00:00
Serbia,Serbia,Serbia,SRB,147,27,14.125,29,2.5,2014,https://www.uefa.com/nationalassociations/uefarankings/country/?year=2014,https://www.uefa.com/nationalassociations/uefarankings/country/seasons/?year=2014,2026-02-13T21:37:57.705796+00:00
Hungary,Hungary,Hungary,HUN,57,28,11.625,47,0.875,2014,https://www.uefa.com/nationalassociations/uefarankings/country/?year=2014,https://www.uefa.com/nationalassociations/uefarankings/country/seasons/?year=2014,2026-02-13T21:37:57.705796+00:00
Slovenia,Slovenia,Slovenia,SVN,57163,29,11.0,27,2.625,2014,https://www.uefa.com/nationalassociations/uefarankings/country/?year=2014,https://www.uefa.com/nationalassociations/uefarankings/country/seasons/?year=2014,2026-02-13T21:37:57.705796+00:00
Slovakia,Slovakia,Slovakia,SVK,58836,30,11.0,36,1.625,2014,https://www.uefa.com/nationalassociations/uefarankings/country/?year=2014,https://www.uefa.com/nationalassociations/uefarankings/country/seasons/?year=2014,2026-02-13T21:37:57.705796+00:00
Moldova,Moldova,Moldova,MDA,57160,31,10.375,21,3.375,2014,https://www.uefa.com/nationalassociations/uefarankings/country/?year=2014,https://www.uefa.com/nationalassociations/uefarankings/country/seasons/?year=2014,2026-02-13T21:37:57.705796+00:00
Azerbaijan,Azerbaijan,Azerbaijan,AZE,57154,32,10.375,31,2.5,2014,https://www.uefa.com/nationalassociations/uefarankings/country/?year=2014,https://www.uefa.com/nationalassociations/uefarankings/country/seasons/?year=2014,2026-02-13T21:37:57.705796+00:00
Georgia,Georgia,Georgia,GEO,57157,33,9.875,33,1.875,2014,https://www.uefa.com/nationalassociations/uefarankings/country/?year=2014,https://www.uefa.com/nationalassociations/uefarankings/country/seasons/?year=2014,2026-02-13T21:37:57.705796+00:00
Kazakhstan,Kazakhstan,Kazakhstan,KAZ,65146,34,8.25,25,3.125,2014,https://www.uefa.com/nationalassociations/uefarankings/country/?year=2014,https://www.uefa.com/nationalassociations/uefarankings/country/seasons/?year=2014,2026-02-13T21:37:57.705796+00:00
Bosnia and Herzegovina,Bosnia and Herzegovina,Bosnia and Herzegovina,BIH,60094,35,7.5,37,1.5,2014,https://www.uefa.com/nationalassociations/uefarankings/country/?year=2014,https://www.uefa.com/nationalassociations/uefarankings/country/seasons/?year=2014,2026-02-13T21:37:57.705796+00:00
Finland,Finland,Finland,FIN,42,36,7.175,50,0.5,2014,https://www.uefa.com/nationalassociations/uefarankings/country/?year=2014,https://www.uefa.com/nationalassociations/uefarankings/country/seasons/?year=2014,2026-02-13T21:37:57.705796+00:00
Iceland,Iceland,Iceland,ISL,58,37,6.75,30,2.5,2014,https://www.uefa.com/nationalassociations/uefarankings/country/?year=2014,https://www.uefa.com/nationalassociations/uefarankings/country/seasons/?year=2014,2026-02-13T21:37:57.705796+00:00
Latvia,Latvia,Latvia,LVA,56558,38,6.25,35,1.625,2014,https://www.uefa.com/nationalassociations/uefarankings/country/?year=2014,https://www.uefa.com/nationalassociations/uefarankings/country/seasons/?year=2014,2026-02-13T21:37:57.705796+00:00
Montenegro,Montenegro,Montenegro,MNE,92853,39,6.0,40,1.25,2014,https://www.uefa.com/nationalassociations/uefarankings/country/?year=2014,https://www.uefa.com/nationalassociations/uefarankings/country/seasons/?year=2014,2026-02-13T21:37:57.705796+00:00
Albania,Albania,Albania,ALB,2,40,5.5,32,2.0,2014,https://www.uefa.com/nationalassociations/uefarankings/country/?year=2014,https://www.uefa.com/nationalassociations/uefarankings/country/seasons/?year=2014,2026-02-13T21:37:57.705796+00:00
Lithuania,Lithuania,Lithuania,LTU,56557,41,5.25,39,1.25,2014,https://www.uefa.com/nationalassociations/uefarankings/country/?year=2014,https://www.uefa.com/nationalassociations/uefarankings/country/seasons/?year=2014,2026-02-13T21:37:57.705796+00:00
North Macedonia,North Macedonia,North Macedonia,MKD,59205,42,5.25,49,0.5,2014,https://www.uefa.com/nationalassociations/uefarankings/country/?year=2014,https://www.uefa.com/nationalassociations/uefarankings/country/seasons/?year=2014,2026-02-13T21:37:57.705796+00:00
Republic of Ireland,Republic of Ireland,Republic of Ireland,IRL,64,43,5.125,53,0.25,2014,https://www.uefa.com/nationalassociations/uefarankings/country/?year=2014,https://www.uefa.com/nationalassociations/uefarankings/country/seasons/?year=2014,2026-02-13T21:37:57.705796+00:00
Luxembourg,Luxembourg,Luxembourg,LUX,82,44,4.875,38,1.5,2014,https://www.uefa.com/nationalassociations/uefarankings/country/?year=2014,https://www.uefa.com/nationalassociations/uefarankings/country/seasons/?year=2014,2026-02-13T21:37:57.705796+00:00
Malta,Malta,Malta,MLT,88,45,4.833,44,0.875,2014,https://www.uefa.com/nationalassociations/uefarankings/country/?year=2014,https://www.uefa.com/nationalassociations/uefarankings/country/seasons/?year=2014,2026-02-13T21:37:57.705796+00:00
Liechtenstein,Liechtenstein,Liechtenstein,LIE,81,46,4.5,42,1.0,2014,https://www.uefa.com/nationalassociations/uefarankings/country/?year=2014,https://www.uefa.com/nationalassociations/uefarankings/country/seasons/?year=2014,2026-02-13T21:37:57.705796+00:00
Northern Ireland,Northern Ireland,Northern Ireland,NIR,63,47,3.625,45,0.875,2014,https://www.uefa.com/nationalassociations/uefarankings/country/?year=2014,https://www.uefa.com/nationalassociations/uefarankings/country/seasons/?year=2014,2026-02-13T21:37:57.705796+00:00
Wales,Wales,Wales,WAL,144,48,3.0,48,0.75,2014,https://www.uefa.com/nationalassociations/uefarankings/country/?year=2014,https://www.uefa.com/nationalassociations/uefarankings/country/seasons/?year=2014,2026-02-13T21:37:57.705796+00:00
Armenia,Armenia,Armenia,ARM,57419,49,2.875,41,1.125,2014,https://www.uefa.com/nationalassociations/uefarankings/country/?year=2014,https://www.uefa.com/nationalassociations/uefarankings/country/seasons/?year=2014,2026-02-13T21:37:57.705796+00:00
Estonia,Estonia,Estonia,EST,56556,50,2.875,43,1.0,2014,https://www.uefa.com/nationalassociations/uefarankings/country/?year=2014,https://www.uefa.com/nationalassociations/uefarankings/country/seasons/?year=2014,2026-02-13T21:37:57.705796+00:00
Faroe Islands,Faroe Islands,Faroe Islands,FRO,51218,51,2.125,46,0.875,2014,https://www.uefa.com/nationalassociations/uefarankings/country/?year=2014,https://www.uefa.com/nationalassociations/uefarankings/country/seasons/?year=2014,2026-02-13T21:37:57.705796+00:00
San Marino,San Marino,San Marino,SMR,50168,52,0.999,52,0.333,2014,https://www.uefa.com/nationalassociations/uefarankings/country/?year=2014,https://www.uefa.com/nationalassociations/uefarankings/country/seasons/?year=2014,2026-02-13T21:37:57.705796+00:00
Andorra,Andorra,Andorra,AND,60618,53,0.833,51,0.333,2014,https://www.uefa.com/nationalassociations/uefarankings/country/?year=2014,https://www.uefa.com/nationalassociations/uefarankings/country/seasons/?year=2014,2026-02-13T21:37:57.705796+00:00
Spain,Spain,Spain,ESP,122,1,99.999,1,20.214,2015,https://www.uefa.com/nationalassociations/uefarankings/country/?year=2015,https://www.uefa.com/nationalassociations/uefarankings/country/seasons/?year=2015,2026-02-13T21:37:57.705796+00:00
England,England,England,ENG,39,2,80.391,4,13.571,2015,https://www.uefa.com/nationalassociations/uefarankings/country/?year=2015,https://www.uefa.com/nationalassociations/uefarankings/country/seasons/?year=2015,2026-02-13T21:37:57.705796+00:00
Germany,Germany,Germany,GER,47,3,79.415,3,15.857,2015,https://www.uefa.com/nationalassociations/uefarankings/country/?year=2015,https://www.uefa.com/nationalassociations/uefarankings/country/seasons/?year=2015,2026-02-13T21:37:57.705796+00:00
Italy,Italy,Italy,ITA,66,4,70.51,2,19.0,2015,https://www.uefa.com/nationalassociations/uefarankings/country/?year=2015,https://www.uefa.com/nationalassociations/uefarankings/country/seasons/?year=2015,2026-02-13T21:37:57.705796+00:00
Portugal,Portugal,Portugal,POR,110,5,61.382,9,9.083,2015,https://www.uefa.com/nationalassociations/uefarankings/country/?year=2015,https://www.uefa.com/nationalassociations/uefarankings/country/seasons/?year=2015,2026-02-13T21:37:57.705796+00:00
France,France,France,FRA,43,6,52.416,5,10.916,2015,https://www.uefa.com/nationalassociations/uefarankings/country/?year=2015,https://www.uefa.com/nationalassociations/uefarankings/country/seasons/?year=2015,2026-02-13T21:37:57.705796+00:00
Russia,Russia,Russia,RUS,57451,7,50.498,7,9.666,2015,https://www.uefa.com/nationalassociations/uefarankings/country/?year=2015,https://www.uefa.com/nationalassociations/uefarankings/country/seasons/?year=2015,2026-02-13T21:37:57.705796+00:00
Ukraine,Ukraine,Ukraine,UKR,57166,8,45.166,6,10.0,2015,https://www.uefa.com/nationalassociations/uefarankings/country/?year=2015,https://www.uefa.com/nationalassociations/uefarankings/country/seasons/?year=2015,2026-02-13T21:37:57.705796+00:00
Netherlands,Netherlands,Netherlands,NED,95,9,40.979,13,6.083,2015,https://www.uefa.com/nationalassociations/uefarankings/country/?year=2015,https://www.uefa.com/nationalassociations/uefarankings/country/seasons/?year=2015,2026-02-13T21:37:57.705796+00:00
Belgium,Belgium,Belgium,BEL,13,10,37.2,8,9.6,2015,https://www.uefa.com/nationalassociations/uefarankings/country/?year=2015,https://www.uefa.com/nationalassociations/uefarankings/country/seasons/?year=2015,2026-02-13T21:37:57.705796+00:00
Switzerland,Switzerland,Switzerland,SUI,128,11,34.375,10,6.9,2015,https://www.uefa.com/nationalassociations/uefarankings/country/?year=2015,https://www.uefa.com/nationalassociations/uefarankings/country/seasons/?year=2015,2026-02-13T21:37:57.705796+00:00
Türkiye,Türki̇ye,Türki̇ye,TUR,135,12,32.6,14,6.0,2015,https://www.uefa.com/nationalassociations/uefarankings/country/?year=2015,https://www.uefa.com/nationalassociations/uefarankings/country/seasons/?year=2015,2026-02-13T21:37:57.705796+00:00
Greece,Greece,Greece,GRE,49,13,31.9,12,6.2,2015,https://www.uefa.com/nationalassociations/uefarankings/country/?year=2015,https://www.uefa.com/nationalassociations/uefarankings/country/seasons/?year=2015,2026-02-13T21:37:57.705796+00:00
Czechia,Czechia,Czechia,CZE,58837,14,29.125,23,3.875,2015,https://www.uefa.com/nationalassociations/uefarankings/country/?year=2015,https://www.uefa.com/nationalassociations/uefarankings/country/seasons/?year=2015,2026-02-13T21:37:57.705796+00:00
Romania,Romania,Romania,ROU,113,15,26.299,16,5.125,2015,https://www.uefa.com/nationalassociations/uefarankings/country/?year=2015,https://www.uefa.com/nationalassociations/uefarankings/country/seasons/?year=2015,2026-02-13T21:37:57.705796+00:00
Austria,Austria,Austria,AUT,8,16,25.675,19,4.125,2015,https://www.uefa.com/nationalassociations/uefarankings/country/?year=2015,https://www.uefa.com/nationalassociations/uefarankings/country/seasons/?year=2015,2026-02-13T21:37:57.705796+00:00
Croatia,Croatia,Croatia,CRO,56370,17,23.5,11,6.875,2015,https://www.uefa.com/nationalassociations/uefarankings/country/?year=2015,https://www.uefa.com/nationalassociations/uefarankings/country/seasons/?year=2015,2026-02-13T21:37:57.705796+00:00
Cyprus,Cyprus,Cyprus,CYP,33,18,22.3,26,3.3,2015,https://www.uefa.com/nationalassociations/uefarankings/country/?year=2015,https://www.uefa.com/nationalassociations/uefarankings/country/seasons/?year=2015,2026-02-13T21:37:57.705796+00:00
Poland,Poland,Poland,POL,109,19,21.5,17,4.75,2015,https://www.uefa.com/nationalassociations/uefarankings/country/?year=2015,https://www.uefa.com/nationalassociations/uefarankings/country/seasons/?year=2015,2026-02-13T21:37:57.705796+00:00
Israel,Israel,Israel,ISR,65,20,21.0,40,1.375,2015,https://www.uefa.com/nationalassociations/uefarankings/country/?year=2015,https://www.uefa.com/nationalassociations/uefarankings/country/seasons/?year=2015,2026-02-13T21:37:57.705796+00:00
Belarus,Belarus,Belarus,BLR,57155,21,20.75,15,5.5,2015,https://www.uefa.com/nationalassociations/uefarankings/country/?year=2015,https://www.uefa.com/nationalassociations/uefarankings/country/seasons/?year=2015,2026-02-13T21:37:57.705796+00:00
Denmark,Denmark,Denmark,DEN,35,22,19.8,27,2.9,2015,https://www.uefa.com/nationalassociations/uefarankings/country/?year=2015,https://www.uefa.com/nationalassociations/uefarankings/country/seasons/?year=2015,2026-02-13T21:37:57.705796+00:00
Scotland,Scotland,Scotland,SCO,117,23,17.9,21,4.0,2015,https://www.uefa.com/nationalassociations/uefarankings/country/?year=2015,https://www.uefa.com/nationalassociations/uefarankings/country/seasons/?year=2015,2026-02-13T21:37:57.705796+00:00
Sweden,Sweden,Sweden,SWE,127,24,17.725,22,3.9,2015,https://www.uefa.com/nationalassociations/uefarankings/country/?year=2015,https://www.uefa.com/nationalassociations/uefarankings/country/seasons/?year=2015,2026-02-13T21:37:57.705796+00:00
Bulgaria,Bulgaria,Bulgaria,BUL,20,25,16.75,18,4.25,2015,https://www.uefa.com/nationalassociations/uefarankings/country/?year=2015,https://www.uefa.com/nationalassociations/uefarankings/country/seasons/?year=2015,2026-02-13T21:37:57.705796+00:00
Norway,Norway,Norway,NOR,101,26,14.375,33,2.2,2015,https://www.uefa.com/nationalassociations/uefarankings/country/?year=2015,https://www.uefa.com/nationalassociations/uefarankings/country/seasons/?year=2015,2026-02-13T21:37:57.705796+00:00
Serbia,Serbia,Serbia,SRB,147,27,13.875,29,2.75,2015,https://www.uefa.com/nationalassociations/uefarankings/country/?year=2015,https://www.uefa.com/nationalassociations/uefarankings/country/seasons/?year=2015,2026-02-13T21:37:57.705796+00:00
Slovenia,Slovenia,Slovenia,SVN,57163,28,13.625,20,4.0,2015,https://www.uefa.com/nationalassociations/uefarankings/country/?year=2015,https://www.uefa.com/nationalassociations/uefarankings/country/seasons/?year=2015,2026-02-13T21:37:57.705796+00:00
Azerbaijan,Azerbaijan,Azerbaijan,AZE,57154,29,12.5,24,3.625,2015,https://www.uefa.com/nationalassociations/uefarankings/country/?year=2015,https://www.uefa.com/nationalassociations/uefarankings/country/seasons/?year=2015,2026-02-13T21:37:57.705796+00:00
Slovakia,Slovakia,Slovakia,SVK,58836,30,11.25,28,2.75,2015,https://www.uefa.com/nationalassociations/uefarankings/country/?year=2015,https://www.uefa.com/nationalassociations/uefarankings/country/seasons/?year=2015,2026-02-13T21:37:57.705796+00:00
Hungary,Hungary,Hungary,HUN,57,31,11.0,34,2.125,2015,https://www.uefa.com/nationalassociations/uefarankings/country/?year=2015,https://www.uefa.com/nationalassociations/uefarankings/country/seasons/?year=2015,2026-02-13T21:37:57.705796+00:00
Kazakhstan,Kazakhstan,Kazakhstan,KAZ,65146,32,10.375,25,3.375,2015,https://www.uefa.com/nationalassociations/uefarankings/country/?year=2015,https://www.uefa.com/nationalassociations/uefarankings/country/seasons/?year=2015,2026-02-13T21:37:57.705796+00:00
Moldova,Moldova,Moldova,MDA,57160,33,10.0,36,1.75,2015,https://www.uefa.com/nationalassociations/uefarankings/country/?year=2015,https://www.uefa.com/nationalassociations/uefarankings/country/seasons/?year=2015,2026-02-13T21:37:57.705796+00:00
Georgia,Georgia,Georgia,GEO,57157,34,9.375,42,1.25,2015,https://www.uefa.com/nationalassociations/uefarankings/country/?year=2015,https://www.uefa.com/nationalassociations/uefarankings/country/seasons/?year=2015,2026-02-13T21:37:57.705796+00:00
Finland,Finland,Finland,FIN,42,35,8.2,32,2.4,2015,https://www.uefa.com/nationalassociations/uefarankings/country/?year=2015,https://www.uefa.com/nationalassociations/uefarankings/country/seasons/?year=2015,2026-02-13T21:37:57.705796+00:00
Iceland,Iceland,Iceland,ISL,58,36,8.0,31,2.5,2015,https://www.uefa.com/nationalassociations/uefarankings/country/?year=2015,https://www.uefa.com/nationalassociations/uefarankings/country/seasons/?year=2015,2026-02-13T21:37:57.705796+00:00
Bosnia and Herzegovina,Bosnia and Herzegovina,Bosnia and Herzegovina,BIH,60094,37,7.5,37,1.75,2015,https://www.uefa.com/nationalassociations/uefarankings/country/?year=2015,https://www.uefa.com/nationalassociations/uefarankings/country/seasons/?year=2015,2026-02-13T21:37:57.705796+00:00
Liechtenstein,Liechtenstein,Liechtenstein,LIE,81,38,6.0,30,2.5,2015,https://www.uefa.com/nationalassociations/uefarankings/country/?year=2015,https://www.uefa.com/nationalassociations/uefarankings/country/seasons/?year=2015,2026-02-13T21:37:57.705796+00:00
North Macedonia,North Macedonia,North Macedonia,MKD,59205,39,5.875,43,1.125,2015,https://www.uefa.com/nationalassociations/uefarankings/country/?year=2015,https://www.uefa.com/nationalassociations/uefarankings/country/seasons/?year=2015,2026-02-13T21:37:57.705796+00:00
Republic of Ireland,Republic of Ireland,Republic of Ireland,IRL,64,40,5.75,35,2.0,2015,https://www.uefa.com/nationalassociations/uefarankings/country/?year=2015,https://www.uefa.com/nationalassociations/uefarankings/country/seasons/?year=2015,2026-02-13T21:37:57.705796+00:00
Montenegro,Montenegro,Montenegro,MNE,92853,41,5.625,45,0.75,2015,https://www.uefa.com/nationalassociations/uefarankings/country/?year=2015,https://www.uefa.com/nationalassociations/uefarankings/country/seasons/?year=2015,2026-02-13T21:37:57.705796+00:00
Albania,Albania,Albania,ALB,2,42,5.375,44,0.875,2015,https://www.uefa.com/nationalassociations/uefarankings/country/?year=2015,https://www.uefa.com/nationalassociations/uefarankings/country/seasons/?year=2015,2026-02-13T21:37:57.705796+00:00
Luxembourg,Luxembourg,Luxembourg,LUX,82,43,5.125,47,0.5,2015,https://www.uefa.com/nationalassociations/uefarankings/country/?year=2015,https://www.uefa.com/nationalassociations/uefarankings/country/seasons/?year=2015,2026-02-13T21:37:57.705796+00:00
Northern Ireland,Northern Ireland,Northern Ireland,NIR,63,44,4.875,39,1.375,2015,https://www.uefa.com/nationalassociations/uefarankings/country/?year=2015,https://www.uefa.com/nationalassociations/uefarankings/country/seasons/?year=2015,2026-02-13T21:37:57.705796+00:00
Lithuania,Lithuania,Lithuania,LTU,56557,45,4.5,46,0.5,2015,https://www.uefa.com/nationalassociations/uefarankings/country/?year=2015,https://www.uefa.com/nationalassociations/uefarankings/country/seasons/?year=2015,2026-02-13T21:37:57.705796+00:00
Latvia,Latvia,Latvia,LVA,56558,46,4.25,50,0.25,2015,https://www.uefa.com/nationalassociations/uefarankings/country/?year=2015,https://www.uefa.com/nationalassociations/uefarankings/country/seasons/?year=2015,2026-02-13T21:37:57.705796+00:00
Malta,Malta,Malta,MLT,88,47,4.208,52,0.125,2015,https://www.uefa.com/nationalassociations/uefarankings/country/?year=2015,https://www.uefa.com/nationalassociations/uefarankings/country/seasons/?year=2015,2026-02-13T21:37:57.705796+00:00
Estonia,Estonia,Estonia,EST,56556,48,3.5,38,1.5,2015,https://www.uefa.com/nationalassociations/uefarankings/country/?year=2015,https://www.uefa.com/nationalassociations/uefarankings/country/seasons/?year=2015,2026-02-13T21:37:57.705796+00:00
Faroe Islands,Faroe Islands,Faroe Islands,FRO,51218,49,3.5,41,1.375,2015,https://www.uefa.com/nationalassociations/uefarankings/country/?year=2015,https://www.uefa.com/nationalassociations/uefarankings/country/seasons/?year=2015,2026-02-13T21:37:57.705796+00:00
Wales,Wales,Wales,WAL,144,50,2.875,53,0.125,2015,https://www.uefa.com/nationalassociations/uefarankings/country/?year=2015,https://www.uefa.com/nationalassociations/uefarankings/country/seasons/?year=2015,2026-02-13T21:37:57.705796+00:00
Armenia,Armenia,Armenia,ARM,57419,51,2.75,49,0.375,2015,https://www.uefa.com/nationalassociations/uefarankings/country/?year=2015,https://www.uefa.com/nationalassociations/uefarankings/country/seasons/?year=2015,2026-02-13T21:37:57.705796+00:00
Andorra,Andorra,Andorra,AND,60618,52,0.833,48,0.5,2015,https://www.uefa.com/nationalassociations/uefarankings/country/?year=2015,https://www.uefa.com/nationalassociations/uefarankings/country/seasons/?year=2015,2026-02-13T21:37:57.705796+00:00
San Marino,San Marino,San Marino,SMR,50168,53,0.499,54,0.0,2015,https://www.uefa.com/nationalassociations/uefarankings/country/?year=2015,https://www.uefa.com/nationalassociations/uefarankings/country/seasons/?year=2015,2026-02-13T21:37:57.705796+00:00
Gibraltar,Gibraltar,Gibraltar,GIB,94080,54,0.25,51,0.25,2015,https://www.uefa.com/nationalassociations/uefarankings/country/?year=2015,https://www.uefa.com/nationalassociations/uefarankings/country/seasons/?year=2015,2026-02-13T21:37:57.705796+00:00
Spain,Spain,Spain,ESP,122,1,105.713,1,23.928,2016,https://www.uefa.com/nationalassociations/uefarankings/country/?year=2016,https://www.uefa.com/nationalassociations/uefarankings/country/seasons/?year=2016,2026-02-13T21:37:57.705796+00:00
Germany,Germany,Germany,GER,47,2,80.177,2,16.428,2016,https://www.uefa.com/nationalassociations/uefarankings/country/?year=2016,https://www.uefa.com/nationalassociations/uefarankings/country/seasons/?year=2016,2026-02-13T21:37:57.705796+00:00
England,England,England,ENG,39,3,76.284,3,14.25,2016,https://www.uefa.com/nationalassociations/uefarankings/country/?year=2016,https://www.uefa.com/nationalassociations/uefarankings/country/seasons/?year=2016,2026-02-13T21:37:57.705796+00:00
Italy,Italy,Italy,ITA,66,4,70.439,5,11.5,2016,https://www.uefa.com/nationalassociations/uefarankings/country/?year=2016,https://www.uefa.com/nationalassociations/uefarankings/country/seasons/?year=2016,2026-02-13T21:37:57.705796+00:00
Portugal,Portugal,Portugal,POR,110,5,53.082,7,10.5,2016,https://www.uefa.com/nationalassociations/uefarankings/country/?year=2016,https://www.uefa.com/nationalassociations/uefarankings/country/seasons/?year=2016,2026-02-13T21:37:57.705796+00:00
France,France,France,FRA,43,6,52.749,6,11.083,2016,https://www.uefa.com/nationalassociations/uefarankings/country/?year=2016,https://www.uefa.com/nationalassociations/uefarankings/country/seasons/?year=2016,2026-02-13T21:37:57.705796+00:00
Russia,Russia,Russia,RUS,57451,7,51.082,4,11.5,2016,https://www.uefa.com/nationalassociations/uefarankings/country/?year=2016,https://www.uefa.com/nationalassociations/uefarankings/country/seasons/?year=2016,2026-02-13T21:37:57.705796+00:00
Ukraine,Ukraine,Ukraine,UKR,57166,8,44.883,8,9.8,2016,https://www.uefa.com/nationalassociations/uefarankings/country/?year=2016,https://www.uefa.com/nationalassociations/uefarankings/country/seasons/?year=2016,2026-02-13T21:37:57.705796+00:00
Belgium,Belgium,Belgium,BEL,13,9,40.0,9,7.4,2016,https://www.uefa.com/nationalassociations/uefarankings/country/?year=2016,https://www.uefa.com/nationalassociations/uefarankings/country/seasons/?year=2016,2026-02-13T21:37:57.705796+00:00
Netherlands,Netherlands,Netherlands,NED,95,10,35.563,13,5.75,2016,https://www.uefa.com/nationalassociations/uefarankings/country/?year=2016,https://www.uefa.com/nationalassociations/uefarankings/country/seasons/?year=2016,2026-02-13T21:37:57.705796+00:00
Türkiye,Türki̇ye,Türki̇ye,TUR,135,11,34.6,12,6.6,2016,https://www.uefa.com/nationalassociations/uefarankings/country/?year=2016,https://www.uefa.com/nationalassociations/uefarankings/country/seasons/?year=2016,2026-02-13T21:37:57.705796+00:00
Switzerland,Switzerland,Switzerland,SUI,128,12,33.775,17,5.3,2016,https://www.uefa.com/nationalassociations/uefarankings/country/?year=2016,https://www.uefa.com/nationalassociations/uefarankings/country/seasons/?year=2016,2026-02-13T21:37:57.705796+00:00
Czechia,Czechia,Czechia,CZE,58837,13,32.925,10,7.3,2016,https://www.uefa.com/nationalassociations/uefarankings/country/?year=2016,https://www.uefa.com/nationalassociations/uefarankings/country/seasons/?year=2016,2026-02-13T21:37:57.705796+00:00
Greece,Greece,Greece,GRE,49,14,29.7,16,5.4,2016,https://www.uefa.com/nationalassociations/uefarankings/country/?year=2016,https://www.uefa.com/nationalassociations/uefarankings/country/seasons/?year=2016,2026-02-13T21:37:57.705796+00:00
Romania,Romania,Romania,ROU,113,15,25.383,30,2.25,2016,https://www.uefa.com/nationalassociations/uefarankings/country/?year=2016,https://www.uefa.com/nationalassociations/uefarankings/country/seasons/?year=2016,2026-02-13T21:37:57.705796+00:00
Austria,Austria,Austria,AUT,8,16,25.1,25,3.8,2016,https://www.uefa.com/nationalassociations/uefarankings/country/?year=2016,https://www.uefa.com/nationalassociations/uefarankings/country/seasons/?year=2016,2026-02-13T21:37:57.705796+00:00
Croatia,Croatia,Croatia,CRO,56370,17,23.875,22,4.5,2016,https://www.uefa.com/nationalassociations/uefarankings/country/?year=2016,https://www.uefa.com/nationalassociations/uefarankings/country/seasons/?year=2016,2026-02-13T21:37:57.705796+00:00
Poland,Poland,Poland,POL,109,18,22.5,14,5.5,2016,https://www.uefa.com/nationalassociations/uefarankings/country/?year=2016,https://www.uefa.com/nationalassociations/uefarankings/country/seasons/?year=2016,2026-02-13T21:37:57.705796+00:00
Cyprus,Cyprus,Cyprus,CYP,33,19,22.175,27,3.0,2016,https://www.uefa.com/nationalassociations/uefarankings/country/?year=2016,https://www.uefa.com/nationalassociations/uefarankings/country/seasons/?year=2016,2026-02-13T21:37:57.705796+00:00
Belarus,Belarus,Belarus,BLR,57155,20,20.0,18,5.125,2016,https://www.uefa.com/nationalassociations/uefarankings/country/?year=2016,https://www.uefa.com/nationalassociations/uefarankings/country/seasons/?year=2016,2026-02-13T21:37:57.705796+00:00
Sweden,Sweden,Sweden,SWE,127,21,19.875,20,4.75,2016,https://www.uefa.com/nationalassociations/uefarankings/country/?year=2016,https://www.uefa.com/nationalassociations/uefarankings/country/seasons/?year=2016,2026-02-13T21:37:57.705796+00:00
Norway,Norway,Norway,NOR,101,22,19.25,11,7.25,2016,https://www.uefa.com/nationalassociations/uefarankings/country/?year=2016,https://www.uefa.com/nationalassociations/uefarankings/country/seasons/?year=2016,2026-02-13T21:37:57.705796+00:00
Israel,Israel,Israel,ISR,65,23,18.625,29,2.25,2016,https://www.uefa.com/nationalassociations/uefarankings/country/?year=2016,https://www.uefa.com/nationalassociations/uefarankings/country/seasons/?year=2016,2026-02-13T21:37:57.705796+00:00
Denmark,Denmark,Denmark,DEN,35,24,18.6,15,5.5,2016,https://www.uefa.com/nationalassociations/uefarankings/country/?year=2016,https://www.uefa.com/nationalassociations/uefarankings/country/seasons/?year=2016,2026-02-13T21:37:57.705796+00:00
Scotland,Scotland,Scotland,SCO,117,25,17.3,28,3.0,2016,https://www.uefa.com/nationalassociations/uefarankings/country/?year=2016,https://www.uefa.com/nationalassociations/uefarankings/country/seasons/?year=2016,2026-02-13T21:37:57.705796+00:00
Azerbaijan,Azerbaijan,Azerbaijan,AZE,57154,26,14.875,23,4.375,2016,https://www.uefa.com/nationalassociations/uefarankings/country/?year=2016,https://www.uefa.com/nationalassociations/uefarankings/country/seasons/?year=2016,2026-02-13T21:37:57.705796+00:00
Serbia,Serbia,Serbia,SRB,147,27,14.625,24,4.25,2016,https://www.uefa.com/nationalassociations/uefarankings/country/?year=2016,https://www.uefa.com/nationalassociations/uefarankings/country/seasons/?year=2016,2026-02-13T21:37:57.705796+00:00
Kazakhstan,Kazakhstan,Kazakhstan,KAZ,65146,28,14.125,21,4.625,2016,https://www.uefa.com/nationalassociations/uefarankings/country/?year=2016,https://www.uefa.com/nationalassociations/uefarankings/country/seasons/?year=2016,2026-02-13T21:37:57.705796+00:00
Bulgaria,Bulgaria,Bulgaria,BUL,20,29,13.125,42,1.0,2016,https://www.uefa.com/nationalassociations/uefarankings/country/?year=2016,https://www.uefa.com/nationalassociations/uefarankings/country/seasons/?year=2016,2026-02-13T21:37:57.705796+00:00
Slovenia,Slovenia,Slovenia,SVN,57163,30,13.125,44,1.0,2016,https://www.uefa.com/nationalassociations/uefarankings/country/?year=2016,https://www.uefa.com/nationalassociations/uefarankings/country/seasons/?year=2016,2026-02-13T21:37:57.705796+00:00
Slovakia,Slovakia,Slovakia,SVK,58836,31,12.0,26,3.75,2016,https://www.uefa.com/nationalassociations/uefarankings/country/?year=2016,https://www.uefa.com/nationalassociations/uefarankings/country/seasons/?year=2016,2026-02-13T21:37:57.705796+00:00
Liechtenstein,Liechtenstein,Liechtenstein,LIE,81,32,10.5,19,5.0,2016,https://www.uefa.com/nationalassociations/uefarankings/country/?year=2016,https://www.uefa.com/nationalassociations/uefarankings/country/seasons/?year=2016,2026-02-13T21:37:57.705796+00:00
Hungary,Hungary,Hungary,HUN,57,33,9.875,34,1.625,2016,https://www.uefa.com/nationalassociations/uefarankings/country/?year=2016,https://www.uefa.com/nationalassociations/uefarankings/country/seasons/?year=2016,2026-02-13T21:37:57.705796+00:00
Moldova,Moldova,Moldova,MDA,57160,34,9.125,38,1.25,2016,https://www.uefa.com/nationalassociations/uefarankings/country/?year=2016,https://www.uefa.com/nationalassociations/uefarankings/country/seasons/?year=2016,2026-02-13T21:37:57.705796+00:00
Iceland,Iceland,Iceland,ISL,58,35,8.75,39,1.125,2016,https://www.uefa.com/nationalassociations/uefarankings/country/?year=2016,https://www.uefa.com/nationalassociations/uefarankings/country/seasons/?year=2016,2026-02-13T21:37:57.705796+00:00
Georgia,Georgia,Georgia,GEO,57157,36,8.125,51,0.625,2016,https://www.uefa.com/nationalassociations/uefarankings/country/?year=2016,https://www.uefa.com/nationalassociations/uefarankings/country/seasons/?year=2016,2026-02-13T21:37:57.705796+00:00
Finland,Finland,Finland,FIN,42,37,7.4,41,1.0,2016,https://www.uefa.com/nationalassociations/uefarankings/country/?year=2016,https://www.uefa.com/nationalassociations/uefarankings/country/seasons/?year=2016,2026-02-13T21:37:57.705796+00:00
Bosnia and Herzegovina,Bosnia and Herzegovina,Bosnia and Herzegovina,BIH,60094,38,7.125,35,1.5,2016,https://www.uefa.com/nationalassociations/uefarankings/country/?year=2016,https://www.uefa.com/nationalassociations/uefarankings/country/seasons/?year=2016,2026-02-13T21:37:57.705796+00:00
Albania,Albania,Albania,ALB,2,39,6.625,31,2.125,2016,https://www.uefa.com/nationalassociations/uefarankings/country/?year=2016,https://www.uefa.com/nationalassociations/uefarankings/country/seasons/?year=2016,2026-02-13T21:37:57.705796+00:00
North Macedonia,North Macedonia,North Macedonia,MKD,59205,40,6.0,37,1.5,2016,https://www.uefa.com/nationalassociations/uefarankings/country/?year=2016,https://www.uefa.com/nationalassociations/uefarankings/country/seasons/?year=2016,2026-02-13T21:37:57.705796+00:00
Republic of Ireland,Republic of Ireland,Republic of Ireland,IRL,64,41,5.45,50,0.7,2016,https://www.uefa.com/nationalassociations/uefarankings/country/?year=2016,https://www.uefa.com/nationalassociations/uefarankings/country/seasons/?year=2016,2026-02-13T21:37:57.705796+00:00
Latvia,Latvia,Latvia,LVA,56558,42,5.375,32,1.625,2016,https://www.uefa.com/nationalassociations/uefarankings/country/?year=2016,https://www.uefa.com/nationalassociations/uefarankings/country/seasons/?year=2016,2026-02-13T21:37:57.705796+00:00
Luxembourg,Luxembourg,Luxembourg,LUX,82,43,5.25,46,0.75,2016,https://www.uefa.com/nationalassociations/uefarankings/country/?year=2016,https://www.uefa.com/nationalassociations/uefarankings/country/seasons/?year=2016,2026-02-13T21:37:57.705796+00:00
Montenegro,Montenegro,Montenegro,MNE,92853,44,4.875,40,1.0,2016,https://www.uefa.com/nationalassociations/uefarankings/country/?year=2016,https://www.uefa.com/nationalassociations/uefarankings/country/seasons/?year=2016,2026-02-13T21:37:57.705796+00:00
Lithuania,Lithuania,Lithuania,LTU,56557,45,4.625,47,0.75,2016,https://www.uefa.com/nationalassociations/uefarankings/country/?year=2016,https://www.uefa.com/nationalassociations/uefarankings/country/seasons/?year=2016,2026-02-13T21:37:57.705796+00:00
Northern Ireland,Northern Ireland,Northern Ireland,NIR,63,46,4.5,49,0.75,2016,https://www.uefa.com/nationalassociations/uefarankings/country/?year=2016,https://www.uefa.com/nationalassociations/uefarankings/country/seasons/?year=2016,2026-02-13T21:37:57.705796+00:00
Estonia,Estonia,Estonia,EST,56556,47,4.25,43,1.0,2016,https://www.uefa.com/nationalassociations/uefarankings/country/?year=2016,https://www.uefa.com/nationalassociations/uefarankings/country/seasons/?year=2016,2026-02-13T21:37:57.705796+00:00
Armenia,Armenia,Armenia,ARM,57419,48,4.125,33,1.625,2016,https://www.uefa.com/nationalassociations/uefarankings/country/?year=2016,https://www.uefa.com/nationalassociations/uefarankings/country/seasons/?year=2016,2026-02-13T21:37:57.705796+00:00
Faroe Islands,Faroe Islands,Faroe Islands,FRO,51218,49,3.625,52,0.375,2016,https://www.uefa.com/nationalassociations/uefarankings/country/?year=2016,https://www.uefa.com/nationalassociations/uefarankings/country/seasons/?year=2016,2026-02-13T21:37:57.705796+00:00
Malta,Malta,Malta,MLT,88,50,3.583,45,0.875,2016,https://www.uefa.com/nationalassociations/uefarankings/country/?year=2016,https://www.uefa.com/nationalassociations/uefarankings/country/seasons/?year=2016,2026-02-13T21:37:57.705796+00:00
Wales,Wales,Wales,WAL,144,51,3.5,36,1.5,2016,https://www.uefa.com/nationalassociations/uefarankings/country/?year=2016,https://www.uefa.com/nationalassociations/uefarankings/country/seasons/?year=2016,2026-02-13T21:37:57.705796+00:00
Gibraltar,Gibraltar,Gibraltar,GIB,94080,52,1.0,48,0.75,2016,https://www.uefa.com/nationalassociations/uefarankings/country/?year=2016,https://www.uefa.com/nationalassociations/uefarankings/country/seasons/?year=2016,2026-02-13T21:37:57.705796+00:00
Andorra,Andorra,Andorra,AND,60618,53,0.999,53,0.166,2016,https://www.uefa.com/nationalassociations/uefarankings/country/?year=2016,https://www.uefa.com/nationalassociations/uefarankings/country/seasons/?year=2016,2026-02-13T21:37:57.705796+00:00
San Marino,San Marino,San Marino,SMR,50168,54,0.333,55,0.0,2016,https://www.uefa.com/nationalassociations/uefarankings/country/?year=2016,https://www.uefa.com/nationalassociations/uefarankings/country/seasons/?year=2016,2026-02-13T21:37:57.705796+00:00
Spain,Spain,Spain,ESP,122,1,104.998,1,20.142,2017,https://www.uefa.com/nationalassociations/uefarankings/country/?year=2017,https://www.uefa.com/nationalassociations/uefarankings/country/seasons/?year=2017,2026-02-13T21:37:57.705796+00:00
Germany,Germany,Germany,GER,47,2,79.498,3,14.571,2017,https://www.uefa.com/nationalassociations/uefarankings/country/?year=2017,https://www.uefa.com/nationalassociations/uefarankings/country/seasons/?year=2017,2026-02-13T21:37:57.705796+00:00
England,England,England,ENG,39,3,75.962,2,14.928,2017,https://www.uefa.com/nationalassociations/uefarankings/country/?year=2017,https://www.uefa.com/nationalassociations/uefarankings/country/seasons/?year=2017,2026-02-13T21:37:57.705796+00:00
Italy,Italy,Italy,ITA,66,4,73.332,5,14.25,2017,https://www.uefa.com/nationalassociations/uefarankings/country/?year=2017,https://www.uefa.com/nationalassociations/uefarankings/country/seasons/?year=2017,2026-02-13T21:37:57.705796+00:00
France,France,France,FRA,43,5,56.665,4,14.416,2017,https://www.uefa.com/nationalassociations/uefarankings/country/?year=2017,https://www.uefa.com/nationalassociations/uefarankings/country/seasons/?year=2017,2026-02-13T21:37:57.705796+00:00
Russia,Russia,Russia,RUS,57451,6,50.532,8,9.2,2017,https://www.uefa.com/nationalassociations/uefarankings/country/?year=2017,https://www.uefa.com/nationalassociations/uefarankings/country/seasons/?year=2017,2026-02-13T21:37:57.705796+00:00
Portugal,Portugal,Portugal,POR,110,7,49.332,11,8.083,2017,https://www.uefa.com/nationalassociations/uefarankings/country/?year=2017,https://www.uefa.com/nationalassociations/uefarankings/country/seasons/?year=2017,2026-02-13T21:37:57.705796+00:00
Ukraine,Ukraine,Ukraine,UKR,57166,8,42.633,17,5.5,2017,https://www.uefa.com/nationalassociations/uefarankings/country/?year=2017,https://www.uefa.com/nationalassociations/uefarankings/country/seasons/?year=2017,2026-02-13T21:37:57.705796+00:00
Belgium,Belgium,Belgium,BEL,13,9,42.4,6,12.5,2017,https://www.uefa.com/nationalassociations/uefarankings/country/?year=2017,https://www.uefa.com/nationalassociations/uefarankings/country/seasons/?year=2017,2026-02-13T21:37:57.705796+00:00
Türkiye,Türki̇ye,Türki̇ye,TUR,135,10,39.2,7,9.7,2017,https://www.uefa.com/nationalassociations/uefarankings/country/?year=2017,https://www.uefa.com/nationalassociations/uefarankings/country/seasons/?year=2017,2026-02-13T21:37:57.705796+00:00
Czechia,Czechia,Czechia,CZE,58837,11,33.175,15,5.5,2017,https://www.uefa.com/nationalassociations/uefarankings/country/?year=2017,https://www.uefa.com/nationalassociations/uefarankings/country/seasons/?year=2017,2026-02-13T21:37:57.705796+00:00
Switzerland,Switzerland,Switzerland,SUI,128,12,32.075,20,4.3,2017,https://www.uefa.com/nationalassociations/uefarankings/country/?year=2017,https://www.uefa.com/nationalassociations/uefarankings/country/seasons/?year=2017,2026-02-13T21:37:57.705796+00:00
Netherlands,Netherlands,Netherlands,NED,95,13,31.063,9,9.1,2017,https://www.uefa.com/nationalassociations/uefarankings/country/?year=2017,https://www.uefa.com/nationalassociations/uefarankings/country/seasons/?year=2017,2026-02-13T21:37:57.705796+00:00
Greece,Greece,Greece,GRE,49,14,27.9,14,5.8,2017,https://www.uefa.com/nationalassociations/uefarankings/country/?year=2017,https://www.uefa.com/nationalassociations/uefarankings/country/seasons/?year=2017,2026-02-13T21:37:57.705796+00:00
Austria,Austria,Austria,AUT,8,15,25.35,12,7.375,2017,https://www.uefa.com/nationalassociations/uefarankings/country/?year=2017,https://www.uefa.com/nationalassociations/uefarankings/country/seasons/?year=2017,2026-02-13T21:37:57.705796+00:00
Croatia,Croatia,Croatia,CRO,56370,16,25.25,18,5.125,2017,https://www.uefa.com/nationalassociations/uefarankings/country/?year=2017,https://www.uefa.com/nationalassociations/uefarankings/country/seasons/?year=2017,2026-02-13T21:37:57.705796+00:00
Romania,Romania,Romania,ROU,113,17,24.35,24,3.3,2017,https://www.uefa.com/nationalassociations/uefarankings/country/?year=2017,https://www.uefa.com/nationalassociations/uefarankings/country/seasons/?year=2017,2026-02-13T21:37:57.705796+00:00
Denmark,Denmark,Denmark,DEN,35,18,24.0,10,8.5,2017,https://www.uefa.com/nationalassociations/uefarankings/country/?year=2017,https://www.uefa.com/nationalassociations/uefarankings/country/seasons/?year=2017,2026-02-13T21:37:57.705796+00:00
Belarus,Belarus,Belarus,BLR,57155,19,19.875,25,3.0,2017,https://www.uefa.com/nationalassociations/uefarankings/country/?year=2017,https://www.uefa.com/nationalassociations/uefarankings/country/seasons/?year=2017,2026-02-13T21:37:57.705796+00:00
Poland,Poland,Poland,POL,109,20,19.75,23,3.875,2017,https://www.uefa.com/nationalassociations/uefarankings/country/?year=2017,https://www.uefa.com/nationalassociations/uefarankings/country/seasons/?year=2017,2026-02-13T21:37:57.705796+00:00
Sweden,Sweden,Sweden,SWE,127,21,19.725,27,2.75,2017,https://www.uefa.com/nationalassociations/uefarankings/country/?year=2017,https://www.uefa.com/nationalassociations/uefarankings/country/seasons/?year=2017,2026-02-13T21:37:57.705796+00:00
Israel,Israel,Israel,ISR,65,22,19.375,13,6.75,2017,https://www.uefa.com/nationalassociations/uefarankings/country/?year=2017,https://www.uefa.com/nationalassociations/uefarankings/country/seasons/?year=2017,2026-02-13T21:37:57.705796+00:00
Scotland,Scotland,Scotland,SCO,117,23,18.925,19,4.375,2017,https://www.uefa.com/nationalassociations/uefarankings/country/?year=2017,https://www.uefa.com/nationalassociations/uefarankings/country/seasons/?year=2017,2026-02-13T21:37:57.705796+00:00
Cyprus,Cyprus,Cyprus,CYP,33,24,18.55,16,5.5,2017,https://www.uefa.com/nationalassociations/uefarankings/country/?year=2017,https://www.uefa.com/nationalassociations/uefarankings/country/seasons/?year=2017,2026-02-13T21:37:57.705796+00:00
Norway,Norway,Norway,NOR,101,25,18.325,38,1.375,2017,https://www.uefa.com/nationalassociations/uefarankings/country/?year=2017,https://www.uefa.com/nationalassociations/uefarankings/country/seasons/?year=2017,2026-02-13T21:37:57.705796+00:00
Azerbaijan,Azerbaijan,Azerbaijan,AZE,57154,26,17.75,21,4.25,2017,https://www.uefa.com/nationalassociations/uefarankings/country/?year=2017,https://www.uefa.com/nationalassociations/uefarankings/country/seasons/?year=2017,2026-02-13T21:37:57.705796+00:00
Bulgaria,Bulgaria,Bulgaria,BUL,20,27,15.875,22,4.25,2017,https://www.uefa.com/nationalassociations/uefarankings/country/?year=2017,https://www.uefa.com/nationalassociations/uefarankings/country/seasons/?year=2017,2026-02-13T21:37:57.705796+00:00
Serbia,Serbia,Serbia,SRB,147,28,15.375,26,2.875,2017,https://www.uefa.com/nationalassociations/uefarankings/country/?year=2017,https://www.uefa.com/nationalassociations/uefarankings/country/seasons/?year=2017,2026-02-13T21:37:57.705796+00:00
Kazakhstan,Kazakhstan,Kazakhstan,KAZ,65146,29,15.25,28,2.75,2017,https://www.uefa.com/nationalassociations/uefarankings/country/?year=2017,https://www.uefa.com/nationalassociations/uefarankings/country/seasons/?year=2017,2026-02-13T21:37:57.705796+00:00
Slovenia,Slovenia,Slovenia,SVN,57163,30,13.125,31,2.25,2017,https://www.uefa.com/nationalassociations/uefarankings/country/?year=2017,https://www.uefa.com/nationalassociations/uefarankings/country/seasons/?year=2017,2026-02-13T21:37:57.705796+00:00
Slovakia,Slovakia,Slovakia,SVK,58836,31,11.75,32,2.125,2017,https://www.uefa.com/nationalassociations/uefarankings/country/?year=2017,https://www.uefa.com/nationalassociations/uefarankings/country/seasons/?year=2017,2026-02-13T21:37:57.705796+00:00
Liechtenstein,Liechtenstein,Liechtenstein,LIE,81,32,11.0,30,2.5,2017,https://www.uefa.com/nationalassociations/uefarankings/country/?year=2017,https://www.uefa.com/nationalassociations/uefarankings/country/seasons/?year=2017,2026-02-13T21:37:57.705796+00:00
Hungary,Hungary,Hungary,HUN,57,33,9.5,33,1.875,2017,https://www.uefa.com/nationalassociations/uefarankings/country/?year=2017,https://www.uefa.com/nationalassociations/uefarankings/country/seasons/?year=2017,2026-02-13T21:37:57.705796+00:00
Moldova,Moldova,Moldova,MDA,57160,34,9.5,48,0.875,2017,https://www.uefa.com/nationalassociations/uefarankings/country/?year=2017,https://www.uefa.com/nationalassociations/uefarankings/country/seasons/?year=2017,2026-02-13T21:37:57.705796+00:00
Iceland,Iceland,Iceland,ISL,58,35,8.375,45,1.0,2017,https://www.uefa.com/nationalassociations/uefarankings/country/?year=2017,https://www.uefa.com/nationalassociations/uefarankings/country/seasons/?year=2017,2026-02-13T21:37:57.705796+00:00
Finland,Finland,Finland,FIN,42,36,7.65,34,1.75,2017,https://www.uefa.com/nationalassociations/uefarankings/country/?year=2017,https://www.uefa.com/nationalassociations/uefarankings/country/seasons/?year=2017,2026-02-13T21:37:57.705796+00:00
Albania,Albania,Albania,ALB,2,37,6.625,47,0.875,2017,https://www.uefa.com/nationalassociations/uefarankings/country/?year=2017,https://www.uefa.com/nationalassociations/uefarankings/country/seasons/?year=2017,2026-02-13T21:37:57.705796+00:00
Republic of Ireland,Republic of Ireland,Republic of Ireland,IRL,64,38,6.575,29,2.625,2017,https://www.uefa.com/nationalassociations/uefarankings/country/?year=2017,https://www.uefa.com/nationalassociations/uefarankings/country/seasons/?year=2017,2026-02-13T21:37:57.705796+00:00
Bosnia and Herzegovina,Bosnia and Herzegovina,Bosnia and Herzegovina,BIH,60094,39,6.5,51,0.5,2017,https://www.uefa.com/nationalassociations/uefarankings/country/?year=2017,https://www.uefa.com/nationalassociations/uefarankings/country/seasons/?year=2017,2026-02-13T21:37:57.705796+00:00
Georgia,Georgia,Georgia,GEO,57157,40,6.375,42,1.125,2017,https://www.uefa.com/nationalassociations/uefarankings/country/?year=2017,https://www.uefa.com/nationalassociations/uefarankings/country/seasons/?year=2017,2026-02-13T21:37:57.705796+00:00
Latvia,Latvia,Latvia,LVA,56558,41,6.125,36,1.375,2017,https://www.uefa.com/nationalassociations/uefarankings/country/?year=2017,https://www.uefa.com/nationalassociations/uefarankings/country/seasons/?year=2017,2026-02-13T21:37:57.705796+00:00
North Macedonia,North Macedonia,North Macedonia,MKD,59205,42,5.625,39,1.25,2017,https://www.uefa.com/nationalassociations/uefarankings/country/?year=2017,https://www.uefa.com/nationalassociations/uefarankings/country/seasons/?year=2017,2026-02-13T21:37:57.705796+00:00
Estonia,Estonia,Estonia,EST,56556,43,5.25,37,1.375,2017,https://www.uefa.com/nationalassociations/uefarankings/country/?year=2017,https://www.uefa.com/nationalassociations/uefarankings/country/seasons/?year=2017,2026-02-13T21:37:57.705796+00:00
Montenegro,Montenegro,Montenegro,MNE,92853,44,5.25,46,0.875,2017,https://www.uefa.com/nationalassociations/uefarankings/country/?year=2017,https://www.uefa.com/nationalassociations/uefarankings/country/seasons/?year=2017,2026-02-13T21:37:57.705796+00:00
Armenia,Armenia,Armenia,ARM,57419,45,5.125,41,1.125,2017,https://www.uefa.com/nationalassociations/uefarankings/country/?year=2017,https://www.uefa.com/nationalassociations/uefarankings/country/seasons/?year=2017,2026-02-13T21:37:57.705796+00:00
Luxembourg,Luxembourg,Luxembourg,LUX,82,46,4.875,49,0.75,2017,https://www.uefa.com/nationalassociations/uefarankings/country/?year=2017,https://www.uefa.com/nationalassociations/uefarankings/country/seasons/?year=2017,2026-02-13T21:37:57.705796+00:00
Northern Ireland,Northern Ireland,Northern Ireland,NIR,63,47,4.5,50,0.5,2017,https://www.uefa.com/nationalassociations/uefarankings/country/?year=2017,https://www.uefa.com/nationalassociations/uefarankings/country/seasons/?year=2017,2026-02-13T21:37:57.705796+00:00
Lithuania,Lithuania,Lithuania,LTU,56557,48,4.125,52,0.5,2017,https://www.uefa.com/nationalassociations/uefarankings/country/?year=2017,https://www.uefa.com/nationalassociations/uefarankings/country/seasons/?year=2017,2026-02-13T21:37:57.705796+00:00
Malta,Malta,Malta,MLT,88,49,4.0,40,1.25,2017,https://www.uefa.com/nationalassociations/uefarankings/country/?year=2017,https://www.uefa.com/nationalassociations/uefarankings/country/seasons/?year=2017,2026-02-13T21:37:57.705796+00:00
Wales,Wales,Wales,WAL,144,50,3.875,43,1.0,2017,https://www.uefa.com/nationalassociations/uefarankings/country/?year=2017,https://www.uefa.com/nationalassociations/uefarankings/country/seasons/?year=2017,2026-02-13T21:37:57.705796+00:00
Faroe Islands,Faroe Islands,Faroe Islands,FRO,51218,51,3.5,53,0.375,2017,https://www.uefa.com/nationalassociations/uefarankings/country/?year=2017,https://www.uefa.com/nationalassociations/uefarankings/country/seasons/?year=2017,2026-02-13T21:37:57.705796+00:00
Gibraltar,Gibraltar,Gibraltar,GIB,94080,52,2.5,35,1.5,2017,https://www.uefa.com/nationalassociations/uefarankings/country/?year=2017,https://www.uefa.com/nationalassociations/uefarankings/country/seasons/?year=2017,2026-02-13T21:37:57.705796+00:00
Andorra,Andorra,Andorra,AND,60618,53,1.165,54,0.166,2017,https://www.uefa.com/nationalassociations/uefarankings/country/?year=2017,https://www.uefa.com/nationalassociations/uefarankings/country/seasons/?year=2017,2026-02-13T21:37:57.705796+00:00
San Marino,San Marino,San Marino,SMR,50168,54,0.333,55,0.0,2017,https://www.uefa.com/nationalassociations/uefarankings/country/?year=2017,https://www.uefa.com/nationalassociations/uefarankings/country/seasons/?year=2017,2026-02-13T21:37:57.705796+00:00
Spain,Spain,Spain,ESP,122,1,106.998,2,19.714,2018,https://www.uefa.com/nationalassociations/uefarankings/country/?year=2018,https://www.uefa.com/nationalassociations/uefarankings/country/seasons/?year=2018,2026-02-13T21:37:57.705796+00:00
England,England,England,ENG,39,2,79.605,1,20.071,2018,https://www.uefa.com/nationalassociations/uefarankings/country/?year=2018,https://www.uefa.com/nationalassociations/uefarankings/country/seasons/?year=2018,2026-02-13T21:37:57.705796+00:00
Italy,Italy,Italy,ITA,66,3,76.249,3,17.333,2018,https://www.uefa.com/nationalassociations/uefarankings/country/?year=2018,https://www.uefa.com/nationalassociations/uefarankings/country/seasons/?year=2018,2026-02-13T21:37:57.705796+00:00
Germany,Germany,Germany,GER,47,4,71.427,6,9.857,2018,https://www.uefa.com/nationalassociations/uefarankings/country/?year=2018,https://www.uefa.com/nationalassociations/uefarankings/country/seasons/?year=2018,2026-02-13T21:37:57.705796+00:00
France,France,France,FRA,43,5,56.415,5,11.5,2018,https://www.uefa.com/nationalassociations/uefarankings/country/?year=2018,https://www.uefa.com/nationalassociations/uefarankings/country/seasons/?year=2018,2026-02-13T21:37:57.705796+00:00
Russia,Russia,Russia,RUS,57451,6,53.382,4,12.6,2018,https://www.uefa.com/nationalassociations/uefarankings/country/?year=2018,https://www.uefa.com/nationalassociations/uefarankings/country/seasons/?year=2018,2026-02-13T21:37:57.705796+00:00
Portugal,Portugal,Portugal,POR,110,7,47.248,8,9.666,2018,https://www.uefa.com/nationalassociations/uefarankings/country/?year=2018,https://www.uefa.com/nationalassociations/uefarankings/country/seasons/?year=2018,2026-02-13T21:37:57.705796+00:00
Ukraine,Ukraine,Ukraine,UKR,57166,8,41.133,9,8.0,2018,https://www.uefa.com/nationalassociations/uefarankings/country/?year=2018,https://www.uefa.com/nationalassociations/uefarankings/country/seasons/?year=2018,2026-02-13T21:37:57.705796+00:00
Belgium,Belgium,Belgium,BEL,13,9,38.5,33,2.6,2018,https://www.uefa.com/nationalassociations/uefarankings/country/?year=2018,https://www.uefa.com/nationalassociations/uefarankings/country/seasons/?year=2018,2026-02-13T21:37:57.705796+00:00
Türkiye,Türki̇ye,Türki̇ye,TUR,135,10,35.8,11,6.8,2018,https://www.uefa.com/nationalassociations/uefarankings/country/?year=2018,https://www.uefa.com/nationalassociations/uefarankings/country/seasons/?year=2018,2026-02-13T21:37:57.705796+00:00
Austria,Austria,Austria,AUT,8,11,32.85,7,9.75,2018,https://www.uefa.com/nationalassociations/uefarankings/country/?year=2018,https://www.uefa.com/nationalassociations/uefarankings/country/seasons/?year=2018,2026-02-13T21:37:57.705796+00:00
Switzerland,Switzerland,Switzerland,SUI,128,12,30.2,12,6.5,2018,https://www.uefa.com/nationalassociations/uefarankings/country/?year=2018,https://www.uefa.com/nationalassociations/uefarankings/country/seasons/?year=2018,2026-02-13T21:37:57.705796+00:00
Czechia,Czechia,Czechia,CZE,58837,13,30.175,15,5.5,2018,https://www.uefa.com/nationalassociations/uefarankings/country/?year=2018,https://www.uefa.com/nationalassociations/uefarankings/country/seasons/?year=2018,2026-02-13T21:37:57.705796+00:00
Netherlands,Netherlands,Netherlands,NED,95,14,29.749,29,2.9,2018,https://www.uefa.com/nationalassociations/uefarankings/country/?year=2018,https://www.uefa.com/nationalassociations/uefarankings/country/seasons/?year=2018,2026-02-13T21:37:57.705796+00:00
Greece,Greece,Greece,GRE,49,15,28.6,19,5.1,2018,https://www.uefa.com/nationalassociations/uefarankings/country/?year=2018,https://www.uefa.com/nationalassociations/uefarankings/country/seasons/?year=2018,2026-02-13T21:37:57.705796+00:00
Croatia,Croatia,Croatia,CRO,56370,16,26.0,18,5.125,2018,https://www.uefa.com/nationalassociations/uefarankings/country/?year=2018,https://www.uefa.com/nationalassociations/uefarankings/country/seasons/?year=2018,2026-02-13T21:37:57.705796+00:00
Denmark,Denmark,Denmark,DEN,35,17,25.95,17,5.25,2018,https://www.uefa.com/nationalassociations/uefarankings/country/?year=2018,https://www.uefa.com/nationalassociations/uefarankings/country/seasons/?year=2018,2026-02-13T21:37:57.705796+00:00
Israel,Israel,Israel,ISR,65,18,21.75,14,5.625,2018,https://www.uefa.com/nationalassociations/uefarankings/country/?year=2018,https://www.uefa.com/nationalassociations/uefarankings/country/seasons/?year=2018,2026-02-13T21:37:57.705796+00:00
Cyprus,Cyprus,Cyprus,CYP,33,19,21.55,10,7.0,2018,https://www.uefa.com/nationalassociations/uefarankings/country/?year=2018,https://www.uefa.com/nationalassociations/uefarankings/country/seasons/?year=2018,2026-02-13T21:37:57.705796+00:00
Romania,Romania,Romania,ROU,113,20,20.45,28,2.9,2018,https://www.uefa.com/nationalassociations/uefarankings/country/?year=2018,https://www.uefa.com/nationalassociations/uefarankings/country/seasons/?year=2018,2026-02-13T21:37:57.705796+00:00
Poland,Poland,Poland,POL,109,21,20.125,30,2.875,2018,https://www.uefa.com/nationalassociations/uefarankings/country/?year=2018,https://www.uefa.com/nationalassociations/uefarankings/country/seasons/?year=2018,2026-02-13T21:37:57.705796+00:00
Sweden,Sweden,Sweden,SWE,127,22,19.975,16,5.375,2018,https://www.uefa.com/nationalassociations/uefarankings/country/?year=2018,https://www.uefa.com/nationalassociations/uefarankings/country/seasons/?year=2018,2026-02-13T21:37:57.705796+00:00
Azerbaijan,Azerbaijan,Azerbaijan,AZE,57154,23,19.125,21,4.375,2018,https://www.uefa.com/nationalassociations/uefarankings/country/?year=2018,https://www.uefa.com/nationalassociations/uefarankings/country/seasons/?year=2018,2026-02-13T21:37:57.705796+00:00
Bulgaria,Bulgaria,Bulgaria,BUL,20,24,19.125,23,4.0,2018,https://www.uefa.com/nationalassociations/uefarankings/country/?year=2018,https://www.uefa.com/nationalassociations/uefarankings/country/seasons/?year=2018,2026-02-13T21:37:57.705796+00:00
Serbia,Serbia,Serbia,SRB,147,25,18.75,13,6.375,2018,https://www.uefa.com/nationalassociations/uefarankings/country/?year=2018,https://www.uefa.com/nationalassociations/uefarankings/country/seasons/?year=2018,2026-02-13T21:37:57.705796+00:00
Scotland,Scotland,Scotland,SCO,117,26,18.625,25,4.0,2018,https://www.uefa.com/nationalassociations/uefarankings/country/?year=2018,https://www.uefa.com/nationalassociations/uefarankings/country/seasons/?year=2018,2026-02-13T21:37:57.705796+00:00
Belarus,Belarus,Belarus,BLR,57155,27,18.625,26,3.25,2018,https://www.uefa.com/nationalassociations/uefarankings/country/?year=2018,https://www.uefa.com/nationalassociations/uefarankings/country/seasons/?year=2018,2026-02-13T21:37:57.705796+00:00
Kazakhstan,Kazakhstan,Kazakhstan,KAZ,65146,28,18.125,22,4.25,2018,https://www.uefa.com/nationalassociations/uefarankings/country/?year=2018,https://www.uefa.com/nationalassociations/uefarankings/country/seasons/?year=2018,2026-02-13T21:37:57.705796+00:00
Norway,Norway,Norway,NOR,101,29,17.425,24,4.0,2018,https://www.uefa.com/nationalassociations/uefarankings/country/?year=2018,https://www.uefa.com/nationalassociations/uefarankings/country/seasons/?year=2018,2026-02-13T21:37:57.705796+00:00
Slovenia,Slovenia,Slovenia,SVN,57163,30,14.5,20,4.625,2018,https://www.uefa.com/nationalassociations/uefarankings/country/?year=2018,https://www.uefa.com/nationalassociations/uefarankings/country/seasons/?year=2018,2026-02-13T21:37:57.705796+00:00
Liechtenstein,Liechtenstein,Liechtenstein,LIE,81,31,13.0,35,2.0,2018,https://www.uefa.com/nationalassociations/uefarankings/country/?year=2018,https://www.uefa.com/nationalassociations/uefarankings/country/seasons/?year=2018,2026-02-13T21:37:57.705796+00:00
Slovakia,Slovakia,Slovakia,SVK,58836,32,12.125,36,1.875,2018,https://www.uefa.com/nationalassociations/uefarankings/country/?year=2018,https://www.uefa.com/nationalassociations/uefarankings/country/seasons/?year=2018,2026-02-13T21:37:57.705796+00:00
Moldova,Moldova,Moldova,MDA,57160,33,10.0,31,2.75,2018,https://www.uefa.com/nationalassociations/uefarankings/country/?year=2018,https://www.uefa.com/nationalassociations/uefarankings/country/seasons/?year=2018,2026-02-13T21:37:57.705796+00:00
Albania,Albania,Albania,ALB,2,34,8.5,32,2.625,2018,https://www.uefa.com/nationalassociations/uefarankings/country/?year=2018,https://www.uefa.com/nationalassociations/uefarankings/country/seasons/?year=2018,2026-02-13T21:37:57.705796+00:00
Iceland,Iceland,Iceland,ISL,58,35,8.25,42,1.125,2018,https://www.uefa.com/nationalassociations/uefarankings/country/?year=2018,https://www.uefa.com/nationalassociations/uefarankings/country/seasons/?year=2018,2026-02-13T21:37:57.705796+00:00
Hungary,Hungary,Hungary,HUN,57,36,8.125,37,1.625,2018,https://www.uefa.com/nationalassociations/uefarankings/country/?year=2018,https://www.uefa.com/nationalassociations/uefarankings/country/seasons/?year=2018,2026-02-13T21:37:57.705796+00:00
North Macedonia,North Macedonia,North Macedonia,MKD,59205,37,7.5,27,3.125,2018,https://www.uefa.com/nationalassociations/uefarankings/country/?year=2018,https://www.uefa.com/nationalassociations/uefarankings/country/seasons/?year=2018,2026-02-13T21:37:57.705796+00:00
Finland,Finland,Finland,FIN,42,38,6.9,40,1.25,2018,https://www.uefa.com/nationalassociations/uefarankings/country/?year=2018,https://www.uefa.com/nationalassociations/uefarankings/country/seasons/?year=2018,2026-02-13T21:37:57.705796+00:00
Republic of Ireland,Republic of Ireland,Republic of Ireland,IRL,64,39,6.7,43,1.125,2018,https://www.uefa.com/nationalassociations/uefarankings/country/?year=2018,https://www.uefa.com/nationalassociations/uefarankings/country/seasons/?year=2018,2026-02-13T21:37:57.705796+00:00
Bosnia and Herzegovina,Bosnia and Herzegovina,Bosnia and Herzegovina,BIH,60094,40,6.625,38,1.375,2018,https://www.uefa.com/nationalassociations/uefarankings/country/?year=2018,https://www.uefa.com/nationalassociations/uefarankings/country/seasons/?year=2018,2026-02-13T21:37:57.705796+00:00
Latvia,Latvia,Latvia,LVA,56558,41,5.625,45,0.75,2018,https://www.uefa.com/nationalassociations/uefarankings/country/?year=2018,https://www.uefa.com/nationalassociations/uefarankings/country/seasons/?year=2018,2026-02-13T21:37:57.705796+00:00
Estonia,Estonia,Estonia,EST,56556,42,5.5,48,0.625,2018,https://www.uefa.com/nationalassociations/uefarankings/country/?year=2018,https://www.uefa.com/nationalassociations/uefarankings/country/seasons/?year=2018,2026-02-13T21:37:57.705796+00:00
Lithuania,Lithuania,Lithuania,LTU,56557,43,5.375,34,2.375,2018,https://www.uefa.com/nationalassociations/uefarankings/country/?year=2018,https://www.uefa.com/nationalassociations/uefarankings/country/seasons/?year=2018,2026-02-13T21:37:57.705796+00:00
Montenegro,Montenegro,Montenegro,MNE,92853,44,5.0,41,1.125,2018,https://www.uefa.com/nationalassociations/uefarankings/country/?year=2018,https://www.uefa.com/nationalassociations/uefarankings/country/seasons/?year=2018,2026-02-13T21:37:57.705796+00:00
Georgia,Georgia,Georgia,GEO,57157,45,5.0,54,0.125,2018,https://www.uefa.com/nationalassociations/uefarankings/country/?year=2018,https://www.uefa.com/nationalassociations/uefarankings/country/seasons/?year=2018,2026-02-13T21:37:57.705796+00:00
Armenia,Armenia,Armenia,ARM,57419,46,4.875,49,0.625,2018,https://www.uefa.com/nationalassociations/uefarankings/country/?year=2018,https://www.uefa.com/nationalassociations/uefarankings/country/seasons/?year=2018,2026-02-13T21:37:57.705796+00:00
Malta,Malta,Malta,MLT,88,47,4.5,39,1.375,2018,https://www.uefa.com/nationalassociations/uefarankings/country/?year=2018,https://www.uefa.com/nationalassociations/uefarankings/country/seasons/?year=2018,2026-02-13T21:37:57.705796+00:00
Luxembourg,Luxembourg,Luxembourg,LUX,82,48,4.375,44,0.875,2018,https://www.uefa.com/nationalassociations/uefarankings/country/?year=2018,https://www.uefa.com/nationalassociations/uefarankings/country/seasons/?year=2018,2026-02-13T21:37:57.705796+00:00
Northern Ireland,Northern Ireland,Northern Ireland,NIR,63,49,4.25,47,0.75,2018,https://www.uefa.com/nationalassociations/uefarankings/country/?year=2018,https://www.uefa.com/nationalassociations/uefarankings/country/seasons/?year=2018,2026-02-13T21:37:57.705796+00:00
Wales,Wales,Wales,WAL,144,50,3.875,50,0.5,2018,https://www.uefa.com/nationalassociations/uefarankings/country/?year=2018,https://www.uefa.com/nationalassociations/uefarankings/country/seasons/?year=2018,2026-02-13T21:37:57.705796+00:00
Faroe Islands,Faroe Islands,Faroe Islands,FRO,51218,51,3.75,46,0.75,2018,https://www.uefa.com/nationalassociations/uefarankings/country/?year=2018,https://www.uefa.com/nationalassociations/uefarankings/country/seasons/?year=2018,2026-02-13T21:37:57.705796+00:00
Gibraltar,Gibraltar,Gibraltar,GIB,94080,52,3.0,51,0.5,2018,https://www.uefa.com/nationalassociations/uefarankings/country/?year=2018,https://www.uefa.com/nationalassociations/uefarankings/country/seasons/?year=2018,2026-02-13T21:37:57.705796+00:00
Andorra,Andorra,Andorra,AND,60618,53,1.331,52,0.166,2018,https://www.uefa.com/nationalassociations/uefarankings/country/?year=2018,https://www.uefa.com/nationalassociations/uefarankings/country/seasons/?year=2018,2026-02-13T21:37:57.705796+00:00
San Marino,San Marino,San Marino,SMR,50168,54,0.499,53,0.166,2018,https://www.uefa.com/nationalassociations/uefarankings/country/?year=2018,https://www.uefa.com/nationalassociations/uefarankings/country/seasons/?year=2018,2026-02-13T21:37:57.705796+00:00
Kosovo,Kosovo,Kosovo,KOS,2608110,55,0.0,56,0.0,2018,https://www.uefa.com/nationalassociations/uefarankings/country/?year=2018,https://www.uefa.com/nationalassociations/uefarankings/country/seasons/?year=2018,2026-02-13T21:37:57.705796+00:00
Spain,Spain,Spain,ESP,122,1,103.569,2,19.571,2019,https://www.uefa.com/nationalassociations/uefarankings/country/?year=2019,https://www.uefa.com/nationalassociations/uefarankings/country/seasons/?year=2019,2026-02-13T21:37:57.705796+00:00
England,England,England,ENG,39,2,85.462,1,22.642,2019,https://www.uefa.com/nationalassociations/uefarankings/country/?year=2019,https://www.uefa.com/nationalassociations/uefarankings/country/seasons/?year=2019,2026-02-13T21:37:57.705796+00:00
Italy,Italy,Italy,ITA,66,3,74.725,4,12.642,2019,https://www.uefa.com/nationalassociations/uefarankings/country/?year=2019,https://www.uefa.com/nationalassociations/uefarankings/country/seasons/?year=2019,2026-02-13T21:37:57.705796+00:00
Germany,Germany,Germany,GER,47,4,71.927,3,15.214,2019,https://www.uefa.com/nationalassociations/uefarankings/country/?year=2019,https://www.uefa.com/nationalassociations/uefarankings/country/seasons/?year=2019,2026-02-13T21:37:57.705796+00:00
France,France,France,FRA,43,5,58.498,6,10.583,2019,https://www.uefa.com/nationalassociations/uefarankings/country/?year=2019,https://www.uefa.com/nationalassociations/uefarankings/country/seasons/?year=2019,2026-02-13T21:37:57.705796+00:00
Russia,Russia,Russia,RUS,57451,6,50.549,9,7.583,2019,https://www.uefa.com/nationalassociations/uefarankings/country/?year=2019,https://www.uefa.com/nationalassociations/uefarankings/country/seasons/?year=2019,2026-02-13T21:37:57.705796+00:00
Portugal,Portugal,Portugal,POR,110,7,48.232,5,10.9,2019,https://www.uefa.com/nationalassociations/uefarankings/country/?year=2019,https://www.uefa.com/nationalassociations/uefarankings/country/seasons/?year=2019,2026-02-13T21:37:57.705796+00:00
Belgium,Belgium,Belgium,BEL,13,8,39.9,8,7.8,2019,https://www.uefa.com/nationalassociations/uefarankings/country/?year=2019,https://www.uefa.com/nationalassociations/uefarankings/country/seasons/?year=2019,2026-02-13T21:37:57.705796+00:00
Ukraine,Ukraine,Ukraine,UKR,57166,9,38.9,16,5.6,2019,https://www.uefa.com/nationalassociations/uefarankings/country/?year=2019,https://www.uefa.com/nationalassociations/uefarankings/country/seasons/?year=2019,2026-02-13T21:37:57.705796+00:00
Türkiye,Türki̇ye,Türki̇ye,TUR,135,10,34.6,17,5.5,2019,https://www.uefa.com/nationalassociations/uefarankings/country/?year=2019,https://www.uefa.com/nationalassociations/uefarankings/country/seasons/?year=2019,2026-02-13T21:37:57.705796+00:00
Netherlands,Netherlands,Netherlands,NED,95,11,32.433,7,8.6,2019,https://www.uefa.com/nationalassociations/uefarankings/country/?year=2019,https://www.uefa.com/nationalassociations/uefarankings/country/seasons/?year=2019,2026-02-13T21:37:57.705796+00:00
Austria,Austria,Austria,AUT,8,12,31.25,12,6.2,2019,https://www.uefa.com/nationalassociations/uefarankings/country/?year=2019,https://www.uefa.com/nationalassociations/uefarankings/country/seasons/?year=2019,2026-02-13T21:37:57.705796+00:00
Czechia,Czechia,Czechia,CZE,58837,13,28.675,11,6.5,2019,https://www.uefa.com/nationalassociations/uefarankings/country/?year=2019,https://www.uefa.com/nationalassociations/uefarankings/country/seasons/?year=2019,2026-02-13T21:37:57.705796+00:00
Greece,Greece,Greece,GRE,49,14,27.6,20,5.1,2019,https://www.uefa.com/nationalassociations/uefarankings/country/?year=2019,https://www.uefa.com/nationalassociations/uefarankings/country/seasons/?year=2019,2026-02-13T21:37:57.705796+00:00
Croatia,Croatia,Croatia,CRO,56370,15,27.375,15,5.75,2019,https://www.uefa.com/nationalassociations/uefarankings/country/?year=2019,https://www.uefa.com/nationalassociations/uefarankings/country/seasons/?year=2019,2026-02-13T21:37:57.705796+00:00
Denmark,Denmark,Denmark,DEN,35,16,27.025,22,4.875,2019,https://www.uefa.com/nationalassociations/uefarankings/country/?year=2019,https://www.uefa.com/nationalassociations/uefarankings/country/seasons/?year=2019,2026-02-13T21:37:57.705796+00:00
Switzerland,Switzerland,Switzerland,SUI,128,17,26.9,26,3.9,2019,https://www.uefa.com/nationalassociations/uefarankings/country/?year=2019,https://www.uefa.com/nationalassociations/uefarankings/country/seasons/?year=2019,2026-02-13T21:37:57.705796+00:00
Cyprus,Cyprus,Cyprus,CYP,33,18,24.925,13,6.125,2019,https://www.uefa.com/nationalassociations/uefarankings/country/?year=2019,https://www.uefa.com/nationalassociations/uefarankings/country/seasons/?year=2019,2026-02-13T21:37:57.705796+00:00
Serbia,Serbia,Serbia,SRB,147,19,22.25,14,6.0,2019,https://www.uefa.com/nationalassociations/uefarankings/country/?year=2019,https://www.uefa.com/nationalassociations/uefarankings/country/seasons/?year=2019,2026-02-13T21:37:57.705796+00:00
Scotland,Scotland,Scotland,SCO,117,20,22.125,10,6.75,2019,https://www.uefa.com/nationalassociations/uefarankings/country/?year=2019,https://www.uefa.com/nationalassociations/uefarankings/country/seasons/?year=2019,2026-02-13T21:37:57.705796+00:00
Belarus,Belarus,Belarus,BLR,57155,21,21.875,21,5.0,2019,https://www.uefa.com/nationalassociations/uefarankings/country/?year=2019,https://www.uefa.com/nationalassociations/uefarankings/country/seasons/?year=2019,2026-02-13T21:37:57.705796+00:00
Sweden,Sweden,Sweden,SWE,127,22,20.9,24,4.125,2019,https://www.uefa.com/nationalassociations/uefarankings/country/?year=2019,https://www.uefa.com/nationalassociations/uefarankings/country/seasons/?year=2019,2026-02-13T21:37:57.705796+00:00
Norway,Norway,Norway,NOR,101,23,20.2,18,5.375,2019,https://www.uefa.com/nationalassociations/uefarankings/country/?year=2019,https://www.uefa.com/nationalassociations/uefarankings/country/seasons/?year=2019,2026-02-13T21:37:57.705796+00:00
Kazakhstan,Kazakhstan,Kazakhstan,KAZ,65146,24,19.25,23,4.25,2019,https://www.uefa.com/nationalassociations/uefarankings/country/?year=2019,https://www.uefa.com/nationalassociations/uefarankings/country/seasons/?year=2019,2026-02-13T21:37:57.705796+00:00
Poland,Poland,Poland,POL,109,25,19.25,35,2.25,2019,https://www.uefa.com/nationalassociations/uefarankings/country/?year=2019,https://www.uefa.com/nationalassociations/uefarankings/country/seasons/?year=2019,2026-02-13T21:37:57.705796+00:00
Azerbaijan,Azerbaijan,Azerbaijan,AZE,57154,26,19.0,34,2.375,2019,https://www.uefa.com/nationalassociations/uefarankings/country/?year=2019,https://www.uefa.com/nationalassociations/uefarankings/country/seasons/?year=2019,2026-02-13T21:37:57.705796+00:00
Israel,Israel,Israel,ISR,65,27,18.625,30,2.625,2019,https://www.uefa.com/nationalassociations/uefarankings/country/?year=2019,https://www.uefa.com/nationalassociations/uefarankings/country/seasons/?year=2019,2026-02-13T21:37:57.705796+00:00
Bulgaria,Bulgaria,Bulgaria,BUL,20,28,17.5,25,4.0,2019,https://www.uefa.com/nationalassociations/uefarankings/country/?year=2019,https://www.uefa.com/nationalassociations/uefarankings/country/seasons/?year=2019,2026-02-13T21:37:57.705796+00:00
Romania,Romania,Romania,ROU,113,29,15.95,33,2.375,2019,https://www.uefa.com/nationalassociations/uefarankings/country/?year=2019,https://www.uefa.com/nationalassociations/uefarankings/country/seasons/?year=2019,2026-02-13T21:37:57.705796+00:00
Slovakia,Slovakia,Slovakia,SVK,58836,30,15.625,19,5.125,2019,https://www.uefa.com/nationalassociations/uefarankings/country/?year=2019,https://www.uefa.com/nationalassociations/uefarankings/country/seasons/?year=2019,2026-02-13T21:37:57.705796+00:00
Slovenia,Slovenia,Slovenia,SVN,57163,31,15.0,28,3.125,2019,https://www.uefa.com/nationalassociations/uefarankings/country/?year=2019,https://www.uefa.com/nationalassociations/uefarankings/country/seasons/?year=2019,2026-02-13T21:37:57.705796+00:00
Liechtenstein,Liechtenstein,Liechtenstein,LIE,81,32,13.5,41,1.5,2019,https://www.uefa.com/nationalassociations/uefarankings/country/?year=2019,https://www.uefa.com/nationalassociations/uefarankings/country/seasons/?year=2019,2026-02-13T21:37:57.705796+00:00
Hungary,Hungary,Hungary,HUN,57,33,10.5,27,3.25,2019,https://www.uefa.com/nationalassociations/uefarankings/country/?year=2019,https://www.uefa.com/nationalassociations/uefarankings/country/seasons/?year=2019,2026-02-13T21:37:57.705796+00:00
North Macedonia,North Macedonia,North Macedonia,MKD,59205,34,8.0,49,1.0,2019,https://www.uefa.com/nationalassociations/uefarankings/country/?year=2019,https://www.uefa.com/nationalassociations/uefarankings/country/seasons/?year=2019,2026-02-13T21:37:57.705796+00:00
Moldova,Moldova,Moldova,MDA,57160,35,7.75,43,1.125,2019,https://www.uefa.com/nationalassociations/uefarankings/country/?year=2019,https://www.uefa.com/nationalassociations/uefarankings/country/seasons/?year=2019,2026-02-13T21:37:57.705796+00:00
Albania,Albania,Albania,ALB,2,36,7.5,46,1.0,2019,https://www.uefa.com/nationalassociations/uefarankings/country/?year=2019,https://www.uefa.com/nationalassociations/uefarankings/country/seasons/?year=2019,2026-02-13T21:37:57.705796+00:00
Republic of Ireland,Republic of Ireland,Republic of Ireland,IRL,64,37,7.45,48,1.0,2019,https://www.uefa.com/nationalassociations/uefarankings/country/?year=2019,https://www.uefa.com/nationalassociations/uefarankings/country/seasons/?year=2019,2026-02-13T21:37:57.705796+00:00
Finland,Finland,Finland,FIN,42,38,7.275,50,0.875,2019,https://www.uefa.com/nationalassociations/uefarankings/country/?year=2019,https://www.uefa.com/nationalassociations/uefarankings/country/seasons/?year=2019,2026-02-13T21:37:57.705796+00:00
Iceland,Iceland,Iceland,ISL,58,39,7.25,40,1.5,2019,https://www.uefa.com/nationalassociations/uefarankings/country/?year=2019,https://www.uefa.com/nationalassociations/uefarankings/country/seasons/?year=2019,2026-02-13T21:37:57.705796+00:00
Bosnia and Herzegovina,Bosnia and Herzegovina,Bosnia and Herzegovina,BIH,60094,40,7.125,36,2.0,2019,https://www.uefa.com/nationalassociations/uefarankings/country/?year=2019,https://www.uefa.com/nationalassociations/uefarankings/country/seasons/?year=2019,2026-02-13T21:37:57.705796+00:00
Lithuania,Lithuania,Lithuania,LTU,56557,41,6.75,31,2.625,2019,https://www.uefa.com/nationalassociations/uefarankings/country/?year=2019,https://www.uefa.com/nationalassociations/uefarankings/country/seasons/?year=2019,2026-02-13T21:37:57.705796+00:00
Latvia,Latvia,Latvia,LVA,56558,42,5.625,38,1.625,2019,https://www.uefa.com/nationalassociations/uefarankings/country/?year=2019,https://www.uefa.com/nationalassociations/uefarankings/country/seasons/?year=2019,2026-02-13T21:37:57.705796+00:00
Luxembourg,Luxembourg,Luxembourg,LUX,82,43,5.5,29,2.625,2019,https://www.uefa.com/nationalassociations/uefarankings/country/?year=2019,https://www.uefa.com/nationalassociations/uefarankings/country/seasons/?year=2019,2026-02-13T21:37:57.705796+00:00
Armenia,Armenia,Armenia,ARM,57419,44,5.25,42,1.5,2019,https://www.uefa.com/nationalassociations/uefarankings/country/?year=2019,https://www.uefa.com/nationalassociations/uefarankings/country/seasons/?year=2019,2026-02-13T21:37:57.705796+00:00
Malta,Malta,Malta,MLT,88,45,5.125,39,1.5,2019,https://www.uefa.com/nationalassociations/uefarankings/country/?year=2019,https://www.uefa.com/nationalassociations/uefarankings/country/seasons/?year=2019,2026-02-13T21:37:57.705796+00:00
Estonia,Estonia,Estonia,EST,56556,46,5.0,53,0.5,2019,https://www.uefa.com/nationalassociations/uefarankings/country/?year=2019,https://www.uefa.com/nationalassociations/uefarankings/country/seasons/?year=2019,2026-02-13T21:37:57.705796+00:00
Georgia,Georgia,Georgia,GEO,57157,47,4.75,37,1.625,2019,https://www.uefa.com/nationalassociations/uefarankings/country/?year=2019,https://www.uefa.com/nationalassociations/uefarankings/country/seasons/?year=2019,2026-02-13T21:37:57.705796+00:00
Wales,Wales,Wales,WAL,144,48,4.125,47,1.0,2019,https://www.uefa.com/nationalassociations/uefarankings/country/?year=2019,https://www.uefa.com/nationalassociations/uefarankings/country/seasons/?year=2019,2026-02-13T21:37:57.705796+00:00
Montenegro,Montenegro,Montenegro,MNE,92853,49,4.125,55,0.375,2019,https://www.uefa.com/nationalassociations/uefarankings/country/?year=2019,https://www.uefa.com/nationalassociations/uefarankings/country/seasons/?year=2019,2026-02-13T21:37:57.705796+00:00
Faroe Islands,Faroe Islands,Faroe Islands,FRO,51218,50,4.0,44,1.125,2019,https://www.uefa.com/nationalassociations/uefarankings/country/?year=2019,https://www.uefa.com/nationalassociations/uefarankings/country/seasons/?year=2019,2026-02-13T21:37:57.705796+00:00
Gibraltar,Gibraltar,Gibraltar,GIB,94080,51,4.0,45,1.0,2019,https://www.uefa.com/nationalassociations/uefarankings/country/?year=2019,https://www.uefa.com/nationalassociations/uefarankings/country/seasons/?year=2019,2026-02-13T21:37:57.705796+00:00
Northern Ireland,Northern Ireland,Northern Ireland,NIR,63,52,3.875,52,0.5,2019,https://www.uefa.com/nationalassociations/uefarankings/country/?year=2019,https://www.uefa.com/nationalassociations/uefarankings/country/seasons/?year=2019,2026-02-13T21:37:57.705796+00:00
Kosovo,Kosovo,Kosovo,KOS,2608110,53,2.5,32,2.5,2019,https://www.uefa.com/nationalassociations/uefarankings/country/?year=2019,https://www.uefa.com/nationalassociations/uefarankings/country/seasons/?year=2019,2026-02-13T21:37:57.705796+00:00
Andorra,Andorra,Andorra,AND,60618,54,1.831,51,0.833,2019,https://www.uefa.com/nationalassociations/uefarankings/country/?year=2019,https://www.uefa.com/nationalassociations/uefarankings/country/seasons/?year=2019,2026-02-13T21:37:57.705796+00:00
San Marino,San Marino,San Marino,SMR,50168,55,0.666,54,0.5,2019,https://www.uefa.com/nationalassociations/uefarankings/country/?year=2019,https://www.uefa.com/nationalassociations/uefarankings/country/seasons/?year=2019,2026-02-13T21:37:57.705796+00:00
Spain,Spain,Spain,ESP,122,1,102.283,1,18.928,2020,https://www.uefa.com/nationalassociations/uefarankings/country/?year=2020,https://www.uefa.com/nationalassociations/uefarankings/country/seasons/?year=2020,2026-02-13T21:37:57.705796+00:00
England,England,England,ENG,39,2,90.462,3,18.571,2020,https://www.uefa.com/nationalassociations/uefarankings/country/?year=2020,https://www.uefa.com/nationalassociations/uefarankings/country/seasons/?year=2020,2026-02-13T21:37:57.705796+00:00
Germany,Germany,Germany,GER,47,3,74.784,2,18.714,2020,https://www.uefa.com/nationalassociations/uefarankings/country/?year=2020,https://www.uefa.com/nationalassociations/uefarankings/country/seasons/?year=2020,2026-02-13T21:37:57.705796+00:00
Italy,Italy,Italy,ITA,66,4,70.653,4,14.928,2020,https://www.uefa.com/nationalassociations/uefarankings/country/?year=2020,https://www.uefa.com/nationalassociations/uefarankings/country/seasons/?year=2020,2026-02-13T21:37:57.705796+00:00
France,France,France,FRA,43,5,59.248,5,11.666,2020,https://www.uefa.com/nationalassociations/uefarankings/country/?year=2020,https://www.uefa.com/nationalassociations/uefarankings/country/seasons/?year=2020,2026-02-13T21:37:57.705796+00:00
Portugal,Portugal,Portugal,POR,110,6,49.449,6,10.3,2020,https://www.uefa.com/nationalassociations/uefarankings/country/?year=2020,https://www.uefa.com/nationalassociations/uefarankings/country/seasons/?year=2020,2026-02-13T21:37:57.705796+00:00
Russia,Russia,Russia,RUS,57451,7,45.549,20,4.666,2020,https://www.uefa.com/nationalassociations/uefarankings/country/?year=2020,https://www.uefa.com/nationalassociations/uefarankings/country/seasons/?year=2020,2026-02-13T21:37:57.705796+00:00
Belgium,Belgium,Belgium,BEL,13,8,37.9,9,7.6,2020,https://www.uefa.com/nationalassociations/uefarankings/country/?year=2020,https://www.uefa.com/nationalassociations/uefarankings/country/seasons/?year=2020,2026-02-13T21:37:57.705796+00:00
Ukraine,Ukraine,Ukraine,UKR,57166,9,36.1,10,7.2,2020,https://www.uefa.com/nationalassociations/uefarankings/country/?year=2020,https://www.uefa.com/nationalassociations/uefarankings/country/seasons/?year=2020,2026-02-13T21:37:57.705796+00:00
Netherlands,Netherlands,Netherlands,NED,95,10,35.75,8,9.4,2020,https://www.uefa.com/nationalassociations/uefarankings/country/?year=2020,https://www.uefa.com/nationalassociations/uefarankings/country/seasons/?year=2020,2026-02-13T21:37:57.705796+00:00
Türkiye,Türki̇ye,Türki̇ye,TUR,135,11,33.6,18,5.0,2020,https://www.uefa.com/nationalassociations/uefarankings/country/?year=2020,https://www.uefa.com/nationalassociations/uefarankings/country/seasons/?year=2020,2026-02-13T21:37:57.705796+00:00
Austria,Austria,Austria,AUT,8,12,32.925,14,5.8,2020,https://www.uefa.com/nationalassociations/uefarankings/country/?year=2020,https://www.uefa.com/nationalassociations/uefarankings/country/seasons/?year=2020,2026-02-13T21:37:57.705796+00:00
Denmark,Denmark,Denmark,DEN,35,13,29.25,17,5.125,2020,https://www.uefa.com/nationalassociations/uefarankings/country/?year=2020,https://www.uefa.com/nationalassociations/uefarankings/country/seasons/?year=2020,2026-02-13T21:37:57.705796+00:00
Scotland,Scotland,Scotland,SCO,117,14,27.875,7,9.75,2020,https://www.uefa.com/nationalassociations/uefarankings/country/?year=2020,https://www.uefa.com/nationalassociations/uefarankings/country/seasons/?year=2020,2026-02-13T21:37:57.705796+00:00
Czechia,Czechia,Czechia,CZE,58837,15,27.3,30,2.5,2020,https://www.uefa.com/nationalassociations/uefarankings/country/?year=2020,https://www.uefa.com/nationalassociations/uefarankings/country/seasons/?year=2020,2026-02-13T21:37:57.705796+00:00
Cyprus,Cyprus,Cyprus,CYP,33,16,26.75,16,5.125,2020,https://www.uefa.com/nationalassociations/uefarankings/country/?year=2020,https://www.uefa.com/nationalassociations/uefarankings/country/seasons/?year=2020,2026-02-13T21:37:57.705796+00:00
Switzerland,Switzerland,Switzerland,SUI,128,17,26.4,11,6.4,2020,https://www.uefa.com/nationalassociations/uefarankings/country/?year=2020,https://www.uefa.com/nationalassociations/uefarankings/country/seasons/?year=2020,2026-02-13T21:37:57.705796+00:00
Greece,Greece,Greece,GRE,49,18,26.3,19,4.9,2020,https://www.uefa.com/nationalassociations/uefarankings/country/?year=2020,https://www.uefa.com/nationalassociations/uefarankings/country/seasons/?year=2020,2026-02-13T21:37:57.705796+00:00
Serbia,Serbia,Serbia,SRB,147,19,25.5,12,6.0,2020,https://www.uefa.com/nationalassociations/uefarankings/country/?year=2020,https://www.uefa.com/nationalassociations/uefarankings/country/seasons/?year=2020,2026-02-13T21:37:57.705796+00:00
Croatia,Croatia,Croatia,CRO,56370,20,24.875,22,4.375,2020,https://www.uefa.com/nationalassociations/uefarankings/country/?year=2020,https://www.uefa.com/nationalassociations/uefarankings/country/seasons/?year=2020,2026-02-13T21:37:57.705796+00:00
Sweden,Sweden,Sweden,SWE,127,21,22.75,15,5.75,2020,https://www.uefa.com/nationalassociations/uefarankings/country/?year=2020,https://www.uefa.com/nationalassociations/uefarankings/country/seasons/?year=2020,2026-02-13T21:37:57.705796+00:00
Norway,Norway,Norway,NOR,101,22,21.75,24,3.75,2020,https://www.uefa.com/nationalassociations/uefarankings/country/?year=2020,https://www.uefa.com/nationalassociations/uefarankings/country/seasons/?year=2020,2026-02-13T21:37:57.705796+00:00
Israel,Israel,Israel,ISR,65,23,19.625,34,2.375,2020,https://www.uefa.com/nationalassociations/uefarankings/country/?year=2020,https://www.uefa.com/nationalassociations/uefarankings/country/seasons/?year=2020,2026-02-13T21:37:57.705796+00:00
Kazakhstan,Kazakhstan,Kazakhstan,KAZ,65146,24,19.25,26,3.375,2020,https://www.uefa.com/nationalassociations/uefarankings/country/?year=2020,https://www.uefa.com/nationalassociations/uefarankings/country/seasons/?year=2020,2026-02-13T21:37:57.705796+00:00
Belarus,Belarus,Belarus,BLR,57155,25,18.875,31,2.5,2020,https://www.uefa.com/nationalassociations/uefarankings/country/?year=2020,https://www.uefa.com/nationalassociations/uefarankings/country/seasons/?year=2020,2026-02-13T21:37:57.705796+00:00
Azerbaijan,Azerbaijan,Azerbaijan,AZE,57154,26,18.75,25,3.375,2020,https://www.uefa.com/nationalassociations/uefarankings/country/?year=2020,https://www.uefa.com/nationalassociations/uefarankings/country/seasons/?year=2020,2026-02-13T21:37:57.705796+00:00
Bulgaria,Bulgaria,Bulgaria,BUL,20,27,17.375,23,4.125,2020,https://www.uefa.com/nationalassociations/uefarankings/country/?year=2020,https://www.uefa.com/nationalassociations/uefarankings/country/seasons/?year=2020,2026-02-13T21:37:57.705796+00:00
Romania,Romania,Romania,ROU,113,28,16.7,13,5.875,2020,https://www.uefa.com/nationalassociations/uefarankings/country/?year=2020,https://www.uefa.com/nationalassociations/uefarankings/country/seasons/?year=2020,2026-02-13T21:37:57.705796+00:00
Poland,Poland,Poland,POL,109,29,16.625,37,2.125,2020,https://www.uefa.com/nationalassociations/uefarankings/country/?year=2020,https://www.uefa.com/nationalassociations/uefarankings/country/seasons/?year=2020,2026-02-13T21:37:57.705796+00:00
Slovakia,Slovakia,Slovakia,SVK,58836,30,15.875,27,3.0,2020,https://www.uefa.com/nationalassociations/uefarankings/country/?year=2020,https://www.uefa.com/nationalassociations/uefarankings/country/seasons/?year=2020,2026-02-13T21:37:57.705796+00:00
Liechtenstein,Liechtenstein,Liechtenstein,LIE,81,31,13.5,32,2.5,2020,https://www.uefa.com/nationalassociations/uefarankings/country/?year=2020,https://www.uefa.com/nationalassociations/uefarankings/country/seasons/?year=2020,2026-02-13T21:37:57.705796+00:00
Slovenia,Slovenia,Slovenia,SVN,57163,32,13.0,38,2.0,2020,https://www.uefa.com/nationalassociations/uefarankings/country/?year=2020,https://www.uefa.com/nationalassociations/uefarankings/country/seasons/?year=2020,2026-02-13T21:37:57.705796+00:00
Hungary,Hungary,Hungary,HUN,57,33,12.875,21,4.5,2020,https://www.uefa.com/nationalassociations/uefarankings/country/?year=2020,https://www.uefa.com/nationalassociations/uefarankings/country/seasons/?year=2020,2026-02-13T21:37:57.705796+00:00
Luxembourg,Luxembourg,Luxembourg,LUX,82,34,8.0,28,3.0,2020,https://www.uefa.com/nationalassociations/uefarankings/country/?year=2020,https://www.uefa.com/nationalassociations/uefarankings/country/seasons/?year=2020,2026-02-13T21:37:57.705796+00:00
Lithuania,Lithuania,Lithuania,LTU,56557,35,7.875,39,1.625,2020,https://www.uefa.com/nationalassociations/uefarankings/country/?year=2020,https://www.uefa.com/nationalassociations/uefarankings/country/seasons/?year=2020,2026-02-13T21:37:57.705796+00:00
Armenia,Armenia,Armenia,ARM,57419,36,7.625,29,2.75,2020,https://www.uefa.com/nationalassociations/uefarankings/country/?year=2020,https://www.uefa.com/nationalassociations/uefarankings/country/seasons/?year=2020,2026-02-13T21:37:57.705796+00:00
Latvia,Latvia,Latvia,LVA,56558,37,7.625,35,2.25,2020,https://www.uefa.com/nationalassociations/uefarankings/country/?year=2020,https://www.uefa.com/nationalassociations/uefarankings/country/seasons/?year=2020,2026-02-13T21:37:57.705796+00:00
Albania,Albania,Albania,ALB,2,38,7.375,52,0.75,2020,https://www.uefa.com/nationalassociations/uefarankings/country/?year=2020,https://www.uefa.com/nationalassociations/uefarankings/country/seasons/?year=2020,2026-02-13T21:37:57.705796+00:00
North Macedonia,North Macedonia,North Macedonia,MKD,59205,39,7.375,54,0.5,2020,https://www.uefa.com/nationalassociations/uefarankings/country/?year=2020,https://www.uefa.com/nationalassociations/uefarankings/country/seasons/?year=2020,2026-02-13T21:37:57.705796+00:00
Bosnia and Herzegovina,Bosnia and Herzegovina,Bosnia and Herzegovina,BIH,60094,40,6.875,41,1.5,2020,https://www.uefa.com/nationalassociations/uefarankings/country/?year=2020,https://www.uefa.com/nationalassociations/uefarankings/country/seasons/?year=2020,2026-02-13T21:37:57.705796+00:00
Moldova,Moldova,Moldova,MDA,57160,41,6.75,50,0.75,2020,https://www.uefa.com/nationalassociations/uefarankings/country/?year=2020,https://www.uefa.com/nationalassociations/uefarankings/country/seasons/?year=2020,2026-02-13T21:37:57.705796+00:00
Republic of Ireland,Republic of Ireland,Republic of Ireland,IRL,64,42,6.7,44,1.25,2020,https://www.uefa.com/nationalassociations/uefarankings/country/?year=2020,https://www.uefa.com/nationalassociations/uefarankings/country/seasons/?year=2020,2026-02-13T21:37:57.705796+00:00
Finland,Finland,Finland,FIN,42,43,6.5,40,1.625,2020,https://www.uefa.com/nationalassociations/uefarankings/country/?year=2020,https://www.uefa.com/nationalassociations/uefarankings/country/seasons/?year=2020,2026-02-13T21:37:57.705796+00:00
Georgia,Georgia,Georgia,GEO,57157,44,5.75,36,2.25,2020,https://www.uefa.com/nationalassociations/uefarankings/country/?year=2020,https://www.uefa.com/nationalassociations/uefarankings/country/seasons/?year=2020,2026-02-13T21:37:57.705796+00:00
Malta,Malta,Malta,MLT,88,45,5.75,51,0.75,2020,https://www.uefa.com/nationalassociations/uefarankings/country/?year=2020,https://www.uefa.com/nationalassociations/uefarankings/country/seasons/?year=2020,2026-02-13T21:37:57.705796+00:00
Iceland,Iceland,Iceland,ISL,58,46,5.375,53,0.625,2020,https://www.uefa.com/nationalassociations/uefarankings/country/?year=2020,https://www.uefa.com/nationalassociations/uefarankings/country/seasons/?year=2020,2026-02-13T21:37:57.705796+00:00
Wales,Wales,Wales,WAL,144,47,5.0,48,1.0,2020,https://www.uefa.com/nationalassociations/uefarankings/country/?year=2020,https://www.uefa.com/nationalassociations/uefarankings/country/seasons/?year=2020,2026-02-13T21:37:57.705796+00:00
Northern Ireland,Northern Ireland,Northern Ireland,NIR,63,48,4.875,33,2.375,2020,https://www.uefa.com/nationalassociations/uefarankings/country/?year=2020,https://www.uefa.com/nationalassociations/uefarankings/country/seasons/?year=2020,2026-02-13T21:37:57.705796+00:00
Gibraltar,Gibraltar,Gibraltar,GIB,94080,49,4.75,46,1.0,2020,https://www.uefa.com/nationalassociations/uefarankings/country/?year=2020,https://www.uefa.com/nationalassociations/uefarankings/country/seasons/?year=2020,2026-02-13T21:37:57.705796+00:00
Montenegro,Montenegro,Montenegro,MNE,92853,50,4.375,47,1.0,2020,https://www.uefa.com/nationalassociations/uefarankings/country/?year=2020,https://www.uefa.com/nationalassociations/uefarankings/country/seasons/?year=2020,2026-02-13T21:37:57.705796+00:00
Estonia,Estonia,Estonia,EST,56556,51,4.375,49,0.875,2020,https://www.uefa.com/nationalassociations/uefarankings/country/?year=2020,https://www.uefa.com/nationalassociations/uefarankings/country/seasons/?year=2020,2026-02-13T21:37:57.705796+00:00
Kosovo,Kosovo,Kosovo,KOS,2608110,52,4.0,43,1.5,2020,https://www.uefa.com/nationalassociations/uefarankings/country/?year=2020,https://www.uefa.com/nationalassociations/uefarankings/country/seasons/?year=2020,2026-02-13T21:37:57.705796+00:00
Faroe Islands,Faroe Islands,Faroe Islands,FRO,51218,53,3.75,45,1.125,2020,https://www.uefa.com/nationalassociations/uefarankings/country/?year=2020,https://www.uefa.com/nationalassociations/uefarankings/country/seasons/?year=2020,2026-02-13T21:37:57.705796+00:00
Andorra,Andorra,Andorra,AND,60618,54,2.831,42,1.5,2020,https://www.uefa.com/nationalassociations/uefarankings/country/?year=2020,https://www.uefa.com/nationalassociations/uefarankings/country/seasons/?year=2020,2026-02-13T21:37:57.705796+00:00
San Marino,San Marino,San Marino,SMR,50168,55,0.666,55,0.0,2020,https://www.uefa.com/nationalassociations/uefarankings/country/?year=2020,https://www.uefa.com/nationalassociations/uefarankings/country/seasons/?year=2020,2026-02-13T21:37:57.705796+00:00
England,England,England,ENG,39,1,100.569,1,24.357,2021,https://www.uefa.com/nationalassociations/uefarankings/country/?year=2021,https://www.uefa.com/nationalassociations/uefarankings/country/seasons/?year=2021,2026-02-13T21:37:57.705796+00:00
Spain,Spain,Spain,ESP,122,2,97.855,2,19.5,2021,https://www.uefa.com/nationalassociations/uefarankings/country/?year=2021,https://www.uefa.com/nationalassociations/uefarankings/country/seasons/?year=2021,2026-02-13T21:37:57.705796+00:00
Italy,Italy,Italy,ITA,66,3,75.438,3,16.285,2021,https://www.uefa.com/nationalassociations/uefarankings/country/?year=2021,https://www.uefa.com/nationalassociations/uefarankings/country/seasons/?year=2021,2026-02-13T21:37:57.705796+00:00
Germany,Germany,Germany,GER,47,4,73.57,4,15.214,2021,https://www.uefa.com/nationalassociations/uefarankings/country/?year=2021,https://www.uefa.com/nationalassociations/uefarankings/country/seasons/?year=2021,2026-02-13T21:37:57.705796+00:00
France,France,France,FRA,43,5,56.081,8,7.916,2021,https://www.uefa.com/nationalassociations/uefarankings/country/?year=2021,https://www.uefa.com/nationalassociations/uefarankings/country/seasons/?year=2021,2026-02-13T21:37:57.705796+00:00
Portugal,Portugal,Portugal,POR,110,6,48.549,5,9.6,2021,https://www.uefa.com/nationalassociations/uefarankings/country/?year=2021,https://www.uefa.com/nationalassociations/uefarankings/country/seasons/?year=2021,2026-02-13T21:37:57.705796+00:00
Netherlands,Netherlands,Netherlands,NED,95,7,39.2,6,9.2,2021,https://www.uefa.com/nationalassociations/uefarankings/country/?year=2021,https://www.uefa.com/nationalassociations/uefarankings/country/seasons/?year=2021,2026-02-13T21:37:57.705796+00:00
Russia,Russia,Russia,RUS,57451,8,38.382,19,4.333,2021,https://www.uefa.com/nationalassociations/uefarankings/country/?year=2021,https://www.uefa.com/nationalassociations/uefarankings/country/seasons/?year=2021,2026-02-13T21:37:57.705796+00:00
Belgium,Belgium,Belgium,BEL,13,9,36.5,14,6.0,2021,https://www.uefa.com/nationalassociations/uefarankings/country/?year=2021,https://www.uefa.com/nationalassociations/uefarankings/country/seasons/?year=2021,2026-02-13T21:37:57.705796+00:00
Austria,Austria,Austria,AUT,8,10,35.825,11,6.7,2021,https://www.uefa.com/nationalassociations/uefarankings/country/?year=2021,https://www.uefa.com/nationalassociations/uefarankings/country/seasons/?year=2021,2026-02-13T21:37:57.705796+00:00
Scotland,Scotland,Scotland,SCO,117,11,33.375,7,8.5,2021,https://www.uefa.com/nationalassociations/uefarankings/country/?year=2021,https://www.uefa.com/nationalassociations/uefarankings/country/seasons/?year=2021,2026-02-13T21:37:57.705796+00:00
Ukraine,Ukraine,Ukraine,UKR,57166,12,33.1,10,6.8,2021,https://www.uefa.com/nationalassociations/uefarankings/country/?year=2021,https://www.uefa.com/nationalassociations/uefarankings/country/seasons/?year=2021,2026-02-13T21:37:57.705796+00:00
Türkiye,Türki̇ye,Türki̇ye,TUR,135,13,30.1,26,3.1,2021,https://www.uefa.com/nationalassociations/uefarankings/country/?year=2021,https://www.uefa.com/nationalassociations/uefarankings/country/seasons/?year=2021,2026-02-13T21:37:57.705796+00:00
Denmark,Denmark,Denmark,DEN,35,14,27.875,21,4.125,2021,https://www.uefa.com/nationalassociations/uefarankings/country/?year=2021,https://www.uefa.com/nationalassociations/uefarankings/country/seasons/?year=2021,2026-02-13T21:37:57.705796+00:00
Cyprus,Cyprus,Cyprus,CYP,33,15,27.75,23,4.0,2021,https://www.uefa.com/nationalassociations/uefarankings/country/?year=2021,https://www.uefa.com/nationalassociations/uefarankings/country/seasons/?year=2021,2026-02-13T21:37:57.705796+00:00
Serbia,Serbia,Serbia,SRB,147,16,26.75,16,5.5,2021,https://www.uefa.com/nationalassociations/uefarankings/country/?year=2021,https://www.uefa.com/nationalassociations/uefarankings/country/seasons/?year=2021,2026-02-13T21:37:57.705796+00:00
Czechia,Czechia,Czechia,CZE,58837,17,26.6,12,6.6,2021,https://www.uefa.com/nationalassociations/uefarankings/country/?year=2021,https://www.uefa.com/nationalassociations/uefarankings/country/seasons/?year=2021,2026-02-13T21:37:57.705796+00:00
Croatia,Croatia,Croatia,CRO,56370,18,26.275,15,5.9,2021,https://www.uefa.com/nationalassociations/uefarankings/country/?year=2021,https://www.uefa.com/nationalassociations/uefarankings/country/seasons/?year=2021,2026-02-13T21:37:57.705796+00:00
Switzerland,Switzerland,Switzerland,SUI,128,19,26.225,17,5.125,2021,https://www.uefa.com/nationalassociations/uefarankings/country/?year=2021,https://www.uefa.com/nationalassociations/uefarankings/country/seasons/?year=2021,2026-02-13T21:37:57.705796+00:00
Greece,Greece,Greece,GRE,49,20,26.0,18,5.1,2021,https://www.uefa.com/nationalassociations/uefarankings/country/?year=2021,https://www.uefa.com/nationalassociations/uefarankings/country/seasons/?year=2021,2026-02-13T21:37:57.705796+00:00
Israel,Israel,Israel,ISR,65,21,24.375,9,7.0,2021,https://www.uefa.com/nationalassociations/uefarankings/country/?year=2021,https://www.uefa.com/nationalassociations/uefarankings/country/seasons/?year=2021,2026-02-13T21:37:57.705796+00:00
Norway,Norway,Norway,NOR,101,22,21.0,13,6.5,2021,https://www.uefa.com/nationalassociations/uefarankings/country/?year=2021,https://www.uefa.com/nationalassociations/uefarankings/country/seasons/?year=2021,2026-02-13T21:37:57.705796+00:00
Sweden,Sweden,Sweden,SWE,127,23,20.5,31,2.5,2021,https://www.uefa.com/nationalassociations/uefarankings/country/?year=2021,https://www.uefa.com/nationalassociations/uefarankings/country/seasons/?year=2021,2026-02-13T21:37:57.705796+00:00
Bulgaria,Bulgaria,Bulgaria,BUL,20,24,20.375,24,4.0,2021,https://www.uefa.com/nationalassociations/uefarankings/country/?year=2021,https://www.uefa.com/nationalassociations/uefarankings/country/seasons/?year=2021,2026-02-13T21:37:57.705796+00:00
Romania,Romania,Romania,ROU,113,25,18.2,25,3.75,2021,https://www.uefa.com/nationalassociations/uefarankings/country/?year=2021,https://www.uefa.com/nationalassociations/uefarankings/country/seasons/?year=2021,2026-02-13T21:37:57.705796+00:00
Azerbaijan,Azerbaijan,Azerbaijan,AZE,57154,26,16.875,30,2.5,2021,https://www.uefa.com/nationalassociations/uefarankings/country/?year=2021,https://www.uefa.com/nationalassociations/uefarankings/country/seasons/?year=2021,2026-02-13T21:37:57.705796+00:00
Kazakhstan,Kazakhstan,Kazakhstan,KAZ,65146,27,15.625,51,1.0,2021,https://www.uefa.com/nationalassociations/uefarankings/country/?year=2021,https://www.uefa.com/nationalassociations/uefarankings/country/seasons/?year=2021,2026-02-13T21:37:57.705796+00:00
Hungary,Hungary,Hungary,HUN,57,28,15.5,20,4.25,2021,https://www.uefa.com/nationalassociations/uefarankings/country/?year=2021,https://www.uefa.com/nationalassociations/uefarankings/country/seasons/?year=2021,2026-02-13T21:37:57.705796+00:00
Belarus,Belarus,Belarus,BLR,57155,29,15.25,43,1.5,2021,https://www.uefa.com/nationalassociations/uefarankings/country/?year=2021,https://www.uefa.com/nationalassociations/uefarankings/country/seasons/?year=2021,2026-02-13T21:37:57.705796+00:00
Poland,Poland,Poland,POL,109,30,15.125,22,4.0,2021,https://www.uefa.com/nationalassociations/uefarankings/country/?year=2021,https://www.uefa.com/nationalassociations/uefarankings/country/seasons/?year=2021,2026-02-13T21:37:57.705796+00:00
Slovenia,Slovenia,Slovenia,SVN,57163,31,14.25,32,2.25,2021,https://www.uefa.com/nationalassociations/uefarankings/country/?year=2021,https://www.uefa.com/nationalassociations/uefarankings/country/seasons/?year=2021,2026-02-13T21:37:57.705796+00:00
Slovakia,Slovakia,Slovakia,SVK,58836,32,13.625,42,1.5,2021,https://www.uefa.com/nationalassociations/uefarankings/country/?year=2021,https://www.uefa.com/nationalassociations/uefarankings/country/seasons/?year=2021,2026-02-13T21:37:57.705796+00:00
Liechtenstein,Liechtenstein,Liechtenstein,LIE,81,33,9.0,54,0.5,2021,https://www.uefa.com/nationalassociations/uefarankings/country/?year=2021,https://www.uefa.com/nationalassociations/uefarankings/country/seasons/?year=2021,2026-02-13T21:37:57.705796+00:00
Lithuania,Lithuania,Lithuania,LTU,56557,34,8.75,40,1.625,2021,https://www.uefa.com/nationalassociations/uefarankings/country/?year=2021,https://www.uefa.com/nationalassociations/uefarankings/country/seasons/?year=2021,2026-02-13T21:37:57.705796+00:00
Luxembourg,Luxembourg,Luxembourg,LUX,82,35,8.25,50,1.0,2021,https://www.uefa.com/nationalassociations/uefarankings/country/?year=2021,https://www.uefa.com/nationalassociations/uefarankings/country/seasons/?year=2021,2026-02-13T21:37:57.705796+00:00
Bosnia and Herzegovina,Bosnia and Herzegovina,Bosnia and Herzegovina,BIH,60094,36,8.0,29,2.625,2021,https://www.uefa.com/nationalassociations/uefarankings/country/?year=2021,https://www.uefa.com/nationalassociations/uefarankings/country/seasons/?year=2021,2026-02-13T21:37:57.705796+00:00
Republic of Ireland,Republic of Ireland,Republic of Ireland,IRL,64,37,7.875,34,1.875,2021,https://www.uefa.com/nationalassociations/uefarankings/country/?year=2021,https://www.uefa.com/nationalassociations/uefarankings/country/seasons/?year=2021,2026-02-13T21:37:57.705796+00:00
North Macedonia,North Macedonia,North Macedonia,MKD,59205,38,7.625,36,1.75,2021,https://www.uefa.com/nationalassociations/uefarankings/country/?year=2021,https://www.uefa.com/nationalassociations/uefarankings/country/seasons/?year=2021,2026-02-13T21:37:57.705796+00:00
Armenia,Armenia,Armenia,ARM,57419,39,7.375,49,1.375,2021,https://www.uefa.com/nationalassociations/uefarankings/country/?year=2021,https://www.uefa.com/nationalassociations/uefarankings/country/seasons/?year=2021,2026-02-13T21:37:57.705796+00:00
Latvia,Latvia,Latvia,LVA,56558,40,7.375,48,1.375,2021,https://www.uefa.com/nationalassociations/uefarankings/country/?year=2021,https://www.uefa.com/nationalassociations/uefarankings/country/seasons/?year=2021,2026-02-13T21:37:57.705796+00:00
Albania,Albania,Albania,ALB,2,41,7.25,33,2.0,2021,https://www.uefa.com/nationalassociations/uefarankings/country/?year=2021,https://www.uefa.com/nationalassociations/uefarankings/country/seasons/?year=2021,2026-02-13T21:37:57.705796+00:00
Northern Ireland,Northern Ireland,Northern Ireland,NIR,63,42,6.958,27,2.833,2021,https://www.uefa.com/nationalassociations/uefarankings/country/?year=2021,https://www.uefa.com/nationalassociations/uefarankings/country/seasons/?year=2021,2026-02-13T21:37:57.705796+00:00
Georgia,Georgia,Georgia,GEO,57157,43,6.875,37,1.75,2021,https://www.uefa.com/nationalassociations/uefarankings/country/?year=2021,https://www.uefa.com/nationalassociations/uefarankings/country/seasons/?year=2021,2026-02-13T21:37:57.705796+00:00
Finland,Finland,Finland,FIN,42,44,6.875,47,1.375,2021,https://www.uefa.com/nationalassociations/uefarankings/country/?year=2021,https://www.uefa.com/nationalassociations/uefarankings/country/seasons/?year=2021,2026-02-13T21:37:57.705796+00:00
Moldova,Moldova,Moldova,MDA,57160,45,6.875,45,1.375,2021,https://www.uefa.com/nationalassociations/uefarankings/country/?year=2021,https://www.uefa.com/nationalassociations/uefarankings/country/seasons/?year=2021,2026-02-13T21:37:57.705796+00:00
Malta,Malta,Malta,MLT,88,46,6.375,44,1.5,2021,https://www.uefa.com/nationalassociations/uefarankings/country/?year=2021,https://www.uefa.com/nationalassociations/uefarankings/country/seasons/?year=2021,2026-02-13T21:37:57.705796+00:00
Faroe Islands,Faroe Islands,Faroe Islands,FRO,51218,47,6.125,28,2.75,2021,https://www.uefa.com/nationalassociations/uefarankings/country/?year=2021,https://www.uefa.com/nationalassociations/uefarankings/country/seasons/?year=2021,2026-02-13T21:37:57.705796+00:00
Kosovo,Kosovo,Kosovo,KOS,2608110,48,5.833,35,1.833,2021,https://www.uefa.com/nationalassociations/uefarankings/country/?year=2021,https://www.uefa.com/nationalassociations/uefarankings/country/seasons/?year=2021,2026-02-13T21:37:57.705796+00:00
Gibraltar,Gibraltar,Gibraltar,GIB,94080,49,5.666,38,1.666,2021,https://www.uefa.com/nationalassociations/uefarankings/country/?year=2021,https://www.uefa.com/nationalassociations/uefarankings/country/seasons/?year=2021,2026-02-13T21:37:57.705796+00:00
Montenegro,Montenegro,Montenegro,MNE,92853,50,5.0,39,1.625,2021,https://www.uefa.com/nationalassociations/uefarankings/country/?year=2021,https://www.uefa.com/nationalassociations/uefarankings/country/seasons/?year=2021,2026-02-13T21:37:57.705796+00:00
Wales,Wales,Wales,WAL,144,51,5.0,41,1.5,2021,https://www.uefa.com/nationalassociations/uefarankings/country/?year=2021,https://www.uefa.com/nationalassociations/uefarankings/country/seasons/?year=2021,2026-02-13T21:37:57.705796+00:00
Iceland,Iceland,Iceland,ISL,58,52,4.875,53,0.625,2021,https://www.uefa.com/nationalassociations/uefarankings/country/?year=2021,https://www.uefa.com/nationalassociations/uefarankings/country/seasons/?year=2021,2026-02-13T21:37:57.705796+00:00
Estonia,Estonia,Estonia,EST,56556,53,4.75,46,1.375,2021,https://www.uefa.com/nationalassociations/uefarankings/country/?year=2021,https://www.uefa.com/nationalassociations/uefarankings/country/seasons/?year=2021,2026-02-13T21:37:57.705796+00:00
Andorra,Andorra,Andorra,AND,60618,54,3.331,52,0.666,2021,https://www.uefa.com/nationalassociations/uefarankings/country/?year=2021,https://www.uefa.com/nationalassociations/uefarankings/country/seasons/?year=2021,2026-02-13T21:37:57.705796+00:00
San Marino,San Marino,San Marino,SMR,50168,55,1.166,55,0.5,2021,https://www.uefa.com/nationalassociations/uefarankings/country/?year=2021,https://www.uefa.com/nationalassociations/uefarankings/country/seasons/?year=2021,2026-02-13T21:37:57.705796+00:00
England,England,England,ENG,39,1,106.641,1,21.0,2022,https://www.uefa.com/nationalassociations/uefarankings/country/?year=2022,https://www.uefa.com/nationalassociations/uefarankings/country/seasons/?year=2022,2026-02-13T21:37:57.705796+00:00
Spain,Spain,Spain,ESP,122,2,96.141,3,18.428,2022,https://www.uefa.com/nationalassociations/uefarankings/country/?year=2022,https://www.uefa.com/nationalassociations/uefarankings/country/seasons/?year=2022,2026-02-13T21:37:57.705796+00:00
Italy,Italy,Italy,ITA,66,3,76.902,6,15.714,2022,https://www.uefa.com/nationalassociations/uefarankings/country/?year=2022,https://www.uefa.com/nationalassociations/uefarankings/country/seasons/?year=2022,2026-02-13T21:37:57.705796+00:00
Germany,Germany,Germany,GER,47,4,75.213,5,16.214,2022,https://www.uefa.com/nationalassociations/uefarankings/country/?year=2022,https://www.uefa.com/nationalassociations/uefarankings/country/seasons/?year=2022,2026-02-13T21:37:57.705796+00:00
France,France,France,FRA,43,5,60.081,4,18.416,2022,https://www.uefa.com/nationalassociations/uefarankings/country/?year=2022,https://www.uefa.com/nationalassociations/uefarankings/country/seasons/?year=2022,2026-02-13T21:37:57.705796+00:00
Portugal,Portugal,Portugal,POR,110,6,53.382,7,12.916,2022,https://www.uefa.com/nationalassociations/uefarankings/country/?year=2022,https://www.uefa.com/nationalassociations/uefarankings/country/seasons/?year=2022,2026-02-13T21:37:57.705796+00:00
Netherlands,Netherlands,Netherlands,NED,95,7,49.3,2,19.2,2022,https://www.uefa.com/nationalassociations/uefarankings/country/?year=2022,https://www.uefa.com/nationalassociations/uefarankings/country/seasons/?year=2022,2026-02-13T21:37:57.705796+00:00
Austria,Austria,Austria,AUT,8,8,38.85,8,10.4,2022,https://www.uefa.com/nationalassociations/uefarankings/country/?year=2022,https://www.uefa.com/nationalassociations/uefarankings/country/seasons/?year=2022,2026-02-13T21:37:57.705796+00:00
Scotland,Scotland,Scotland,SCO,117,9,36.9,11,7.9,2022,https://www.uefa.com/nationalassociations/uefarankings/country/?year=2022,https://www.uefa.com/nationalassociations/uefarankings/country/seasons/?year=2022,2026-02-13T21:37:57.705796+00:00
Russia,Russia,Russia,RUS,57451,10,34.482,20,5.3,2022,https://www.uefa.com/nationalassociations/uefarankings/country/?year=2022,https://www.uefa.com/nationalassociations/uefarankings/country/seasons/?year=2022,2026-02-13T21:37:57.705796+00:00
Serbia,Serbia,Serbia,SRB,147,11,33.375,9,9.5,2022,https://www.uefa.com/nationalassociations/uefarankings/country/?year=2022,https://www.uefa.com/nationalassociations/uefarankings/country/seasons/?year=2022,2026-02-13T21:37:57.705796+00:00
Ukraine,Ukraine,Ukraine,UKR,57166,12,31.8,25,4.2,2022,https://www.uefa.com/nationalassociations/uefarankings/country/?year=2022,https://www.uefa.com/nationalassociations/uefarankings/country/seasons/?year=2022,2026-02-13T21:37:57.705796+00:00
Belgium,Belgium,Belgium,BEL,13,13,30.6,18,6.6,2022,https://www.uefa.com/nationalassociations/uefarankings/country/?year=2022,https://www.uefa.com/nationalassociations/uefarankings/country/seasons/?year=2022,2026-02-13T21:37:57.705796+00:00
Switzerland,Switzerland,Switzerland,SUI,128,14,29.675,13,7.75,2022,https://www.uefa.com/nationalassociations/uefarankings/country/?year=2022,https://www.uefa.com/nationalassociations/uefarankings/country/seasons/?year=2022,2026-02-13T21:37:57.705796+00:00
Greece,Greece,Greece,GRE,49,15,28.2,10,8.0,2022,https://www.uefa.com/nationalassociations/uefarankings/country/?year=2022,https://www.uefa.com/nationalassociations/uefarankings/country/seasons/?year=2022,2026-02-13T21:37:57.705796+00:00
Czechia,Czechia,Czechia,CZE,58837,16,27.8,16,6.7,2022,https://www.uefa.com/nationalassociations/uefarankings/country/?year=2022,https://www.uefa.com/nationalassociations/uefarankings/country/seasons/?year=2022,2026-02-13T21:37:57.705796+00:00
Norway,Norway,Norway,NOR,101,17,27.25,14,7.625,2022,https://www.uefa.com/nationalassociations/uefarankings/country/?year=2022,https://www.uefa.com/nationalassociations/uefarankings/country/seasons/?year=2022,2026-02-13T21:37:57.705796+00:00
Denmark,Denmark,Denmark,DEN,35,18,27.175,12,7.8,2022,https://www.uefa.com/nationalassociations/uefarankings/country/?year=2022,https://www.uefa.com/nationalassociations/uefarankings/country/seasons/?year=2022,2026-02-13T21:37:57.705796+00:00
Croatia,Croatia,Croatia,CRO,56370,19,27.15,19,6.0,2022,https://www.uefa.com/nationalassociations/uefarankings/country/?year=2022,https://www.uefa.com/nationalassociations/uefarankings/country/seasons/?year=2022,2026-02-13T21:37:57.705796+00:00
Türkiye,Türki̇ye,Türki̇ye,TUR,135,20,27.1,17,6.7,2022,https://www.uefa.com/nationalassociations/uefarankings/country/?year=2022,https://www.uefa.com/nationalassociations/uefarankings/country/seasons/?year=2022,2026-02-13T21:37:57.705796+00:00
Cyprus,Cyprus,Cyprus,CYP,33,21,26.375,27,4.125,2022,https://www.uefa.com/nationalassociations/uefarankings/country/?year=2022,https://www.uefa.com/nationalassociations/uefarankings/country/seasons/?year=2022,2026-02-13T21:37:57.705796+00:00
Israel,Israel,Israel,ISR,65,22,24.375,15,6.75,2022,https://www.uefa.com/nationalassociations/uefarankings/country/?year=2022,https://www.uefa.com/nationalassociations/uefarankings/country/seasons/?year=2022,2026-02-13T21:37:57.705796+00:00
Sweden,Sweden,Sweden,SWE,127,23,22.875,22,5.125,2022,https://www.uefa.com/nationalassociations/uefarankings/country/?year=2022,https://www.uefa.com/nationalassociations/uefarankings/country/seasons/?year=2022,2026-02-13T21:37:57.705796+00:00
Bulgaria,Bulgaria,Bulgaria,BUL,20,24,19.5,30,3.375,2022,https://www.uefa.com/nationalassociations/uefarankings/country/?year=2022,https://www.uefa.com/nationalassociations/uefarankings/country/seasons/?year=2022,2026-02-13T21:37:57.705796+00:00
Romania,Romania,Romania,ROU,113,25,17.15,37,2.25,2022,https://www.uefa.com/nationalassociations/uefarankings/country/?year=2022,https://www.uefa.com/nationalassociations/uefarankings/country/seasons/?year=2022,2026-02-13T21:37:57.705796+00:00
Azerbaijan,Azerbaijan,Azerbaijan,AZE,57154,26,17.0,24,4.375,2022,https://www.uefa.com/nationalassociations/uefarankings/country/?year=2022,https://www.uefa.com/nationalassociations/uefarankings/country/seasons/?year=2022,2026-02-13T21:37:57.705796+00:00
Hungary,Hungary,Hungary,HUN,57,27,16.375,34,2.75,2022,https://www.uefa.com/nationalassociations/uefarankings/country/?year=2022,https://www.uefa.com/nationalassociations/uefarankings/country/seasons/?year=2022,2026-02-13T21:37:57.705796+00:00
Poland,Poland,Poland,POL,109,28,15.875,23,4.625,2022,https://www.uefa.com/nationalassociations/uefarankings/country/?year=2022,https://www.uefa.com/nationalassociations/uefarankings/country/seasons/?year=2022,2026-02-13T21:37:57.705796+00:00
Kazakhstan,Kazakhstan,Kazakhstan,KAZ,65146,29,15.75,32,2.875,2022,https://www.uefa.com/nationalassociations/uefarankings/country/?year=2022,https://www.uefa.com/nationalassociations/uefarankings/country/seasons/?year=2022,2026-02-13T21:37:57.705796+00:00
Slovakia,Slovakia,Slovakia,SVK,58836,30,15.625,26,4.125,2022,https://www.uefa.com/nationalassociations/uefarankings/country/?year=2022,https://www.uefa.com/nationalassociations/uefarankings/country/seasons/?year=2022,2026-02-13T21:37:57.705796+00:00
Slovenia,Slovenia,Slovenia,SVN,57163,31,15.0,31,3.0,2022,https://www.uefa.com/nationalassociations/uefarankings/country/?year=2022,https://www.uefa.com/nationalassociations/uefarankings/country/seasons/?year=2022,2026-02-13T21:37:57.705796+00:00
Belarus,Belarus,Belarus,BLR,57155,32,12.5,54,0.25,2022,https://www.uefa.com/nationalassociations/uefarankings/country/?year=2022,https://www.uefa.com/nationalassociations/uefarankings/country/seasons/?year=2022,2026-02-13T21:37:57.705796+00:00
Moldova,Moldova,Moldova,MDA,57160,33,11.25,21,5.25,2022,https://www.uefa.com/nationalassociations/uefarankings/country/?year=2022,https://www.uefa.com/nationalassociations/uefarankings/country/seasons/?year=2022,2026-02-13T21:37:57.705796+00:00
Lithuania,Lithuania,Lithuania,LTU,56557,34,10.0,40,1.75,2022,https://www.uefa.com/nationalassociations/uefarankings/country/?year=2022,https://www.uefa.com/nationalassociations/uefarankings/country/seasons/?year=2022,2026-02-13T21:37:57.705796+00:00
Bosnia and Herzegovina,Bosnia and Herzegovina,Bosnia and Herzegovina,BIH,60094,35,9.125,41,1.625,2022,https://www.uefa.com/nationalassociations/uefarankings/country/?year=2022,https://www.uefa.com/nationalassociations/uefarankings/country/seasons/?year=2022,2026-02-13T21:37:57.705796+00:00
Finland,Finland,Finland,FIN,42,36,8.875,28,3.75,2022,https://www.uefa.com/nationalassociations/uefarankings/country/?year=2022,https://www.uefa.com/nationalassociations/uefarankings/country/seasons/?year=2022,2026-02-13T21:37:57.705796+00:00
Luxembourg,Luxembourg,Luxembourg,LUX,82,37,8.75,50,1.25,2022,https://www.uefa.com/nationalassociations/uefarankings/country/?year=2022,https://www.uefa.com/nationalassociations/uefarankings/country/seasons/?year=2022,2026-02-13T21:37:57.705796+00:00
Latvia,Latvia,Latvia,LVA,56558,38,8.625,35,2.625,2022,https://www.uefa.com/nationalassociations/uefarankings/country/?year=2022,https://www.uefa.com/nationalassociations/uefarankings/country/seasons/?year=2022,2026-02-13T21:37:57.705796+00:00
Kosovo,Kosovo,Kosovo,KOS,2608110,39,8.166,36,2.333,2022,https://www.uefa.com/nationalassociations/uefarankings/country/?year=2022,https://www.uefa.com/nationalassociations/uefarankings/country/seasons/?year=2022,2026-02-13T21:37:57.705796+00:00
Republic of Ireland,Republic of Ireland,Republic of Ireland,IRL,64,40,8.125,33,2.875,2022,https://www.uefa.com/nationalassociations/uefarankings/country/?year=2022,https://www.uefa.com/nationalassociations/uefarankings/country/seasons/?year=2022,2026-02-13T21:37:57.705796+00:00
Armenia,Armenia,Armenia,ARM,57419,41,8.125,38,1.875,2022,https://www.uefa.com/nationalassociations/uefarankings/country/?year=2022,https://www.uefa.com/nationalassociations/uefarankings/country/seasons/?year=2022,2026-02-13T21:37:57.705796+00:00
Northern Ireland,Northern Ireland,Northern Ireland,NIR,63,42,8.083,42,1.625,2022,https://www.uefa.com/nationalassociations/uefarankings/country/?year=2022,https://www.uefa.com/nationalassociations/uefarankings/country/seasons/?year=2022,2026-02-13T21:37:57.705796+00:00
Albania,Albania,Albania,ALB,2,43,8.0,43,1.625,2022,https://www.uefa.com/nationalassociations/uefarankings/country/?year=2022,https://www.uefa.com/nationalassociations/uefarankings/country/seasons/?year=2022,2026-02-13T21:37:57.705796+00:00
Faroe Islands,Faroe Islands,Faroe Islands,FRO,51218,44,7.25,44,1.5,2022,https://www.uefa.com/nationalassociations/uefarankings/country/?year=2022,https://www.uefa.com/nationalassociations/uefarankings/country/seasons/?year=2022,2026-02-13T21:37:57.705796+00:00
Estonia,Estonia,Estonia,EST,56556,45,7.041,29,3.666,2022,https://www.uefa.com/nationalassociations/uefarankings/country/?year=2022,https://www.uefa.com/nationalassociations/uefarankings/country/seasons/?year=2022,2026-02-13T21:37:57.705796+00:00
Malta,Malta,Malta,MLT,88,46,7.0,39,1.875,2022,https://www.uefa.com/nationalassociations/uefarankings/country/?year=2022,https://www.uefa.com/nationalassociations/uefarankings/country/seasons/?year=2022,2026-02-13T21:37:57.705796+00:00
Georgia,Georgia,Georgia,GEO,57157,47,7.0,48,1.25,2022,https://www.uefa.com/nationalassociations/uefarankings/country/?year=2022,https://www.uefa.com/nationalassociations/uefarankings/country/seasons/?year=2022,2026-02-13T21:37:57.705796+00:00
North Macedonia,North Macedonia,North Macedonia,MKD,59205,48,7.0,52,0.625,2022,https://www.uefa.com/nationalassociations/uefarankings/country/?year=2022,https://www.uefa.com/nationalassociations/uefarankings/country/seasons/?year=2022,2026-02-13T21:37:57.705796+00:00
Liechtenstein,Liechtenstein,Liechtenstein,LIE,81,49,6.5,56,0.0,2022,https://www.uefa.com/nationalassociations/uefarankings/country/?year=2022,https://www.uefa.com/nationalassociations/uefarankings/country/seasons/?year=2022,2026-02-13T21:37:57.705796+00:00
Wales,Wales,Wales,WAL,144,50,5.5,46,1.5,2022,https://www.uefa.com/nationalassociations/uefarankings/country/?year=2022,https://www.uefa.com/nationalassociations/uefarankings/country/seasons/?year=2022,2026-02-13T21:37:57.705796+00:00
Gibraltar,Gibraltar,Gibraltar,GIB,94080,51,5.416,49,1.25,2022,https://www.uefa.com/nationalassociations/uefarankings/country/?year=2022,https://www.uefa.com/nationalassociations/uefarankings/country/seasons/?year=2022,2026-02-13T21:37:57.705796+00:00
Iceland,Iceland,Iceland,ISL,58,52,5.375,47,1.5,2022,https://www.uefa.com/nationalassociations/uefarankings/country/?year=2022,https://www.uefa.com/nationalassociations/uefarankings/country/seasons/?year=2022,2026-02-13T21:37:57.705796+00:00
Montenegro,Montenegro,Montenegro,MNE,92853,53,4.875,51,0.75,2022,https://www.uefa.com/nationalassociations/uefarankings/country/?year=2022,https://www.uefa.com/nationalassociations/uefarankings/country/seasons/?year=2022,2026-02-13T21:37:57.705796+00:00
Andorra,Andorra,Andorra,AND,60618,54,4.665,45,1.5,2022,https://www.uefa.com/nationalassociations/uefarankings/country/?year=2022,https://www.uefa.com/nationalassociations/uefarankings/country/seasons/?year=2022,2026-02-13T21:37:57.705796+00:00
San Marino,San Marino,San Marino,SMR,50168,55,1.332,55,0.166,2022,https://www.uefa.com/nationalassociations/uefarankings/country/?year=2022,https://www.uefa.com/nationalassociations/uefarankings/country/seasons/?year=2022,2026-02-13T21:37:57.705796+00:00
England,England,England,ENG,39,1,109.57,1,23.0,2023,https://www.uefa.com/nationalassociations/uefarankings/country/?year=2023,https://www.uefa.com/nationalassociations/uefarankings/country/seasons/?year=2023,2026-02-13T21:37:57.705796+00:00
Spain,Spain,Spain,ESP,122,2,92.998,4,16.571,2023,https://www.uefa.com/nationalassociations/uefarankings/country/?year=2023,https://www.uefa.com/nationalassociations/uefarankings/country/seasons/?year=2023,2026-02-13T21:37:57.705796+00:00
Germany,Germany,Germany,GER,47,3,82.481,3,17.125,2023,https://www.uefa.com/nationalassociations/uefarankings/country/?year=2023,https://www.uefa.com/nationalassociations/uefarankings/country/seasons/?year=2023,2026-02-13T21:37:57.705796+00:00
Italy,Italy,Italy,ITA,66,4,81.926,2,22.357,2023,https://www.uefa.com/nationalassociations/uefarankings/country/?year=2023,https://www.uefa.com/nationalassociations/uefarankings/country/seasons/?year=2023,2026-02-13T21:37:57.705796+00:00
France,France,France,FRA,43,5,61.164,7,12.583,2023,https://www.uefa.com/nationalassociations/uefarankings/country/?year=2023,https://www.uefa.com/nationalassociations/uefarankings/country/seasons/?year=2023,2026-02-13T21:37:57.705796+00:00
Netherlands,Netherlands,Netherlands,NED,95,6,59.9,6,13.5,2023,https://www.uefa.com/nationalassociations/uefarankings/country/?year=2023,https://www.uefa.com/nationalassociations/uefarankings/country/seasons/?year=2023,2026-02-13T21:37:57.705796+00:00
Portugal,Portugal,Portugal,POR,110,7,56.216,8,12.5,2023,https://www.uefa.com/nationalassociations/uefarankings/country/?year=2023,https://www.uefa.com/nationalassociations/uefarankings/country/seasons/?year=2023,2026-02-13T21:37:57.705796+00:00
Belgium,Belgium,Belgium,BEL,13,8,42.2,5,14.2,2023,https://www.uefa.com/nationalassociations/uefarankings/country/?year=2023,https://www.uefa.com/nationalassociations/uefarankings/country/seasons/?year=2023,2026-02-13T21:37:57.705796+00:00
Scotland,Scotland,Scotland,SCO,117,9,36.4,29,3.5,2023,https://www.uefa.com/nationalassociations/uefarankings/country/?year=2023,https://www.uefa.com/nationalassociations/uefarankings/country/seasons/?year=2023,2026-02-13T21:37:57.705796+00:00
Austria,Austria,Austria,AUT,8,10,34.0,24,4.9,2023,https://www.uefa.com/nationalassociations/uefarankings/country/?year=2023,https://www.uefa.com/nationalassociations/uefarankings/country/seasons/?year=2023,2026-02-13T21:37:57.705796+00:00
Serbia,Serbia,Serbia,SRB,147,11,32.375,22,5.375,2023,https://www.uefa.com/nationalassociations/uefarankings/country/?year=2023,https://www.uefa.com/nationalassociations/uefarankings/country/seasons/?year=2023,2026-02-13T21:37:57.705796+00:00
Türkiye,Türki̇ye,Türki̇ye,TUR,135,12,32.1,9,11.8,2023,https://www.uefa.com/nationalassociations/uefarankings/country/?year=2023,https://www.uefa.com/nationalassociations/uefarankings/country/seasons/?year=2023,2026-02-13T21:37:57.705796+00:00
Switzerland,Switzerland,Switzerland,SUI,128,13,31.675,10,8.5,2023,https://www.uefa.com/nationalassociations/uefarankings/country/?year=2023,https://www.uefa.com/nationalassociations/uefarankings/country/seasons/?year=2023,2026-02-13T21:37:57.705796+00:00
Ukraine,Ukraine,Ukraine,UKR,57166,14,29.5,21,5.7,2023,https://www.uefa.com/nationalassociations/uefarankings/country/?year=2023,https://www.uefa.com/nationalassociations/uefarankings/country/seasons/?year=2023,2026-02-13T21:37:57.705796+00:00
Czechia,Czechia,Czechia,CZE,58837,15,29.05,12,6.75,2023,https://www.uefa.com/nationalassociations/uefarankings/country/?year=2023,https://www.uefa.com/nationalassociations/uefarankings/country/seasons/?year=2023,2026-02-13T21:37:57.705796+00:00
Norway,Norway,Norway,NOR,101,16,29.0,20,5.75,2023,https://www.uefa.com/nationalassociations/uefarankings/country/?year=2023,https://www.uefa.com/nationalassociations/uefarankings/country/seasons/?year=2023,2026-02-13T21:37:57.705796+00:00
Denmark,Denmark,Denmark,DEN,35,17,27.825,18,5.9,2023,https://www.uefa.com/nationalassociations/uefarankings/country/?year=2023,https://www.uefa.com/nationalassociations/uefarankings/country/seasons/?year=2023,2026-02-13T21:37:57.705796+00:00
Russia,Russia,Russia,RUS,57451,18,26.215,26,4.333,2023,https://www.uefa.com/nationalassociations/uefarankings/country/?year=2023,https://www.uefa.com/nationalassociations/uefarankings/country/seasons/?year=2023,2026-02-13T21:37:57.705796+00:00
Croatia,Croatia,Croatia,CRO,56370,19,25.4,30,3.375,2023,https://www.uefa.com/nationalassociations/uefarankings/country/?year=2023,https://www.uefa.com/nationalassociations/uefarankings/country/seasons/?year=2023,2026-02-13T21:37:57.705796+00:00
Greece,Greece,Greece,GRE,49,20,25.225,40,2.125,2023,https://www.uefa.com/nationalassociations/uefarankings/country/?year=2023,https://www.uefa.com/nationalassociations/uefarankings/country/seasons/?year=2023,2026-02-13T21:37:57.705796+00:00
Israel,Israel,Israel,ISR,65,21,25.0,16,6.25,2023,https://www.uefa.com/nationalassociations/uefarankings/country/?year=2023,https://www.uefa.com/nationalassociations/uefarankings/country/seasons/?year=2023,2026-02-13T21:37:57.705796+00:00
Cyprus,Cyprus,Cyprus,CYP,33,22,24.475,23,5.1,2023,https://www.uefa.com/nationalassociations/uefarankings/country/?year=2023,https://www.uefa.com/nationalassociations/uefarankings/country/seasons/?year=2023,2026-02-13T21:37:57.705796+00:00
Sweden,Sweden,Sweden,SWE,127,23,23.75,15,6.25,2023,https://www.uefa.com/nationalassociations/uefarankings/country/?year=2023,https://www.uefa.com/nationalassociations/uefarankings/country/seasons/?year=2023,2026-02-13T21:37:57.705796+00:00
Poland,Poland,Poland,POL,109,24,20.75,11,7.75,2023,https://www.uefa.com/nationalassociations/uefarankings/country/?year=2023,https://www.uefa.com/nationalassociations/uefarankings/country/seasons/?year=2023,2026-02-13T21:37:57.705796+00:00
Hungary,Hungary,Hungary,HUN,57,25,20.625,19,5.875,2023,https://www.uefa.com/nationalassociations/uefarankings/country/?year=2023,https://www.uefa.com/nationalassociations/uefarankings/country/seasons/?year=2023,2026-02-13T21:37:57.705796+00:00
Romania,Romania,Romania,ROU,113,26,20.5,14,6.25,2023,https://www.uefa.com/nationalassociations/uefarankings/country/?year=2023,https://www.uefa.com/nationalassociations/uefarankings/country/seasons/?year=2023,2026-02-13T21:37:57.705796+00:00
Bulgaria,Bulgaria,Bulgaria,BUL,20,27,20.0,25,4.5,2023,https://www.uefa.com/nationalassociations/uefarankings/country/?year=2023,https://www.uefa.com/nationalassociations/uefarankings/country/seasons/?year=2023,2026-02-13T21:37:57.705796+00:00
Slovakia,Slovakia,Slovakia,SVK,58836,28,19.75,17,6.0,2023,https://www.uefa.com/nationalassociations/uefarankings/country/?year=2023,https://www.uefa.com/nationalassociations/uefarankings/country/seasons/?year=2023,2026-02-13T21:37:57.705796+00:00
Azerbaijan,Azerbaijan,Azerbaijan,AZE,57154,29,16.625,27,4.0,2023,https://www.uefa.com/nationalassociations/uefarankings/country/?year=2023,https://www.uefa.com/nationalassociations/uefarankings/country/seasons/?year=2023,2026-02-13T21:37:57.705796+00:00
Kazakhstan,Kazakhstan,Kazakhstan,KAZ,65146,30,12.625,48,1.125,2023,https://www.uefa.com/nationalassociations/uefarankings/country/?year=2023,https://www.uefa.com/nationalassociations/uefarankings/country/seasons/?year=2023,2026-02-13T21:37:57.705796+00:00
Slovenia,Slovenia,Slovenia,SVN,57163,31,12.5,41,2.125,2023,https://www.uefa.com/nationalassociations/uefarankings/country/?year=2023,https://www.uefa.com/nationalassociations/uefarankings/country/seasons/?year=2023,2026-02-13T21:37:57.705796+00:00
Moldova,Moldova,Moldova,MDA,57160,32,12.25,28,3.75,2023,https://www.uefa.com/nationalassociations/uefarankings/country/?year=2023,https://www.uefa.com/nationalassociations/uefarankings/country/seasons/?year=2023,2026-02-13T21:37:57.705796+00:00
Kosovo,Kosovo,Kosovo,KOS,2608110,33,11.041,33,2.875,2023,https://www.uefa.com/nationalassociations/uefarankings/country/?year=2023,https://www.uefa.com/nationalassociations/uefarankings/country/seasons/?year=2023,2026-02-13T21:37:57.705796+00:00
Liechtenstein,Liechtenstein,Liechtenstein,LIE,81,34,11.0,13,6.5,2023,https://www.uefa.com/nationalassociations/uefarankings/country/?year=2023,https://www.uefa.com/nationalassociations/uefarankings/country/seasons/?year=2023,2026-02-13T21:37:57.705796+00:00
Latvia,Latvia,Latvia,LVA,56558,35,10.625,34,2.75,2023,https://www.uefa.com/nationalassociations/uefarankings/country/?year=2023,https://www.uefa.com/nationalassociations/uefarankings/country/seasons/?year=2023,2026-02-13T21:37:57.705796+00:00
Republic of Ireland,Republic of Ireland,Republic of Ireland,IRL,64,36,10.375,31,3.375,2023,https://www.uefa.com/nationalassociations/uefarankings/country/?year=2023,https://www.uefa.com/nationalassociations/uefarankings/country/seasons/?year=2023,2026-02-13T21:37:57.705796+00:00
Finland,Finland,Finland,FIN,42,37,10.25,36,2.625,2023,https://www.uefa.com/nationalassociations/uefarankings/country/?year=2023,https://www.uefa.com/nationalassociations/uefarankings/country/seasons/?year=2023,2026-02-13T21:37:57.705796+00:00
Lithuania,Lithuania,Lithuania,LTU,56557,38,10.0,37,2.375,2023,https://www.uefa.com/nationalassociations/uefarankings/country/?year=2023,https://www.uefa.com/nationalassociations/uefarankings/country/seasons/?year=2023,2026-02-13T21:37:57.705796+00:00
Armenia,Armenia,Armenia,ARM,57419,39,9.875,38,2.375,2023,https://www.uefa.com/nationalassociations/uefarankings/country/?year=2023,https://www.uefa.com/nationalassociations/uefarankings/country/seasons/?year=2023,2026-02-13T21:37:57.705796+00:00
Belarus,Belarus,Belarus,BLR,57155,40,9.875,55,0.625,2023,https://www.uefa.com/nationalassociations/uefarankings/country/?year=2023,https://www.uefa.com/nationalassociations/uefarankings/country/seasons/?year=2023,2026-02-13T21:37:57.705796+00:00
Bosnia and Herzegovina,Bosnia and Herzegovina,Bosnia and Herzegovina,BIH,60094,41,9.75,42,2.0,2023,https://www.uefa.com/nationalassociations/uefarankings/country/?year=2023,https://www.uefa.com/nationalassociations/uefarankings/country/seasons/?year=2023,2026-02-13T21:37:57.705796+00:00
Luxembourg,Luxembourg,Luxembourg,LUX,82,42,9.0,47,1.125,2023,https://www.uefa.com/nationalassociations/uefarankings/country/?year=2023,https://www.uefa.com/nationalassociations/uefarankings/country/seasons/?year=2023,2026-02-13T21:37:57.705796+00:00
Faroe Islands,Faroe Islands,Faroe Islands,FRO,51218,43,8.75,39,2.25,2023,https://www.uefa.com/nationalassociations/uefarankings/country/?year=2023,https://www.uefa.com/nationalassociations/uefarankings/country/seasons/?year=2023,2026-02-13T21:37:57.705796+00:00
Northern Ireland,Northern Ireland,Northern Ireland,NIR,63,44,8.583,44,1.25,2023,https://www.uefa.com/nationalassociations/uefarankings/country/?year=2023,https://www.uefa.com/nationalassociations/uefarankings/country/seasons/?year=2023,2026-02-13T21:37:57.705796+00:00
Malta,Malta,Malta,MLT,88,45,8.25,35,2.625,2023,https://www.uefa.com/nationalassociations/uefarankings/country/?year=2023,https://www.uefa.com/nationalassociations/uefarankings/country/seasons/?year=2023,2026-02-13T21:37:57.705796+00:00
Georgia,Georgia,Georgia,GEO,57157,46,8.0,49,1.125,2023,https://www.uefa.com/nationalassociations/uefarankings/country/?year=2023,https://www.uefa.com/nationalassociations/uefarankings/country/seasons/?year=2023,2026-02-13T21:37:57.705796+00:00
Estonia,Estonia,Estonia,EST,56556,47,7.582,46,1.166,2023,https://www.uefa.com/nationalassociations/uefarankings/country/?year=2023,https://www.uefa.com/nationalassociations/uefarankings/country/seasons/?year=2023,2026-02-13T21:37:57.705796+00:00
Iceland,Iceland,Iceland,ISL,58,48,7.25,32,3.0,2023,https://www.uefa.com/nationalassociations/uefarankings/country/?year=2023,https://www.uefa.com/nationalassociations/uefarankings/country/seasons/?year=2023,2026-02-13T21:37:57.705796+00:00
Albania,Albania,Albania,ALB,2,49,6.25,51,0.875,2023,https://www.uefa.com/nationalassociations/uefarankings/country/?year=2023,https://www.uefa.com/nationalassociations/uefarankings/country/seasons/?year=2023,2026-02-13T21:37:57.705796+00:00
Wales,Wales,Wales,WAL,144,50,6.166,45,1.166,2023,https://www.uefa.com/nationalassociations/uefarankings/country/?year=2023,https://www.uefa.com/nationalassociations/uefarankings/country/seasons/?year=2023,2026-02-13T21:37:57.705796+00:00
Gibraltar,Gibraltar,Gibraltar,GIB,94080,51,5.791,52,0.875,2023,https://www.uefa.com/nationalassociations/uefarankings/country/?year=2023,https://www.uefa.com/nationalassociations/uefarankings/country/seasons/?year=2023,2026-02-13T21:37:57.705796+00:00
North Macedonia,North Macedonia,North Macedonia,MKD,59205,52,5.5,43,1.625,2023,https://www.uefa.com/nationalassociations/uefarankings/country/?year=2023,https://www.uefa.com/nationalassociations/uefarankings/country/seasons/?year=2023,2026-02-13T21:37:57.705796+00:00
Andorra,Andorra,Andorra,AND,60618,53,5.165,54,0.666,2023,https://www.uefa.com/nationalassociations/uefarankings/country/?year=2023,https://www.uefa.com/nationalassociations/uefarankings/country/seasons/?year=2023,2026-02-13T21:37:57.705796+00:00
Montenegro,Montenegro,Montenegro,MNE,92853,54,4.75,50,1.0,2023,https://www.uefa.com/nationalassociations/uefarankings/country/?year=2023,https://www.uefa.com/nationalassociations/uefarankings/country/seasons/?year=2023,2026-02-13T21:37:57.705796+00:00
San Marino,San Marino,San Marino,SMR,50168,55,1.999,53,0.833,2023,https://www.uefa.com/nationalassociations/uefarankings/country/?year=2023,https://www.uefa.com/nationalassociations/uefarankings/country/seasons/?year=2023,2026-02-13T21:37:57.705796+00:00
England,England,England,ENG,39,1,104.303,3,17.375,2024,https://www.uefa.com/nationalassociations/uefarankings/country/?year=2024,https://www.uefa.com/nationalassociations/uefarankings/country/seasons/?year=2024,2026-02-13T21:37:57.705796+00:00
Italy,Italy,Italy,ITA,66,2,90.284,1,21.0,2024,https://www.uefa.com/nationalassociations/uefarankings/country/?year=2024,https://www.uefa.com/nationalassociations/uefarankings/country/seasons/?year=2024,2026-02-13T21:37:57.705796+00:00
Spain,Spain,Spain,ESP,122,3,89.489,5,16.062,2024,https://www.uefa.com/nationalassociations/uefarankings/country/?year=2024,https://www.uefa.com/nationalassociations/uefarankings/country/seasons/?year=2024,2026-02-13T21:37:57.705796+00:00
Germany,Germany,Germany,GER,47,4,86.624,2,19.357,2024,https://www.uefa.com/nationalassociations/uefarankings/country/?year=2024,https://www.uefa.com/nationalassociations/uefarankings/country/seasons/?year=2024,2026-02-13T21:37:57.705796+00:00
France,France,France,FRA,43,5,66.831,4,16.25,2024,https://www.uefa.com/nationalassociations/uefarankings/country/?year=2024,https://www.uefa.com/nationalassociations/uefarankings/country/seasons/?year=2024,2026-02-13T21:37:57.705796+00:00
Netherlands,Netherlands,Netherlands,NED,95,6,61.3,11,10.0,2024,https://www.uefa.com/nationalassociations/uefarankings/country/?year=2024,https://www.uefa.com/nationalassociations/uefarankings/country/seasons/?year=2024,2026-02-13T21:37:57.705796+00:00
Portugal,Portugal,Portugal,POR,110,7,56.316,10,11.0,2024,https://www.uefa.com/nationalassociations/uefarankings/country/?year=2024,https://www.uefa.com/nationalassociations/uefarankings/country/seasons/?year=2024,2026-02-13T21:37:57.705796+00:00
Belgium,Belgium,Belgium,BEL,13,8,48.8,6,14.4,2024,https://www.uefa.com/nationalassociations/uefarankings/country/?year=2024,https://www.uefa.com/nationalassociations/uefarankings/country/seasons/?year=2024,2026-02-13T21:37:57.705796+00:00
Türkiye,Türki̇ye,Türki̇ye,TUR,135,9,38.6,8,12.0,2024,https://www.uefa.com/nationalassociations/uefarankings/country/?year=2024,https://www.uefa.com/nationalassociations/uefarankings/country/seasons/?year=2024,2026-02-13T21:37:57.705796+00:00
Czechia,Czechia,Czechia,CZE,58837,10,36.05,7,13.5,2024,https://www.uefa.com/nationalassociations/uefarankings/country/?year=2024,https://www.uefa.com/nationalassociations/uefarankings/country/seasons/?year=2024,2026-02-13T21:37:57.705796+00:00
Scotland,Scotland,Scotland,SCO,117,11,36.05,16,6.4,2024,https://www.uefa.com/nationalassociations/uefarankings/country/?year=2024,https://www.uefa.com/nationalassociations/uefarankings/country/seasons/?year=2024,2026-02-13T21:37:57.705796+00:00
Switzerland,Switzerland,Switzerland,SUI,128,12,32.975,19,5.2,2024,https://www.uefa.com/nationalassociations/uefarankings/country/?year=2024,https://www.uefa.com/nationalassociations/uefarankings/country/seasons/?year=2024,2026-02-13T21:37:57.705796+00:00
Austria,Austria,Austria,AUT,8,13,32.6,21,4.8,2024,https://www.uefa.com/nationalassociations/uefarankings/country/?year=2024,https://www.uefa.com/nationalassociations/uefarankings/country/seasons/?year=2024,2026-02-13T21:37:57.705796+00:00
Norway,Norway,Norway,NOR,101,14,31.625,14,8.0,2024,https://www.uefa.com/nationalassociations/uefarankings/country/?year=2024,https://www.uefa.com/nationalassociations/uefarankings/country/seasons/?year=2024,2026-02-13T21:37:57.705796+00:00
Greece,Greece,Greece,GRE,49,15,31.525,9,11.4,2024,https://www.uefa.com/nationalassociations/uefarankings/country/?year=2024,https://www.uefa.com/nationalassociations/uefarankings/country/seasons/?year=2024,2026-02-13T21:37:57.705796+00:00
Denmark,Denmark,Denmark,DEN,35,16,31.45,13,8.5,2024,https://www.uefa.com/nationalassociations/uefarankings/country/?year=2024,https://www.uefa.com/nationalassociations/uefarankings/country/seasons/?year=2024,2026-02-13T21:37:57.705796+00:00
Israel,Israel,Israel,ISR,65,17,31.125,12,8.75,2024,https://www.uefa.com/nationalassociations/uefarankings/country/?year=2024,https://www.uefa.com/nationalassociations/uefarankings/country/seasons/?year=2024,2026-02-13T21:37:57.705796+00:00
Ukraine,Ukraine,Ukraine,UKR,57166,18,28.0,25,4.1,2024,https://www.uefa.com/nationalassociations/uefarankings/country/?year=2024,https://www.uefa.com/nationalassociations/uefarankings/country/seasons/?year=2024,2026-02-13T21:37:57.705796+00:00
Serbia,Serbia,Serbia,SRB,147,19,27.775,46,1.4,2024,https://www.uefa.com/nationalassociations/uefarankings/country/?year=2024,https://www.uefa.com/nationalassociations/uefarankings/country/seasons/?year=2024,2026-02-13T21:37:57.705796+00:00
Croatia,Croatia,Croatia,CRO,56370,20,25.525,18,5.875,2024,https://www.uefa.com/nationalassociations/uefarankings/country/?year=2024,https://www.uefa.com/nationalassociations/uefarankings/country/seasons/?year=2024,2026-02-13T21:37:57.705796+00:00
Poland,Poland,Poland,POL,109,21,25.375,15,6.875,2024,https://www.uefa.com/nationalassociations/uefarankings/country/?year=2024,https://www.uefa.com/nationalassociations/uefarankings/country/seasons/?year=2024,2026-02-13T21:37:57.705796+00:00
Russia,Russia,Russia,RUS,57451,22,22.965,24,4.333,2024,https://www.uefa.com/nationalassociations/uefarankings/country/?year=2024,https://www.uefa.com/nationalassociations/uefarankings/country/seasons/?year=2024,2026-02-13T21:37:57.705796+00:00
Cyprus,Cyprus,Cyprus,CYP,33,23,22.1,28,3.75,2024,https://www.uefa.com/nationalassociations/uefarankings/country/?year=2024,https://www.uefa.com/nationalassociations/uefarankings/country/seasons/?year=2024,2026-02-13T21:37:57.705796+00:00
Hungary,Hungary,Hungary,HUN,57,24,21.875,22,4.5,2024,https://www.uefa.com/nationalassociations/uefarankings/country/?year=2024,https://www.uefa.com/nationalassociations/uefarankings/country/seasons/?year=2024,2026-02-13T21:37:57.705796+00:00
Sweden,Sweden,Sweden,SWE,127,25,21.5,38,1.875,2024,https://www.uefa.com/nationalassociations/uefarankings/country/?year=2024,https://www.uefa.com/nationalassociations/uefarankings/country/seasons/?year=2024,2026-02-13T21:37:57.705796+00:00
Romania,Romania,Romania,ROU,113,26,21.375,29,3.25,2024,https://www.uefa.com/nationalassociations/uefarankings/country/?year=2024,https://www.uefa.com/nationalassociations/uefarankings/country/seasons/?year=2024,2026-02-13T21:37:57.705796+00:00
Bulgaria,Bulgaria,Bulgaria,BUL,20,27,20.375,23,4.375,2024,https://www.uefa.com/nationalassociations/uefarankings/country/?year=2024,https://www.uefa.com/nationalassociations/uefarankings/country/seasons/?year=2024,2026-02-13T21:37:57.705796+00:00
Azerbaijan,Azerbaijan,Azerbaijan,AZE,57154,28,20.125,17,5.875,2024,https://www.uefa.com/nationalassociations/uefarankings/country/?year=2024,https://www.uefa.com/nationalassociations/uefarankings/country/seasons/?year=2024,2026-02-13T21:37:57.705796+00:00
Slovakia,Slovakia,Slovakia,SVK,58836,29,19.625,20,5.0,2024,https://www.uefa.com/nationalassociations/uefarankings/country/?year=2024,https://www.uefa.com/nationalassociations/uefarankings/country/seasons/?year=2024,2026-02-13T21:37:57.705796+00:00
Slovenia,Slovenia,Slovenia,SVN,57163,30,13.25,26,3.875,2024,https://www.uefa.com/nationalassociations/uefarankings/country/?year=2024,https://www.uefa.com/nationalassociations/uefarankings/country/seasons/?year=2024,2026-02-13T21:37:57.705796+00:00
Moldova,Moldova,Moldova,MDA,57160,31,13.125,37,2.0,2024,https://www.uefa.com/nationalassociations/uefarankings/country/?year=2024,https://www.uefa.com/nationalassociations/uefarankings/country/seasons/?year=2024,2026-02-13T21:37:57.705796+00:00
Kosovo,Kosovo,Kosovo,KOS,2608110,32,11.541,31,3.0,2024,https://www.uefa.com/nationalassociations/uefarankings/country/?year=2024,https://www.uefa.com/nationalassociations/uefarankings/country/seasons/?year=2024,2026-02-13T21:37:57.705796+00:00
Kazakhstan,Kazakhstan,Kazakhstan,KAZ,65146,33,11.5,30,3.125,2024,https://www.uefa.com/nationalassociations/uefarankings/country/?year=2024,https://www.uefa.com/nationalassociations/uefarankings/country/seasons/?year=2024,2026-02-13T21:37:57.705796+00:00
Finland,Finland,Finland,FIN,42,34,11.125,39,1.75,2024,https://www.uefa.com/nationalassociations/uefarankings/country/?year=2024,https://www.uefa.com/nationalassociations/uefarankings/country/seasons/?year=2024,2026-02-13T21:37:57.705796+00:00
Republic of Ireland,Republic of Ireland,Republic of Ireland,IRL,64,35,10.875,45,1.5,2024,https://www.uefa.com/nationalassociations/uefarankings/country/?year=2024,https://www.uefa.com/nationalassociations/uefarankings/country/seasons/?year=2024,2026-02-13T21:37:57.705796+00:00
Armenia,Armenia,Armenia,ARM,57419,36,10.625,34,2.25,2024,https://www.uefa.com/nationalassociations/uefarankings/country/?year=2024,https://www.uefa.com/nationalassociations/uefarankings/country/seasons/?year=2024,2026-02-13T21:37:57.705796+00:00
Latvia,Latvia,Latvia,LVA,56558,37,10.625,42,1.625,2024,https://www.uefa.com/nationalassociations/uefarankings/country/?year=2024,https://www.uefa.com/nationalassociations/uefarankings/country/seasons/?year=2024,2026-02-13T21:37:57.705796+00:00
Faroe Islands,Faroe Islands,Faroe Islands,FRO,51218,38,10.375,32,2.75,2024,https://www.uefa.com/nationalassociations/uefarankings/country/?year=2024,https://www.uefa.com/nationalassociations/uefarankings/country/seasons/?year=2024,2026-02-13T21:37:57.705796+00:00
Bosnia and Herzegovina,Bosnia and Herzegovina,Bosnia and Herzegovina,BIH,60094,39,10.0,35,2.25,2024,https://www.uefa.com/nationalassociations/uefarankings/country/?year=2024,https://www.uefa.com/nationalassociations/uefarankings/country/seasons/?year=2024,2026-02-13T21:37:57.705796+00:00
Liechtenstein,Liechtenstein,Liechtenstein,LIE,81,40,10.0,52,0.5,2024,https://www.uefa.com/nationalassociations/uefarankings/country/?year=2024,https://www.uefa.com/nationalassociations/uefarankings/country/seasons/?year=2024,2026-02-13T21:37:57.705796+00:00
Iceland,Iceland,Iceland,ISL,58,41,9.583,27,3.833,2024,https://www.uefa.com/nationalassociations/uefarankings/country/?year=2024,https://www.uefa.com/nationalassociations/uefarankings/country/seasons/?year=2024,2026-02-13T21:37:57.705796+00:00
Northern Ireland,Northern Ireland,Northern Ireland,NIR,63,42,9.208,50,1.125,2024,https://www.uefa.com/nationalassociations/uefarankings/country/?year=2024,https://www.uefa.com/nationalassociations/uefarankings/country/seasons/?year=2024,2026-02-13T21:37:57.705796+00:00
Luxembourg,Luxembourg,Luxembourg,LUX,82,43,8.625,33,2.25,2024,https://www.uefa.com/nationalassociations/uefarankings/country/?year=2024,https://www.uefa.com/nationalassociations/uefarankings/country/seasons/?year=2024,2026-02-13T21:37:57.705796+00:00
Lithuania,Lithuania,Lithuania,LTU,56557,44,8.5,49,1.125,2024,https://www.uefa.com/nationalassociations/uefarankings/country/?year=2024,https://www.uefa.com/nationalassociations/uefarankings/country/seasons/?year=2024,2026-02-13T21:37:57.705796+00:00
Malta,Malta,Malta,MLT,88,45,8.25,43,1.5,2024,https://www.uefa.com/nationalassociations/uefarankings/country/?year=2024,https://www.uefa.com/nationalassociations/uefarankings/country/seasons/?year=2024,2026-02-13T21:37:57.705796+00:00
Georgia,Georgia,Georgia,GEO,57157,46,7.625,48,1.25,2024,https://www.uefa.com/nationalassociations/uefarankings/country/?year=2024,https://www.uefa.com/nationalassociations/uefarankings/country/seasons/?year=2024,2026-02-13T21:37:57.705796+00:00
Albania,Albania,Albania,ALB,2,47,7.375,36,2.125,2024,https://www.uefa.com/nationalassociations/uefarankings/country/?year=2024,https://www.uefa.com/nationalassociations/uefarankings/country/seasons/?year=2024,2026-02-13T21:37:57.705796+00:00
Estonia,Estonia,Estonia,EST,56556,48,7.207,55,0.125,2024,https://www.uefa.com/nationalassociations/uefarankings/country/?year=2024,https://www.uefa.com/nationalassociations/uefarankings/country/seasons/?year=2024,2026-02-13T21:37:57.705796+00:00
Belarus,Belarus,Belarus,BLR,57155,49,6.625,40,1.75,2024,https://www.uefa.com/nationalassociations/uefarankings/country/?year=2024,https://www.uefa.com/nationalassociations/uefarankings/country/seasons/?year=2024,2026-02-13T21:37:57.705796+00:00
North Macedonia,North Macedonia,North Macedonia,MKD,59205,50,6.0,44,1.5,2024,https://www.uefa.com/nationalassociations/uefarankings/country/?year=2024,https://www.uefa.com/nationalassociations/uefarankings/country/seasons/?year=2024,2026-02-13T21:37:57.705796+00:00
Andorra,Andorra,Andorra,AND,60618,51,5.998,41,1.666,2024,https://www.uefa.com/nationalassociations/uefarankings/country/?year=2024,https://www.uefa.com/nationalassociations/uefarankings/country/seasons/?year=2024,2026-02-13T21:37:57.705796+00:00
Wales,Wales,Wales,WAL,144,52,5.791,51,0.625,2024,https://www.uefa.com/nationalassociations/uefarankings/country/?year=2024,https://www.uefa.com/nationalassociations/uefarankings/country/seasons/?year=2024,2026-02-13T21:37:57.705796+00:00
Montenegro,Montenegro,Montenegro,MNE,92853,53,5.708,47,1.333,2024,https://www.uefa.com/nationalassociations/uefarankings/country/?year=2024,https://www.uefa.com/nationalassociations/uefarankings/country/seasons/?year=2024,2026-02-13T21:37:57.705796+00:00
Gibraltar,Gibraltar,Gibraltar,GIB,94080,54,4.957,54,0.166,2024,https://www.uefa.com/nationalassociations/uefarankings/country/?year=2024,https://www.uefa.com/nationalassociations/uefarankings/country/seasons/?year=2024,2026-02-13T21:37:57.705796+00:00
San Marino,San Marino,San Marino,SMR,50168,55,1.832,53,0.333,2024,https://www.uefa.com/nationalassociations/uefarankings/country/?year=2024,https://www.uefa.com/nationalassociations/uefarankings/country/seasons/?year=2024,2026-02-13T21:37:57.705796+00:00
England,England,England,ENG,39,1,115.196,1,29.464,2025,https://www.uefa.com/nationalassociations/uefarankings/country/?year=2025,https://www.uefa.com/nationalassociations/uefarankings/country/seasons/?year=2025,2026-02-13T21:37:57.705796+00:00
Italy,Italy,Italy,ITA,66,2,97.231,3,21.875,2025,https://www.uefa.com/nationalassociations/uefarankings/country/?year=2025,https://www.uefa.com/nationalassociations/uefarankings/country/seasons/?year=2025,2026-02-13T21:37:57.705796+00:00
Spain,Spain,Spain,ESP,122,3,94.453,2,23.892,2025,https://www.uefa.com/nationalassociations/uefarankings/country/?year=2025,https://www.uefa.com/nationalassociations/uefarankings/country/seasons/?year=2025,2026-02-13T21:37:57.705796+00:00
Germany,Germany,Germany,GER,47,4,86.331,4,18.421,2025,https://www.uefa.com/nationalassociations/uefarankings/country/?year=2025,https://www.uefa.com/nationalassociations/uefarankings/country/seasons/?year=2025,2026-02-13T21:37:57.705796+00:00
France,France,France,FRA,43,5,73.093,5,17.928,2025,https://www.uefa.com/nationalassociations/uefarankings/country/?year=2025,https://www.uefa.com/nationalassociations/uefarankings/country/seasons/?year=2025,2026-02-13T21:37:57.705796+00:00
Netherlands,Netherlands,Netherlands,NED,95,6,67.15,8,15.25,2025,https://www.uefa.com/nationalassociations/uefarankings/country/?year=2025,https://www.uefa.com/nationalassociations/uefarankings/country/seasons/?year=2025,2026-02-13T21:37:57.705796+00:00
Portugal,Portugal,Portugal,POR,110,7,62.266,6,16.25,2025,https://www.uefa.com/nationalassociations/uefarankings/country/?year=2025,https://www.uefa.com/nationalassociations/uefarankings/country/seasons/?year=2025,2026-02-13T21:37:57.705796+00:00
Belgium,Belgium,Belgium,BEL,13,8,56.85,7,15.65,2025,https://www.uefa.com/nationalassociations/uefarankings/country/?year=2025,https://www.uefa.com/nationalassociations/uefarankings/country/seasons/?year=2025,2026-02-13T21:37:57.705796+00:00
Czechia,Czechia,Czechia,CZE,58837,9,44.1,14,10.55,2025,https://www.uefa.com/nationalassociations/uefarankings/country/?year=2025,https://www.uefa.com/nationalassociations/uefarankings/country/seasons/?year=2025,2026-02-13T21:37:57.705796+00:00
Türkiye,Türki̇ye,Türki̇ye,TUR,135,10,43.9,15,10.3,2025,https://www.uefa.com/nationalassociations/uefarankings/country/?year=2025,https://www.uefa.com/nationalassociations/uefarankings/country/seasons/?year=2025,2026-02-13T21:37:57.705796+00:00
Norway,Norway,Norway,NOR,101,11,39.687,10,11.812,2025,https://www.uefa.com/nationalassociations/uefarankings/country/?year=2025,https://www.uefa.com/nationalassociations/uefarankings/country/seasons/?year=2025,2026-02-13T21:37:57.705796+00:00
Greece,Greece,Greece,GRE,49,12,39.312,9,12.687,2025,https://www.uefa.com/nationalassociations/uefarankings/country/?year=2025,https://www.uefa.com/nationalassociations/uefarankings/country/seasons/?year=2025,2026-02-13T21:37:57.705796+00:00
Austria,Austria,Austria,AUT,8,13,36.45,16,9.65,2025,https://www.uefa.com/nationalassociations/uefarankings/country/?year=2025,https://www.uefa.com/nationalassociations/uefarankings/country/seasons/?year=2025,2026-02-13T21:37:57.705796+00:00
Scotland,Scotland,Scotland,SCO,117,14,35.55,17,9.25,2025,https://www.uefa.com/nationalassociations/uefarankings/country/?year=2025,https://www.uefa.com/nationalassociations/uefarankings/country/seasons/?year=2025,2026-02-13T21:37:57.705796+00:00
Poland,Poland,Poland,POL,109,15,35.0,11,11.75,2025,https://www.uefa.com/nationalassociations/uefarankings/country/?year=2025,https://www.uefa.com/nationalassociations/uefarankings/country/seasons/?year=2025,2026-02-13T21:37:57.705796+00:00
Denmark,Denmark,Denmark,DEN,35,16,33.981,20,7.656,2025,https://www.uefa.com/nationalassociations/uefarankings/country/?year=2025,https://www.uefa.com/nationalassociations/uefarankings/country/seasons/?year=2025,2026-02-13T21:37:57.705796+00:00
Switzerland,Switzerland,Switzerland,SUI,128,17,33.625,21,7.05,2025,https://www.uefa.com/nationalassociations/uefarankings/country/?year=2025,https://www.uefa.com/nationalassociations/uefarankings/country/seasons/?year=2025,2026-02-13T21:37:57.705796+00:00
Israel,Israel,Israel,ISR,65,18,31.625,35,2.875,2025,https://www.uefa.com/nationalassociations/uefarankings/country/?year=2025,https://www.uefa.com/nationalassociations/uefarankings/country/seasons/?year=2025,2026-02-13T21:37:57.705796+00:00
Cyprus,Cyprus,Cyprus,CYP,33,19,27.537,13,10.562,2025,https://www.uefa.com/nationalassociations/uefarankings/country/?year=2025,https://www.uefa.com/nationalassociations/uefarankings/country/seasons/?year=2025,2026-02-13T21:37:57.705796+00:00
Sweden,Sweden,Sweden,SWE,127,20,27.125,12,11.375,2025,https://www.uefa.com/nationalassociations/uefarankings/country/?year=2025,https://www.uefa.com/nationalassociations/uefarankings/country/seasons/?year=2025,2026-02-13T21:37:57.705796+00:00
Croatia,Croatia,Croatia,CRO,56370,21,27.025,23,5.875,2025,https://www.uefa.com/nationalassociations/uefarankings/country/?year=2025,https://www.uefa.com/nationalassociations/uefarankings/country/seasons/?year=2025,2026-02-13T21:37:57.705796+00:00
Serbia,Serbia,Serbia,SRB,147,22,25.5,31,3.725,2025,https://www.uefa.com/nationalassociations/uefarankings/country/?year=2025,https://www.uefa.com/nationalassociations/uefarankings/country/seasons/?year=2025,2026-02-13T21:37:57.705796+00:00
Ukraine,Ukraine,Ukraine,UKR,57166,23,24.4,33,3.6,2025,https://www.uefa.com/nationalassociations/uefarankings/country/?year=2025,https://www.uefa.com/nationalassociations/uefarankings/country/seasons/?year=2025,2026-02-13T21:37:57.705796+00:00
Hungary,Hungary,Hungary,HUN,57,24,24.0,22,6.625,2025,https://www.uefa.com/nationalassociations/uefarankings/country/?year=2025,https://www.uefa.com/nationalassociations/uefarankings/country/seasons/?year=2025,2026-02-13T21:37:57.705796+00:00
Romania,Romania,Romania,ROU,113,25,23.25,19,7.75,2025,https://www.uefa.com/nationalassociations/uefarankings/country/?year=2025,https://www.uefa.com/nationalassociations/uefarankings/country/seasons/?year=2025,2026-02-13T21:37:57.705796+00:00
Russia,Russia,Russia,RUS,57451,26,22.632,29,4.333,2025,https://www.uefa.com/nationalassociations/uefarankings/country/?year=2025,https://www.uefa.com/nationalassociations/uefarankings/country/seasons/?year=2025,2026-02-13T21:37:57.705796+00:00
Slovakia,Slovakia,Slovakia,SVK,58836,27,21.25,25,4.625,2025,https://www.uefa.com/nationalassociations/uefarankings/country/?year=2025,https://www.uefa.com/nationalassociations/uefarankings/country/seasons/?year=2025,2026-02-13T21:37:57.705796+00:00
Slovenia,Slovenia,Slovenia,SVN,57163,28,20.343,18,9.093,2025,https://www.uefa.com/nationalassociations/uefarankings/country/?year=2025,https://www.uefa.com/nationalassociations/uefarankings/country/seasons/?year=2025,2026-02-13T21:37:57.705796+00:00
Bulgaria,Bulgaria,Bulgaria,BUL,20,29,19.875,32,3.625,2025,https://www.uefa.com/nationalassociations/uefarankings/country/?year=2025,https://www.uefa.com/nationalassociations/uefarankings/country/seasons/?year=2025,2026-02-13T21:37:57.705796+00:00
Azerbaijan,Azerbaijan,Azerbaijan,AZE,57154,30,19.625,36,2.875,2025,https://www.uefa.com/nationalassociations/uefarankings/country/?year=2025,https://www.uefa.com/nationalassociations/uefarankings/country/seasons/?year=2025,2026-02-13T21:37:57.705796+00:00
Republic of Ireland,Republic of Ireland,Republic of Ireland,IRL,64,31,14.968,24,5.343,2025,https://www.uefa.com/nationalassociations/uefarankings/country/?year=2025,https://www.uefa.com/nationalassociations/uefarankings/country/seasons/?year=2025,2026-02-13T21:37:57.705796+00:00
Moldova,Moldova,Moldova,MDA,57160,32,14.5,39,2.125,2025,https://www.uefa.com/nationalassociations/uefarankings/country/?year=2025,https://www.uefa.com/nationalassociations/uefarankings/country/seasons/?year=2025,2026-02-13T21:37:57.705796+00:00
Iceland,Iceland,Iceland,ISL,58,33,13.52,26,4.562,2025,https://www.uefa.com/nationalassociations/uefarankings/country/?year=2025,https://www.uefa.com/nationalassociations/uefarankings/country/seasons/?year=2025,2026-02-13T21:37:57.705796+00:00
Bosnia and Herzegovina,Bosnia and Herzegovina,Bosnia and Herzegovina,BIH,60094,34,13.031,27,4.531,2025,https://www.uefa.com/nationalassociations/uefarankings/country/?year=2025,https://www.uefa.com/nationalassociations/uefarankings/country/seasons/?year=2025,2026-02-13T21:37:57.705796+00:00
Armenia,Armenia,Armenia,ARM,57419,35,12.25,28,4.375,2025,https://www.uefa.com/nationalassociations/uefarankings/country/?year=2025,https://www.uefa.com/nationalassociations/uefarankings/country/seasons/?year=2025,2026-02-13T21:37:57.705796+00:00
Latvia,Latvia,Latvia,LVA,56558,36,12.25,30,3.875,2025,https://www.uefa.com/nationalassociations/uefarankings/country/?year=2025,https://www.uefa.com/nationalassociations/uefarankings/country/seasons/?year=2025,2026-02-13T21:37:57.705796+00:00
Kosovo,Kosovo,Kosovo,KOS,2608110,37,12.041,40,2.0,2025,https://www.uefa.com/nationalassociations/uefarankings/country/?year=2025,https://www.uefa.com/nationalassociations/uefarankings/country/seasons/?year=2025,2026-02-13T21:37:57.705796+00:00
Finland,Finland,Finland,FIN,42,38,11.75,38,2.25,2025,https://www.uefa.com/nationalassociations/uefarankings/country/?year=2025,https://www.uefa.com/nationalassociations/uefarankings/country/seasons/?year=2025,2026-02-13T21:37:57.705796+00:00
Kazakhstan,Kazakhstan,Kazakhstan,KAZ,65146,39,11.125,34,3.0,2025,https://www.uefa.com/nationalassociations/uefarankings/country/?year=2025,https://www.uefa.com/nationalassociations/uefarankings/country/seasons/?year=2025,2026-02-13T21:37:57.705796+00:00
Faroe Islands,Faroe Islands,Faroe Islands,FRO,51218,40,10.75,44,1.5,2025,https://www.uefa.com/nationalassociations/uefarankings/country/?year=2025,https://www.uefa.com/nationalassociations/uefarankings/country/seasons/?year=2025,2026-02-13T21:37:57.705796+00:00
Malta,Malta,Malta,MLT,88,41,8.5,52,1.0,2025,https://www.uefa.com/nationalassociations/uefarankings/country/?year=2025,https://www.uefa.com/nationalassociations/uefarankings/country/seasons/?year=2025,2026-02-13T21:37:57.705796+00:00
Northern Ireland,Northern Ireland,Northern Ireland,NIR,63,42,8.333,45,1.5,2025,https://www.uefa.com/nationalassociations/uefarankings/country/?year=2025,https://www.uefa.com/nationalassociations/uefarankings/country/seasons/?year=2025,2026-02-13T21:37:57.705796+00:00
Lithuania,Lithuania,Lithuania,LTU,56557,43,8.25,47,1.375,2025,https://www.uefa.com/nationalassociations/uefarankings/country/?year=2025,https://www.uefa.com/nationalassociations/uefarankings/country/seasons/?year=2025,2026-02-13T21:37:57.705796+00:00
Liechtenstein,Liechtenstein,Liechtenstein,LIE,81,44,8.0,55,0.5,2025,https://www.uefa.com/nationalassociations/uefarankings/country/?year=2025,https://www.uefa.com/nationalassociations/uefarankings/country/seasons/?year=2025,2026-02-13T21:37:57.705796+00:00
Estonia,Estonia,Estonia,EST,56556,45,7.957,43,1.625,2025,https://www.uefa.com/nationalassociations/uefarankings/country/?year=2025,https://www.uefa.com/nationalassociations/uefarankings/country/seasons/?year=2025,2026-02-13T21:37:57.705796+00:00
Albania,Albania,Albania,ALB,2,46,7.875,49,1.25,2025,https://www.uefa.com/nationalassociations/uefarankings/country/?year=2025,https://www.uefa.com/nationalassociations/uefarankings/country/seasons/?year=2025,2026-02-13T21:37:57.705796+00:00
Montenegro,Montenegro,Montenegro,MNE,92853,47,7.208,37,2.5,2025,https://www.uefa.com/nationalassociations/uefarankings/country/?year=2025,https://www.uefa.com/nationalassociations/uefarankings/country/seasons/?year=2025,2026-02-13T21:37:57.705796+00:00
Luxembourg,Luxembourg,Luxembourg,LUX,82,48,6.875,48,1.25,2025,https://www.uefa.com/nationalassociations/uefarankings/country/?year=2025,https://www.uefa.com/nationalassociations/uefarankings/country/seasons/?year=2025,2026-02-13T21:37:57.705796+00:00
Wales,Wales,Wales,WAL,144,49,6.791,41,2.0,2025,https://www.uefa.com/nationalassociations/uefarankings/country/?year=2025,https://www.uefa.com/nationalassociations/uefarankings/country/seasons/?year=2025,2026-02-13T21:37:57.705796+00:00
Georgia,Georgia,Georgia,GEO,57157,50,6.625,50,1.25,2025,https://www.uefa.com/nationalassociations/uefarankings/country/?year=2025,https://www.uefa.com/nationalassociations/uefarankings/country/seasons/?year=2025,2026-02-13T21:37:57.705796+00:00
North Macedonia,North Macedonia,North Macedonia,MKD,59205,51,6.166,53,0.666,2025,https://www.uefa.com/nationalassociations/uefarankings/country/?year=2025,https://www.uefa.com/nationalassociations/uefarankings/country/seasons/?year=2025,2026-02-13T21:37:57.705796+00:00
Belarus,Belarus,Belarus,BLR,57155,52,6.0,42,1.875,2025,https://www.uefa.com/nationalassociations/uefarankings/country/?year=2025,https://www.uefa.com/nationalassociations/uefarankings/country/seasons/?year=2025,2026-02-13T21:37:57.705796+00:00
Andorra,Andorra,Andorra,AND,60618,53,5.498,51,1.0,2025,https://www.uefa.com/nationalassociations/uefarankings/country/?year=2025,https://www.uefa.com/nationalassociations/uefarankings/country/seasons/?year=2025,2026-02-13T21:37:57.705796+00:00
Gibraltar,Gibraltar,Gibraltar,GIB,94080,54,5.457,46,1.5,2025,https://www.uefa.com/nationalassociations/uefarankings/country/?year=2025,https://www.uefa.com/nationalassociations/uefarankings/country/seasons/?year=2025,2026-02-13T21:37:57.705796+00:00
San Marino,San Marino,San Marino,SMR,50168,55,2.498,54,0.666,2025,https://www.uefa.com/nationalassociations/uefarankings/country/?year=2025,https://www.uefa.com/nationalassociations/uefarankings/country/seasons/?year=2025,2026-02-13T21:37:57.705796+00:00
England,England,England,ENG,39,1,111.797,1,20.958,2026,https://www.uefa.com/nationalassociations/uefarankings/country/?year=2026,https://www.uefa.com/nationalassociations/uefarankings/country/seasons/?year=2026,2026-02-13T21:37:57.705796+00:00
Italy,Italy,Italy,ITA,66,2,96.446,5,15.5,2026,https://www.uefa.com/nationalassociations/uefarankings/country/?year=2026,https://www.uefa.com/nationalassociations/uefarankings/country/seasons/?year=2026,2026-02-13T21:37:57.705796+00:00
Spain,Spain,Spain,ESP,122,3,90.484,4,15.531,2026,https://www.uefa.com/nationalassociations/uefarankings/country/?year=2026,https://www.uefa.com/nationalassociations/uefarankings/country/seasons/?year=2026,2026-02-13T21:37:57.705796+00:00
Germany,Germany,Germany,GER,47,4,87.331,3,16.214,2026,https://www.uefa.com/nationalassociations/uefarankings/country/?year=2026,https://www.uefa.com/nationalassociations/uefarankings/country/seasons/?year=2026,2026-02-13T21:37:57.705796+00:00
France,France,France,FRA,43,5,78.927,6,13.75,2026,https://www.uefa.com/nationalassociations/uefarankings/country/?year=2026,https://www.uefa.com/nationalassociations/uefarankings/country/seasons/?year=2026,2026-02-13T21:37:57.705796+00:00
Portugal,Portugal,Portugal,POR,110,6,69.266,2,16.6,2026,https://www.uefa.com/nationalassociations/uefarankings/country/?year=2026,https://www.uefa.com/nationalassociations/uefarankings/country/seasons/?year=2026,2026-02-13T21:37:57.705796+00:00
Netherlands,Netherlands,Netherlands,NED,95,7,66.595,13,8.645,2026,https://www.uefa.com/nationalassociations/uefarankings/country/?year=2026,https://www.uefa.com/nationalassociations/uefarankings/country/seasons/?year=2026,2026-02-13T21:37:57.705796+00:00
Belgium,Belgium,Belgium,BEL,13,8,60.85,11,10.0,2026,https://www.uefa.com/nationalassociations/uefarankings/country/?year=2026,https://www.uefa.com/nationalassociations/uefarankings/country/seasons/?year=2026,2026-02-13T21:37:57.705796+00:00
Türkiye,Türki̇ye,Türki̇ye,TUR,135,9,49.075,14,8.275,2026,https://www.uefa.com/nationalassociations/uefarankings/country/?year=2026,https://www.uefa.com/nationalassociations/uefarankings/country/seasons/?year=2026,2026-02-13T21:37:57.705796+00:00
Czechia,Czechia,Czechia,CZE,58837,10,47.225,12,9.725,2026,https://www.uefa.com/nationalassociations/uefarankings/country/?year=2026,https://www.uefa.com/nationalassociations/uefarankings/country/seasons/?year=2026,2026-02-13T21:37:57.705796+00:00
Greece,Greece,Greece,GRE,49,11,46.312,8,12.1,2026,https://www.uefa.com/nationalassociations/uefarankings/country/?year=2026,https://www.uefa.com/nationalassociations/uefarankings/country/seasons/?year=2026,2026-02-13T21:37:57.705796+00:00
Poland,Poland,Poland,POL,109,12,44.625,7,13.625,2026,https://www.uefa.com/nationalassociations/uefarankings/country/?year=2026,https://www.uefa.com/nationalassociations/uefarankings/country/seasons/?year=2026,2026-02-13T21:37:57.705796+00:00
Denmark,Denmark,Denmark,DEN,35,13,41.606,10,11.75,2026,https://www.uefa.com/nationalassociations/uefarankings/country/?year=2026,https://www.uefa.com/nationalassociations/uefarankings/country/seasons/?year=2026,2026-02-13T21:37:57.705796+00:00
Norway,Norway,Norway,NOR,101,14,39.737,16,6.55,2026,https://www.uefa.com/nationalassociations/uefarankings/country/?year=2026,https://www.uefa.com/nationalassociations/uefarankings/country/seasons/?year=2026,2026-02-13T21:37:57.705796+00:00
Cyprus,Cyprus,Cyprus,CYP,33,15,35.443,9,11.906,2026,https://www.uefa.com/nationalassociations/uefarankings/country/?year=2026,https://www.uefa.com/nationalassociations/uefarankings/country/seasons/?year=2026,2026-02-13T21:37:57.705796+00:00
Switzerland,Switzerland,Switzerland,SUI,128,16,34.5,18,6.0,2026,https://www.uefa.com/nationalassociations/uefarankings/country/?year=2026,https://www.uefa.com/nationalassociations/uefarankings/country/seasons/?year=2026,2026-02-13T21:37:57.705796+00:00
Austria,Austria,Austria,AUT,8,17,33.85,28,4.1,2026,https://www.uefa.com/nationalassociations/uefarankings/country/?year=2026,https://www.uefa.com/nationalassociations/uefarankings/country/seasons/?year=2026,2026-02-13T21:37:57.705796+00:00
Scotland,Scotland,Scotland,SCO,117,18,31.65,26,4.6,2026,https://www.uefa.com/nationalassociations/uefarankings/country/?year=2026,https://www.uefa.com/nationalassociations/uefarankings/country/seasons/?year=2026,2026-02-13T21:37:57.705796+00:00
Sweden,Sweden,Sweden,SWE,127,19,29.625,23,5.0,2026,https://www.uefa.com/nationalassociations/uefarankings/country/?year=2026,https://www.uefa.com/nationalassociations/uefarankings/country/seasons/?year=2026,2026-02-13T21:37:57.705796+00:00
Israel,Israel,Israel,ISR,65,20,27.5,37,2.875,2026,https://www.uefa.com/nationalassociations/uefarankings/country/?year=2026,https://www.uefa.com/nationalassociations/uefarankings/country/seasons/?year=2026,2026-02-13T21:37:57.705796+00:00
Croatia,Croatia,Croatia,CRO,56370,21,26.531,21,5.406,2026,https://www.uefa.com/nationalassociations/uefarankings/country/?year=2026,https://www.uefa.com/nationalassociations/uefarankings/country/seasons/?year=2026,2026-02-13T21:37:57.705796+00:00
Hungary,Hungary,Hungary,HUN,57,22,25.937,17,6.187,2026,https://www.uefa.com/nationalassociations/uefarankings/country/?year=2026,https://www.uefa.com/nationalassociations/uefarankings/country/seasons/?year=2026,2026-02-13T21:37:57.705796+00:00
Romania,Romania,Romania,ROU,113,23,25.25,20,5.75,2026,https://www.uefa.com/nationalassociations/uefarankings/country/?year=2026,https://www.uefa.com/nationalassociations/uefarankings/country/seasons/?year=2026,2026-02-13T21:37:57.705796+00:00
Serbia,Serbia,Serbia,SRB,147,24,25.25,22,5.25,2026,https://www.uefa.com/nationalassociations/uefarankings/country/?year=2026,https://www.uefa.com/nationalassociations/uefarankings/country/seasons/?year=2026,2026-02-13T21:37:57.705796+00:00
Ukraine,Ukraine,Ukraine,UKR,57166,25,24.412,15,6.812,2026,https://www.uefa.com/nationalassociations/uefarankings/country/?year=2026,https://www.uefa.com/nationalassociations/uefarankings/country/seasons/?year=2026,2026-02-13T21:37:57.705796+00:00
Azerbaijan,Azerbaijan,Azerbaijan,AZE,57154,26,22.937,19,5.812,2026,https://www.uefa.com/nationalassociations/uefarankings/country/?year=2026,https://www.uefa.com/nationalassociations/uefarankings/country/seasons/?year=2026,2026-02-13T21:37:57.705796+00:00
Slovenia,Slovenia,Slovenia,SVN,57163,27,22.843,24,4.75,2026,https://www.uefa.com/nationalassociations/uefarankings/country/?year=2026,https://www.uefa.com/nationalassociations/uefarankings/country/seasons/?year=2026,2026-02-13T21:37:57.705796+00:00
Slovakia,Slovakia,Slovakia,SVK,58836,28,22.375,38,2.625,2026,https://www.uefa.com/nationalassociations/uefarankings/country/?year=2026,https://www.uefa.com/nationalassociations/uefarankings/country/seasons/?year=2026,2026-02-13T21:37:57.705796+00:00
Bulgaria,Bulgaria,Bulgaria,BUL,20,29,20.562,25,4.687,2026,https://www.uefa.com/nationalassociations/uefarankings/country/?year=2026,https://www.uefa.com/nationalassociations/uefarankings/country/seasons/?year=2026,2026-02-13T21:37:57.705796+00:00
Russia,Russia,Russia,RUS,57451,30,18.299,29,4.333,2026,https://www.uefa.com/nationalassociations/uefarankings/country/?year=2026,https://www.uefa.com/nationalassociations/uefarankings/country/seasons/?year=2026,2026-02-13T21:37:57.705796+00:00
Republic of Ireland,Republic of Ireland,Republic of Ireland,IRL,64,31,17.343,27,4.25,2026,https://www.uefa.com/nationalassociations/uefarankings/country/?year=2026,https://www.uefa.com/nationalassociations/uefarankings/country/seasons/?year=2026,2026-02-13T21:37:57.705796+00:00
Iceland,Iceland,Iceland,ISL,58,32,16.52,31,3.625,2026,https://www.uefa.com/nationalassociations/uefarankings/country/?year=2026,https://www.uefa.com/nationalassociations/uefarankings/country/seasons/?year=2026,2026-02-13T21:37:57.705796+00:00
Moldova,Moldova,Moldova,MDA,57160,33,14.625,47,1.5,2026,https://www.uefa.com/nationalassociations/uefarankings/country/?year=2026,https://www.uefa.com/nationalassociations/uefarankings/country/seasons/?year=2026,2026-02-13T21:37:57.705796+00:00
Armenia,Armenia,Armenia,ARM,57419,34,14.562,30,3.687,2026,https://www.uefa.com/nationalassociations/uefarankings/country/?year=2026,https://www.uefa.com/nationalassociations/uefarankings/country/seasons/?year=2026,2026-02-13T21:37:57.705796+00:00
Finland,Finland,Finland,FIN,42,35,14.0,33,3.625,2026,https://www.uefa.com/nationalassociations/uefarankings/country/?year=2026,https://www.uefa.com/nationalassociations/uefarankings/country/seasons/?year=2026,2026-02-13T21:37:57.705796+00:00
Kosovo,Kosovo,Kosovo,KOS,2608110,36,13.989,29,3.781,2026,https://www.uefa.com/nationalassociations/uefarankings/country/?year=2026,https://www.uefa.com/nationalassociations/uefarankings/country/seasons/?year=2026,2026-02-13T21:37:57.705796+00:00
Kazakhstan,Kazakhstan,Kazakhstan,KAZ,65146,37,13.75,32,3.625,2026,https://www.uefa.com/nationalassociations/uefarankings/country/?year=2026,https://www.uefa.com/nationalassociations/uefarankings/country/seasons/?year=2026,2026-02-13T21:37:57.705796+00:00
Bosnia and Herzegovina,Bosnia and Herzegovina,Bosnia and Herzegovina,BIH,60094,38,13.468,36,3.062,2026,https://www.uefa.com/nationalassociations/uefarankings/country/?year=2026,https://www.uefa.com/nationalassociations/uefarankings/country/seasons/?year=2026,2026-02-13T21:37:57.705796+00:00
Latvia,Latvia,Latvia,LVA,56558,39,12.875,41,2.0,2026,https://www.uefa.com/nationalassociations/uefarankings/country/?year=2026,https://www.uefa.com/nationalassociations/uefarankings/country/seasons/?year=2026,2026-02-13T21:37:57.705796+00:00
Faroe Islands,Faroe Islands,Faroe Islands,FRO,51218,40,9.75,44,1.75,2026,https://www.uefa.com/nationalassociations/uefarankings/country/?year=2026,https://www.uefa.com/nationalassociations/uefarankings/country/seasons/?year=2026,2026-02-13T21:37:57.705796+00:00
Malta,Malta,Malta,MLT,88,41,9.0,43,2.0,2026,https://www.uefa.com/nationalassociations/uefarankings/country/?year=2026,https://www.uefa.com/nationalassociations/uefarankings/country/seasons/?year=2026,2026-02-13T21:37:57.705796+00:00
Liechtenstein,Liechtenstein,Liechtenstein,LIE,81,42,8.5,51,1.0,2026,https://www.uefa.com/nationalassociations/uefarankings/country/?year=2026,https://www.uefa.com/nationalassociations/uefarankings/country/seasons/?year=2026,2026-02-13T21:37:57.705796+00:00
Estonia,Estonia,Estonia,EST,56556,43,8.207,46,1.625,2026,https://www.uefa.com/nationalassociations/uefarankings/country/?year=2026,https://www.uefa.com/nationalassociations/uefarankings/country/seasons/?year=2026,2026-02-13T21:37:57.705796+00:00
Albania,Albania,Albania,ALB,2,44,8.125,39,2.25,2026,https://www.uefa.com/nationalassociations/uefarankings/country/?year=2026,https://www.uefa.com/nationalassociations/uefarankings/country/seasons/?year=2026,2026-02-13T21:37:57.705796+00:00
North Macedonia,North Macedonia,North Macedonia,MKD,59205,45,7.759,34,3.343,2026,https://www.uefa.com/nationalassociations/uefarankings/country/?year=2026,https://www.uefa.com/nationalassociations/uefarankings/country/seasons/?year=2026,2026-02-13T21:37:57.705796+00:00
Lithuania,Lithuania,Lithuania,LTU,56557,46,7.75,48,1.125,2026,https://www.uefa.com/nationalassociations/uefarankings/country/?year=2026,https://www.uefa.com/nationalassociations/uefarankings/country/seasons/?year=2026,2026-02-13T21:37:57.705796+00:00
Northern Ireland,Northern Ireland,Northern Ireland,NIR,63,47,7.25,45,1.75,2026,https://www.uefa.com/nationalassociations/uefarankings/country/?year=2026,https://www.uefa.com/nationalassociations/uefarankings/country/seasons/?year=2026,2026-02-13T21:37:57.705796+00:00
Gibraltar,Gibraltar,Gibraltar,GIB,94080,48,7.124,35,3.333,2026,https://www.uefa.com/nationalassociations/uefarankings/country/?year=2026,https://www.uefa.com/nationalassociations/uefarankings/country/seasons/?year=2026,2026-02-13T21:37:57.705796+00:00
Andorra,Andorra,Andorra,AND,60618,49,6.832,42,2.0,2026,https://www.uefa.com/nationalassociations/uefarankings/country/?year=2026,https://www.uefa.com/nationalassociations/uefarankings/country/seasons/?year=2026,2026-02-13T21:37:57.705796+00:00
Belarus,Belarus,Belarus,BLR,57155,50,6.625,40,2.125,2026,https://www.uefa.com/nationalassociations/uefarankings/country/?year=2026,https://www.uefa.com/nationalassociations/uefarankings/country/seasons/?year=2026,2026-02-13T21:37:57.705796+00:00
Luxembourg,Luxembourg,Luxembourg,LUX,82,51,6.625,53,0.75,2026,https://www.uefa.com/nationalassociations/uefarankings/country/?year=2026,https://www.uefa.com/nationalassociations/uefarankings/country/seasons/?year=2026,2026-02-13T21:37:57.705796+00:00
Montenegro,Montenegro,Montenegro,MNE,92853,52,6.583,50,1.0,2026,https://www.uefa.com/nationalassociations/uefarankings/country/?year=2026,https://www.uefa.com/nationalassociations/uefarankings/country/seasons/?year=2026,2026-02-13T21:37:57.705796+00:00
Georgia,Georgia,Georgia,GEO,57157,53,6.0,49,1.125,2026,https://www.uefa.com/nationalassociations/uefarankings/country/?year=2026,https://www.uefa.com/nationalassociations/uefarankings/country/seasons/?year=2026,2026-02-13T21:37:57.705796+00:00
Wales,Wales,Wales,WAL,144,54,5.624,54,0.333,2026,https://www.uefa.com/nationalassociations/uefarankings/country/?year=2026,https://www.uefa.com/nationalassociations/uefarankings/country/seasons/?year=2026,2026-02-13T21:37:57.705796+00:00
San Marino,San Marino,San Marino,SMR,50168,55,2.831,52,0.833,2026,https://www.uefa.com/nationalassociations/uefarankings/country/?year=2026,https://www.uefa.com/nationalassociations/uefarankings/country/seasons/?year=2026,2026-02-13T21:37:57.705796+00:00
